epoch [s],elapsed [s],x [m],y [m],z [m],roll [deg],pitch [deg],yaw [deg],broadcast
1784332680.9287615,0.14762520790100098,-4.981342605561461e-05,1.0000000005614567,0.02783273491230078,0.0,0.0,359.99999991544564,False
1784332681.0059454,0.2248091697692871,-4.976382476888634e-05,1.000000000545555,0.027861490686948993,0.0,0.0,359.99999991544695,False
1784332681.0745716,0.29343533515930176,-5.021224262226133e-05,1.0000000005375118,0.027875746631980013,0.0,0.0,359.99999991544894,False
1784332681.1628,0.38166379928588867,-5.083970139078358e-05,1.0000000005609677,0.027833249077735458,0.0,0.0,359.9999999154515,False
1784332681.247113,0.4659767150878906,-5.110981865122505e-05,1.0000000005802112,0.02779784328736169,0.0,0.0,359.99999991545303,False
1784332681.3317473,0.5506110191345215,-5.0947964483245526e-05,1.0000000006183243,0.02772069802730394,0.0,0.0,359.9999999154571,False
1784332681.4146888,0.6335525512695312,-5.061974783532799e-05,1.0000000006132543,0.027726094523753318,0.0,0.0,359.9999999154556,False
1784332681.4859483,0.7048120498657227,-5.0265259189198174e-05,1.0000000006001695,0.02774669702886325,0.0,0.0,359.99999991545997,False
1784332681.5565417,0.7754054069519043,-4.976773539613626e-05,1.0000000005492387,0.027841290600721783,0.0,0.0,359.9999999154629,False
1784332681.62594,0.8448038101196289,-4.989146313831021e-05,1.00000000053819,0.027867000730861444,0.0,0.0,359.99999991546434,False
1784332681.6905568,0.9094204902648926,-5.003658941946892e-05,1.0000000005355703,0.02787603286071422,0.0,0.0,359.99999991546514,False
1784332681.768598,0.9874618053436279,-5.06429914606492e-05,1.0000000005471121,0.02786839366398325,0.0,0.0,359.99999991546395,False
1784332681.8448691,1.0637328624725342,-5.123869956810155e-05,1.0000000005941385,0.027788078407726548,0.0,0.0,359.9999999154703,False
1784332681.9084635,1.1273272037506104,-5.121866052103071e-05,1.0000000006068301,0.027760818759238252,0.0,0.0,359.9999999154714,False
1784332681.9885066,1.2073702812194824,-5.104669658491303e-05,1.0000000006165526,0.02773442865683634,0.0,0.0,359.99999991547264,False
1784332682.0557249,1.2745885848999023,-5.039739837836823e-05,1.0000000006095418,0.0277248041736711,0.0,0.0,359.9999999154734,False
1784332682.1258748,1.344738483428955,-4.981329003609047e-05,1.0000000005714285,0.027780819931241308,0.0,0.0,359.9999999154776,False
1784332682.2067428,1.4256064891815186,-4.9771701582551984e-05,1.0000000005533227,0.02781671305787188,0.0,0.0,359.9999999154789,False
1784332682.2823894,1.5012531280517578,-4.9898513873214714e-05,1.000000000540405,0.027849142267709986,0.0,0.0,359.9999999154802,False
1784332682.3520997,1.5709633827209473,-5.0508420363866374e-05,1.0000000005397482,0.02787903193885377,0.0,0.0,359.9999999155048,False
1784332682.428836,1.6476998329162598,-5.111401434445619e-05,1.0000000005699825,0.027847209187376484,0.0,0.0,359.99999991548475,False
1784332682.5021589,1.721022605895996,-5.123665290814317e-05,1.000000000589328,0.027814360462934982,0.0,0.0,359.9999999154862,False
1784332682.587035,1.805898666381836,-5.1190973157602316e-05,1.000000000605924,0.027778580185300744,0.0,0.0,359.99999991548765,False
1784332682.6591449,1.8780086040496826,-5.025220399268294e-05,1.0000000006077459,0.027722249383321643,0.0,0.0,359.99999991549106,False
1784332682.7362735,1.9551372528076172,-4.995955067400368e-05,1.0000000005918372,0.027736109226030477,0.0,0.0,359.9999999154926,False
1784332682.816871,2.0357346534729004,-4.979227147093936e-05,1.0000000005726355,0.027763109464585278,0.0,0.0,359.9999999154938,False
1784332682.8919425,2.1108062267303467,-5.02379728323282e-05,1.0000000005356418,0.02786098117390988,0.0,0.0,359.99999991549754,False
1784332682.9716468,2.1905105113983154,-5.0587330896053175e-05,1.0000000005393068,0.027876692648050854,0.0,0.0,359.99999991549015,False
1784332683.0470412,2.2659049034118652,-5.091738526880617e-05,1.000000000551242,0.027876618464599254,0.0,0.0,359.9999999155001,False
1784332683.109365,2.328228712081909,-5.122526286656429e-05,1.0000000005954242,0.027818851493279156,0.0,0.0,359.99999991550294,False
1784332683.1727073,2.391571044921875,-5.0979539302343066e-05,1.0000000006141554,0.027769490771213157,0.0,0.0,359.99999991550465,False
1784332683.2483275,2.467191219329834,-5.0664735836394104e-05,1.0000000006180616,0.02774064439256209,0.0,0.0,359.9999999155046,False
1784332683.3114245,2.5302882194519043,-5.0382614162522725e-05,1.000000000614623,0.02772616361905944,0.0,0.0,359.9999999155056,False
1784332683.3751633,2.594027042388916,-4.977288711692699e-05,1.0000000005661482,0.027759223010430472,0.0,0.0,359.9999999155106,False
1784332683.4368372,2.655700922012329,-4.984066469201491e-05,1.000000000552188,0.027785939658153472,0.0,0.0,359.9999999155115,False
1784332683.5164545,2.735318183898926,-5.0061012416006876e-05,1.0000000005398553,0.02782148894357892,0.0,0.0,359.99999991551294,False
1784332683.593035,2.811898708343506,-5.0383122075884735e-05,1.0000000005356797,0.02785259246224312,0.0,0.0,359.9999999155132,False
1784332683.671152,2.8900158405303955,-5.123235058318727e-05,1.0000000005792877,0.027858881866822373,0.0,0.0,359.999999915518,False
1784332683.9300525,3.148916244506836,-5.0306473155269253e-05,1.0000000006150178,0.027735018634351887,0.0,0.0,359.9999999155219,False
1784332684.0323937,3.2512574195861816,1.7522750633755952e-06,1.0000000005710692,0.02773973916915813,0.0,0.0,359.99999991552653,False
1784332684.150669,3.369532823562622,0.0017861453944739948,1.0000000005448932,0.027780853150497026,0.0,0.0,359.99999991553625,False
1784332684.2708943,3.489758014678955,0.0074686091666311665,1.000000000526526,0.027836290492278665,0.0,0.0,359.99999991551135,False
1784332684.3882265,3.6070902347564697,0.02085396317089868,1.000000000536523,0.027850380364390612,0.0,0.0,359.9999999149825,False
1784332684.4932945,3.712158203125,0.03658369296475366,1.000000000551611,0.027793645964521774,0.0,0.0,359.9999999142903,False
1784332684.5881789,3.8070425987243652,0.05549316692649879,1.0000000005258598,0.027742033279064184,0.0,0.0,359.9999999147787,False
1784332684.6948678,3.913731575012207,0.07227600441673201,1.0000000004693228,0.0277505001153593,0.0,0.0,359.9999999163334,False
1784332684.7948306,4.0136942863464355,0.09258478177365917,1.000000000406378,0.027795785115814608,0.0,0.0,359.9999999180067,False
1784332684.8798206,4.098684310913086,0.1020476343261224,1.0000000003921727,0.027811464479271204,0.0,0.0,359.99999991821784,False
1784332684.9714727,4.190336465835571,0.12261186269999444,1.0000000003928067,0.027811023587005906,0.0,0.0,359.999999917403,False
1784332685.0473819,4.266245603561401,0.1368497659014466,1.0000000003987373,0.027790452325731768,0.0,0.0,359.99999991660405,False
1784332685.1390877,4.357951402664185,0.14633765038661162,1.000000000394189,0.02777640620319856,0.0,0.0,359.99999991640846,False
1784332685.2099419,4.428805589675903,0.15424565535322118,1.0000000003824332,0.027768330025258692,0.0,0.0,359.99999991655807,False
1784332685.2804964,4.499360084533691,0.17642372456007607,1.0000000003181488,0.02777172673972449,0.0,0.0,359.99999991819584,False
1784332685.3658946,4.584758281707764,0.18595096978919803,1.0000000002867286,0.02778171166068699,0.0,0.0,359.9999999190504,False
1784332685.4700587,4.68892240524292,0.19707915061102033,1.0000000002576934,0.027793525611686104,0.0,0.0,359.99999991976074,False
1784332685.5639882,4.782851934432983,0.22251332831130374,1.0000000002395848,0.027799175273562952,0.0,0.0,359.99999991947664,False
1784332685.6421266,4.860990285873413,0.2304486187984683,1.0000000002429619,0.027794031183129876,0.0,0.0,359.9999999190187,False
1784332685.7512777,4.970141410827637,0.23679118557750012,1.000000000245388,0.0277888004042104,0.0,0.0,359.99999991866355,False
1784332685.8469322,5.0657958984375,0.24471372232701646,1.0000000002453169,0.027782254144119715,0.0,0.0,359.9999999183432,False
1784332685.9163258,5.135189533233643,0.27164677918466323,1.0000000001989624,0.02777584609406846,0.0,0.0,359.9999999190673,False
1784332686.0005436,5.219407320022583,0.27957936290522045,1.00000000017425,0.027779766376224622,0.0,0.0,359.9999999197126,False
1784332686.1087189,5.327582597732544,0.2906972278862746,1.0000000001391838,0.027787189262018917,0.0,0.0,359.9999999206376,False
1784332686.1863801,5.405243873596191,0.3161333159615012,1.0000000000932197,0.027796070739079002,0.0,0.0,359.99999992143654,False
1784332686.2613137,5.480177402496338,0.32407657485132363,1.0000000000915483,0.02779407263100292,0.0,0.0,359.99999992117944,False
1784332686.340991,5.559854745864868,0.332013315824262,1.0000000000934757,0.027790275641629912,0.0,0.0,359.9999999207756,False
1784332686.4184473,5.637310981750488,0.3526207618552271,1.0000000000944282,0.027779347529500273,0.0,0.0,359.9999999198863,False
1784332686.5161233,5.734987020492554,0.366880670992581,1.0000000000749503,0.027777553549020402,0.0,0.0,359.9999999200639,False
1784332686.6187003,5.837563991546631,0.37639396263243474,1.0000000000514344,0.027780076151991014,0.0,0.0,359.9999999205938,False
1784332686.6999443,5.9188079833984375,0.403393781501749,0.9999999999739092,0.027792716874748453,0.0,0.0,359.9999999225323,False
1784332686.7915723,6.010436058044434,0.41293135367157424,0.9999999999567477,0.02779438175179666,0.0,0.0,359.99999992282545,False
1784332686.8751976,6.094061374664307,0.42087697732756973,0.9999999999492448,0.027793629364100663,0.0,0.0,359.99999992279976,False
1784332686.9633868,6.182250499725342,0.4478529803079645,0.9999999999508487,0.027782367352544007,0.0,0.0,359.99999992161867,False
1784332687.0377638,6.256627559661865,0.4557769086530846,0.9999999999491348,0.027779690254249926,0.0,0.0,359.9999999213569,False
1784332687.10233,6.321193695068359,0.46211533962399987,0.9999999999440581,0.02777866951446826,0.0,0.0,359.99999992129335,False
1784332687.1774757,6.396339416503906,0.4716251185333892,0.9999999999292709,0.027779298170266007,0.0,0.0,359.99999992147923,False
1784332687.2565985,6.475462198257446,0.4954291870171997,0.9999999998652909,0.027788521220038578,0.0,0.0,359.99999992300155,False
1784332687.3208694,6.539733171463013,0.5017844840190356,0.9999999998475454,0.02779098927072482,0.0,0.0,359.99999992343794,False
1784332687.416995,6.635858774185181,0.5097307460298803,0.9999999998287656,0.02779298740998862,0.0,0.0,359.9999999238537,False
1784332687.491085,6.709948778152466,0.5319723769883394,0.9999999998053599,0.027790102899861138,0.0,0.0,359.9999999238677,False
1784332687.5686877,6.787551403045654,0.5430799669188068,0.9999999998063019,0.027785500907002752,0.0,0.0,359.99999992336825,True
1784332687.6337364,6.85260009765625,0.547837362861384,0.9999999998072546,0.027783537926214154,0.0,0.0,359.9999999231323,False
1784332687.7292671,6.94813084602356,0.5668578052365796,0.9999999998005882,0.02777939331851947,0.0,0.0,359.9999999226017,False
1784332687.8073933,7.026257038116455,0.5827140743867127,0.9999999997724127,0.027782405004638012,0.0,0.0,359.9999999230472,False
1784332687.9097137,7.128577470779419,0.5922364956654775,0.9999999997471971,0.027786087282343653,0.0,0.0,359.9999999236398,False
1784332688.006357,7.225220680236816,0.6097101800020004,0.9999999996997181,0.02779189853565479,0.0,0.0,359.9999999247841,False
1784332688.101141,7.32000470161438,0.6303641149812189,0.9999999996684155,0.027790950792603034,0.0,0.0,359.99999992517377,False
1784332688.1929603,7.411823987960815,0.6398888935876177,0.9999999996654363,0.02778777476811437,0.0,0.0,359.99999992489654,False
1784332688.2696106,7.488474369049072,0.6589196352604809,0.9999999996667189,0.027781279377516278,0.0,0.0,359.9999999240529,False
1784332688.3479683,7.566832065582275,0.6731860466461076,0.9999999996577486,0.027780235383969308,0.0,0.0,359.99999992381083,False
1784332688.4241507,7.643014430999756,0.6811144459740203,0.9999999996455562,0.02778158933501735,0.0,0.0,359.9999999239591,False
1784332688.5188115,7.737675189971924,0.6890467425383988,0.999999999628457,0.027783984947479322,0.0,0.0,359.99999992429946,False
1784332688.5976906,7.816554307937622,0.716045865863981,0.9999999995585092,0.027791855271343206,0.0,0.0,359.9999999259308,False
1784332688.6848576,7.903721332550049,0.7239899038519574,0.9999999995435226,0.02779197565649585,0.0,0.0,359.999999926197,False
1784332688.7832315,8.002095222473145,0.7351076009541158,0.9999999995311896,0.027789986300998586,0.0,0.0,359.99999992622736,False
1784332688.8605742,8.079437971115112,0.7541483324608748,0.9999999995281441,0.027783723098277122,0.0,0.0,359.99999992555746,False
1784332688.9434085,8.162272214889526,0.766831863309118,0.9999999995272111,0.0277809302680907,0.0,0.0,359.9999999250661,False
1784332689.0205631,8.239426851272583,0.7747584767917871,0.9999999995222563,0.0277807101114178,0.0,0.0,359.9999999249309,False
1784332689.0972085,8.316072225570679,0.7922057006046055,0.9999999994941612,0.027784299154603696,0.0,0.0,359.9999999253075,False
1784332689.1634119,8.382275581359863,0.8049063732663515,0.9999999994623123,0.02778842385334422,0.0,0.0,359.99999992602994,False
1784332689.2430124,8.461876153945923,0.8192033329719678,0.999999999426375,0.02779137380378755,0.0,0.0,359.9999999268549,False
1784332689.3487756,8.567639350891113,0.8366757126355482,0.9999999993984436,0.02778995533585466,0.0,0.0,359.9999999272415,False
1784332689.4226043,8.641468048095703,0.8446128664724688,0.9999999993933617,0.027787777182672842,0.0,0.0,359.99999992711486,False
1784332689.4932675,8.712131261825562,0.8668179763444817,0.9999999993916657,0.027781755590517432,0.0,0.0,359.99999992626107,False
1784332689.5783248,8.797188520431519,0.87791615211593,0.999999999386778,0.027781206401225212,0.0,0.0,359.99999992599237,False
1784332689.6629715,8.881835222244263,0.8858452633263544,0.9999999993781092,0.027782197290484575,0.0,0.0,359.9999999260036,False
1784332689.742412,8.961275815963745,0.8969514148622586,0.9999999993581111,0.027785015753364516,0.0,0.0,359.9999999263275,False
1784332689.8100896,9.028953313827515,0.9191835709663599,0.9999999993034309,0.027790637110398187,0.0,0.0,359.9999999275579,False
1784332689.8982446,9.117108345031738,0.9271264446662116,0.9999999992859606,0.027791109169832618,0.0,0.0,359.9999999279215,False
1784332689.9688418,9.187705516815186,0.9350680851193,0.9999999992724532,0.027790457270205536,0.0,0.0,359.99999992813014,False
1784332690.0345175,9.253381252288818,0.9509425066149247,0.9999999992591023,0.027786656770047612,0.0,0.0,359.9999999280055,False
1784332690.126081,9.344944715499878,0.9683891560425536,0.9999999992573385,0.02778231547552131,0.0,0.0,359.9999999273542,False
1784332690.2032695,9.422133207321167,0.9763168875236468,0.9999999992555595,0.02778156210017766,0.0,0.0,359.9999999270962,False
1784332690.274681,9.493544816970825,0.9842453307451808,0.9999999992504877,0.027781884726726724,0.0,0.0,359.99999992696746,False
1784332690.341979,9.560842752456665,1.0096351222109128,0.9999999992059158,0.027787811025933865,0.0,0.0,359.9999999276676,False
1784332690.403511,9.622374773025513,1.0159875988634128,0.9999999991902948,0.02778930101500992,0.0,0.0,359.99999992802003,False
1784332690.482061,9.700924634933472,1.0239296694554874,0.9999999991710568,0.02779048530706647,0.0,0.0,359.9999999284517,False
1784332690.550043,9.768906831741333,1.0334601702799804,0.9999999991510338,0.027790592971620884,0.0,0.0,359.9999999288525,False
1784332690.6377354,9.85659909248352,1.0572717888426406,0.999999999126521,0.027785699849398403,0.0,0.0,359.99999992884665,False
1784332690.7177763,9.93664002418518,1.063616727991183,0.9999999991252844,0.027784093888145994,0.0,0.0,359.9999999286346,False
1784332690.7977102,10.016573905944824,1.0715458810779113,0.9999999991246337,0.02778257346604189,0.0,0.0,359.99999992833386,False
1784332690.886925,10.105788707733154,1.098507356242972,0.9999999991057642,0.0277841628772646,0.0,0.0,359.9999999279644,False
1784332690.9716215,10.19048523902893,1.1064427198229312,0.9999999990915432,0.027786148023612584,0.0,0.0,359.9999999281959,False
1784332691.0500631,10.268926858901978,1.114381216998591,0.9999999990741312,0.02778812939052854,0.0,0.0,359.9999999285534,False
1784332691.117367,10.336230754852295,1.1302638955120958,0.9999999990368178,0.027790374984522196,0.0,0.0,359.99999992937273,False
1784332691.2115328,10.430396556854248,1.1445569145878383,0.9999999990105969,0.02778929617213544,0.0,0.0,359.99999992982674,False
1784332691.3099363,10.528800010681152,1.168359200494193,0.9999999989944658,0.027783860674904546,0.0,0.0,359.9999999294922,False
1784332691.3895776,10.608441352844238,1.1762884352776382,0.9999999989934466,0.027782606636752638,0.0,0.0,359.9999999292075,False
1784332691.4656024,10.684466123580933,1.1842171575088114,0.999999998991593,0.027782194175975064,0.0,0.0,359.9999999289554,False
1784332691.5281942,10.747057914733887,1.2032522856544616,0.9999999989745851,0.027784708264990386,0.0,0.0,359.999999928843,False
1784332691.5880892,10.806952953338623,1.2143635644263961,0.9999999989543927,0.027787346475812495,0.0,0.0,359.99999992918083,False
1784332691.6652355,10.884099245071411,1.2223033409582762,0.9999999989367576,0.027788969773450866,0.0,0.0,359.9999999295495,False
1784332691.7538853,10.97274899482727,1.230244571829893,0.9999999989183835,0.02778994791755841,0.0,0.0,359.99999992994964,False
1784332691.8360274,11.054891109466553,1.2572374927602397,0.9999999988729453,0.02778713329973522,0.0,0.0,359.9999999306494,False
1784332691.9006429,11.119506597518921,1.2635844589279344,0.9999999988684617,0.027785656695055835,0.0,0.0,359.9999999305686,False
1784332691.9639568,11.182820558547974,1.2699297029205532,0.9999999988659314,0.02778427630102768,0.0,0.0,359.9999999304103,False
1784332692.027543,11.24640679359436,1.276273668118229,0.9999999988645889,0.02778319497604853,0.0,0.0,359.9999999302048,False
1784332692.131235,11.350098609924316,1.3016500503439954,0.9999999988529455,0.0277839125234015,0.0,0.0,359.9999999296275,False
1784332692.2529407,11.47180438041687,1.3127589116325573,0.9999999988374579,0.027786266667013514,0.0,0.0,359.99999992978286,False
1784332692.353186,11.572049617767334,1.3206971271080354,0.999999998822238,0.027787983151572063,0.0,0.0,359.99999993005764,False
1784332692.4508595,11.669723272323608,1.3334019807519044,0.9999999987941537,0.027789729957949774,0.0,0.0,359.9999999306473,False
1784332692.5289042,11.747767925262451,1.3524577313963535,0.9999999987571346,0.02778858494691212,0.0,0.0,359.9999999313396,False
1784332692.6511433,11.870007038116455,1.3667409564055668,0.9999999987419861,0.02778564187426273,0.0,0.0,359.9999999313613,False
1784332692.7328062,11.951669931411743,1.3778445411264406,0.9999999987373194,0.02778356481968566,0.0,0.0,359.999999931096,False
1784332692.848592,12.067455768585205,1.3968759807841806,0.999999998731916,0.027783021806578722,0.0,0.0,359.9999999305369,False
1784332692.9510624,12.169926166534424,1.4143295343856805,0.9999999987146948,0.02778597429879362,0.0,0.0,359.9999999305056,False
1784332693.028186,12.247049808502197,1.4317949360898992,0.9999999986816301,0.027789127135051,0.0,0.0,359.9999999310988,False
1784332693.1301465,12.349010229110718,1.4508515453835495,0.9999999986418748,0.027789080174671073,0.0,0.0,359.9999999319004,False
1784332693.2014441,12.420307874679565,1.465137444761762,0.9999999986213778,0.02778661133839726,0.0,0.0,359.99999993213686,False
1784332693.280605,12.499468803405762,1.4730704469660116,0.9999999986149388,0.02778500172852965,0.0,0.0,359.9999999320722,False
1784332693.3613255,12.580189228057861,1.49686121314306,0.9999999986070506,0.0277829958441263,0.0,0.0,359.9999999314246,False
1784332693.432537,12.651400804519653,1.5079656566490212,0.9999999986007511,0.027784245701436734,0.0,0.0,359.9999999312244,False
1784332693.527842,12.746705770492554,1.5174874056338574,0.9999999985904329,0.027786032684317518,0.0,0.0,359.99999993124595,False
1784332693.618183,12.83704662322998,1.5349524757860715,0.9999999985595586,0.027788990217343965,0.0,0.0,359.999999931757,False
1784332693.6967452,12.915608882904053,1.5524206613792986,0.9999999985232593,0.027789066360960006,0.0,0.0,359.99999993248923,False
1784332693.799146,13.018009662628174,1.5619458653089309,0.9999999985069163,0.02778773679466776,0.0,0.0,359.99999993275475,False
1784332693.8756764,13.094540119171143,1.5746407056863458,0.9999999984924592,0.02778532023151839,0.0,0.0,359.99999993281864,False
1784332693.9472954,13.16615915298462,1.5952603723778596,0.9999999984835002,0.027783060892898268,0.0,0.0,359.9999999323465,False
1784332694.0466106,13.265474319458008,1.6047773496669158,0.9999999984802188,0.027783550685643452,0.0,0.0,359.9999999320941,False
1784332694.133844,13.352707624435425,1.6127101008067368,0.9999999984752834,0.02778463972142685,0.0,0.0,359.9999999319702,False
1784332694.2491722,13.46803593635559,1.6408053670222278,1.0000005766282727,0.027790231748355577,0.0,0.0,0.07479254399541885,True
1784332694.3354497,13.55431342124939,1.649803952698219,1.0000029637652017,0.02779163188361609,0.0,0.0,0.17068463568087128,False
1784332694.4090803,13.627943992614746,1.6701405487973198,1.0000269201003258,0.02779280873238313,0.0,0.0,0.5381842889472983,False
1784332694.5083518,13.72721552848816,1.6800699607416554,1.0000568938152417,0.027792686458819462,0.0,0.0,0.7756149586154794,False
1784332694.5940478,13.81291151046753,1.6887037634302446,1.0000997180398228,0.02779212739266642,0.0,0.0,0.9747306356486276,False
1784332694.711245,13.930108785629272,1.7166903157615012,1.000369938340542,0.02778904215280808,0.0,0.0,1.5626308115700998,False
1784332694.821369,14.04023265838623,1.7271142281392424,1.000526609226286,0.027788026370029528,0.0,0.0,1.7714468393353624,False
1784332694.91583,14.134693622589111,1.7360176531738287,1.0006852644022444,0.027787563689323988,0.0,0.0,1.9555435339811271,False
1784332695.009999,14.228862762451172,1.7594393871003369,1.0012021803136477,0.027792206397249934,0.0,0.0,2.7098966426511035,False
1784332695.0826225,14.301486253738403,1.765939256416777,1.0013777913057282,0.027794451335688593,0.0,0.0,2.975672873716237,False
1784332695.1627793,14.381643056869507,1.7722656352690227,1.001564431575545,0.027796596151304007,0.0,0.0,3.25577963161137,False
1784332695.2653785,14.48424220085144,1.7838723440401016,1.0019372940198825,0.0278002761640794,0.0,0.0,3.4752338143056014,False
1784332695.3791199,14.597983598709106,1.8001331601863688,1.0025219577690119,0.02780177380609355,0.0,0.0,2.859516824593146,False
1784332695.508965,14.727828741073608,1.8048524947162718,1.0027020340681854,0.027801093996054387,0.0,0.0,2.5278603583687,False
1784332695.9927757,15.211639404296875,1.8067168402604072,1.002773807681553,0.02780072345292436,0.0,0.0,2.3958241050952767,False
1784332696.0924053,15.311269044876099,1.8208311432537747,1.0033177941250422,0.0277974801234421,0.0,0.0,1.658556305696737,False
1784332696.1819232,15.400786876678467,1.8297503173388485,1.0036494036599701,0.027796777163942226,0.0,0.0,0.9738805030904345,False
1784332696.2537456,15.472609281539917,1.8340937355770308,1.0038027918013033,0.02779708255741731,0.0,0.0,0.7704680087145886,False
1784332696.392664,15.611527681350708,1.8392268418335622,1.0039753277580559,0.027797893060169283,0.0,0.0,0.7164951872657308,False
1784332696.4890816,15.707945346832275,1.84428966267455,1.004136391148659,0.02779894279027158,0.0,0.0,0.8410009948388629,False
1784332696.579981,15.798844814300537,1.8567714314159327,1.0045070588526654,0.027800762447999013,0.0,0.0,1.678022019729528,False
1784332696.667509,15.886372804641724,1.8625525906275604,1.0046759934156198,0.027800643302457406,0.0,0.0,2.1788702934719963,False
1784332696.7573245,15.97618818283081,1.8715546299098884,1.0049517620232182,0.02779944911457144,0.0,0.0,3.0048618849615307,False
1784332696.8575473,16.07641100883484,1.8788524944219587,1.0051978231316276,0.027798351487678768,0.0,0.0,3.6922474491671218,False
1784332696.98226,16.20112371444702,1.8853017510975327,1.005439997698411,0.027797878476111187,0.0,0.0,4.305547262506864,False
1784332697.096416,16.315279722213745,1.8973244330122336,1.0059731746247131,0.02779864555714076,0.0,0.0,5.456912437231228,False
1784332697.191382,16.410245656967163,1.904505569039435,1.0063529687424724,0.027799528566546078,0.0,0.0,6.1479436945562576,False
1784332697.295261,16.514124631881714,1.9140521240606747,1.0069405585493738,0.027800093377916026,0.0,0.0,7.069366122557615,False
1784332697.3814309,16.600294589996338,1.9243647676831868,1.0076930743297419,0.027799533418950608,0.0,0.0,8.067589516998314,False
1784332697.4900918,16.70895552635193,1.9299068073759345,1.008152063387817,0.027799004816970625,0.0,0.0,8.60509521426175,False
1784332697.5727348,16.791598558425903,1.9370219724192208,1.0088005206939041,0.027798507253389632,0.0,0.0,9.296172843775011,False
1784332697.6951106,16.913974285125732,1.9464914922794676,1.009771462755183,0.027798545538143805,0.0,0.0,10.217607903185474,False
1784332697.7909899,17.00985360145569,1.9567278415169143,1.010966038130119,0.027799229712956144,0.0,0.0,11.215829881624247,False
1784332697.8924754,17.11133909225464,1.963800562554986,1.0118828143023821,0.027799617427640498,0.0,0.0,11.906908572119102,False
1784332697.9832904,17.2021541595459,1.971645052762178,1.0129896659637825,0.02779965130675377,0.0,0.0,12.674775539322587,False
1784332698.100704,17.319567680358887,1.982600776632231,1.0146982984952084,0.02779913559612157,0.0,0.0,13.749789939703495,False
1784332698.1910105,17.409874200820923,1.9872859821248086,1.0154881831956208,0.027798900873945927,0.0,0.0,14.181630782645824,False
1784332698.2762654,17.495129108428955,1.9981939627818868,1.0174626849505093,0.02779875541661282,0.0,0.0,14.351456206985796,False
1784332698.362998,17.58186173439026,2.0036366823827163,1.0185109639471792,0.027798912352755886,0.0,0.0,14.084088571909554,False
1784332698.444331,17.66319465637207,2.01217853121284,1.0202199486895112,0.02779926532109997,0.0,0.0,13.398275815428171,False
1784332698.5215714,17.740435123443604,2.020712165479567,1.0219789281311102,0.027799456093118895,0.0,0.0,12.591354864395266,False
1784332698.613505,17.83236861228943,2.0253653843977912,1.0229495843272878,0.027799430118760644,0.0,0.0,12.136624917130643,False
1784332698.703912,17.922775745391846,2.0346723520498693,1.0248953555971092,0.027799178942179866,0.0,0.0,11.218914233512809,False
1784332698.7890806,18.007944345474243,2.042431696913464,1.026504871314382,0.027798962604127026,0.0,0.0,10.451700340721697,False
1784332698.8776805,18.09654426574707,2.0470899392286857,1.0274590430888744,0.02779890663109976,0.0,0.0,9.991105658316254,False
1784332698.9733317,18.192195415496826,2.0603030580445094,1.03009013164375,0.027799090458526587,0.0,0.0,8.685829096691142,False
1784332699.0724943,18.29135799407959,2.064972690610498,1.030986452716454,0.027799202554515567,0.0,0.0,8.225117961329982,False
1784332699.221512,18.440375804901123,2.0735431874404835,1.0325767947841238,0.027799321768791366,0.0,0.0,7.380473482775847,False
1784332699.302718,18.521581649780273,2.0829077541472794,1.0342240203469875,0.027799256486132098,0.0,0.0,6.459038949203027,False
1784332699.4199157,18.638779401779175,2.089941809996039,1.035393137236246,0.027799130299118107,0.0,0.0,5.767962082960856,False
1784332699.5385873,18.757451057434082,2.096985087776682,1.0365011457608062,0.027799029213516957,0.0,0.0,5.076884986838012,False
1784332699.630971,18.84983468055725,2.101685704551228,1.037204218208728,0.027799006438471715,0.0,0.0,4.616166860217117,False
1784332699.744152,18.96301579475403,2.1150257014940563,1.0390334314971994,0.027799129025923703,0.0,0.0,3.3107981572841774,False
1784332699.8503132,19.06917691230774,2.1214791325667353,1.0398158477699995,0.027799113175710842,0.0,0.0,2.7154760479394144,False
1784332699.9725788,19.191442489624023,2.135043090280154,1.0411793132541127,0.027798081728677825,0.0,0.0,1.7034655532739058,False
1784332700.0632231,19.282086849212646,2.14279378754654,1.0418249737611576,0.02779730490683998,0.0,0.0,1.1768057996874646,False
1784332700.1633852,19.382248878479004,2.1597423894331538,1.0429647049609858,0.027796697612171736,0.0,0.0,0.044000178424524715,False
1784332700.2493794,19.46824312210083,2.165815181303405,1.0432876235260276,0.027796932805755844,0.0,0.0,359.6418326303116,False
1784332700.311306,19.53016972541809,2.169867029202735,1.0434794788425807,0.027797184819471875,0.0,0.0,359.37179946887653,False
1784332700.3738396,19.592703342437744,2.1859096585714513,1.0440625593091875,0.027798364537408617,0.0,0.0,358.2685171317041,False
1784332700.4511766,19.670040369033813,2.190878407978049,1.0441846438275015,0.02779856798535148,0.0,0.0,357.9207683513128,False
1784332700.5153458,19.734209537506104,2.1949319201894815,1.0442583014079128,0.02779854782707899,0.0,0.0,357.6526789036437,False
1784332700.592451,19.811314821243286,2.2001962589581923,1.0443149543723305,0.027798201389758255,0.0,0.0,357.3382503982417,False
1784332700.6699862,19.88884997367859,2.2198398056418203,1.0441812085889597,0.02779479767471516,0.0,0.0,356.3999426359702,False
1784332700.7497156,19.968579292297363,2.2259141352388663,1.044052133218652,0.027793743706255675,0.0,0.0,356.1354962567418,False
1784332700.8259726,20.044836282730103,2.231702254838333,1.0439102583652273,0.027793464482825152,0.0,0.0,355.8286721663329,False
1784332700.8878052,20.106668949127197,2.2360889026048003,1.0437923887095657,0.027793905323395734,0.0,0.0,355.55608304512117,False
1784332700.950934,20.169797658920288,2.252137562272434,1.043259831076066,0.027799133020682362,0.0,0.0,354.3704054777025,False
1784332701.0172849,20.236148595809937,2.255883283982862,1.0431070105118307,0.027800467471981234,0.0,0.0,354.065520746145,False
1784332701.092469,20.31133270263672,2.2604589723879154,1.0429028190318692,0.02780168900559162,0.0,0.0,353.6831114108907,False
1784332701.168585,20.38744878768921,2.264935080327518,1.042682934153353,0.027802254393716887,0.0,0.0,353.2999364017035,False
1784332701.2330716,20.451935291290283,2.2779149440245536,1.0419193640900495,0.027800253655843515,0.0,0.0,352.1487857371139,False
1784332701.3273609,20.54622459411621,2.282966516176634,1.0415666348965213,0.027798730884337666,0.0,0.0,351.6881151326949,False
1784332701.3895113,20.608375072479248,2.2863221134641005,1.0413123049711572,0.027797817231331262,0.0,0.0,351.38354709588157,False
1784332701.4525712,20.67143487930298,2.2921868782632555,1.0408279217517813,0.027796772722671993,0.0,0.0,350.85348795614937,False
1784332701.5216978,20.740561485290527,2.3021198541952312,1.0398968720575639,0.0277972157562558,0.0,0.0,349.93981607355863,False
1784332701.5948768,20.813740491867065,2.3063697955282216,1.039443557051685,0.027797959803808166,0.0,0.0,349.5762141509073,False
1784332701.6720257,20.890889406204224,2.310933614994885,1.03890431481841,0.027798607405746027,0.0,0.0,349.24338693759074,False
1784332701.7431781,20.9620418548584,2.3167012122888107,1.0381623957048516,0.02779904061527037,0.0,0.0,348.8594769868074,False
1784332701.8103518,21.029215574264526,2.330452977248888,1.0362539280449463,0.027799259230997766,0.0,0.0,347.7741684419,False
1784332701.8755457,21.094409465789795,2.333960005224254,1.0357349289115165,0.027799147954461558,0.0,0.0,347.47114860636793,True
1784332701.9382389,21.157102584838867,2.337416814444033,1.0352090434906052,0.027799005783219657,0.0,0.0,347.1663682282294,False
1784332702.0205438,21.239407539367676,2.3416770422429813,1.0345403948290641,0.027798827698820607,0.0,0.0,346.7840265559313,False
1784332702.09376,21.312623739242554,2.3557772719038317,1.0321523941033315,0.027798706495536906,0.0,0.0,345.48008600802797,False
1784332702.1568832,21.375746965408325,2.3590287745231944,1.031561106306393,0.02779881257223574,0.0,0.0,345.1730030138613,False
1784332702.2205877,21.439451456069946,2.3622605924747737,1.0309575458328402,0.027798949424579725,0.0,0.0,344.8658930161959,False
1784332702.2827497,21.50161337852478,2.3654747411486103,1.0303412963661687,0.027799098404057077,0.0,0.0,344.5587674603683,False
1784332702.3611774,21.58004117012024,2.378974153960834,1.0275727015950715,0.027799472576500665,0.0,0.0,343.25341891875536,False
1784332702.4362912,21.655154943466187,2.382903988788641,1.0267102514162474,0.0277994367312017,0.0,0.0,342.8694862595681,False
1784332702.5000718,21.71893548965454,2.3860367968437473,1.026003979430052,0.027799365126198964,0.0,0.0,342.5623396028883,False
1784332702.576416,21.79527974128723,2.3899400919905793,1.025100454872526,0.027799241217455112,0.0,0.0,342.17840601855073,False
1784332702.663815,21.882678747177124,2.403118453971405,1.0218529357269297,0.02779888873668785,0.0,0.0,340.8730323418871,False
1784332702.7365148,21.955378532409668,2.406970022822127,1.0208452840738935,0.027798883153778424,0.0,0.0,340.48909926320965,False
1784332702.8094246,22.0282883644104,2.4108114228333513,1.0198134655622175,0.02779892905489915,0.0,0.0,340.10516626240945,False
1784332702.8735495,22.092413187026978,2.419228330104875,1.017457806670419,0.02779913774557607,0.0,0.0,339.2605135042065,False
1784332702.957194,22.176057815551758,2.426081266606038,1.0154423075218315,0.02779929457890688,0.0,0.0,338.5694334389262,False
1784332703.0533645,22.272228240966797,2.4306334932300495,1.0140543735830116,0.02779933914847482,0.0,0.0,338.1087130887133,False
1784332703.1251616,22.344025373458862,2.434417087709835,1.0128706493776165,0.02779933063390847,0.0,0.0,337.7247793338661,False
1784332703.1991994,22.418063163757324,2.446463996129732,1.0089168537056838,0.027799121451151664,0.0,0.0,336.49619132545706,False
1784332703.2789161,22.497779846191406,2.4502095913642403,1.0076294372441235,0.027799053531078748,0.0,0.0,336.1122577717492,False
1784332703.3731103,22.591974020004272,2.4546921662600907,1.0060519611078749,0.027799003598309443,0.0,0.0,335.6515376751259,False
1784332703.4468715,22.665735244750977,2.4665797434173102,1.001671891910407,0.027799075426984184,0.0,0.0,334.42295122459655,False
1784332703.5104475,22.729311227798462,2.4695363394081,1.0005375333852895,0.02779912279617603,0.0,0.0,334.115804583562,False
1784332703.5916266,22.810490369796753,2.473223294177276,0.9990975113467513,0.027799181145658262,0.0,0.0,333.73187120396557,False
1784332703.6627235,22.881587266921997,2.4776345724643174,0.9973371669867291,0.027799234884849373,0.0,0.0,333.27115101334596,False
1784332703.730694,22.949557781219482,2.4885988803323413,0.992782590165669,0.027799231001577846,0.0,0.0,332.11935004852285,False
1784332703.8063936,23.025257349014282,2.4922328667607614,0.9912157834656559,0.02779919198286337,0.0,0.0,331.7354163572612,False
1784332703.8820083,23.100872039794922,2.4958562142706837,0.9896247652009532,0.02779914664880665,0.0,0.0,331.351482709526,False
1784332703.9442773,23.163141012191772,2.4987471306327556,0.9883345592157796,0.027799112269473222,0.0,0.0,331.04433583897304,False
1784332704.0078897,23.22675347328186,2.5102401711181193,0.9830198298329802,0.027799063648807746,0.0,0.0,329.8157487917666,False
1784332704.0865116,23.305375337600708,2.513808032399549,0.9813087116621813,0.027799083622885277,0.0,0.0,329.43181541629247,False
1784332704.1666536,23.385517358779907,2.517364332499978,0.9795737787937444,0.027799114341636833,0.0,0.0,329.04788202761193,False
1784332704.233531,23.452394723892212,2.5202009439641473,0.9781687346089306,0.02779914200177196,0.0,0.0,328.7407352896111,False
1784332704.308684,23.52754783630371,2.5314708070977394,0.9723973751216343,0.027799210677725818,0.0,0.0,327.51214798151324,False
1784332704.371663,23.590526819229126,2.534268728398747,0.9709169368765894,0.027799207838719517,0.0,0.0,327.2050010805131,False
1784332704.4523695,23.67123317718506,2.5377549028222894,0.9690453587784619,0.027799193364495302,0.0,0.0,326.82106744046604,False
1784332704.5257325,23.744596242904663,2.549512574418513,0.9625082724013919,0.027799112459413453,0.0,0.0,325.515693215778,False
1784332704.5882115,23.807075262069702,2.552257226256469,0.9609313616022502,0.027799100911446495,0.0,0.0,325.20854640547344,False
1784332704.650172,23.869035720825195,2.554993386669455,0.9593397718225276,0.027799095829612694,0.0,0.0,324.9013996182311,False
1784332704.7138062,23.93266987800598,2.5577209772393275,0.9577335479333584,0.027799097468964647,0.0,0.0,324.59425284724676,False
1784332704.798313,24.017176628112793,2.564501947957606,0.9536542627692142,0.027799125045898064,0.0,0.0,323.826385933622,False
1784332704.8692827,24.088146448135376,2.5725660561329944,0.9486397822289453,0.027799169389051245,0.0,0.0,322.9049455269282,False
1784332704.9460056,24.16486930847168,2.5759021174844023,0.9465122747822694,0.02779918006042178,0.0,0.0,322.5210119675639,False
1784332705.0062842,24.22514796257019,2.5785606575641378,0.9447942100798362,0.02779918304404267,0.0,0.0,322.21386509958745,False
1784332705.0741913,24.293055057525635,2.582531106980589,0.9421904632183052,0.027799178181891798,0.0,0.0,321.7531447764033,False
1784332705.1458104,24.36467409133911,2.5917131435538088,0.9359915590690103,0.027799140716030495,0.0,0.0,320.67813070506804,False
1784332705.2096004,24.42846417427063,2.594315068425941,0.934188915167511,0.02779913006528132,0.0,0.0,320.37098385479544,False
1784332705.2929223,24.511785984039307,2.5975538260888964,0.9319160432866715,0.027799120576498776,0.0,0.0,319.9870503139873,False
1784332705.3628254,24.58168911933899,2.6078143173402784,0.9244978972576395,0.027799128108849946,0.0,0.0,318.758463085059,False
1784332705.441486,24.66034960746765,2.6116207133518756,0.9216595762661508,0.027799141262299296,0.0,0.0,318.2977549954912,False
1784332705.5028515,24.721715211868286,2.6141464626884914,0.9197496100138761,0.027799149560528136,0.0,0.0,317.99074918285123,False
1784332705.5861552,24.80501890182495,2.6173101992095305,0.9173240745260159,0.027799141981207916,0.0,0.0,317.61036157588734,False
1784332705.6603742,24.87923789024353,2.628513091954384,0.9083869849713874,0.027798642982619592,0.0,0.0,316.3770682037038,False
1784332705.7387817,24.957645416259766,2.631936840478515,0.9055509830865685,0.02779838819256018,0.0,0.0,316.02525606767836,False
1784332705.8004534,25.019317150115967,2.6347055175729577,0.9032242586627511,0.027798183825239284,0.0,0.0,315.7452600877743,False
1784332705.8764405,25.095304250717163,2.638195583355111,0.9002501170874009,0.027797955574682953,0.0,0.0,315.3964611409939,False
1784332705.9406683,25.159532070159912,2.6494869137503367,0.8903261888220585,0.02779768019151334,0.0,0.0,314.28414773089713,False
1784332706.0043027,25.223166465759277,2.652344613238782,0.8877405599771409,0.027797701046910303,0.0,0.0,314.01029687324956,False
1784332706.0844567,25.30332040786743,2.6559648169203736,0.884418768009216,0.027797706747867145,0.0,0.0,313.6750076796347,False
1784332706.1443112,25.36317491531372,2.6589226359346165,0.8816642001269891,0.02779764313777145,0.0,0.0,313.4153563234721,False
1784332706.2061863,25.425050020217896,2.670362389941054,0.8706968593152845,0.027796857167813615,0.0,0.0,312.4759979137969,False
1784332706.2692416,25.488105297088623,2.67346924335838,0.8676384689022753,0.02779656934452861,0.0,0.0,312.2295871583178,False
1784332706.3480806,25.566944360733032,2.677370614649684,0.8637520417250082,0.027796227256427455,0.0,0.0,311.92280028981065,False
1784332706.4072974,25.626161098480225,2.6805014703699634,0.860596811862999,0.0277959955764882,0.0,0.0,311.67820322103495,False
1784332706.4707544,25.68961811065674,2.6899090139124704,0.8509252795243513,0.027795687754772692,0.0,0.0,310.9468747153871,False
1784332706.5546458,25.77350950241089,2.69616788200505,0.8443341144740053,0.027795815624073374,0.0,0.0,310.46062511534075,False
1784332706.6480484,25.866912126541138,2.7008924455523875,0.8392712402030733,0.027795923577084377,0.0,0.0,310.1049167165676,False
1784332706.7116897,25.930553436279297,2.70871355375596,0.8307360250644906,0.027796115285870192,0.0,0.0,309.506558675771,False
1784332706.7835224,26.00238609313965,2.7164149611067594,0.8221452908092268,0.02779626962488974,0.0,0.0,308.89946479864136,False
1784332706.8629148,26.081778526306152,2.720234256800685,0.817813354296223,0.02779628261913831,0.0,0.0,308.5963263980899,False
1784332706.9433334,26.16219711303711,2.7240427194717753,0.8134444221547886,0.027796235423055662,0.0,0.0,308.2955065540082,False
1784332707.0187607,26.237624406814575,2.7369748902751505,0.7981604352598645,0.027794058879200827,0.0,0.0,307.4854546026251,False
1784332707.0940037,26.312867403030396,2.7411837510309445,0.7930535842492114,0.027792952009392163,0.0,0.0,307.2611098102257,False
1784332707.1700754,26.388939142227173,2.7454500340816415,0.7878168507997055,0.027791796892359135,0.0,0.0,307.0470886741575,False
1784332707.2492602,26.46812391281128,2.760183929951989,0.769308969216377,0.02778908514284416,0.0,0.0,306.36819454364286,False
1784332707.325021,26.543884754180908,2.7645401996362406,0.7637209400376943,0.027788945621561485,0.0,0.0,306.1770055966767,False
1784332707.4041247,26.62298846244812,2.768897458398682,0.7580815186845924,0.027789098530883183,0.0,0.0,305.98882716414886,False
1784332707.4655142,26.684377908706665,2.77238177189184,0.7535366352847186,0.027789381632339225,0.0,0.0,305.8402458035727,False
1784332707.5298135,26.748677253723145,2.785413169737231,0.7362694888012024,0.02779076564277121,0.0,0.0,305.2960556656137,False
1784332707.5934603,26.812324047088623,2.7888745948722016,0.7316132985759332,0.027790992837831065,0.0,0.0,305.15389051847256,False
1784332707.6667078,26.885571479797363,2.793200914679499,0.7257527922740116,0.027791071477329603,0.0,0.0,304.9798320875318,True
1784332707.7315378,26.950401544570923,2.7966840760655876,0.7210003630850167,0.027790882851661116,0.0,0.0,304.84866838905015,False
1784332707.843563,27.062426805496216,2.806331407351622,0.7076863137337595,0.027789434024514507,0.0,0.0,304.51886988682,False
1784332707.9176757,27.136539459228516,2.808970202173393,0.7040077620511884,0.027788909329387032,0.0,0.0,304.43485365380576,False
1784332708.0138016,27.232665300369263,2.8256568114916267,0.6804077361840069,0.02778645467191489,0.0,0.0,303.9403225916966,False
1784332708.0896604,27.308524131774902,2.830030174120544,0.6741308438201506,0.02778638185661219,0.0,0.0,303.8182732395655,False
1784332708.157219,27.3760826587677,2.8335264316934645,0.669086560397386,0.027786492353246567,0.0,0.0,303.72362313150336,False
1784332708.2245233,27.443387031555176,2.8387671443833273,0.6614828200715468,0.027786860648542428,0.0,0.0,303.586717565405,False
1784332708.308192,27.527055740356445,2.851818540406133,0.6423354951277378,0.02778801154296169,0.0,0.0,303.294193778659,False
1784332708.3860397,27.60490345954895,2.8561428560853024,0.6359293612670129,0.02778822707801365,0.0,0.0,303.2245877929072,False
1784332708.4513516,27.670215368270874,2.8595881439314583,0.6308053137999923,0.02778830964200887,0.0,0.0,303.1788953071913,False
1784332708.5436833,27.7625470161438,2.874089193488745,0.6090674161490378,0.027788075024074453,0.0,0.0,303.08009068112887,False
1784332708.6243744,27.84323811531067,2.878326327824814,0.602671643653926,0.02778795728891201,0.0,0.0,303.0771283224527,False
1784332708.7115984,27.9304621219635,2.8825571354784083,0.5962697530142647,0.02778787917348184,0.0,0.0,303.08479902889417,False
1784332708.7783875,27.997251272201538,2.89352511512366,0.5796186445003488,0.027787975760528997,0.0,0.0,303.1562356885541,False
1784332708.8688731,28.08773684501648,2.9011018087522715,0.5680877991834397,0.02778814558531348,0.0,0.0,303.24573253729176,False
1784332708.9438336,28.162697315216064,2.905307377779042,0.5616838196343236,0.027788202793925118,0.0,0.0,303.30811141662275,False
1784332709.0062487,28.225112438201904,2.9086787883721508,0.5565503486789888,0.02778818191169571,0.0,0.0,303.36189208663416,False
1784332709.0695121,28.288375854492188,2.9222328166975684,0.5359392760874955,0.027787578686798,0.0,0.0,303.5994875745255,False
1784332709.1333463,28.35221004486084,2.9256350166131395,0.5307774912812047,0.027787389532924214,0.0,0.0,303.66347257958057,False
1784332709.20997,28.428833723068237,2.929894562476646,0.5243241559810016,0.027787192104792535,0.0,0.0,303.7455037022771,False
1784332709.2711258,28.489989519119263,2.9333075455395416,0.5191616655410534,0.027787084759695536,0.0,0.0,303.8125798827704,False
1784332709.3348274,28.553691148757935,2.9470097783834865,0.4985226612677236,0.0277871925140014,0.0,0.0,304.090596828806,False
1784332709.417583,28.636446714401245,2.951311252289838,0.49207582938788547,0.02778734178517677,0.0,0.0,304.17929033783406,False
1784332709.4896014,28.708465099334717,2.9556222575378213,0.4856315556213936,0.027787493950000026,0.0,0.0,304.2685077906421,False
1784332709.5713506,28.79021430015564,2.959946028412811,0.47918582899913464,0.027787604887880943,0.0,0.0,304.35724089842574,False
1784332709.6497958,28.868659496307373,2.973968525639259,0.45840861491399887,0.027787045837682555,0.0,0.0,304.6006357881712,False
1784332709.7304776,28.949341297149658,2.9783907779380723,0.45189540584755533,0.027786673974000475,0.0,0.0,304.6651264625708,False
1784332709.8056383,29.02450203895569,2.982826602023569,0.4453802455286132,0.027786288001165428,0.0,0.0,304.72505331793406,False
1784332709.8898718,29.10873556137085,2.987273535745653,0.4388662414738115,0.027785946998387986,0.0,0.0,304.78072263973,False
1784332709.9615335,29.180397272109985,3.0024512634888096,0.4167552512189293,0.02778574494928014,0.0,0.0,304.9397649718791,False
1784332710.0422223,29.261085987091064,3.0069265662371163,0.4102684599885483,0.027786020308882414,0.0,0.0,304.97771347006363,False
1784332710.1198063,29.338670015335083,3.0114033124080297,0.4037930446010697,0.027786405935302703,0.0,0.0,305.0110389585728,False
1784332710.206913,29.425776720046997,3.015858031081995,0.39736166492104624,0.02778693003240709,0.0,0.0,305.04848325693933,False
1784332710.2810876,29.499951362609863,3.030732339772292,0.3759724446401506,0.02778938670861329,0.0,0.0,305.2899366212851,False
1784332710.354417,29.573280811309814,3.0350693350981386,0.3697638337817044,0.027789927305933448,0.0,0.0,305.3881061001517,False
1784332710.43395,29.65281367301941,3.0394011164667956,0.36357751145238865,0.027790270444472635,0.0,0.0,305.4955500373797,False
1784332710.5009398,29.71980357170105,3.046330820676567,0.35371535003679283,0.027790358159498825,0.0,0.0,305.6829244288923,False
1784332710.569573,29.78843665122986,3.057622137141475,0.3377496323798855,0.027789475780992542,0.0,0.0,306.01394657234385,False
1784332710.6494725,29.86833620071411,3.06199149520775,0.33161011868013,0.02778894409376828,0.0,0.0,306.14432039133516,False
1784332710.7436452,29.96250891685486,3.067256905216519,0.3242422837324015,0.027788327679859674,0.0,0.0,306.3012827715128,False
1784332710.820837,30.039700746536255,3.0822602166770934,0.3034409039562501,0.02778776111392435,0.0,0.0,306.75557878397956,False
1784332710.903203,30.122066736221313,3.086704477388989,0.29733639737206274,0.027787964222446112,0.0,0.0,306.88978837777483,False
1784332710.9768503,30.195713996887207,3.0911791679593073,0.2912177206189377,0.02778821289582484,0.0,0.0,307.0204854821753,False
1784332711.039732,30.25859570503235,3.102040607744601,0.27648063109170457,0.0277885911485226,0.0,0.0,307.3185655963526,False
1784332711.0995762,30.318439960479736,3.1093592765913116,0.26663996689093766,0.02778846757878934,0.0,0.0,307.50782823277416,False
1784332711.182843,30.40170669555664,3.1139598734385276,0.2604898379713483,0.027788232666005157,0.0,0.0,307.6231366937674,False
1784332711.2540925,30.47295618057251,3.1185822290680263,0.25433794457270265,0.027787908647971687,0.0,0.0,307.7357499408071,False
1784332711.3194916,30.538355350494385,3.129758144282342,0.2395735204220146,0.027787109106277453,0.0,0.0,307.99589446199764,False
1784332711.3947356,30.61359930038452,3.1382038657151416,0.22851458745347591,0.027786845760445267,0.0,0.0,308.1840813846851,False
1784332711.476861,30.695724725723267,3.142852328782861,0.22246062139387043,0.0277871094495199,0.0,0.0,308.2693758491711,False
1784332711.566556,30.785419702529907,3.1481617995363953,0.21556636582564526,0.027788625761024893,0.0,0.0,308.28397944747525,False
1784332711.633153,30.85201668739319,3.161502416871397,0.19832818024350435,0.02779558122610698,0.0,0.0,307.91649033531303,False
1784332711.7072668,30.926130533218384,3.16554357680036,0.19311832503389365,0.02779745157956065,0.0,0.0,307.7163769246298,False
1784332711.772946,30.991809606552124,3.1687601135885033,0.18897023364095264,0.02779847558323898,0.0,0.0,307.5413568685761,False
1784332711.848509,31.067372798919678,3.172767416284448,0.1837966604439682,0.027799006494928922,0.0,0.0,307.31051647971225,False
1784332711.9292727,31.148136377334595,3.1855041933027453,0.1672622083658893,0.027795538549172452,0.0,0.0,306.52713974452,False
1784332711.9893818,31.208245515823364,3.188666406017479,0.16312537463392987,0.027794065886806028,0.0,0.0,306.3263176111272,False
1784332712.069073,31.287936687469482,3.192597095970066,0.1579609466757104,0.027792407668106617,0.0,0.0,306.0721822126304,False
1784332712.1366522,31.355515956878662,3.198728706112217,0.149853922501275,0.027791113183136096,0.0,0.0,305.6392820930256,False
1784332712.2060778,31.424941539764404,3.208367441995886,0.1369530418929456,0.02779302830389568,0.0,0.0,304.89978625384805,False
1784332712.2729414,31.49180507659912,3.211272358132404,0.13301994782025015,0.02779424251024219,0.0,0.0,304.6684537653046,False
1784332712.3502176,31.56908130645752,3.214870496501694,0.12811548772571435,0.027795792497151084,0.0,0.0,304.37816949030645,False
1784332712.41311,31.63197374343872,3.217724832657957,0.12419742582863208,0.027796876463038477,0.0,0.0,304.14537039487124,False
1784332712.4918735,31.710737228393555,3.2289517985722407,0.10852613699563488,0.027798021332952973,0.0,0.0,303.21186748046256,False
1784332712.567471,31.7863347530365,3.2324047858449774,0.10361513087079904,0.027797319423211553,0.0,0.0,302.92030027402615,False
1784332712.637023,31.855886697769165,3.2351581788307207,0.09966507997465285,0.027796539072629807,0.0,0.0,302.6890846380767,False
1784332712.700818,31.919681787490845,3.2453943781710626,0.08470275602967776,0.027793814878779036,0.0,0.0,301.8301889434664,False
1784332712.7714546,31.990318298339844,3.249439845569018,0.07866371372026708,0.027793475507344737,0.0,0.0,301.48777475643533,False
1784332712.834097,32.05296063423157,3.252115990764846,0.07462828779970265,0.027793566620786997,0.0,0.0,301.25879585860815,False
1784332712.8947287,32.11359238624573,3.254775324242473,0.0705853727374832,0.02779387515309414,0.0,0.0,301.02939839840934,False
1784332712.9688349,32.18769860267639,3.258733201043869,0.06450593619429074,0.027794611690743414,0.0,0.0,300.684812091942,False
1784332713.0501182,32.26898193359375,3.268466534358773,0.04922170815322589,0.027796395293363713,0.0,0.0,299.82216699513447,False
1784332713.117353,32.33621668815613,3.27102335796048,0.045124236449100324,0.02779657479658887,0.0,0.0,299.59200730367917,False
1784332713.1798558,32.39871954917908,3.273563873540229,0.041017405552169116,0.02779658637734292,0.0,0.0,299.3618260565423,False
1784332713.2630317,32.481895446777344,3.282326843085781,0.026569046339973035,0.02779566302908366,0.0,0.0,298.5561072926279,False
1784332713.3497715,32.56863522529602,3.287243808228968,0.018260626854018434,0.027794993465451757,0.0,0.0,298.095672423575,False
1784332713.434242,32.65310573577881,3.290320548228514,0.01297841958937935,0.027794613025932058,0.0,0.0,297.81758916949155,False
1784332713.5125217,32.731385469436646,3.2934228123426066,0.007582822015143421,0.027794238836911553,0.0,0.0,297.55102088918306,False
1784332713.6216016,32.84046530723572,3.304081392784799,-0.011477540324347738,0.027793165534526924,0.0,0.0,296.70146595002643,False
1784332713.704406,32.923269748687744,3.307864700560294,-0.018435025611232624,0.027792819411116564,0.0,0.0,296.41748390264763,True
1784332713.7722902,32.991153955459595,3.3141551303223373,-0.030220346461243483,0.027792330094060718,0.0,0.0,295.9543094617407,False
1784332713.8652644,33.0841281414032,3.3203986129086065,-0.04218393322129815,0.0277920585725636,0.0,0.0,295.49877879113006,False
1784332713.9774358,33.19629955291748,3.3241128384034013,-0.049427089422672675,0.0277920326347145,0.0,0.0,295.22764837353554,False
1784332714.0628242,33.28168797492981,3.330853007545929,-0.06281472017230519,0.027792182909125433,0.0,0.0,294.73435099333517,False
1784332714.1675057,33.386369466781616,3.3381376430640413,-0.07765029260177639,0.027792214365920703,0.0,0.0,294.2135258495185,False
1784332714.2671015,33.48596525192261,3.3459904089148322,-0.09408334946270129,0.02779158027874038,0.0,0.0,293.6813480136596,False
1784332714.3633847,33.58224844932556,3.3519697950096323,-0.10690094517120685,0.027790890655004077,0.0,0.0,293.284610573198,False
1784332714.4485855,33.66744923591614,3.354939937944507,-0.11336700252860883,0.02779057596596383,0.0,0.0,293.09078314562873,False
1784332714.523419,33.74228262901306,3.3643528789928117,-0.1342984045777784,0.027790049853579673,0.0,0.0,292.4899212125651,False
1784332714.6003973,33.81926107406616,3.3672633866398405,-0.14090666844303343,0.027790046792870747,0.0,0.0,292.30751726553046,False
1784332714.6947696,33.91363334655762,3.3707489937778994,-0.14890804550601494,0.027790026520155987,0.0,0.0,292.0962915843881,False
1784332714.7728968,33.99176049232483,3.3798566253339892,-0.17024233635033126,0.027790316967668958,0.0,0.0,291.65268440450933,False
1784332714.8485515,34.06741523742676,3.382455405125284,-0.176415104670911,0.02779157112941692,0.0,0.0,291.65715459677574,False
1784332714.9131932,34.13205695152283,3.3844580071024715,-0.18119506541058653,0.027792927749826914,0.0,0.0,291.7188018457198,False
1784332714.9830937,34.20195746421814,3.387365633263915,-0.18816782611476904,0.02779526233375046,0.0,0.0,291.8967792654119,False
1784332715.0689008,34.28776454925537,3.3943089130279636,-0.20491186931900848,0.027799948175910864,0.0,0.0,292.6304111491754,False
1784332715.1490326,34.36789631843567,3.396568865744833,-0.21036422389184437,0.02780034287637604,0.0,0.0,292.9184928055444,False
1784332715.228149,34.44701266288757,3.3988176523665494,-0.2157777549780179,0.027800003877769514,0.0,0.0,293.21481457089567,False
1784332715.306036,34.52489972114563,3.4059983317568623,-0.23290592169752503,0.027795926849436575,0.0,0.0,294.18672137736047,False
1784332715.3833714,34.602235078811646,3.4078005724941787,-0.23715192155795858,0.027794907632091248,0.0,0.0,294.4319973079373,False
1784332715.464511,34.683374643325806,3.409607761382577,-0.2413837460188351,0.027794150011559254,0.0,0.0,294.6779851657518,False
1784332715.5790796,34.797943353652954,3.4187051818642766,-0.2622449793644713,0.027795387691927947,0.0,0.0,295.9254210021405,False
1784332715.6654541,34.88431787490845,3.4214741823640686,-0.26843264038243597,0.02779665751472984,0.0,0.0,296.3012704536177,False
1784332715.7443895,34.96325325965881,3.42381566813773,-0.2735998721071761,0.027797536369791043,0.0,0.0,296.6107277047178,False
1784332715.8432398,35.062103509902954,3.428592979283868,-0.28395823587227276,0.02779820631918654,0.0,0.0,297.223515296415,False
1784332715.9588652,35.17772889137268,3.4359738311000307,-0.2994896831830472,0.027796621996863276,0.0,0.0,298.13804932096264,False
1784332716.059155,35.27801871299744,3.4390000052020473,-0.30569652011607007,0.027795727153711203,0.0,0.0,298.49859810692277,False
1784332716.1429443,35.36180806159973,3.4455408759309427,-0.31875341198244,0.027793789775489592,0.0,0.0,298.9061290106108,False
1784332716.2331512,35.4520149230957,3.451393337378085,-0.3301181486736485,0.027792549490220374,0.0,0.0,298.9891385798413,False
1784332716.3386357,35.557499408721924,3.4556212034309195,-0.3381978758957043,0.02779198546260956,0.0,0.0,298.9335956378797,False
1784332716.4282815,35.64714527130127,3.460917924482283,-0.34822980759909133,0.027792498547511774,0.0,0.0,298.9379046644592,False
1784332716.5049665,35.723830223083496,3.4680315441770664,-0.3615891772229266,0.02779625642921375,0.0,0.0,299.4289503856906,False
1784332716.5881307,35.80699443817139,3.4706653217867682,-0.3664941340983208,0.02779797900204881,0.0,0.0,299.7119979914475,False
1784332716.7124975,35.93136119842529,3.4795228299120713,-0.382752145374561,0.02780065773245686,0.0,0.0,300.7873575562707,False
1784332716.8121624,36.031026124954224,3.483228294485432,-0.38941942553273046,0.027799632593872903,0.0,0.0,301.2361418212242,False
1784332716.9037821,36.12264585494995,3.4923822800824382,-0.4055218177644307,0.02779539482594561,0.0,0.0,302.3301735780837,False
1784332717.0264375,36.245301246643066,3.4967630504871683,-0.41303725415455117,0.02779454325617689,0.0,0.0,302.8471579842349,False
1784332717.1142979,36.33316159248352,3.5022611923599682,-0.42229904340453256,0.027795339301056977,0.0,0.0,303.5038928769657,False
1784332717.2002816,36.419145345687866,3.508311733798604,-0.4322734247194796,0.027797577629632933,0.0,0.0,304.23934203087765,False
1784332717.2961016,36.514965295791626,3.512177340760694,-0.43852379836372146,0.02779880492228715,0.0,0.0,304.71045115066534,False
1784332717.39242,36.61128377914429,3.5205537191952696,-0.4517363252668648,0.027799075371245312,0.0,0.0,305.7207180480249,False
1784332717.6062102,36.82507395744324,3.5349159842851834,-0.4733550275272768,0.02779624373760953,0.0,0.0,307.3998962060956,False
1784332717.7174191,36.93628287315369,3.53907434196866,-0.47937563274974215,0.027796217622694675,0.0,0.0,307.8632624580084,False
1784332717.8119965,37.03086018562317,3.5464649836383004,-0.48981382016894487,0.02779683900887969,0.0,0.0,308.63722901691546,False
1784332717.9141397,37.13300347328186,3.5547830969912635,-0.5011982544444901,0.02779741543527799,0.0,0.0,309.4098666885487,False
1784332718.0107555,37.22961926460266,3.558780892598766,-0.5065378017758781,0.027797270058147236,0.0,0.0,309.5737476775432,False
1784332718.088873,37.30773663520813,3.562172205440789,-0.5110105792823293,0.02779696103988059,0.0,0.0,309.6143056719156,False
1784332718.1796136,37.39847731590271,3.5739591495669853,-0.5262558777278673,0.02779554612130196,0.0,0.0,309.2024833343245,False
1784332718.2730925,37.49195623397827,3.5781567970941968,-0.5316112392445467,0.027795327694635677,0.0,0.0,308.910584423196,False
1784332718.3830323,37.60189604759216,3.590675720446972,-0.5475079521255298,0.027796343742776015,0.0,0.0,307.8556444476138,False
1784332718.4655612,37.68442487716675,3.594136330769425,-0.5519069430407066,0.02779680987371179,0.0,0.0,307.5456028043114,False
1784332718.5715113,37.790374994277954,3.5983448792822292,-0.5572737844092533,0.02779713017409668,0.0,0.0,307.1832023717624,False
1784332718.6706617,37.889525413513184,3.6113243008305056,-0.5740172460117335,0.027795881514349786,0.0,0.0,306.19675423918846,False
1784332718.757523,37.9763867855072,3.615979238377002,-0.5801225822986884,0.027794425772761755,0.0,0.0,306.01039094204424,False
1784332718.8881316,38.10699534416199,3.622380445438571,-0.5885991757322966,0.027792118510740055,0.0,0.0,305.86494133666184,False
1784332718.978852,38.197715759277344,3.63628735204681,-0.6072651683194686,0.027788565186304456,0.0,0.0,305.8739135177946,False
1784332719.0880175,38.30688118934631,3.6420523049245785,-0.6150731359939808,0.027788393986917258,0.0,0.0,305.9924095886044,False
1784332719.1862664,38.40513014793396,3.6568747059060325,-0.6352203008003464,0.027791596490545214,0.0,0.0,306.5233084588223,False
1784332719.2894676,38.508331298828125,3.662639996583795,-0.6430500515514241,0.02779322531803826,0.0,0.0,306.78493545563674,False
1784332719.4172416,38.63610529899597,3.668864089407161,-0.6514849006488791,0.02779540911090041,0.0,0.0,307.1803761649148,False
1784332719.5255156,38.74437928199768,3.681487033691303,-0.6684749358166115,0.027799284459471586,0.0,0.0,308.32421081494044,False
1784332719.6183884,38.837252140045166,3.6854150529419467,-0.67370861180636,0.02779953938831416,0.0,0.0,308.7374578795605,False
1784332719.7139137,38.932777404785156,3.692684606165769,-0.6832741663096488,0.027798346716940342,0.0,0.0,309.4596267191385,False
1784332719.8359926,39.054856300354004,3.700988733091939,-0.6939766015695988,0.027795778517541524,0.0,0.0,310.19320555274527,False
1784332719.9247308,39.14359450340271,3.7088387039049366,-0.7038811702247366,0.027794318042368545,0.0,0.0,310.8530149719399,False
1784332720.030059,39.24892282485962,3.7189778566451586,-0.7163844470015919,0.02779503825360807,0.0,0.0,311.70506326257635,False
1784332720.1056514,39.32451510429382,3.7225670314083983,-0.7207379110593085,0.02779586978733311,0.0,0.0,312.0217324112885,False
1784332720.2182415,39.43710517883301,3.735272036587421,-0.7358406223190948,0.02779862059442188,0.0,0.0,313.20398501340475,False
1784332720.2928133,39.51167702674866,3.738754762417278,-0.7398936639863953,0.02779883787085402,0.0,0.0,313.53986563994624,False
1784332720.3951137,39.61397743225098,3.7428926643784712,-0.7446611881112853,0.02779875412453989,0.0,0.0,313.9493643093292,False
1784332720.5114,39.73026371002197,3.7536348928151475,-0.7567972077591822,0.027797812118699475,0.0,0.0,315.0784307359365,False
1784332720.6271815,39.84604525566101,3.7596119508001964,-0.7633819901011676,0.02779750788782113,0.0,0.0,315.7125197408231,False
1784332720.7339997,39.952863454818726,3.773088230953427,-0.7776307057137588,0.027796129292045568,0.0,0.0,316.7955701970029,False
1784332720.8459551,40.06481885910034,3.7779981349697245,-0.7826533317417934,0.027795392359503898,0.0,0.0,317.1274671383487,False
1784332720.9494562,40.16831994056702,3.785599564501904,-0.7902892256717877,0.027794359267762837,0.0,0.0,317.61998114144495,False
1784332721.039697,40.25856065750122,3.796888811481909,-0.8013548957882489,0.027793784033603344,0.0,0.0,318.334969961604,False
1784332721.149946,40.36880970001221,3.8048322184646106,-0.8089628111501072,0.027794213722072546,0.0,0.0,318.8359417505059,False
1784332721.246066,40.464929819107056,3.819049828962565,-0.8222429029241717,0.0277957339236532,0.0,0.0,319.7464393847652,False
1784332721.3564875,40.57535123825073,3.8244111439506576,-0.8271417957366334,0.02779611644605262,0.0,0.0,320.0914967098765,False
1784332721.4645865,40.68345022201538,3.838800214474945,-0.8400034654983545,0.02779600071047093,0.0,0.0,321.01682118857354,True
1784332721.5537715,40.77263522148132,3.8469054275092045,-0.8470717664165343,0.02779560391904005,0.0,0.0,321.546506648638,False
1784332721.648444,40.86730766296387,3.852292004284232,-0.851701288553485,0.027795452576374575,0.0,0.0,321.9054398560328,False
1784332721.7243202,40.94318389892578,3.8583386553561083,-0.856848490328422,0.027795846543823933,0.0,0.0,322.14329553461425,False
1784332721.82549,41.044353723526,3.870303590906212,-0.8669032430475038,0.027798578680459533,0.0,0.0,321.86071700443915,False
1784332721.9667723,41.185636043548584,3.8770529201757027,-0.8725102574935699,0.02780018867781374,0.0,0.0,321.3394632298115,False
1784332722.094295,41.31315875053406,3.890628202492341,-0.8837271641921071,0.027800087654003377,0.0,0.0,319.9833210033972,False
1784332722.1969259,41.41578960418701,3.894769053035307,-0.8871520664516969,0.02779922912006547,0.0,0.0,319.53584073587143,False
1784332722.2953022,41.5141658782959,3.9068294309712552,-0.897198230853558,0.02779751729274442,0.0,0.0,318.1775411008572,False
1784332722.3869061,41.605769872665405,3.910789747614605,-0.9005358968559237,0.027797678636869366,0.0,0.0,317.7439449100233,False
1784332722.488421,41.707284688949585,3.9143373914811828,-0.9035624789805928,0.027797815163062345,0.0,0.0,317.5111889700921,False
1784332722.612719,41.83158278465271,3.928576164330247,-0.915978146296105,0.027796696088370605,0.0,0.0,317.373459757732,False
1784332722.722259,41.94112277030945,3.9344656630660158,-0.921196308674067,0.027795378806741503,0.0,0.0,317.55505527140525,False
1784332722.8463776,42.06524133682251,3.9511478628101186,-0.9360862108749265,0.027792325486798167,0.0,0.0,318.39054104953374,False
1784332722.9362729,42.155136585235596,3.9556278505948206,-0.9400873860757539,0.02779252680201278,0.0,0.0,318.6530270711037,False
1784332723.024752,42.24361562728882,3.960111069903888,-0.9440845536271801,0.027793232398136424,0.0,0.0,318.9262035517436,False
1784332723.1494849,42.368348598480225,3.9745785665671494,-0.9568938754114524,0.027796543530038086,0.0,0.0,319.8214259784214,False
1784332723.250588,42.469451665878296,3.982851683154028,-0.9641310414505119,0.027797215997315546,0.0,0.0,320.32288878235255,False
1784332723.3432074,42.562071084976196,3.999488497858618,-0.9784433081179321,0.02779531394745613,0.0,0.0,321.3411330454091,False
1784332723.4503376,42.669201374053955,4.005049359625901,-0.9831470080365319,0.027794539040205735,0.0,0.0,321.6848792813253,False
1784332723.543389,42.76225280761719,4.010586615752034,-0.9877892829925636,0.02779414694215547,0.0,0.0,322.0347795657376,False
1784332723.6609643,42.87982797622681,4.026042477022777,-1.0005195341733262,0.027795580357927233,0.0,0.0,323.06468626989096,False
1784332723.7830312,43.0018949508667,4.03247554985282,-1.0057043047871599,0.027796431070067556,0.0,0.0,323.4779272971833,False
1784332723.8917148,43.110578536987305,4.048888665362043,-1.018598422904927,0.027795786832226974,0.0,0.0,324.402595562004,False
1784332724.0032232,43.222086906433105,4.055850065155801,-1.0239360289175137,0.027794691084077883,0.0,0.0,324.77328611748936,False
1784332724.1249309,43.34379458427429,4.072939453524358,-1.0367384514640374,0.027793037641702815,0.0,0.0,325.68411753305065,False
1784332724.2351706,43.45403432846069,4.079999699870031,-1.0419077535539139,0.02779335589468474,0.0,0.0,326.06674652411056,False
1784332724.3668964,43.58576011657715,4.089056798777343,-1.0484394950614508,0.02779445468694768,0.0,0.0,326.5677943739065,False
1784332724.4743223,43.69318604469299,4.105670369508823,-1.0601053624142174,0.027795361534760022,0.0,0.0,327.4046498257457,False
1784332724.5920281,43.81089186668396,4.115290432784659,-1.0666846675705783,0.027794611956673668,0.0,0.0,327.85565373998725,False
1784332724.701089,43.919952630996704,4.128463240072293,-1.0754955775388895,0.027792765813844707,0.0,0.0,328.42859532559964,False
1784332724.810503,44.02936673164368,4.144478031946413,-1.0859167630908715,0.027790781472940482,0.0,0.0,329.03924739931347,False
1784332724.9329805,44.15184426307678,4.153817586320007,-1.091864195658563,0.027790427643871716,0.0,0.0,329.3770810112065,False
1784332725.0221179,44.240981578826904,4.172607754742128,-1.1035711958956513,0.027791529922962136,0.0,0.0,330.0639320158715,False
1784332725.1250045,44.343868255615234,4.180802049637392,-1.1085745938617249,0.027792399390126964,0.0,0.0,330.37644285863075,False
1784332725.2233143,44.44217801094055,4.188977673130069,-1.1135059558824214,0.027793160717876384,0.0,0.0,330.6953088417465,False
1784332725.3395584,44.55842208862305,4.20877805706223,-1.1251986394221443,0.027793750250998246,0.0,0.0,331.4894302575308,False
1784332725.4703388,44.689202547073364,4.219225180786241,-1.1312255383680196,0.027793461373777136,0.0,0.0,331.920932834632,False
1784332725.6010063,44.81986999511719,4.233069484675418,-1.1390616102843103,0.02779317665641914,0.0,0.0,332.5130230004605,False
1784332725.7140985,44.93296217918396,4.250313597653605,-1.1485764515124004,0.027793491444065514,0.0,0.0,333.18490447891196,False
1784332725.8279083,45.04677200317383,4.257199449404277,-1.1523009353428972,0.027793764724494418,0.0,0.0,333.29729678723055,False
1784332725.9480786,45.16694235801697,4.279950279213234,-1.16436934374407,0.02779469293800142,0.0,0.0,333.0478055644571,False
1784332726.0449014,45.26376509666443,4.286685007413289,-1.1678957611012333,0.027794904260527824,0.0,0.0,332.8185127582684,False
1784332726.140624,45.359487771987915,4.29997226443862,-1.174833384751914,0.027795263409790476,0.0,0.0,332.2401210968341,False
1784332726.2911239,45.509987592697144,4.315089125969615,-1.1827483843435014,0.027795708675212114,0.0,0.0,331.4572239128508,False
1784332726.3885412,45.607404947280884,4.330693551228433,-1.191025437821427,0.027794735015292626,0.0,0.0,330.8867973903563,False
1784332726.4967332,45.71559691429138,4.342543452938806,-1.1974067661821888,0.027792510434042225,0.0,0.0,330.72505237238494,False
1784332726.6795392,45.89840292930603,4.370541048015153,-1.2127142381659433,0.02778823516180484,0.0,0.0,330.88689956186283,False
1784332726.788891,46.00775480270386,4.379215391464741,-1.2174936072448783,0.027788290438410565,0.0,0.0,331.04565418049856,False
1784332726.8966472,46.11551094055176,4.390393060567239,-1.2236560990043306,0.02778960205380645,0.0,0.0,331.30280187343857,False
1784332726.9916763,46.21054005622864,4.409014371985101,-1.2338913649773535,0.027792806316471467,0.0,0.0,331.8217554752315,False
1784332727.099294,46.31815767288208,4.4164615154965245,-1.2379613106527143,0.027793489593085096,0.0,0.0,332.04794159254845,False
1784332727.1839926,46.40285634994507,4.432551348915443,-1.2466862851768385,0.027793027289766684,0.0,0.0,332.56401588289305,False
1784332727.2549853,46.473849058151245,4.443642742912546,-1.2526341336157523,0.027791839036872556,0.0,0.0,332.93785812555956,False
1784332727.3338382,46.55270195007324,4.449779834882595,-1.2558984396550774,0.027791273924135922,0.0,0.0,333.1513816758626,False
1784332727.460564,46.67942762374878,4.4667707883542205,-1.2648270611250814,0.02779131134238432,0.0,0.0,333.78199233521366,False
1784332727.5569909,46.77585458755493,4.479953821494277,-1.2716319579024136,0.02779281797240533,0.0,0.0,334.30324268646984,False
1784332727.633497,46.85236072540283,4.487061952856538,-1.2752533492340115,0.027793797055506664,0.0,0.0,334.5988738592819,False
1784332727.7311232,46.949986934661865,4.505595364671332,-1.284528405118902,0.027795619285964548,0.0,0.0,335.42913360208325,False
1784332727.834136,47.05299973487854,4.511526611107469,-1.287433580512308,0.027795346366714973,0.0,0.0,335.6681912027223,False
1784332727.950314,47.169177770614624,4.525067806724024,-1.2939457632396703,0.02779310856350688,0.0,0.0,336.1422364093215,False
1784332728.0968187,47.31568241119385,4.541574520263601,-1.3016829475741976,0.027789791142399916,0.0,0.0,336.6615757841697,False
1784332728.2057912,47.424654960632324,4.562221734913169,-1.311082388082592,0.02778873556363013,0.0,0.0,337.28531624761666,False
1784332728.3062906,47.52515435218811,4.570018580017961,-1.314555937860638,0.02778939272360986,0.0,0.0,337.51815639707144,False
1784332728.3993666,47.61823034286499,4.5920794946428085,-1.3241712295195944,0.02779226487341031,0.0,0.0,338.19665936547295,False
1784332728.4874437,47.70630741119385,4.598553646475409,-1.3269340088602037,0.027792816872247293,0.0,0.0,338.40152960639955,False
1784332728.5617034,47.78056716918945,4.605959015827031,-1.3300710223047216,0.027793787346033026,0.0,0.0,338.6982439988756,False
1784332728.661773,47.88063669204712,4.622818214569322,-1.3371437849692192,0.027799292061753276,0.0,0.0,339.79720991913126,False
1784332728.7864573,48.00532102584839,4.630388748749072,-1.3402640700168427,0.02780123405516898,0.0,0.0,340.387939498494,False
1784332728.903369,48.12223267555237,4.646983775097931,-1.3468909249754641,0.02779959237759896,0.0,0.0,341.68000764082376,False
1784332729.0016952,48.220558881759644,4.652448132165634,-1.3490011469877725,0.027798067212475665,0.0,0.0,342.10631620443723,False
1784332729.0689209,48.287784576416016,4.659727483383421,-1.3517521026713455,0.027796421344742132,0.0,0.0,342.67211505006225,False
1784332729.1695797,48.38844347000122,4.672446658145232,-1.356390414893319,0.027796234644185378,0.0,0.0,343.6622694301206,False
1784332729.2594106,48.47827434539795,4.677899582176488,-1.3583116114928029,0.027797107400897435,0.0,0.0,344.08619628760414,False
1784332729.325719,48.54458284378052,4.689811961983272,-1.3623612052858258,0.02779917923949807,0.0,0.0,344.99726440793694,False
1784332729.399397,48.618260622024536,4.696271423291164,-1.364473293477861,0.0277996509412809,0.0,0.0,345.4865062710592,False
1784332729.5098975,48.728761196136475,4.702753059618492,-1.3665341282877057,0.02779946386705339,0.0,0.0,345.9760006480705,False
1784332729.5893373,48.80820107460022,4.713872261646178,-1.3699357510184789,0.02779817747110402,0.0,0.0,346.81923518305416,False
1784332729.6839485,48.902812242507935,4.723119063859554,-1.37263727934662,0.027797226187515862,0.0,0.0,347.5266662281874,False
1784332729.7953427,49.014206409454346,4.729662269835243,-1.374473841906629,0.027796989890850245,0.0,0.0,348.0136317374696,False
1784332729.9133177,49.13218140602112,4.7471689572196185,-1.3790677011124213,0.027797492709886046,0.0,0.0,349.2188527750314,True
1784332729.9939532,49.21281695365906,4.753145550604504,-1.3805384310743412,0.027797720165900926,0.0,0.0,349.61708311817915,False
1784332730.0696754,49.28853917121887,4.758151106062689,-1.3817347143638448,0.02779783679543837,0.0,0.0,349.9499905040032,False
1784332730.1477897,49.36665344238281,4.774208684506696,-1.3853630195956956,0.027797721231860265,0.0,0.0,351.02536111060687,False
1784332730.2274013,49.44626498222351,4.7792298624945255,-1.3864329802557984,0.02779760073548583,0.0,0.0,351.3632711247093,False
1784332730.3042164,49.52308011054993,4.784268020353325,-1.3874749224528318,0.02779747372767431,0.0,0.0,351.6998609844619,False
1784332730.3869762,49.60583996772766,4.800465363869514,-1.3906141668897285,0.02779729690859175,0.0,0.0,352.77510066927647,False
1784332730.4815304,49.70039415359497,4.806572428098454,-1.391714905532381,0.02779734132223928,0.0,0.0,353.1769868312321,False
1784332730.5701776,49.78904128074646,4.811677598798751,-1.3926004420740765,0.027797402139785675,0.0,0.0,353.51130375923015,False
1784332730.6762378,49.89510154724121,4.825973916026283,-1.3949176696695604,0.027797609371309033,0.0,0.0,354.45204671980014,False
1784332730.7933302,50.01219391822815,4.83831821878655,-1.3967216196374068,0.02779758605530542,0.0,0.0,355.2501678985034,False
1784332730.8964605,50.11532425880432,4.855992673259937,-1.3988981155499873,0.027794940926341483,0.0,0.0,355.8943957335781,False
1784332731.0120022,50.23086595535278,4.869286412728618,-1.400295027699452,0.027791351804236693,0.0,0.0,356.09313415523195,False
1784332731.097629,50.316492795944214,4.877523818428376,-1.4010930370394468,0.027789176935268084,0.0,0.0,356.14871717932135,False
1784332731.197345,50.41620874404907,4.899781943835881,-1.4030708386372095,0.027786584304485336,0.0,0.0,356.06170701124387,False
1784332731.29999,50.51885366439819,4.908162490320471,-1.4037678165355447,0.027787423219457427,0.0,0.0,355.9453019764374,False
1784332731.4291744,50.648038148880005,4.9179007889042445,-1.4045583379808622,0.027789598391355454,0.0,0.0,355.75735682033167,False
1784332731.53585,50.75471377372742,4.924803098733825,-1.405111100610301,0.027791640263071907,0.0,0.0,355.59181857325376,False
1784332731.6630418,50.8819055557251,4.930274503071953,-1.4055473536884515,0.027793339632247772,0.0,0.0,355.44186721854345,False
1784332731.7656868,50.98455047607422,4.950615616152135,-1.4071833736878305,0.027797035230380553,0.0,0.0,354.80730832292795,False
1784332731.8533566,51.07222032546997,4.964582223264916,-1.4083496634956076,0.027794920250291403,0.0,0.0,354.4123220661081,False
1784332731.9780436,51.19690728187561,4.975900424111979,-1.4093328417965925,0.027791595339180103,0.0,0.0,354.1069318644874,False
1784332732.1132977,51.33216142654419,5.001422399975438,-1.411699372587371,0.02778700560226712,0.0,0.0,353.4150115101316,False
1784332732.2266374,51.44550108909607,5.011306920754855,-1.4126785132288762,0.027787808944185803,0.0,0.0,353.1390092110626,False
1784332732.3177767,51.53664040565491,5.02648111726927,-1.4142519639021525,0.02779153057626759,0.0,0.0,352.67747814412877,False
1784332732.396152,51.615015745162964,5.043860128898334,-1.416170373676543,0.02779601929530394,0.0,0.0,352.0995795294629,False
1784332732.4768486,51.69571232795715,5.050150914682527,-1.4168923806544593,0.027797271765733683,0.0,0.0,351.96709898552984,False
1784332732.5519276,51.77079129219055,5.055990929951693,-1.4175703748613855,0.027798495077882675,0.0,0.0,351.9676413324917,False
1784332732.631749,51.85061264038086,5.073642894611447,-1.4196660740234757,0.027800733443673592,0.0,0.0,352.7354793434341,False
1784332732.7133865,51.93225026130676,5.078406662787931,-1.4202395389061668,0.02780067990023416,0.0,0.0,353.08193089683846,False
1784332732.8223295,52.04119324684143,5.084864504461525,-1.4210167618341107,0.027800157610385737,0.0,0.0,353.5947670285748,False
1784332732.9085567,52.12742042541504,5.09978923263393,-1.4227831559872517,0.027798303169102777,0.0,0.0,354.8861357552569,False
1784332732.9961975,52.21506118774414,5.104876967071418,-1.4233657838648106,0.027798011110186007,0.0,0.0,355.34603235048695,False
1784332733.0961502,52.31501388549805,5.109066371109376,-1.4238345994394312,0.027798020832597487,0.0,0.0,355.7296477326535,False
1784332733.184787,52.403650760650635,5.121432272753742,-1.4251455918268314,0.027799045628420803,0.0,0.0,356.8811629492246,False
1784332733.2923787,52.511242389678955,5.12955811349649,-1.4259351859997085,0.027799765185960203,0.0,0.0,357.64899544707055,False
1784332733.3685522,52.58741593360901,5.133596634688773,-1.4263031317254717,0.027799919163230036,0.0,0.0,358.03292252556645,False
1784332733.4427352,52.661598920822144,5.144042424684719,-1.4271716153833212,0.02779957195997095,0.0,0.0,359.0311435788044,False
1784332733.522521,52.741384744644165,5.150442102779288,-1.4276399734556746,0.02779906803482518,0.0,0.0,359.6454354093186,False
1784332733.6247125,52.843576192855835,5.154433957249363,-1.427906111123976,0.027798785161225963,0.0,0.0,0.029367554254159704,False
1784332733.711415,52.93027877807617,5.160813282137312,-1.4282881648184416,0.027798536102488645,0.0,0.0,0.6433776910072646,False
1784332733.7912612,53.010124921798706,5.172172917698439,-1.428818497234054,0.02779870826531205,0.0,0.0,1.6989157663180166,False
1784332733.8693974,53.088261127471924,5.176726303832154,-1.4289486391751212,0.027798598887715326,0.0,0.0,2.001523858662052,False
1784332733.9468577,53.16572141647339,5.181926511396682,-1.4290291972328908,0.027798004500186605,0.0,0.0,2.2215966491154,False
1784332734.048087,53.266950607299805,5.202742856453481,-1.4289534676278042,0.02779216833460606,0.0,0.0,2.615195228686001,False
1784332734.1534433,53.37230706214905,5.212122130594217,-1.4287901744668368,0.027788923496668585,0.0,0.0,2.6633780132324416,False
1784332734.268811,53.487674713134766,5.225822033370105,-1.4284620092054887,0.0277857335625397,0.0,0.0,2.620454834405344,False
1784332734.37048,53.589343786239624,5.245161526579691,-1.427879974001368,0.027787357026143218,0.0,0.0,2.338169170771633,False
1784332734.4546182,53.673481941223145,5.2575369539585886,-1.4274692407547116,0.02779169195262836,0.0,0.0,2.043029273191091,False
1784332734.580405,53.79926872253418,5.276806196009635,-1.4268250643221847,0.02779723109292841,0.0,0.0,1.498325665860497,False
1784332734.6835833,53.90244698524475,5.298026234746377,-1.4261752564350059,0.027794361348490604,0.0,0.0,0.9324707194917868,False
1784332734.783264,54.0021276473999,5.306587868618384,-1.4259426533756363,0.027791503902021262,0.0,0.0,0.7078128857888617,False
1784332734.8935344,54.11239814758301,5.326818719028037,-1.4254811008703931,0.02778615258163189,0.0,0.0,0.2079479572653195,False
1784332735.001751,54.22061467170715,5.340004992013346,-1.425253668742164,0.027785748569157304,0.0,0.0,359.9060419048126,False
1784332735.1233914,54.34225511550903,5.363608681396623,-1.4249982058601396,0.02778954076487514,0.0,0.0,359.3867615784783,False
1784332735.2360365,54.45490026473999,5.378411829404493,-1.424939416825182,0.02779155981569645,0.0,0.0,359.06785605447436,False
1784332735.345446,54.56430983543396,5.3976461459855605,-1.4249809734811802,0.027791407020663447,0.0,0.0,358.65168367344796,False
1784332735.4434595,54.662323236465454,5.412397904703411,-1.4251039511174888,0.027789957966670286,0.0,0.0,358.3256219094838,False
1784332735.5494454,54.768309116363525,5.422702623296392,-1.4252375326799152,0.027789047452803514,0.0,0.0,358.0944544133646,False
1784332735.6411996,54.860063314437866,5.446144314579822,-1.4256895491623944,0.0277890139957292,0.0,0.0,357.55115517784316,False
1784332735.761882,54.980745792388916,5.454891275453906,-1.4259119484384455,0.027789654168670876,0.0,0.0,357.3416623954198,False
1784332735.8494978,55.06836152076721,5.4753682325550495,-1.4265527984626076,0.027790895821531266,0.0,0.0,356.8617167063049,False
1784332735.9336424,55.15250611305237,5.487226222995682,-1.4270029066740146,0.027790645462882926,0.0,0.0,356.60831733955627,False
1784332736.0218885,55.24075222015381,5.496171049186059,-1.4273795871122477,0.027790017315852497,0.0,0.0,356.42556497005586,False
1784332736.0957813,55.31464505195618,5.517146485450028,-1.4283836606157172,0.027788112403100793,0.0,0.0,356.0158040226725,False
1784332736.1839576,55.40282130241394,5.527663207869809,-1.4289486982276218,0.027787530613452783,0.0,0.0,355.8164502434509,False
1784332736.2853248,55.504188537597656,5.53518117870182,-1.4293771444217138,0.02778741394564418,0.0,0.0,355.675491808059,False
1784332736.3835816,55.60244536399841,5.542699142632586,-1.4298256661370803,0.027787553800001374,0.0,0.0,355.53500996851926,False
1784332736.4848022,55.70366597175598,5.569732221219086,-1.4316009876131808,0.027789192151235605,0.0,0.0,355.027782948604,False
1784332736.5932877,55.81215143203735,5.58022451551461,-1.4323575197330891,0.027789693305630588,0.0,0.0,354.8285823968991,False
1784332736.7004118,55.919275522232056,5.592167971143318,-1.4332637775474322,0.02778993616984753,0.0,0.0,354.5948369444976,False
1784332736.8357913,56.05465507507324,5.620904612282172,-1.435631488568523,0.02779142833269921,0.0,0.0,353.9636566841425,False
1784332736.9374363,56.15630006790161,5.629471948405792,-1.4363957531118152,0.027791842674373995,0.0,0.0,353.7771081861283,False
1784332737.0224152,56.241278886795044,5.648623639578676,-1.4382121915502433,0.02779088658904308,0.0,0.0,353.4132117905318,False
1784332737.1055748,56.32443857192993,5.663667576976822,-1.4397346806417302,0.027788726340897366,0.0,0.0,353.1589537988401,False
1784332737.2166092,56.43547296524048,5.674277219543146,-1.4408551807434802,0.02778701862698293,0.0,0.0,352.9894813590164,False
1784332737.3318655,56.550729274749756,5.691003516438822,-1.4426956654144343,0.027785281110711352,0.0,0.0,352.73111966784376,False
1784332737.4363256,56.65518927574158,5.709267260098585,-1.4448037773647955,0.02778583978909723,0.0,0.0,352.45420935238707,False
1784332737.5377705,56.75663423538208,5.724338689831735,-1.446615954133072,0.027788086424327344,0.0,0.0,352.240439260082,False
1784332737.6597943,56.878658056259155,5.738588001444602,-1.4483604652488606,0.027795201234175074,0.0,0.0,352.42944311272385,False
1784332737.7774944,56.996358156204224,5.752849236601245,-1.4501219219887374,0.027803929797774168,0.0,0.0,353.189318870705,True
1784332737.879166,57.09802961349487,5.762727269026816,-1.4513372180759414,0.02780558793792193,0.0,0.0,353.91694497179674,False
1784332737.962273,57.18113660812378,5.767426664829056,-1.4519088094501866,0.02780443948545609,0.0,0.0,354.29408795635106,False
1784332738.0896335,57.308497190475464,5.773803822571065,-1.4526729815382995,0.027801353997578403,0.0,0.0,354.8273898899418,False
1784332738.2123315,57.43119525909424,5.781735762446266,-1.4535976584580665,0.027796897219486832,0.0,0.0,355.5166532512075,False
1784332738.3160026,57.53486633300781,5.792819202073615,-1.4548235156752516,0.027794311960988246,0.0,0.0,356.51425896609203,False
1784332738.4532182,57.67208194732666,5.8027897355696165,-1.4558408155215774,0.027797272969057516,0.0,0.0,357.43557966222744,False
1784332738.5607362,57.77959990501404,5.8093439895875445,-1.4564569444797923,0.02780027579252295,0.0,0.0,358.0498476900299,False
1784332738.6588793,57.87774300575256,5.815035106189831,-1.4569542898963859,0.027802169396621258,0.0,0.0,358.587347414687,False
1784332738.7919807,58.010844469070435,5.828738899485964,-1.457994221025297,0.027801122090801635,0.0,0.0,359.8927305557759,False
1784332738.881114,58.09997773170471,5.835168385832231,-1.458398344957451,0.027798863560828804,0.0,0.0,0.5046641575887888,False
1784332738.973032,58.191895723342896,5.843314221039625,-1.4588220943909327,0.027796642058266,0.0,0.0,1.2589895934685225,False
1784332739.0857425,58.304606199264526,5.854836306327505,-1.4592562292957325,0.027796961945691482,0.0,0.0,2.3126944344766183,False
1784332739.1557667,58.37463045120239,5.85895979665223,-1.4593654600467096,0.027797907005048816,0.0,0.0,2.69026950584102,False
1784332739.2420504,58.46091413497925,5.870449649027691,-1.4595440175619472,0.027800621918073073,0.0,0.0,3.7544945507180603,False
1784332739.3267438,58.545607566833496,5.876977786935394,-1.4595612113105159,0.027801096715493277,0.0,0.0,4.364462505659156,False
1784332739.4076586,58.62652230262756,5.881087971922007,-1.4595370202951699,0.027800821599467472,0.0,0.0,4.741522448546883,False
1784332739.4877636,58.706627368927,5.885234881803699,-1.4594842708908702,0.02780018588587944,0.0,0.0,5.1154738906680555,False
1784332739.560302,58.779165744781494,5.8995454994315075,-1.4590898935904435,0.02779751480619177,0.0,0.0,6.3781570297492545,False
1784332739.6418395,58.860703229904175,5.903796717542745,-1.4589110124935736,0.027797190713974962,0.0,0.0,6.748987819017183,False
1784332739.7228928,58.9417564868927,5.908053031268084,-1.4587046140594286,0.02779721747417938,0.0,0.0,7.120639396450107,False
1784332739.8013103,59.02017402648926,5.914856278212109,-1.4583189730911554,0.027797888904304978,0.0,0.0,7.717375650282526,False
1784332739.894003,59.11286664009094,5.9263159750221055,-1.4574851419105994,0.027799235766645822,0.0,0.0,8.64944319903889,False
1784332740.0107677,59.229631423950195,5.932691203396691,-1.4569255871850955,0.027799461043387416,0.0,0.0,9.141572326347555,False
1784332740.1146803,59.3335440158844,5.9400844676876146,-1.4561984632228362,0.027799131027146467,0.0,0.0,9.702767923882009,False
1784332740.2027202,59.42158389091492,5.950380026938682,-1.4550522170056397,0.027798079011091614,0.0,0.0,10.473664980364042,False
1784332740.3059008,59.52476453781128,5.9588770016760195,-1.4539929283464756,0.02779735103764632,0.0,0.0,11.104197490566516,False
1784332740.4275877,59.646451473236084,5.970330152009586,-1.4524032668988232,0.02779720496024619,0.0,0.0,11.938270113701163,False
1784332740.514762,59.733625650405884,5.981908025972951,-1.4506108824506299,0.027797820161669675,0.0,0.0,12.76697237230393,False
1784332740.6226256,59.84148931503296,5.992591836069386,-1.4487955105619186,0.027798350430081428,0.0,0.0,13.524106799503484,False
1784332740.7002633,59.919126987457275,6.00236725993056,-1.4469993750482368,0.027798351996777104,0.0,0.0,14.208604577508996,False
1784332740.8055913,60.024455070495605,6.007279171543458,-1.4460482557941914,0.02779817156300823,0.0,0.0,14.549128590512034,False
1784332740.9092915,60.12815523147583,6.014260386133466,-1.4446362394542593,0.027797727659191866,0.0,0.0,15.014844943755511,False
1784332741.0129817,60.23184537887573,6.024519571018698,-1.4424324522542513,0.027796876693323924,0.0,0.0,15.657235819636554,False
1784332741.1305146,60.34937834739685,6.030787741675281,-1.4410158740324994,0.027796438403409087,0.0,0.0,16.037155478432716,False
1784332741.2277927,60.446656465530396,6.041352334375008,-1.4385151101862228,0.027796079932241896,0.0,0.0,16.667161947545228,False
1784332741.3354182,60.55428194999695,6.055210345048337,-1.4350284938831168,0.027796332663320433,0.0,0.0,17.48421179481376,False
1784332741.416614,60.635477781295776,6.060566191831764,-1.4336196144923026,0.027796532019115458,0.0,0.0,17.797442525392697,False
1784332741.4988146,60.71767830848694,6.0745249241912145,-1.4297900755224378,0.02779689696157618,0.0,0.0,18.6104921709897,False
1784332741.5709429,60.789806604385376,6.083103793013957,-1.4273256028759886,0.02779690206268126,0.0,0.0,19.112448002708092,False
1784332741.6727479,60.89161157608032,6.089519283585313,-1.4254280185575752,0.027796813992985194,0.0,0.0,19.490261940124583,False
1784332741.7694159,60.988279581069946,6.105410132387972,-1.4205289230118487,0.027796614741074917,0.0,0.0,20.44513564634324,False
1784332741.872444,61.091307640075684,6.115954036565031,-1.4171160106142495,0.027796601689169104,0.0,0.0,21.078511650809528,False
1784332741.9689426,61.187806367874146,6.1223835834349405,-1.4149646015974642,0.02779649137973697,0.0,0.0,21.444422459037465,False
1784332742.0641606,61.283024311065674,6.135402405968929,-1.41045252381064,0.027796069589415155,0.0,0.0,22.162514862026306,False
1784332742.1404305,61.359294176101685,6.146347343188589,-1.4065035501827154,0.02779567120639767,0.0,0.0,22.754190270958365,False
1784332742.2431993,61.46206307411194,6.1529550641917625,-1.4040514364313934,0.027795469710330173,0.0,0.0,23.10555461967883,False
1784332742.3259573,61.54482102394104,6.171744216782477,-1.3968066390482252,0.027795314968242387,0.0,0.0,24.095574188726058,False
1784332742.4231627,61.64202642440796,6.178375170910564,-1.3941552463604803,0.02779539982535678,0.0,0.0,24.44463742050576,False
1784332742.5119762,61.73083996772766,6.184991776780184,-1.3914610421295013,0.02779552373421672,0.0,0.0,24.794573669318243,False
1784332742.604197,61.823060750961304,6.203604666834961,-1.383622685750863,0.02779585412805076,0.0,0.0,25.793438536326132,False
1784332742.7029204,61.92178416252136,6.210134857716174,-1.3807805432477573,0.027795881263538175,0.0,0.0,26.146465960717933,False
1784332742.802826,62.021689653396606,6.228603675127233,-1.3724758231432905,0.027795621181966677,0.0,0.0,27.13876374070514,False
1784332742.8907974,62.10966110229492,6.235191113306027,-1.3694138384299062,0.027795361923322465,0.0,0.0,27.476267470293706,False
1784332742.9654257,62.18428945541382,6.24072918146045,-1.366798385903051,0.02779507577367332,0.0,0.0,27.751359235982715,False
1784332743.035019,62.25388264656067,6.247412251264935,-1.363593609610705,0.027794708634270412,0.0,0.0,28.077413922005103,False
1784332743.128789,62.34765267372131,6.264183278452205,-1.3553253780772003,0.027794095894106172,0.0,0.0,28.886158679119728,False
1784332743.2138264,62.432690143585205,6.270883709959116,-1.3519337377885952,0.027794080376493408,0.0,0.0,29.209965301932606,False
1784332743.310403,62.52926683425903,6.279778126802903,-1.3473550630578253,0.02779428029695644,0.0,0.0,29.644729366719925,False
1784332743.4046705,62.623534202575684,6.294106230386898,-1.3397953323253364,0.02779487947511907,0.0,0.0,30.358913436651886,False
1784332743.523426,62.742289781570435,6.299576920596522,-1.3368482239983692,0.027795080542132533,0.0,0.0,30.6352826893262,False
1784332743.619661,62.83852481842041,6.313667119341585,-1.3291018239511243,0.027795340591172935,0.0,0.0,31.361175834083745,False
1784332743.727871,62.94673466682434,6.32647703455768,-1.3218609921763023,0.027795317816595794,0.0,0.0,32.0418870490412,False
1784332743.8212535,63.040117263793945,6.331774123817031,-1.3188093551257252,0.027795266805594625,0.0,0.0,32.32592766296589,False
1784332743.9294262,63.148289918899536,6.345738608209395,-1.31058582765069,0.02779467420478641,0.0,0.0,33.02797564643302,False
1784332744.0354435,63.25430727005005,6.355489816754138,-1.30469526756599,0.02779412178483405,0.0,0.0,33.50021368947134,False
1784332744.1451283,63.3639919757843,6.367428176115509,-1.297322141019873,0.027793643479518067,0.0,0.0,34.0717357845242,False
1784332744.2523117,63.4711754322052,6.382573182669369,-1.287716764624135,0.027793663957594576,0.0,0.0,34.79804963621294,False
1784332744.392609,63.611472606658936,6.387956389380105,-1.2842349223506608,0.027793815947620554,0.0,0.0,35.05803957152285,False
1784332744.504858,63.723721742630005,6.392243277492904,-1.2814370726182522,0.027793976987094307,0.0,0.0,35.26751563129046,False
1784332744.599015,63.81787872314453,6.394378779037455,-1.2800350407032184,0.02779406713000427,0.0,0.0,35.37288351744873,False
1784332744.6916628,63.910526514053345,6.3996845860437075,-1.276528023341014,0.027794321127319135,0.0,0.0,35.63943550481388,False
1784332744.7758517,63.994715452194214,6.4080570637227305,-1.2709255012158178,0.02779478772901191,0.0,0.0,36.07661654358605,False
1784332744.8458061,64.0646698474884,6.414279205844463,-1.2667043415932322,0.027795065826114747,0.0,0.0,36.40626326372639,False
1784332744.9364753,64.15533900260925,6.428998576294091,-1.2564998206277254,0.027794591520802735,0.0,0.0,37.13050912926887,False
1784332745.043953,64.26281666755676,6.4353452558932815,-1.2520079745477366,0.02779406056615205,0.0,0.0,37.432312771013216,False
1784332745.1502416,64.3691053390503,6.451157203305159,-1.240584447861909,0.02779297580951455,0.0,0.0,38.1866323281177,False
1784332745.2459247,64.46478843688965,6.459521148567729,-1.2344082907963019,0.027792940161059255,0.0,0.0,38.59229572593075,False
1784332745.325398,64.54426169395447,6.476035544218495,-1.22193982169044,0.02779393505927459,0.0,0.0,39.41622849320728,False
1784332745.401522,64.62038564682007,6.481135696077076,-1.2180141348535134,0.027794310719000872,0.0,0.0,39.676709551683814,False
1784332745.4797494,64.69861316680908,6.4862044163698,-1.2140768803523072,0.027794616997356553,0.0,0.0,39.938864170782146,True
1784332745.5538797,64.77274346351624,6.496237993570759,-1.2061762869289958,0.02779491831853747,0.0,0.0,40.46916940519521,False
1784332745.6344998,64.85336351394653,6.507135072510904,-1.1974293174213515,0.027794770491522167,0.0,0.0,41.05775721506794,False
1784332745.6976185,64.9164822101593,6.5110665298197645,-1.194229581344685,0.027794643475689645,0.0,0.0,41.27238452765538,False
1784332745.7716327,64.99049639701843,6.515954761324402,-1.190218082384887,0.02779448567169341,0.0,0.0,41.54167327309126,False
1784332745.8423822,65.06124591827393,6.529805596260885,-1.1786304885610412,0.02779367097482627,0.0,0.0,42.252594139228755,False
1784332745.9144876,65.13335132598877,6.5358288035665355,-1.1734897048322155,0.027793183970562227,0.0,0.0,42.53979479773293,False
1784332745.9921467,65.2110104560852,6.540866084042287,-1.1691449019663647,0.027792790271894248,0.0,0.0,42.77510248184936,False
1784332746.0687475,65.28761124610901,6.545909149907164,-1.1647544375035974,0.02779245208894221,0.0,0.0,43.008261201574335,False
1784332746.1460915,65.36495518684387,6.562989700667654,-1.1495889759932627,0.027792135942588496,0.0,0.0,43.79879916944335,False
1784332746.2261453,65.4450089931488,6.567980296032644,-1.145072379304201,0.027792293780615904,0.0,0.0,44.03177159049386,False
1784332746.3065572,65.52542090415955,6.572948429423692,-1.1405377906616574,0.027792529871659696,0.0,0.0,44.265834609131495,False
1784332746.3892393,65.6081030368805,6.582799766993653,-1.1314327868288847,0.027793099813907006,0.0,0.0,44.73939942716433,False
1784332746.4618583,65.68072199821472,6.593492970863602,-1.1213764360231513,0.0277935895680982,0.0,0.0,45.269227589203,False
1784332746.5544927,65.7733564376831,6.598305919414536,-1.1167897515798852,0.027793694704979718,0.0,0.0,45.512413452216464,False
1784332746.6591592,65.87802290916443,6.6040322976756975,-1.1112832211233898,0.027793745542335296,0.0,0.0,45.80778389479096,False
1784332746.7603567,65.97922039031982,6.615313021111858,-1.1002747977670662,0.027793755452317322,0.0,0.0,46.4108540712902,False
1784332746.8432004,66.0620641708374,6.6254446308494055,-1.0901988639879427,0.027793885352243496,0.0,0.0,46.97799400574727,False
1784332746.93338,66.15224361419678,6.635508961426864,-1.0799948627306701,0.02779391783808583,0.0,0.0,47.53392973624592,False
1784332747.056146,66.2750096321106,6.646738772128476,-1.0683550753977034,0.027792933363296874,0.0,0.0,48.07943073225422,False
1784332747.150866,66.36972975730896,6.6608619639065365,-1.0533614344645652,0.027791284985385876,0.0,0.0,48.73040873773089,False
1784332747.2460392,66.46490287780762,6.66836458559797,-1.0452413378320353,0.027790851224028926,0.0,0.0,49.07389362016729,False
1784332747.3218403,66.54070401191711,6.673040054860706,-1.0401268566894,0.027790823366824712,0.0,0.0,49.287257256806896,False
1784332747.3927207,66.61158442497253,6.682344929387238,-1.0298249230810064,0.027791261195991235,0.0,0.0,49.713152850272856,False
1784332747.487243,66.70610666275024,6.690647013962835,-1.0204947713985615,0.027791942544435334,0.0,0.0,50.098634886791295,False
1784332747.573371,66.79223465919495,6.696137510795603,-1.0142521219274883,0.027792355113280494,0.0,0.0,50.357607520312285,False
1784332747.664338,66.88320183753967,6.706084302192572,-1.0027950093858398,0.027792796916928177,0.0,0.0,50.84104856295601,False
1784332747.8035984,67.0224621295929,6.713226335428219,-0.9944478653743486,0.027792808644473588,0.0,0.0,51.19803786310256,False
1784332747.904272,67.12313580513,6.714113997912448,-0.9934031985287712,0.027792795147232686,0.0,0.0,51.24289566854897,False
1784332748.0334198,67.25228357315063,6.718582170352072,-0.9881171005081771,0.027792567546241813,0.0,0.0,51.458469172199486,False
1784332748.1381142,67.35697793960571,6.7221820884038666,-0.9838254840728626,0.027792232191033085,0.0,0.0,51.623077200015295,False
1784332748.226763,67.44562673568726,6.729401346338676,-0.9751347878570906,0.02779137482559431,0.0,0.0,51.94190955533382,False
1784332748.31303,67.53189373016357,6.742889434794441,-0.9586050280109901,0.027790096588133313,0.0,0.0,52.52554550890351,False
1784332748.382784,67.60164761543274,6.747352454324112,-0.9530528753537125,0.027789978272192546,0.0,0.0,52.71950749067774,False
1784332748.4674149,67.68627858161926,6.751791369059631,-0.9474901730418425,0.027790054585697388,0.0,0.0,52.91463008315848,False
1784332748.5819166,67.80078029632568,6.7562030081824425,-0.9419214995934111,0.02779030828682379,0.0,0.0,53.11151407143962,False
1784332748.6610324,67.87989616394043,6.761452270778488,-0.935243329178472,0.027790803036409264,0.0,0.0,53.351853650317544,False
1784332748.7349918,67.95385551452637,6.764921896911675,-0.9307978240889171,0.027791205201574038,0.0,0.0,53.51505863657492,False
1784332748.8335464,68.05241012573242,6.769219036027177,-0.9252571888690114,0.027791744982550878,0.0,0.0,53.72365823855695,False
1784332748.9111357,68.12999939918518,6.777666358296946,-0.9142503898054489,0.027792757977607028,0.0,0.0,54.158281394649215,False
1784332748.9892716,68.20813536643982,6.786780868953876,-0.9021916016608119,0.027793306285170717,0.0,0.0,54.65131313834658,False
1784332749.0718663,68.29072999954224,6.790925187288881,-0.8966382806025485,0.02779315313475794,0.0,0.0,54.86677388625488,False
1784332749.1455462,68.36440992355347,6.795108868969232,-0.8909842139698471,0.02779265712974479,0.0,0.0,55.06929585657332,False
1784332749.2334769,68.45234060287476,6.808586258075947,-0.8724573327164495,0.027790040277119912,0.0,0.0,55.67162248668558,False
1784332749.3178885,68.5367522239685,6.813631129699512,-0.8654037317615171,0.02778923035778942,0.0,0.0,55.88892877971514,False
1784332749.4007905,68.61965417861938,6.817817925040639,-0.8595019967148835,0.027788832237953746,0.0,0.0,56.069261377798625,False
1784332749.477096,68.69595980644226,6.831889354207073,-0.8393502885486708,0.02778961248158304,0.0,0.0,56.68735789269182,False
1784332749.564722,68.78358578681946,6.836792964746066,-0.8322119871490948,0.027790358322455713,0.0,0.0,56.90786472111625,False
1784332749.648874,68.86773777008057,6.840847520933746,-0.8262641184626534,0.02779098194909172,0.0,0.0,57.09414592643587,False
1784332749.7430515,68.9619152545929,6.851228760803502,-0.8108443106512209,0.027792081521797747,0.0,0.0,57.59485563435661,False
1784332749.8241518,69.0430154800415,6.858288511076772,-0.8001946554166283,0.027792160620888483,0.0,0.0,57.9527459449003,False
1784332749.9182925,69.13715624809265,6.8629478774167545,-0.7930895125118929,0.027791947262007864,0.0,0.0,58.193641615878704,False
1784332749.995233,69.21409678459167,6.870010193462886,-0.7821898937019455,0.0277909639158228,0.0,0.0,58.5237363519963,False
1784332750.081925,69.30078864097595,6.877915490467909,-0.76980783456581,0.027789448577797225,0.0,0.0,58.85794895656666,False
1784332750.1638627,69.38272643089294,6.886618165325669,-0.755963825905181,0.027788067207147066,0.0,0.0,59.200415497721615,False
1784332750.2677817,69.48664546012878,6.896084419943425,-0.7406601702744995,0.02778751274886078,0.0,0.0,59.551819981633116,False
1784332750.345754,69.56461763381958,6.900018284649156,-0.7342271479833904,0.02778758063983936,0.0,0.0,59.69183735498315,False
1784332750.426372,69.64523577690125,6.907073119738934,-0.7225855605151326,0.027788009464865874,0.0,0.0,59.937312789373365,False
1784332750.5189376,69.73780131340027,6.917189025486582,-0.7056631624486625,0.027788751379656067,0.0,0.0,60.28204654192623,False
1784332750.5931025,69.81196618080139,6.9210537625385244,-0.6991278792072585,0.027788910820316908,0.0,0.0,60.41260833339993,False
1784332750.682868,69.90173172950745,6.924133900739049,-0.6938919131309884,0.027788962565347207,0.0,0.0,60.51670210866529,False
1784332750.7796104,69.99847412109375,6.934817747397558,-0.6755432145850112,0.02778875080666684,0.0,0.0,60.883723263453774,False
1784332750.8748662,70.09372997283936,6.941542007508722,-0.6638491109690752,0.027788810013165865,0.0,0.0,61.12469011916473,False
1784332750.9519582,70.17082190513611,6.946711482705478,-0.6547794073794396,0.027789065953892248,0.0,0.0,61.30743405328318,False
1784332751.0646317,70.28349542617798,6.957187253917387,-0.6361709010896134,0.027788622501693522,0.0,0.0,61.62951127488645,False
1784332751.165851,70.38471484184265,6.962446657491035,-0.6267192990714779,0.02778796638249605,0.0,0.0,61.77452638528513,False
1784332751.2435098,70.46237349510193,6.972948296876062,-0.6076427265575438,0.02778627327922047,0.0,0.0,62.04077933360946,False
1784332751.3231308,70.54199457168579,6.977430780722229,-0.5994212606638908,0.027785730863082492,0.0,0.0,62.14761250479578,False
1784332751.4248047,70.64366841316223,6.98115548197924,-0.5925552368921547,0.02778550662262062,0.0,0.0,62.23408970489362,False
1784332751.5129821,70.73184585571289,6.984123837678663,-0.5870617691374799,0.027785525953845366,0.0,0.0,62.30196302374031,False
1784332751.5892189,70.8080825805664,6.990695329730117,-0.5748363748405487,0.027786539237119733,0.0,0.0,62.44441350820618,False
1784332751.668383,70.88724660873413,6.998120248478105,-0.5609408869711774,0.027791061118663942,0.0,0.0,62.390106342052526,False
1784332751.7600343,70.97889804840088,7.001935779475948,-0.5537732199732338,0.0277942924432555,0.0,0.0,62.23455124356155,False
1784332751.8409896,71.0598533153534,7.007429406336364,-0.5434392636644568,0.027798570469242636,0.0,0.0,61.86838115378776,False
1784332751.9398196,71.15868330001831,7.015645927109898,-0.528020847954441,0.02780042151009371,0.0,0.0,61.129750980794206,False
1784332752.0249145,71.24377822875977,7.01924700238669,-0.521312120904972,0.02779879694599803,0.0,0.0,60.82120215200899,False
1784332752.107789,71.32665276527405,7.022320508323341,-0.5156201617120272,0.027796625330653975,0.0,0.0,60.57525339162565,False
1784332752.2099614,71.42882513999939,7.031177369932446,-0.49941136910367373,0.02779024102920186,0.0,0.0,59.911180252540696,False
1784332752.2946076,71.51347136497498,7.037006403835275,-0.48891088950021616,0.027788588396264042,0.0,0.0,59.48968192009839,False
1784332752.4087858,71.62764954566956,7.040938423428709,-0.48190613640857694,0.027788997087077532,0.0,0.0,59.208850956268584,False
1784332752.5023394,71.72120308876038,7.042916051168838,-0.47840728661154686,0.027789580745012508,0.0,0.0,59.068066808971615,True
1784332752.5941634,71.8130271434784,7.04688327342447,-0.47143695136138686,0.02779126298614311,0.0,0.0,58.783275534853935,False
1784332752.6986606,71.91752433776855,7.052854786648225,-0.461068246501871,0.027794101941544896,0.0,0.0,58.347039593525196,False
1784332752.790464,72.00932765007019,7.05750063186596,-0.45310391659896265,0.027795727932166368,0.0,0.0,57.997715552765854,False
1784332752.8665335,72.08539724349976,7.060812705615923,-0.4474810303559069,0.02779632618150352,0.0,0.0,57.74189037057514,False
1784332752.964213,72.18307662010193,7.0731083256625595,-0.42705129066927255,0.027793923521780253,0.0,0.0,56.87045454088939,False
1784332753.0603397,72.27920341491699,7.077382169951706,-0.4201112408681778,0.027792296006236346,0.0,0.0,56.60174754528539,False
1784332753.1390483,72.35791206359863,7.082445529281737,-0.4119867917689455,0.027790734586088512,0.0,0.0,56.29326873083885,False
1784332753.234711,72.45357465744019,7.093491319765373,-0.3946049716749821,0.02779014018162535,0.0,0.0,55.6346029214686,False
1784332753.3213537,72.54021739959717,7.0979641054169385,-0.38769253322297614,0.02779089276093424,0.0,0.0,55.36887474919614,False
1784332753.3978229,72.61668658256531,7.101715798246894,-0.3819487061950546,0.027791706648583506,0.0,0.0,55.147012367139176,False
1784332753.4597917,72.67865538597107,7.113074490061907,-0.36484866233940627,0.02779366972340822,0.0,0.0,54.47400502532745,False
1784332753.5481758,72.76703953742981,7.11689761469846,-0.35918887047019726,0.027793834575777953,0.0,0.0,54.24812392817468,False
1784332753.6341267,72.85299038887024,7.121509934917343,-0.35242327349979846,0.027793677705610514,0.0,0.0,53.976211764451364,False
1784332753.73483,72.95369362831116,7.131528933990572,-0.33795249437460956,0.027792802071052895,0.0,0.0,53.37081641358616,False
1784332753.8395162,73.05837988853455,7.14002293829531,-0.3259221074680846,0.027792479994580996,0.0,0.0,52.84175526391715,False
1784332753.933329,73.15219283103943,7.14391030021361,-0.32049004850839047,0.027792557916672674,0.0,0.0,52.60111401177829,False
1784332754.03254,73.25140380859375,7.159436754980559,-0.29927724283786933,0.02779184406620354,0.0,0.0,51.794181273296566,False
1784332754.1206746,73.33953833580017,7.164505029147881,-0.2925007546275909,0.02779132221570068,0.0,0.0,51.55528640270044,False
1784332754.204324,73.42318773269653,7.168763181857637,-0.2868579443151805,0.027790885787669355,0.0,0.0,51.357181388723866,False
1784332754.2904875,73.50935125350952,7.173038915688141,-0.28123589668564136,0.027790546448363485,0.0,0.0,51.15748720385975,False
1784332754.377409,73.59627270698547,7.185076120740298,-0.26563552674549207,0.027790552689955866,0.0,0.0,50.58677645284588,False
1784332754.452543,73.67140674591064,7.190246360736236,-0.2590337351944716,0.02779104040779158,0.0,0.0,50.334328601728366,False
1784332754.570732,73.78959584236145,7.2040205151653325,-0.24172632383163556,0.027792895468823214,0.0,0.0,49.63267197424555,False
1784332754.6849306,73.90379428863525,7.210854507915471,-0.23328681608395427,0.027793648644478332,0.0,0.0,49.25901034007085,False
1784332754.7926466,74.01151037216187,7.217444668456391,-0.22522975718027316,0.027794607409037015,0.0,0.0,48.83486474473534,False
1784332754.8740368,74.09290051460266,7.2246307623436214,-0.21654388933252935,0.02779571781464218,0.0,0.0,48.31934541640038,False
1784332755.008393,74.22725677490234,7.232616875138377,-0.20704077195819617,0.027796241269740694,0.0,0.0,47.75360805755181,False
1784332755.1140783,74.33294200897217,7.238342056991375,-0.20033537122257092,0.027795855327310617,0.0,0.0,47.37723072095937,False
1784332755.194709,74.41357278823853,7.247473737468133,-0.18981430466061852,0.027794574216961045,0.0,0.0,46.79312982121782,False
1784332755.2815797,74.50044345855713,7.2558658247566274,-0.18032613459879693,0.02779356630677745,0.0,0.0,46.26042032682994,False
1784332755.3492792,74.56814289093018,7.261778266229492,-0.17374259610580656,0.02779333168208277,0.0,0.0,45.88506016895316,False
1784332755.4137404,74.63260412216187,7.273693903239818,-0.16072376296902713,0.02779406990891445,0.0,0.0,45.12977777125047,False
1784332755.494471,74.71333479881287,7.277993138329746,-0.15610795049455775,0.02779449019877347,0.0,0.0,44.86104721889559,False
1784332755.5746396,74.79350328445435,7.282312317419088,-0.1515131721290908,0.02779486551206702,0.0,0.0,44.59207042531702,False
1784332755.6448948,74.86375856399536,7.291850675155557,-0.1415123137159216,0.02779532300039841,0.0,0.0,43.994296857716265,False
1784332755.733956,74.95281982421875,7.300560387119636,-0.1325531674486017,0.027795226363943926,0.0,0.0,43.444655077074614,False
1784332755.8040624,75.02292609214783,7.3049175562951305,-0.1281315560923495,0.027795088805981482,0.0,0.0,43.166047609841364,False
1784332755.8699415,75.08880519866943,7.309261793309065,-0.12376190317112958,0.027794984251296402,0.0,0.0,42.882955792611725,False
1784332755.9441528,75.16301655769348,7.323046617906143,-0.11015146224262429,0.027795308404020714,0.0,0.0,41.94847946917629,False
1784332756.0552945,75.27415823936462,7.32910604873744,-0.10429792574015041,0.027795603967394878,0.0,0.0,41.54167276248232,False
1784332756.1361592,75.35502290725708,7.333581572441488,-0.1000336833833645,0.02779555264944828,0.0,0.0,41.27118828504868,False
1784332756.2227712,75.44163489341736,7.3494525695807065,-0.0852660200963434,0.027793942774273064,0.0,0.0,40.40663251944381,False
1784332756.312213,75.531076669693,7.3552054760825865,-0.08003466511661923,0.027793227997049728,0.0,0.0,40.10761872250579,False
1784332756.395727,75.61459064483643,7.360996134446905,-0.07482833346168741,0.027792721428908013,0.0,0.0,39.806769904661245,False
1784332756.4637883,75.68265199661255,7.371643927326723,-0.0654022577037278,0.027792724879195287,0.0,0.0,39.244123158403376,False
1784332756.5376146,75.75647830963135,7.380394218025466,-0.05779606828610419,0.027793483622053524,0.0,0.0,38.77800842872202,False
1784332756.6332586,75.85212230682373,7.386257623698157,-0.05276916151477632,0.027794106578617545,0.0,0.0,38.46667022563844,False
1784332756.7284417,75.94730544090271,7.393108815940517,-0.04696413188329698,0.02779474118588099,0.0,0.0,38.09993369062069,False
1784332756.8111045,76.02996826171875,7.407755502262868,-0.034795455372772816,0.02779526454641747,0.0,0.0,37.29412669232075,False
1784332756.9020436,76.12090730667114,7.413584343968371,-0.03004283177395954,0.027795189167657136,0.0,0.0,36.963041374261344,False
1784332756.9746504,76.19351410865784,7.418411068977367,-0.026145151213537287,0.02779511155301762,0.0,0.0,36.68129376049415,False
1784332757.0404518,76.25931549072266,7.426261365482173,-0.01988974377417266,0.027794763748891484,0.0,0.0,36.24844672291463,False
1784332757.1154923,76.33435606956482,7.438542964064999,-0.010312949840325897,0.027793567025137626,0.0,0.0,35.655326470533765,False
1784332757.2159812,76.43484497070312,7.4437784080981695,-0.0063003758407136606,0.027793027119098448,0.0,0.0,35.416466745352814,False
1784332757.2956052,76.51446890830994,7.454355517471177,0.0016905072030239453,0.02779227648386813,0.0,0.0,34.93955804192418,False
1784332757.3822336,76.60109734535217,7.459668577696576,0.005649113974714117,0.0277921778373005,0.0,0.0,34.69836984511365,False
1784332757.4784772,76.697340965271,7.46816913658379,0.011909018615179554,0.027792468697570745,0.0,0.0,34.30548994165782,False
1784332757.5520937,76.77095746994019,7.480848881593074,0.021083435163068154,0.02779370781850034,0.0,0.0,33.694287666975924,False
1784332757.669852,76.88871574401855,7.490287206761737,0.02778684202986026,0.0277947461965595,0.0,0.0,33.21998932518322,False
1784332757.7621405,76.98100423812866,7.505824102564353,0.038589041568307274,0.027795691857961647,0.0,0.0,32.39681196980502,False
1784332757.8388944,77.05775809288025,7.510935431177062,0.042079308564295294,0.027795755965637332,0.0,0.0,32.11266239736292,False
1784332757.933679,77.15254282951355,7.525692183215797,0.05194612831188694,0.027794633876491934,0.0,0.0,31.38017973646176,False
1784332758.0253236,77.2441873550415,7.534830195468372,0.05789267901334513,0.027792681843099507,0.0,0.0,31.043911102119548,False
1784332758.1198213,77.33868503570557,7.541946328326363,0.062451102917577675,0.02779090494228174,0.0,0.0,30.817544799933394,False
1784332758.2571082,77.47597193717957,7.562907033947158,0.075573164963562,0.02778684195364872,0.0,0.0,30.249251134314637,False
1784332758.345745,77.56460881233215,7.571755693722917,0.08099555744307531,0.027786381081433685,0.0,0.0,30.03429608586068,False
1784332758.4524865,77.6713502407074,7.587109102645358,0.09026168007281282,0.02778735209871358,0.0,0.0,29.68138266275488,False
1784332758.5609343,77.77979803085327,7.602632293072269,0.09946451883430713,0.027789207049434807,0.0,0.0,29.342057698825702,False
1784332758.677679,77.89654278755188,7.618286774580201,0.1085923691575872,0.027790101091173382,0.0,0.0,29.012844625415546,False
1784332758.7562845,77.97514820098877,7.632734166151385,0.11689077882709994,0.027789494723161064,0.0,0.0,28.718704068861715,False
1784332758.828261,78.04712462425232,7.644613744421331,0.12362952520061003,0.027788449192537232,0.0,0.0,28.482607471021893,False
1784332758.907017,78.1258807182312,7.661845530305855,0.13327593293720563,0.027787385220369977,0.0,0.0,28.146095227077186,False
1784332758.9872036,78.20606732368469,7.668492782108596,0.1369580077409667,0.027787330921167173,0.0,0.0,28.017609352952743,False
1784332759.0633173,78.28218102455139,7.675167514105112,0.14063370811393575,0.027787435036303484,0.0,0.0,27.892111464545174,False
1784332759.139689,78.35855269432068,7.694011281649715,0.15089799593300285,0.02778801547871597,0.0,0.0,27.559788252049483,False
1784332759.2491453,78.46800899505615,7.703494224032285,0.1560034610511495,0.027788170088683582,0.0,0.0,27.401287058098507,False
1784332759.345966,78.56482982635498,7.713017606965788,0.1610921380882404,0.027788082370364543,0.0,0.0,27.248143028618223,False
1784332759.440886,78.65974974632263,7.736295950866481,0.17337656176845237,0.027787191095190754,0.0,0.0,26.897135860335766,False
1784332759.5282824,78.74714612960815,7.744565199033249,0.17769042650013173,0.027786882800314727,0.0,0.0,26.781082893200637,False
1784332759.5949056,78.81376934051514,7.748709823375121,0.1798431866098655,0.027786767523549902,0.0,0.0,26.72461180268855,True
1784332759.6694636,78.8883273601532,7.761182398212881,0.18628505317638175,0.02778660829681522,0.0,0.0,26.561444659653237,False
1784332759.7474189,78.96628260612488,7.780670766425431,0.1962465634515971,0.027786803412530096,0.0,0.0,26.322488744440026,False
1784332759.8237336,79.04259729385376,7.787650114724788,0.19978496866589926,0.027786912422394804,0.0,0.0,26.24053116796635,False
1784332759.9039714,79.12283515930176,7.794640608424278,0.20331430492601718,0.027786992859663618,0.0,0.0,26.160448662940357,False
1784332760.0024374,79.22130107879639,7.815666685454525,0.2138451526688442,0.027786979258375744,0.0,0.0,25.929558398060717,False
1784332760.086804,79.30566763877869,7.822691785299559,0.21733653442277703,0.02778690739638272,0.0,0.0,25.855329950749162,False
1784332760.2120328,79.43089652061462,7.8311344318458564,0.22151519275357687,0.027786802125301803,0.0,0.0,25.768284229776206,False
1784332760.318882,79.53774571418762,7.856542702715779,0.23398272662194997,0.027786556248990082,0.0,0.0,25.520605688373013,False
1784332760.4011648,79.62002849578857,7.866451370289856,0.2388029954410277,0.02778652704866394,0.0,0.0,25.4292345356009,False
1784332760.477626,79.6964898109436,7.873539087062808,0.2422372470984201,0.027786519894119104,0.0,0.0,25.365759326359665,False
1784332760.5742521,79.7931158542633,7.897692437541517,0.25385854233001476,0.027786515317931124,0.0,0.0,25.1604215596862,False
1784332760.664024,79.882887840271,7.906235387098468,0.257940003852116,0.027786508663726655,0.0,0.0,25.09149147663638,False
1784332760.7491825,79.96804618835449,7.913363259106951,0.26133432375393284,0.027786494591891465,0.0,0.0,25.03571169516644,False
1784332760.843449,80.0623128414154,7.936213082225269,0.2721506157641156,0.027786431292619675,0.0,0.0,24.865796355662038,False
1784332760.9356613,80.1545250415802,7.94479454148929,0.27618835545832815,0.02778641051228702,0.0,0.0,24.80493869332435,False
1784332761.028318,80.24718165397644,7.954813568134461,0.28088640644299584,0.0277863935632218,0.0,0.0,24.735597609232254,False
1784332761.1289663,80.34783005714417,7.976307116510909,0.2909089656520466,0.02778639285716732,0.0,0.0,24.592232630423716,False
1784332761.2217507,80.4406144618988,7.986353948949752,0.29556868234075406,0.027786392534617975,0.0,0.0,24.528403428719862,False
1784332761.33643,80.55529379844666,7.99929505886453,0.3015481465742045,0.02778635706895988,0.0,0.0,24.450858717644877,False
1784332761.4222991,80.64116287231445,8.020906740625048,0.31148014998618123,0.027786223907677727,0.0,0.0,24.332050532746294,False
1784332761.5508466,80.7697103023529,8.03244819171468,0.3167583368512329,0.0277861467269959,0.0,0.0,24.2732947632621,False
1784332761.6555722,80.87443590164185,8.041109644761798,0.32070826086072096,0.027786107448134485,0.0,0.0,24.231084520846135,False
1784332761.7473483,80.96621203422546,8.06710815067717,0.33251056613558694,0.027786192521577192,0.0,0.0,24.114439086716878,False
1784332761.8232396,81.04210329055786,8.07433006259315,0.3357755284070893,0.02778627061957507,0.0,0.0,24.085219042957515,False
1784332761.924392,81.1432557106018,8.082997413359198,0.33968669716531597,0.027786370452781893,0.0,0.0,24.051882152521685,False
1784332762.0386145,81.2574782371521,8.101783798259149,0.34813844927337473,0.027786505160601743,0.0,0.0,23.985504857532977,False
1784332762.1372063,81.3560700416565,8.114804565820789,0.3539771006789854,0.027786451629720887,0.0,0.0,23.942372622105555,False
1784332762.2283506,81.4472143650055,8.129282634628483,0.3604521414924151,0.027786276999914157,0.0,0.0,23.896597860657582,False
1784332762.3450108,81.56387448310852,8.148102160509739,0.36884387297094434,0.027786092453493304,0.0,0.0,23.842869428219206,False
1784332762.4356534,81.65451717376709,8.15534074866016,0.37206457515052216,0.027786082962454137,0.0,0.0,23.823922609618318,False
1784332762.5385199,81.7573835849762,8.181402314029949,0.3836308457791317,0.027786370660228852,0.0,0.0,23.763709993248384,False
1784332762.6364498,81.855313539505,8.188638784058972,0.38683489739358723,0.02778649167768262,0.0,0.0,23.749917827098052,False
1784332762.7610376,81.97990131378174,8.20600370822535,0.39451161295748943,0.027786666644346435,0.0,0.0,23.722372975344385,False
1784332762.8691924,82.0880560874939,8.226257480661804,0.40344690389053883,0.027786553593565178,0.0,0.0,23.700650880967263,False
1784332762.9529142,82.1717779636383,8.242159098789388,0.41045073721531433,0.027786385888635374,0.0,0.0,23.693574504500845,False
1784332763.0395586,82.25842237472534,8.258058069908108,0.41744580890087035,0.027786343034863933,0.0,0.0,23.695115193910627,False
1784332763.127728,82.34659171104431,8.265292257218949,0.42062677271240745,0.0277863678947216,0.0,0.0,23.697416927673263,False
1784332763.1981158,82.41697955131531,8.288469821765993,0.43081339987045186,0.02778648219843594,0.0,0.0,23.708855801087097,False
1784332763.2749999,82.49386358261108,8.29571772441599,0.4339980184232857,0.027786474126178868,0.0,0.0,23.71369072946005,False
1784332763.3540888,82.57295250892639,8.302966712486857,0.43718297836377584,0.02778642919863928,0.0,0.0,23.71911831952761,False
1784332763.4251273,82.64399099349976,8.311666284771444,0.44100529755921375,0.027786334524097973,0.0,0.0,23.72640645436426,False
1784332763.5172713,82.73613500595093,8.33341619268542,0.45056305817199094,0.02778610195597527,0.0,0.0,23.748258834955177,False
1784332763.59086,82.80972361564636,8.340666139975042,0.45374987712179327,0.02778609604177361,0.0,0.0,23.75667156261518,False
1784332763.6664407,82.88530445098877,8.347916072221027,0.4569373334337004,0.027786142825789756,0.0,0.0,23.765635630265702,False
1784332763.729055,82.94791865348816,8.365306549993834,0.4645863823706364,0.027786426582935824,0.0,0.0,23.790947858891744,False
1784332763.8144503,83.03331398963928,8.376892271894048,0.4696854442832427,0.027786625241425566,0.0,0.0,23.811390290621322,False
1784332763.909185,83.12804865837097,8.38557886734778,0.4735105978928822,0.027786702203563333,0.0,0.0,23.82852819210024,False
1784332763.976344,83.19520783424377,8.391368862179158,0.4760613327539142,0.02778670505137856,0.0,0.0,23.840789350512985,False
1784332764.0679975,83.28686118125916,8.413102620823208,0.48564512428301404,0.02778635588671732,0.0,0.0,23.887433319554905,False
1784332764.142048,83.36091160774231,8.421804399394222,0.4894867811692158,0.027786150265134795,0.0,0.0,23.905585335899666,False
1784332764.2147188,83.43358254432678,8.429057364112404,0.492690918653074,0.027786008294624676,0.0,0.0,23.920501374178937,False
1784332764.2786453,83.49750900268555,8.450818841298597,0.502316412188142,0.02778593240842943,0.0,0.0,23.964150036291006,False
1784332764.3652842,83.58414793014526,8.459523314750948,0.5061717018468229,0.027786048742544103,0.0,0.0,23.98116699318577,False
1784332764.4521487,83.67101240158081,8.466776725934926,0.5093865824457753,0.027786178065721836,0.0,0.0,23.99516254080563,False
1784332764.5448444,83.76370811462402,8.47402976165994,0.5126033778325256,0.027786309064746568,0.0,0.0,24.008993879177012,False
1784332764.6154392,83.83430290222168,8.4957815413327,0.5222629973269393,0.02778650245623698,0.0,0.0,24.048857841209653,False
1784332764.6834059,83.9022696018219,8.501577137153314,0.524839862513704,0.0277864861186201,0.0,0.0,24.058522070022267,False
1784332764.8370852,84.05594897270203,8.507370903648239,0.52741720729169,0.027786444923767393,0.0,0.0,24.067716904219182,False
1784332764.9167237,84.13558745384216,8.52040165381159,0.5332185128489911,0.02778630460565194,0.0,0.0,24.086726478253247,False
1784332764.9978604,84.21672415733337,8.539214906181105,0.5416048592820418,0.02778617364301246,0.0,0.0,24.11020385049563,False
1784332765.0975373,84.31640100479126,8.546448848300358,0.5448326516010676,0.027786185732549474,0.0,0.0,24.11801575125586,False
1784332765.1807775,84.39964127540588,8.562360935886003,0.5519382422836187,0.027786313213266193,0.0,0.0,24.13288141302275,False
1784332765.2579348,84.47679853439331,8.576817420867226,0.5583998934775957,0.027786456541329715,0.0,0.0,24.142582305344348,False
1784332765.3370905,84.55595421791077,8.584040792914948,0.561630456018743,0.027786503994611376,0.0,0.0,24.145569653442955,False
1784332765.4223435,84.64120721817017,8.607143110500953,0.5719695700963047,0.0277864761004826,0.0,0.0,24.146862812517966,False
1784332765.502002,84.72086572647095,8.615803530721273,0.5758474656898522,0.027786427872508554,0.0,0.0,24.144110779615875,False
1784332765.5756028,84.79446649551392,8.62301988656367,0.5790793054426032,0.027786394325969802,0.0,0.0,24.140475318877826,False
1784332765.65774,84.87660384178162,8.636008472788443,0.584896975922409,0.027786374368787645,0.0,0.0,24.130882233095374,False
1784332765.7327137,84.95157742500305,8.651882932563447,0.5920073488064702,0.027786418151150665,0.0,0.0,24.113915772243015,False
1784332765.8118372,85.03070092201233,8.659098496134742,0.5952388870866833,0.027786446119768615,0.0,0.0,24.104312373459386,False
1784332765.8964832,85.11534690856934,8.676404755687306,0.6029872777472524,0.027786506496986822,0.0,0.0,24.07453924207033,False
1784332765.9663818,85.18524551391602,8.689377760575622,0.6087921687200494,0.027786524341489444,0.0,0.0,24.045889225319687,False
1784332766.0625021,85.28136587142944,8.696585639878421,0.6120156395331207,0.027786523413869963,0.0,0.0,24.02797726647496,False
1784332766.1476753,85.36653900146484,8.706684285803103,0.616529290286899,0.02778650275733004,0.0,0.0,24.001686840613306,False
1784332766.2364364,85.45530009269714,8.729802162725187,0.6268480155757096,0.02778638684505212,0.0,0.0,23.939308451691435,False
1784332766.3176627,85.5365264415741,8.737032789678265,0.6300708680767884,0.0277863385761757,0.0,0.0,23.919217113983365,False
1784332766.3917084,85.61057209968567,8.744265377233482,0.6332922142766761,0.02778628776090997,0.0,0.0,23.898857240622068,False
1784332766.4683743,85.68723797798157,8.767419612767489,0.6435878204814905,0.027786175707248107,0.0,0.0,23.832005377573783,False
1784332766.5379753,85.75683903694153,8.773210221102477,0.6461583250410183,0.027786178610891287,0.0,0.0,23.814910733856426,False
1784332766.6110706,85.8299343585968,8.780449609917703,0.6493694190766597,0.027786205978294422,0.0,0.0,23.79334032964874,True
1784332766.677,85.8958637714386,8.79348377022175,0.6551435263113525,0.02778631046050156,0.0,0.0,23.75397203396607,False
1784332766.7743855,85.99324917793274,8.812286034217724,0.6634557872138859,0.027786561170008838,0.0,0.0,23.69411053674025,False
1784332766.8455105,86.06437420845032,8.819406941613869,0.6665986309872431,0.02778690732604019,0.0,0.0,23.670000861656742,False
1784332766.9350326,86.15389633178711,8.826320115774156,0.6696472774382962,0.027787772646984173,0.0,0.0,23.641566549958604,False
1784332767.0207489,86.2396125793457,8.849081855706226,0.6796585990703986,0.027792224214391828,0.0,0.0,23.325345367719667,False
1784332767.0937345,86.31259822845459,8.85573089089727,0.6825699308339843,0.02779322015419969,0.0,0.0,23.190220641448096,False
1784332767.1729565,86.39182019233704,8.862386741206162,0.6854753850521734,0.027793777155077373,0.0,0.0,23.044520238592135,False
1784332767.243243,86.46210670471191,8.873043099061835,0.6901049197409865,0.027793573867490283,0.0,0.0,22.7943899734777,False
1784332767.3270183,86.54588198661804,8.891708058349067,0.6981320884248188,0.027790660203764018,0.0,0.0,22.324916437947095,False
1784332767.4141252,86.63298892974854,8.898397438505235,0.7009791689235978,0.027789415606737568,0.0,0.0,22.15386118694132,False
1784332767.4998677,86.71873140335083,8.906448811187797,0.7043827490862158,0.027788243243410043,0.0,0.0,21.948754514549137,False
1784332767.5811486,86.8000123500824,8.929374518393962,0.7139255126349252,0.027788315201730994,0.0,0.0,21.3687650675577,False
1784332767.6532722,86.87213587760925,8.936143356545653,0.7166988162811437,0.027789108983841765,0.0,0.0,21.198363510370296,False
1784332767.7389157,86.95777940750122,8.942920632248324,0.7194547239470853,0.027789984100085124,0.0,0.0,21.027764045091335,False
1784332767.8154724,87.03433609008789,8.96327203395094,0.7276026611240126,0.02779161532367856,0.0,0.0,20.51113098928485,False
1784332767.8942952,87.11315894126892,8.971420318443313,0.7308101278592511,0.027791534580732982,0.0,0.0,20.302592307038,False
1784332767.9817848,87.20064854621887,8.97821561978647,0.7334606270184203,0.027791191791602315,0.0,0.0,20.128284931065096,False
1784332768.0508945,87.2697582244873,8.990455316781294,0.7381783125027402,0.02779029591950194,0.0,0.0,19.812918845406926,False
1784332768.152545,87.371408700943,9.008196351364747,0.744885492521859,0.027789353764232902,0.0,0.0,19.359757566662275,False
1784332768.234655,87.4535186290741,9.015104326939612,0.7474537945906503,0.02778914985914118,0.0,0.0,19.195204329377116,False
1784332768.3368614,87.55572509765625,9.020666755455204,0.749504430205206,0.027789038753262447,0.0,0.0,19.067843155930973,False
1784332768.4134922,87.63235592842102,9.038901983755235,0.7561221836247067,0.027788859991018537,0.0,0.0,18.67225995610172,False
1784332768.4996593,87.7185230255127,9.051636494362373,0.760652127746616,0.027788704785517412,0.0,0.0,18.411272171269886,False
1784332768.6160498,87.83491349220276,9.058740954894436,0.7631479537289296,0.027788586452382438,0.0,0.0,18.269714258928012,False
1784332768.7001562,87.91901993751526,9.083012621347512,0.7715125363039002,0.02778829225304956,0.0,0.0,17.80104859348421,False
1784332768.7778077,87.99667143821716,9.093038549902868,0.7748973148227407,0.02778834867811704,0.0,0.0,17.610696357697524,False
1784332768.8746164,88.09348011016846,9.100208276526121,0.777293381752116,0.027788452417351638,0.0,0.0,17.475141863670697,False
1784332768.9592493,88.17811298370361,9.111690448725568,0.7810889405589039,0.027788674353079183,0.0,0.0,17.258337250209973,False
1784332769.0401475,88.25901126861572,9.13181092819324,0.7876185107828794,0.02778895303228358,0.0,0.0,16.87813860159493,False
1784332769.1278212,88.34668493270874,9.13901305728767,0.7899186143777637,0.02778894361586945,0.0,0.0,16.74318543406091,False
1784332769.2131615,88.43202519416809,9.152040192251649,0.7940294300534556,0.027788691694733057,0.0,0.0,16.50745832395228,False
1784332769.2966838,88.51554751396179,9.168043569280218,0.7989943928451586,0.027788173202936986,0.0,0.0,16.228957364580705,False
1784332769.369644,88.58850765228271,9.175338182631835,0.801227268806239,0.027787954917942614,0.0,0.0,16.104768457581454,False
1784332769.456816,88.6756796836853,9.191410774015921,0.8060821685513025,0.027787709450504156,0.0,0.0,15.834010989771784,False
1784332769.5290341,88.74789786338806,9.206045332002606,0.8104266637228171,0.027787826158838916,0.0,0.0,15.589535652711717,False
1784332769.607758,88.82662177085876,9.213374128344025,0.812575532767997,0.027787964701401748,0.0,0.0,15.468234182938069,False
1784332769.6853793,88.90424299240112,9.219240308273546,0.8142828554638604,0.027788094255820253,0.0,0.0,15.371303742803688,False
1784332769.7733908,88.99225449562073,9.24272869165824,0.8210074954977351,0.02778848747946978,0.0,0.0,14.983532797980923,False
1784332769.8590639,89.0779275894165,9.251548407944012,0.8234869534830614,0.027788497858446833,0.0,0.0,14.83823898341728,False
1784332769.9301975,89.14906120300293,9.263321032027122,0.8267581645078255,0.02778838724403541,0.0,0.0,14.645069824758004,False
1784332770.042007,89.26087069511414,9.285418571792283,0.832781125081046,0.027788079121541482,0.0,0.0,14.282366305143606,False
1784332770.1326916,89.35155534744263,9.294272978510188,0.8351518178897769,0.027788001034032943,0.0,0.0,14.137962838063302,False
1784332770.2003663,89.41922998428345,9.30019488004127,0.8367236363822522,0.027787945453327245,0.0,0.0,14.043905798835784,False
1784332770.3080611,89.52692484855652,9.325484883224277,0.8433153598520289,0.027787712592339753,0.0,0.0,13.659917849944174,False
1784332770.3969693,89.61583304405212,9.334445788866057,0.8456051591304761,0.027787626155818583,0.0,0.0,13.529254924245247,False
1784332770.4813411,89.70020484924316,9.34941187075531,0.8493776741285326,0.02778748630073467,0.0,0.0,13.316097531341377,False
1784332770.5695071,89.78837084770203,9.365907051627897,0.8534625203946768,0.027787410949681648,0.0,0.0,13.08642611616227,False
1784332770.6571295,89.87599325180054,9.373414668126241,0.8552968877282573,0.027787419603371395,0.0,0.0,12.983376414579473,False
1784332770.7546551,89.97351884841919,9.397494452673426,0.861078220255307,0.027787531431895263,0.0,0.0,12.660977883051084,False
1784332770.8413072,90.06017088890076,9.406548211956668,0.8632125143195876,0.027787547608082934,0.0,0.0,12.543337255762573,False
1784332770.9222748,90.14113855361938,9.420162494281733,0.8663823211668957,0.027787467087468726,0.0,0.0,12.37179423966066,False
1784332771.0457115,90.26457524299622,9.442913883924772,0.871576900149417,0.027787147416552502,0.0,0.0,12.095978789284805,False
1784332771.157869,90.37673282623291,9.453558301364136,0.8739644861256722,0.02778699450190133,0.0,0.0,11.971779280020723,False
1784332771.2474933,90.46635699272156,9.479502337195337,0.8796743330458615,0.02778679344741744,0.0,0.0,11.686449415195375,False
1784332771.3205276,90.53939127922058,9.487150387291607,0.8813290294871288,0.02778679909991528,0.0,0.0,11.606057366405494,False
1784332771.4048867,90.62375044822693,9.49481041691889,0.8829737089603082,0.027786809564375053,0.0,0.0,11.527845468838493,False
1784332771.492639,90.71150279045105,9.520918389276256,0.8884883302193853,0.027786783957647894,0.0,0.0,11.275721017716924,False
1784332771.5682955,90.78715920448303,9.528614763539647,0.8900881812589465,0.02778673810325493,0.0,0.0,11.205494724166256,False
1784332771.6335347,90.85239839553833,9.534780721711963,0.8913617284718177,0.02778668209372749,0.0,0.0,11.15108649391209,False
1784332771.7104838,90.9293475151062,9.556414846397583,0.8957749502808623,0.027786419652113273,0.0,0.0,10.972905068126707,False
1784332771.8073802,91.0262439250946,9.56880112610129,0.8982649369009825,0.027786302604246905,0.0,0.0,10.878174168457331,False
1784332771.8797307,91.09859442710876,9.576550821481105,0.8998099354646053,0.02778625701260681,0.0,0.0,10.821490658295817,False
1784332771.947853,91.16671681404114,9.585859351485455,0.9016530620295202,0.02778623044701484,0.0,0.0,10.756140848854775,False
1784332772.0390067,91.25787043571472,9.609065906369555,0.9061917903822024,0.027786503886455642,0.0,0.0,10.603673940847663,False
1784332772.1153398,91.3342034816742,9.616578311883906,0.9076459170365907,0.027787183949289817,0.0,0.0,10.555594258131158,False
1784332772.1972158,91.4160795211792,9.624127036996377,0.9090989007170898,0.027787821776801065,0.0,0.0,10.506750031098123,False
1784332772.3024018,91.52126550674438,9.651633994285476,0.9143272578203026,0.027788750069889814,0.0,0.0,10.323268733198987,False
1784332772.3808858,91.59974956512451,9.659327805873781,0.9157718649525148,0.02778846829945379,0.0,0.0,10.270499811209364,False
1784332772.4565394,91.67540311813354,9.667030906082633,0.9172106350565412,0.02778793823871846,0.0,0.0,10.216720604876803,False
1784332772.5368938,91.75575757026672,9.680907015790645,0.91978335521697,0.027786579753404008,0.0,0.0,10.117083831401903,False
1784332772.6282737,91.84713745117188,9.700961752519941,0.9234581862098311,0.027784977298913847,0.0,0.0,9.967714032664,False
1784332772.7083445,91.92720818519592,9.70867629923862,0.9248579785059242,0.027784877210146715,0.0,0.0,9.90880790340891,False
1784332772.792288,92.0111517906189,9.717899259094287,0.9265214556010892,0.02778532614213674,0.0,0.0,9.836688927433036,False
1784332772.9014454,92.12030911445618,9.731271523411035,0.9289157959439373,0.027787835472330387,0.0,0.0,9.722790892497377,False
1784332772.9761112,92.19497489929199,9.743078916715586,0.9310092784673818,0.027790484969133757,0.0,0.0,9.602457634381105,False
1784332773.0832531,92.30211687088013,9.763942247284831,0.9346545116482837,0.02779245736199295,0.0,0.0,9.349687175447729,False
1784332773.1588662,92.37772989273071,9.77143001596443,0.935944618683067,0.027791930108616886,0.0,0.0,9.249661079806522,False
1784332773.244078,92.46294164657593,9.780425912063,0.9374808725536935,0.027790549399347043,0.0,0.0,9.12409500712676,False
1784332773.4073641,92.62622785568237,9.795436039297487,0.9400086263604494,0.02778744095514511,0.0,0.0,8.904683438383307,False
1784332773.5020654,92.72092914581299,9.80896423533876,0.9422458762321935,0.02778535426885166,0.0,0.0,8.700455240730852,True
1784332773.585735,92.80459880828857,9.830036865696108,0.9456474743204151,0.02778580506488306,0.0,0.0,8.3747430283197,False
1784332773.6568549,92.87571859359741,9.837570912624987,0.9468377372632603,0.02778689189530693,0.0,0.0,8.25679760850553,False
1784332773.7398515,92.9587152004242,9.845110029983493,0.9480146516675768,0.027788133662294913,0.0,0.0,8.138375795444324,False
1784332773.837274,93.05613780021667,9.870789744196918,0.9519140860323831,0.027790471963985132,0.0,0.0,7.735738060918481,False
1784332773.9276185,93.14648222923279,9.879864785033897,0.9532508608402166,0.02779007124184111,0.0,0.0,7.59365024233701,False
1784332774.016004,93.234867811203,9.888944337399236,0.9545663925933136,0.027789185962722174,0.0,0.0,7.451636963101931,False
1784332774.0944993,93.31336307525635,9.913192454691977,0.957971065268703,0.02778671603088757,0.0,0.0,7.075882037778342,False
1784332774.1706483,93.38951206207275,9.920778472165132,0.9590036149229043,0.02778646184250036,0.0,0.0,6.959149133429911,False
1784332774.2502902,93.469153881073,9.928367770751878,0.9600210347864753,0.027786543352624034,0.0,0.0,6.842644439276488,False
1784332774.3373268,93.55619049072266,9.939000285043793,0.9614201890614186,0.02778710149729484,0.0,0.0,6.680172765572855,False
1784332774.4274795,93.64634323120117,9.961819929743315,0.964319808257436,0.02778865573322301,0.0,0.0,6.335666648816234,False
1784332774.6176157,93.8364794254303,9.986204875103533,0.9672635892839808,0.02778868678386058,0.0,0.0,5.97295211270502,False
1784332774.744762,93.96362566947937,10.009109582738882,0.9698844863992816,0.027787570706216784,0.0,0.0,5.638357590311506,False
1784332774.8265884,94.04545211791992,10.027508770378962,0.9718894656890606,0.02778703691978915,0.0,0.0,5.380985328675847,False
1784332774.920306,94.13916969299316,10.044472508965866,0.9736602779305307,0.02778700856415627,0.0,0.0,5.160471604813606,False
1784332775.0182269,94.23709058761597,10.052209156528308,0.9744439005517639,0.027787066862605642,0.0,0.0,5.064916170514666,False
1784332775.1028712,94.32173490524292,10.0692828258768,0.976121959255104,0.02778711234816515,0.0,0.0,4.865315454657316,False
1784332775.2080297,94.42689347267151,10.087960019697592,0.9778804390312137,0.02778693969481823,0.0,0.0,4.660544359228668,False
1784332775.2801692,94.49903297424316,10.095761069572717,0.9785920299954425,0.027786818140088525,0.0,0.0,4.579570498474646,False
1784332775.3582716,94.57713532447815,10.12238616257905,0.9809248690840479,0.02778644527769136,0.0,0.0,4.327550887725499,False
1784332775.4549248,94.67378854751587,10.131811673898245,0.9817171999592341,0.027786389555430533,0.0,0.0,4.246342860102572,False
1784332775.5387874,94.75765109062195,10.139681126595903,0.9823660583960988,0.02778635378648709,0.0,0.0,4.1829816385471394,False
1784332775.632971,94.85183477401733,10.158578989292893,0.9838801567384867,0.027786333374236864,0.0,0.0,4.048509277084056,False
1784332775.7411122,94.95997595787048,10.17432288087245,0.9850977197206034,0.027786372968095073,0.0,0.0,3.9543478921618944,False
1784332775.8319826,95.0508463382721,10.202632323662213,0.9871997330598227,0.02778662309514292,0.0,0.0,3.8232179771294894,False
1784332775.9228938,95.14175748825073,10.212064021287445,0.9878782886188954,0.027786736377242497,0.0,0.0,3.789358455179281,False
1784332776.022124,95.24098777770996,10.226202083571623,0.9888779648617576,0.027786884459292876,0.0,0.0,3.748120782410516,False
1784332776.1225548,95.34141850471497,10.248181747698762,0.9903963960916854,0.02778690152900439,0.0,0.0,3.7055418558848987,False
1784332776.2437575,95.46262121200562,10.260772290022775,0.99124994119711,0.027786697666670863,0.0,0.0,3.6871724669555404,False
1784332776.3206081,95.53947186470032,10.273395577223775,0.9920959597436023,0.02778637008851017,0.0,0.0,3.6690805487338745,False
1784332776.4144683,95.63333201408386,10.289200372026691,0.9931434843462904,0.027785968658359642,0.0,0.0,3.6468444783126936,False
1784332776.533132,95.75199580192566,10.309767604341639,0.9944900862574517,0.027785764215400358,0.0,0.0,3.6185445197988892,False
1784332776.6249409,95.84380459785461,10.32717965464496,0.9956175174595006,0.02778597668635653,0.0,0.0,3.595114321712239,False
1784332776.7150774,95.93394112586975,10.344596860367993,0.9967351327235988,0.027786376335897547,0.0,0.0,3.5721380995319603,False
1784332776.8281302,96.04699397087097,10.362017896543934,0.9978438004406032,0.027786641948923073,0.0,0.0,3.549597773424584,False
1784332776.9082425,96.12710618972778,10.374689183680964,0.9986448343805743,0.027786611133405664,0.0,0.0,3.5334694221066134,False
1784332776.9793677,96.19823145866394,10.392112660039615,0.9997393392707709,0.027786287498679937,0.0,0.0,3.5116451002864015,False
1784332777.070015,96.28887867927551,10.403200065314934,1.0004318117799353,0.027786033015265412,0.0,0.0,3.4979631975630774,False
1784332777.1389372,96.35780096054077,10.422180653402785,1.0016102957689,0.027785883896435975,0.0,0.0,3.470868981316698,False
1784332777.2568984,96.47576212882996,10.437963546552357,1.0025834290310656,0.027786197560255237,0.0,0.0,3.4408942115330565,False
1784332777.3383262,96.55718994140625,10.44584912924246,1.0030671349244427,0.027786453811959502,0.0,0.0,3.423473213967321,False
1784332777.4194424,96.63830614089966,10.467919592130233,1.004410961180471,0.027787074614273294,0.0,0.0,3.366545369469106,False
1784332777.5095246,96.72838830947876,10.48052833277233,1.005171219212156,0.027787113116701657,0.0,0.0,3.328949766719054,False
1784332777.6248338,96.8436975479126,10.491559998783938,1.005831325333823,0.027786909469766714,0.0,0.0,3.2932764904809972,False
1784332777.710067,96.92893075942993,10.515214330937965,1.0072287298564186,0.027786123649694638,0.0,0.0,3.2118612427404,False
1784332777.79488,97.01374363899231,10.526258293821616,1.0078719088502035,0.027785893645249724,0.0,0.0,3.1720868755395917,False
1784332777.8984613,97.11732506752014,10.537304270953944,1.008508835618166,0.02778588434027725,0.0,0.0,3.1312805522739895,False
1784332777.9703813,97.18924498558044,10.564137179763387,1.0100276843606846,0.02778655185545544,0.0,0.0,3.028301417948334,False
1784332778.0619228,97.28078651428223,10.572030797051877,1.0104664253180842,0.02778675404893424,0.0,0.0,2.997066884586268,False
1784332778.1688023,97.38766598701477,10.583077496832766,1.011073989070751,0.027786913482560627,0.0,0.0,2.951965293887302,False
1784332778.250595,97.46945881843567,10.609861208873658,1.0125143727893708,0.02778667501013881,0.0,0.0,2.8306423073559004,False
1784332778.3344555,97.55331921577454,10.617732388698649,1.012928315005526,0.027786530726819005,0.0,0.0,2.792102977516098,False
1784332778.4095669,97.62843060493469,10.625602175932851,1.0133376798526226,0.027786417285324296,0.0,0.0,2.752409343194334,False
1784332778.4932215,97.7120852470398,10.639765929797246,1.0140626272111883,0.027786365280183755,0.0,0.0,2.6782913776840718,False
1784332778.5630653,97.78192901611328,10.66022366606137,1.0150814320064105,0.02778660945112003,0.0,0.0,2.5658923509645746,False
1784332778.6417153,97.86057901382446,10.668092177338272,1.0154639349344763,0.027786728849832222,0.0,0.0,2.521190666230605,False
1784332778.7393906,97.95825433731079,10.677535634979908,1.0159158549200498,0.02778682768109315,0.0,0.0,2.4667387273777175,False
1784332778.8285985,98.04746222496033,10.704315880322275,1.0171533317599433,0.027786649910119657,0.0,0.0,2.3116477148663885,False
1784332778.9040387,98.12290239334106,10.712196329581452,1.0175047019212204,0.027786518077282264,0.0,0.0,2.2658867638975617,False
1784332778.983933,98.20279669761658,10.720077770416124,1.017850181885085,0.027786395837502656,0.0,0.0,2.2200682585118496,False
1784332779.1029456,98.3218092918396,10.735842896165547,1.0185232157430726,0.027786271271846477,0.0,0.0,2.1282756538556256,False
1784332779.2081358,98.42699956893921,10.757904654058919,1.01942418119913,0.027786468539601362,0.0,0.0,1.9973838358638016,False
1784332779.3175926,98.53645634651184,10.768930996007684,1.0198563111423036,0.027786650764760456,0.0,0.0,1.9304597267510861,False
1784332779.4202638,98.63912749290466,10.79259344631854,1.02074186501532,0.027786772041047954,0.0,0.0,1.7905264554984153,False
1784332779.5184593,98.73732304573059,10.803653765771413,1.0211361632185199,0.02778663565788645,0.0,0.0,1.7280407266793223,False
1784332779.6469474,98.86581110954285,10.832152386352439,1.0220954427885913,0.027786010800749685,0.0,0.0,1.5806573978777532,False
1784332779.744625,98.96348881721497,10.84324612664857,1.0224475046004151,0.02778587193054713,0.0,0.0,1.5281531623001492,False
1784332779.8217304,99.04059410095215,10.852752465972463,1.0227400733593546,0.02778587252705271,0.0,0.0,1.4857594811714696,False
1784332779.9303894,99.1492531299591,10.871759258275777,1.0233008259686924,0.027786166040051248,0.0,0.0,1.407911237518962,False
1784332780.0080066,99.22687029838562,10.881256470657851,1.023569497592707,0.0277863919602129,0.0,0.0,1.3728783951855956,False
1784332780.1176884,99.33655214309692,10.890749459566736,1.0238307863740395,0.027786603493709476,0.0,0.0,1.340587007392091,False
1784332780.1861458,99.40500950813293,10.916053790677205,1.0244943888601492,0.02778677805281229,0.0,0.0,1.2667615592309394,False
1784332780.2676678,99.48653149604797,10.923966333807318,1.0246928469871601,0.027786676900715946,0.0,0.0,1.2461604560735322,False
1784332780.3486717,99.56753540039062,10.931884817774796,1.024887482946058,0.027786514526361415,0.0,0.0,1.2259132167495315,False
1784332780.409651,99.62851476669312,10.941392428866553,1.0251161847445576,0.027786281519510042,0.0,0.0,1.2020668787006996,False
1784332780.4856598,99.70452356338501,10.963589835933071,1.0256303142926524,0.0277858652456353,0.0,0.0,1.1482328751313622,False
1784332780.5804393,99.79930305480957,10.971519892349784,1.02580765733577,0.02778583086268261,0.0,0.0,1.1295872715190693,False
1784332780.6631556,99.88201928138733,10.979449615453575,1.025981834509386,0.02778587069007921,0.0,0.0,1.1113791209454664,False
1784332780.7312114,99.95007514953613,11.003223392963324,1.0264861036635349,0.02778632213696094,0.0,0.0,1.0618905109595473,False
1784332780.805665,100.02452874183655,11.011145245877925,1.0266484990580895,0.027786492449116827,0.0,0.0,1.0470508686383124,True
1784332780.8819368,100.10080051422119,11.019066497765133,1.0268082394909563,0.027786624173265325,0.0,0.0,1.0330039176573809,False
1784332780.9440336,100.16289734840393,11.03649206512378,1.0271508672271503,0.027786690225834257,0.0,0.0,1.0048001433821903,False
1784332781.0224998,100.24136352539062,11.050748449689427,1.0274228376375125,0.027786512360748052,0.0,0.0,0.984387526463892,False
1784332781.097278,100.31614184379578,11.05866829048102,1.0275709227838525,0.027786362249869065,0.0,0.0,0.974049304476429,False
1784332781.1583605,100.37722420692444,11.065003962555421,1.0276879313879685,0.02778623984251006,0.0,0.0,0.9662831127424453,False
1784332781.2285116,100.44737529754639,11.088775079974457,1.0281162825575147,0.02778596814137747,0.0,0.0,0.9388411536451312,False
1784332781.3011434,100.52000713348389,11.096703785029193,1.028255686578018,0.02778598607982122,0.0,0.0,0.9298408166734393,False
1784332781.3793,100.59816384315491,11.104634005368444,1.028393500223766,0.027786055790614078,0.0,0.0,0.9209081461350594,False
1784332781.4479373,100.66680097579956,11.112565379685254,1.0285297747305922,0.027786159007572624,0.0,0.0,0.912042102596936,False
1784332781.5195973,100.73846101760864,11.137950607555386,1.0289560117135028,0.027786434835245954,0.0,0.0,0.8841068231749268,False
1784332781.5976906,100.81655430793762,11.145884307473365,1.0290862646617642,0.02778643782237604,0.0,0.0,0.8755098621858561,False
1784332781.7058573,100.92472100257874,11.156991700170902,1.0292663519859264,0.02778636580030521,0.0,0.0,0.8635775510983928,False
1784332781.7799342,100.99879789352417,11.174446236734662,1.0295441417934816,0.027786165454657924,0.0,0.0,0.845065495367118,False
1784332781.8636856,101.08254933357239,11.190313968456628,1.0297913134895043,0.027786048330853744,0.0,0.0,0.8284833193846151,False
1784332781.9452844,101.1641480922699,11.198247905140228,1.0299130300166992,0.027786048818555585,0.0,0.0,0.8202784003492213,False
1784332782.0303507,101.24921441078186,11.223637322485827,1.0302943715517492,0.02778625890878036,0.0,0.0,0.7943975309931042,False
1784332782.1276114,101.34647512435913,11.234745597430516,1.0304573877472794,0.02778635415173563,0.0,0.0,0.7832495063663906,False
1784332782.2017045,101.42056822776794,11.24267996428727,1.0305724287833482,0.027786387317877085,0.0,0.0,0.7753255150834164,False
1784332782.320781,101.53964471817017,11.271218885946503,1.0309766592289114,0.027786296255773245,0.0,0.0,0.7427451409494042,False
1784332782.4088037,101.62766742706299,11.28072629821329,1.031107912854616,0.02778624662154416,0.0,0.0,0.7303362996324341,False
1784332782.4693732,101.688236951828,11.298153589377101,1.031343792564111,0.02778623774512488,0.0,0.0,0.7056553069000686,False
1784332782.5520146,101.77087831497192,11.313995186247928,1.0315525879301217,0.02778633089989783,0.0,0.0,0.6811224912743968,False
1784332782.6281168,101.84698057174683,11.321915831788717,1.0316548494146895,0.027786388641490453,0.0,0.0,0.6681337880587362,False
1784332782.7112055,101.93006920814514,11.329836424176182,1.0317556182352836,0.027786434182596454,0.0,0.0,0.6546773219631792,False
1784332782.805859,102.02472281455994,11.348845508640144,1.0319910455768448,0.02778643349502192,0.0,0.0,0.6205364368868885,False
1784332782.8791776,102.09804129600525,11.364685831511222,1.0321798621627476,0.027786321567980388,0.0,0.0,0.5901803835048849,False
1784332782.9550464,102.17391014099121,11.372605791321947,1.0322715995890739,0.027786257752525686,0.0,0.0,0.5743820591172895,False
1784332783.045765,102.26462864875793,11.386866237416848,1.0324320524060766,0.02778617815184171,0.0,0.0,0.5456279687575198,False
1784332783.128374,102.34723782539368,11.407480969743762,1.032652786857144,0.027786192767807798,0.0,0.0,0.5052626450308014,False
1784332783.2097151,102.42857885360718,11.415412496841535,1.0327340966865863,0.027786230158363436,0.0,0.0,0.4900739922323807,False
1784332783.2818432,102.50070691108704,11.426512755718171,1.0328444827915926,0.027786293491052737,0.0,0.0,0.4683167077681504,False
1784332783.363059,102.58192276954651,11.448701465814061,1.0330530178890467,0.027786359442887123,0.0,0.0,0.4224570512125227,False
1784332783.4543104,102.67317414283752,11.458208185172737,1.0331372953728037,0.027786350795746206,0.0,0.0,0.40189243033004163,False
1784332783.5321577,102.75102138519287,11.466129773021578,1.0332051336606733,0.027786335771783282,0.0,0.0,0.3843576695247532,False
1784332783.6443474,102.86321115493774,11.49464525018738,1.0334307282236084,0.02778632575367691,0.0,0.0,0.3184091305683084,False
1784332783.719984,102.93884778022766,11.502566578863519,1.0334880492455911,0.02778634000446357,0.0,0.0,0.29942384746308487,False
1784332783.8021,103.02096366882324,11.510491466494779,1.0335429891884846,0.02778634619273172,0.0,0.0,0.28066819392119546,False
1784332783.8786917,103.09755539894104,11.534280830474358,1.0336932402301946,0.027786274893581996,0.0,0.0,0.2261312180606916,False
1784332783.9697273,103.18859100341797,11.543799863446706,1.03374716531542,0.02778621280592692,0.0,0.0,0.2050046164402773,False
1784332784.0369074,103.25577116012573,11.550146391069555,1.0337811536824615,0.027786169473370613,0.0,0.0,0.19112776023250685,False
1784332784.1288407,103.34770441055298,11.577121546531549,1.0339082177441408,0.027786095125647257,0.0,0.0,0.13390856950678742,False
1784332784.2090805,103.42794418334961,11.585055944955338,1.0339402873116696,0.027786129030762753,0.0,0.0,0.11759482021303934,False
1784332784.2992146,103.51807832717896,11.592990570040243,1.033969979315083,0.02778618425178359,0.0,0.0,0.10150383286463699,False
1784332784.3998492,103.61871290206909,11.621556833649029,1.034057529481088,0.027786373141856325,0.0,0.0,0.045330146071074655,False
1784332784.4899776,103.70884132385254,11.63107921882192,1.034080123652436,0.027786369101347245,0.0,0.0,0.027184997561137503,False
1784332784.571592,103.79045581817627,11.640601571233537,1.0340994992801136,0.027786321732208945,0.0,0.0,0.009314682472110262,False
1784332784.66237,103.88123369216919,11.665993888572716,1.0341357821590271,0.02778611788593564,0.0,0.0,359.9629420015668,False
1784332784.749529,103.96839261054993,11.675515810796128,1.0341437448465953,0.027786080518403897,0.0,0.0,359.9460111683855,False
1784332784.8333278,104.05219149589539,11.683450744436914,1.0341480772746183,0.027786084233291913,0.0,0.0,359.9320852588153,False
1784332784.9360332,104.1548969745636,11.712017140547541,1.0341467114024319,0.027786284670154062,0.0,0.0,359.88326995574295,False
1784332785.0306475,104.24951124191284,11.723126054128072,1.034139174704771,0.027786354132687104,0.0,0.0,359.8648920450765,False
1784332785.126983,104.34584665298462,11.732643146676743,1.0341296844759995,0.027786382391814465,0.0,0.0,359.8501054085783,False
1784332785.215623,104.43448662757874,11.758006240828166,1.0340912657291939,0.0277863136080955,0.0,0.0,359.8156383035177,False
1784332785.3163662,104.53522992134094,11.767519661740169,1.034072188305941,0.027786260793963357,0.0,0.0,359.80367041101783,False
1784332785.3983064,104.61717009544373,11.775449774733005,1.0340544468135653,0.02778622390683448,0.0,0.0,359.79378837809384,False
1784332785.4789906,104.6978542804718,11.79448733777228,1.0340053025058062,0.02778619633021577,0.0,0.0,359.77040166370756,False
1784332785.567795,104.7866587638855,11.808768309011693,1.033962595466461,0.027786216777432975,0.0,0.0,359.7531594545675,False
1784332785.6399455,104.85880923271179,11.81670269275227,1.0339367762363059,0.0277862279585517,0.0,0.0,359.7436878357366,False
1784332785.7215903,104.94045400619507,11.842093591594708,1.0338444517568353,0.027786214591475605,0.0,0.0,359.71387784969176,False
1784332785.8130949,105.03195858001709,11.851614731258119,1.0338061293790812,0.02778620098033374,0.0,0.0,359.7029632084745,False
1784332785.8972142,105.11607789993286,11.859545383254062,1.0337727130707477,0.027786204103261315,0.0,0.0,359.6944940232851,False
1784332785.98105,105.19991374015808,11.87856845665922,1.0336872157155017,0.027786280243773772,0.0,0.0,359.67688966574394,False
1784332786.060661,105.27952480316162,11.894415029656832,1.0336105906798463,0.027786385775490148,0.0,0.0,359.66509022966216,False
1784332786.138662,105.35752582550049,11.902337331708656,1.0335705878761152,0.02778643034623905,0.0,0.0,359.66015092001675,False
1784332786.2229404,105.44180417060852,11.910259794289324,1.0335295362609034,0.027786455705924896,0.0,0.0,359.6557707918659,False
1784332786.327687,105.54655075073242,11.93880338266407,1.0333738534269923,0.02778628404978422,0.0,0.0,359.64039422020477,False
1784332786.4118063,105.6306700706482,11.945149147854737,1.0333377430072337,0.02778620998493521,0.0,0.0,359.6370037217472,False
1784332786.4830322,105.70189595222473,11.961015257605553,1.0332452955917328,0.02778605111909789,0.0,0.0,359.6285688861094,False
1784332786.562706,105.78156971931458,11.978469495394608,1.0331402393595226,0.02778602246397611,0.0,0.0,359.61935795252026,False
1784332786.6464865,105.86535024642944,11.986403625406725,1.03309138282468,0.02778607394960458,0.0,0.0,359.61519421904154,False
1784332786.737311,105.95617461204529,12.00227264929682,1.0329916836063338,0.02778625313123473,0.0,0.0,359.6069094729868,False
1784332786.8475432,106.06640696525574,12.01496857003957,1.0329100699905847,0.027786390570154473,0.0,0.0,359.60032236914776,False
1784332786.9341614,106.15302515029907,12.02766489728526,1.0328268504933225,0.027786445069780747,0.0,0.0,359.59377127059804,False
1784332787.0279837,106.24684739112854,12.038773159217474,1.0327527503090277,0.027786402136149375,0.0,0.0,359.588215861826,False
1784332787.1133769,106.33224058151245,12.04987474689897,1.032677524060544,0.02778630523548988,0.0,0.0,359.5837401272883,False
1784332787.2103767,106.42924046516418,12.062556217669837,1.0325902435744412,0.027786185353639147,0.0,0.0,359.5800913400416,False
1784332787.322507,106.54137063026428,12.081584547013906,1.03245688950447,0.027786107536491994,0.0,0.0,359.5754083539803,False
1784332787.4153624,106.6342260837555,12.108555298334869,1.0322637031949318,0.0277862930715829,0.0,0.0,359.56880242286826,False
1784332787.496296,106.71515965461731,12.116489487218304,1.0322060454231072,0.027786351147965706,0.0,0.0,359.56686600164517,False
1784332787.572351,106.79121470451355,12.124424019491357,1.0321480348458283,0.02778637925721959,0.0,0.0,359.56493268676377,True
1784332787.644857,106.86372065544128,12.132358720748636,1.032089683587854,0.027786368724148323,0.0,0.0,359.5630025237833,False
1784332787.7484052,106.96726894378662,12.159336519235874,1.0318888778566162,0.027786133366587102,0.0,0.0,359.55646327682956,False
1784332787.8540194,107.07288312911987,12.168857891534836,1.0318171597291144,0.02778606505042838,0.0,0.0,359.55416368574635,False
1784332787.9499218,107.168785572052,12.183140021025391,1.0317087944753758,0.027786066355657234,0.0,0.0,359.5507222169466,False
1784332788.0568495,107.27571320533752,12.208531648946737,1.0315138782846769,0.02778631478803059,0.0,0.0,359.5446267337728,False
1784332788.1434734,107.36233711242676,12.218053923328306,1.0314400492631641,0.027786395683066466,0.0,0.0,359.54234848393446,False
1784332788.2416892,107.46055293083191,12.235511501861486,1.031303664182814,0.02778639372259261,0.0,0.0,359.5381829560909,False
1784332788.330693,107.54955673217773,12.25455547315814,1.031153371662636,0.02778619559562774,0.0,0.0,359.5336555237684,False
1784332788.410288,107.62915182113647,12.260903246646514,1.0311029285307884,0.02778612227376264,0.0,0.0,359.53215019812865,False
1784332788.4884348,107.70729851722717,12.284706982807696,1.0309122527758252,0.02778603957337031,0.0,0.0,359.5265217012504,False
1784332788.5895247,107.8083884716034,12.298989526798602,1.0307967129407585,0.02778617053492501,0.0,0.0,359.52315660621247,False
1784332788.6603792,107.87924289703369,12.306924507044998,1.0307321586238631,0.02778626979537572,0.0,0.0,359.5212908839557,False
1784332788.7470279,107.96589159965515,12.319620778276596,1.030628328277415,0.027786400484537645,0.0,0.0,359.51831143899807,False
1784332788.8406456,108.05950927734375,12.341839402666254,1.0304450115274024,0.027786378631126644,0.0,0.0,359.5131150870181,False
1784332788.9239116,108.14277529716492,12.351361399723281,1.030365818401891,0.027786274266202483,0.0,0.0,359.5108950941475,False
1784332788.9945536,108.21341729164124,12.359296205325206,1.0302995371247492,0.027786173446825706,0.0,0.0,359.50904827887445,False
1784332789.1213794,108.34024310112,12.386273767572018,1.030072247815512,0.027786026700139566,0.0,0.0,359.5027901849359,False
1784332789.2044084,108.42327213287354,12.397382299923509,1.0299777983403695,0.02778611340617914,0.0,0.0,359.50022241936045,False
1784332789.2814276,108.50029134750366,12.410078145448468,1.02986924570567,0.027786270409856206,0.0,0.0,359.49729404647115,False
1784332789.3867867,108.60565042495728,12.433883687577033,1.0296639518721813,0.02778643760562888,0.0,0.0,359.49182161087487,False
1784332789.4893265,108.70819020271301,12.441818859097125,1.0295950093404456,0.02778640489722876,0.0,0.0,359.4900029924871,False
1784332789.562711,108.78157472610474,12.456101821061447,1.0294702678132983,0.02778625439135298,0.0,0.0,359.48673655363825,False
1784332789.6547918,108.87365555763245,12.478318781152792,1.0292745851203602,0.02778602859906855,0.0,0.0,359.4816732463308,False
1784332789.7181437,108.93700742721558,12.484666386842193,1.0292183119577503,0.027786016274036315,0.0,0.0,359.4802304790209,False
1784332789.7998466,109.01871037483215,12.492600940262372,1.0291477448281692,0.027786044407303964,0.0,0.0,359.4784293674478,False
1784332789.9075265,109.12639021873474,12.519579465082698,1.0289059501938453,0.02778634474672505,0.0,0.0,359.4723243525548,False
1784332789.9970758,109.21593952178955,12.529101662900985,1.0288199227196504,0.0277864204481888,0.0,0.0,359.4701765875174,False
1784332790.0649428,109.2838065624237,12.537036857051234,1.028747958107652,0.027786435450317004,0.0,0.0,359.4683896712597,False
1784332790.1465602,109.36542391777039,12.559254892913824,1.0285451238415304,0.027786253211392494,0.0,0.0,359.46340059573066,False
1784332790.2474198,109.4662835597992,12.570363447811761,1.028442970535453,0.02778611777191372,0.0,0.0,359.4609139469445,False
1784332790.3304524,109.54931616783142,12.578297980594039,1.0283697048775529,0.02778604787993289,0.0,0.0,359.4591409508668,False
1784332790.4035792,109.62244296073914,12.602101598416683,1.0281484252376463,0.02778610041776068,0.0,0.0,359.4538373347873,False
1784332790.5156198,109.73448348045349,12.614797307890914,1.0280295068347092,0.027786251403431442,0.0,0.0,359.45101770351295,False
1784332790.5952623,109.81412601470947,12.622732327651192,1.0279548651695292,0.027786344092785582,0.0,0.0,359.4492585322875,False
1784332790.6866617,109.90552544593811,12.649711748915337,1.0276992523857145,0.027786387317865223,0.0,0.0,359.4432959373587,False
1784332790.7619736,109.98083734512329,12.657646692671442,1.0276235320387324,0.02778630873671848,0.0,0.0,359.4415478781175,False
1784332790.8425846,110.06144833564758,12.665581471414484,1.0275475659257045,0.02778621156996507,0.0,0.0,359.43980240540367,False
1784332790.9162538,110.13511753082275,12.684624383199177,1.0273642474849503,0.027786033447885647,0.0,0.0,359.4356237586579,False
1784332791.0060623,110.22492599487305,12.698906458033939,1.0272258385480513,0.027786051251324103,0.0,0.0,359.4324992543024,False
1784332791.0806956,110.2995593547821,12.70684107926897,1.0271486065747204,0.027786120151571336,0.0,0.0,359.43076676296613,False
1784332791.1644182,110.38328194618225,12.719536796735424,1.0270245356807735,0.027786272125775825,0.0,0.0,359.4279995587853,False
1784332791.2581,110.47696375846863,12.741755015222433,1.0268059345930909,0.02778642977979113,0.0,0.0,359.4231712447426,False
1784332791.3373055,110.55616927146912,12.749690094937858,1.0267274064943677,0.027786405422842095,0.0,0.0,359.4214514322024,False
1784332791.4084353,110.62729907035828,12.770320680966618,1.0265221059189495,0.027786190601956116,0.0,0.0,359.4169915319492,False
1784332791.475835,110.69469881057739,12.78142903814754,1.0264108849103102,0.02778607428318131,0.0,0.0,359.41459701466766,False
1784332791.5409675,110.75983119010925,12.787776594499531,1.0263471187422164,0.02778603598037196,0.0,0.0,359.4132308936906,False
1784332791.6179602,110.8368239402771,12.795711032481806,1.026267195819687,0.027786028186050016,0.0,0.0,359.4115254246808,False
1784332791.7126615,110.93152523040771,12.824275879294817,1.0259775091480663,0.027786291867246113,0.0,0.0,359.40540473607297,False
1784332791.8153045,111.0341682434082,12.833797895804594,1.0258802681468369,0.027786384944326045,0.0,0.0,359.4033708935609,False
1784332791.9026177,111.12148141860962,12.843319998441592,1.0257826884797805,0.027786425961406284,0.0,0.0,359.4013403181884,False
1784332792.010779,111.22964262962341,12.87188562823996,1.0254879115216948,0.027786208309652644,0.0,0.0,359.3952689447087,False
1784332792.0885298,111.3073935508728,12.879820187294484,1.025405485136156,0.027786118441522546,0.0,0.0,359.39358795905116,False
1784332792.1687427,111.38760638237,12.88934151950766,1.025306261602513,0.027786045184261053,0.0,0.0,359.39157394539455,False
1784332792.2639222,111.48278594017029,12.91631882350438,1.0250232927251701,0.027786161504744115,0.0,0.0,359.3858856750649,False
1784332792.3669014,111.58576512336731,12.927427560636245,1.0249059944390009,0.027786292690848056,0.0,0.0,359.3835507646056,False
1784332792.4422436,111.66110730171204,12.935362531792494,1.024821932685,0.02778637144562747,0.0,0.0,359.3818855199222,False
1784332792.5229306,111.74179434776306,12.960754561168768,1.0245513837358435,0.027786363130213716,0.0,0.0,359.376571519683,False
1784332792.6018207,111.8206844329834,12.967102417160758,1.0244833762422472,0.027786299676372,0.0,0.0,359.37524664457885,False
1784332792.6959279,111.91479158401489,12.97662401012158,1.0243810863796994,0.02778618793691974,0.0,0.0,359.37326209993995,False
1784332792.7705362,111.98939990997314,13.002014179792898,1.024106678758657,0.027786034998782874,0.0,0.0,359.36798629648086,False
1784332792.869192,112.08805561065674,13.009948628693133,1.0240204408211457,0.02778607333534811,0.0,0.0,359.36634235972497,False
1784332792.9456003,112.1644639968872,13.017883199180002,1.0239339734014907,0.027786146821418504,0.0,0.0,359.364700561828,False
1784332793.071783,112.29064679145813,13.048035772815586,1.0236033217604055,0.027786418171620843,0.0,0.0,359.35848052727,False
1784332793.1525524,112.37141609191895,13.055970766611482,1.0235157642966577,0.027786409917705413,0.0,0.0,359.35684870386825,False
1784332793.2296014,112.44846510887146,13.07025349862732,1.0233575888618036,0.02778629677432471,0.0,0.0,359.3539169059395,False
1784332793.31872,112.53758382797241,13.090883277871582,1.0231278096162482,0.027786077573748846,0.0,0.0,359.3496947953103,False
1784332793.3981144,112.61697816848755,13.097230767050936,1.0230567978049814,0.027786042942909837,0.0,0.0,359.3483987415916,False
1784332793.4761147,112.69497847557068,13.114686444628456,1.0228607645674186,0.027786089112363455,0.0,0.0,359.3448418311724,False
1784332793.5695379,112.78840160369873,13.132142699586778,1.0226636389872354,0.027786276711998004,0.0,0.0,359.34129492526114,False
1784332793.6688952,112.88775897026062,13.141664569784716,1.0225556598086416,0.027786369689755383,0.0,0.0,359.33936428759404,False
1784332793.7465456,112.96540927886963,13.159121490742132,1.0223568662182736,0.027786406580089608,0.0,0.0,359.33583230592126,False
1784332793.838538,113.05740165710449,13.176578015414485,1.0221569950840026,0.027786258456296266,0.0,0.0,359.33231037685215,False
1784332793.932251,113.15111470222473,13.186099452467738,1.0220475181591464,0.027786150518895644,0.0,0.0,359.33039367730174,False
1784332794.0129697,113.23183345794678,13.200381312245014,1.0218826966588237,0.02778604509776895,0.0,0.0,359.32752450259545,False
1784332794.1080654,113.32692909240723,13.216250036636541,1.0216987096893375,0.02778608020495159,0.0,0.0,359.3243446946365,False
1784332794.2147698,113.43363356590271,13.232119211638873,1.0215138326762485,0.027786241935339306,0.0,0.0,359.3211729752219,False
1784332794.3153393,113.53420305252075,13.254336866466916,1.0212535274821395,0.027786413146385133,0.0,0.0,359.3167454723198,False
1784332794.3939672,113.61283087730408,13.265445728256337,1.0211227327864305,0.027786387627927015,0.0,0.0,359.31453744530296,False
1784332794.491763,113.71062684059143,13.289249619377104,1.020841013163581,0.0277861499076351,0.0,0.0,359.3098193040789,False
1784332794.5879362,113.80679988861084,13.297183981507317,1.020746666186399,0.027786079547112166,0.0,0.0,359.30825075216853,True
1784332794.6635797,113.88244342803955,13.308292000171921,1.020614209215386,0.027786040284272954,0.0,0.0,359.3060583279506,False
1784332794.7963243,114.0151879787445,13.335269205252782,1.020290733520812,0.027786243570896405,0.0,0.0,359.3007503459169,False
1784332794.9022617,114.12112545967102,13.346377910509274,1.0201568067738778,0.02778635577951184,0.0,0.0,359.298571053048,False
1784332795.0387986,114.25766229629517,13.378117237220474,1.019771839565574,0.02778630516191528,0.0,0.0,359.29236472123796,False
1784332795.113806,114.33266973495483,13.386051800990707,1.019675060566238,0.02778621825920667,0.0,0.0,359.2908179656992,False
1784332795.210471,114.42933464050293,13.398746817576601,1.0195197639210578,0.027786091964289696,0.0,0.0,359.2883473371866,False
1784332795.3021865,114.52105021476746,13.42254970313332,1.0192270833087604,0.027786086655444873,0.0,0.0,359.2837289523488,False
1784332795.3792791,114.59814286231995,13.430484157998348,1.0191290897423628,0.027786158088495036,0.0,0.0,359.28219341229317,False
1784332795.4536457,114.67250943183899,13.438418756246946,1.019030881350364,0.027786245157600666,0.0,0.0,359.28065971553127,False
1784332795.5423324,114.76119613647461,13.463810151312273,1.0187151868862316,0.027786409004611913,0.0,0.0,359.27576393326086,False
1784332795.6100256,114.8288893699646,13.47174496115701,1.0186160895223992,0.027786381262917777,0.0,0.0,359.27423779421724,False
1784332795.674756,114.8936197757721,13.478092732276707,1.0185366599556613,0.027786332986953412,0.0,0.0,359.2730182100457,False
1784332795.738871,114.95773482322693,13.500309217961554,1.018257588850293,0.0277861050339256,0.0,0.0,359.2687592290899,False
1784332795.8109765,115.02984023094177,13.509830318625564,1.018137475070981,0.027786051172647725,0.0,0.0,359.2669386578203,False
1784332795.8770933,115.09595704078674,13.51617770938624,1.0180572278676632,0.027786046993678905,0.0,0.0,359.2657265312177,False
1784332795.9707184,115.1895821094513,13.525698868455628,1.01793660029204,0.027786089738402752,0.0,0.0,359.26391067146966,False
1784332796.0472643,115.2661280632019,13.551089510732236,1.0176134331528084,0.02778634194109273,0.0,0.0,359.259081224403,False
1784332796.1319945,115.35085821151733,13.559024314514746,1.0175120033614284,0.027786393329426,0.0,0.0,359.2575756851313,False
1784332796.207083,115.4259467124939,13.566959135940357,1.017410366190959,0.027786406395374424,0.0,0.0,359.25607188048576,False
1784332796.2942414,115.51310515403748,13.578067786003636,1.0172677266328642,0.027786356573053304,0.0,0.0,359.2539694983129,False
1784332796.3805487,115.59941244125366,13.601871177342778,1.0169606997964964,0.027786118651539318,0.0,0.0,359.24947630414636,False
1784332796.4529696,115.67183327674866,13.609805410636689,1.0168579386845225,0.0277860646467031,0.0,0.0,359.24798233569703,False
1784332796.5310433,115.74990701675415,13.617739614847872,1.016754966742624,0.027786047989367128,0.0,0.0,359.24649029645195,False
1784332796.6092002,115.82806396484375,13.643129590538903,1.0164240419377841,0.02778623097081087,0.0,0.0,359.2417282847575,False
1784332796.6991122,115.91797590255737,13.65265117250382,1.0162993946033214,0.027786328088363555,0.0,0.0,359.23994715027527,False
1784332796.776763,115.99562668800354,13.658998971847709,1.0162161317256466,0.027786375881926915,0.0,0.0,359.2387610708595,False
1784332796.8393993,116.05826306343079,13.68439010394932,1.0158817753229388,0.027786327291841554,0.0,0.0,359.23402750660995,False
1784332796.9191227,116.13798642158508,13.692324613802915,1.0157768614335996,0.027786247600660667,0.0,0.0,359.2325518521535,False
1784332797.0032644,116.22212815284729,13.700258979892302,1.0156717427548119,0.027786163309622438,0.0,0.0,359.2310779654436,False
1784332797.0816162,116.30047988891602,13.708193227611444,1.0155664180781796,0.02778609377716523,0.0,0.0,359.2296058988056,False
1784332797.1614814,116.38034510612488,13.728822126576954,1.015291603157882,0.0277860753315385,0.0,0.0,359.2257872433339,False
1784332797.2849948,116.50385856628418,13.743103982596121,1.015100524862399,0.02778619866543006,0.0,0.0,359.2231507371943,False
1784332797.3804498,116.59931349754333,13.754212393885021,1.0149514479515913,0.027786313846238107,0.0,0.0,359.2211039220968,False
1784332797.4892077,116.70807147026062,13.781190426918407,1.0145877552724683,0.027786372385356205,0.0,0.0,359.21614638699594,False
1784332797.5621974,116.78106117248535,13.789125008466028,1.0144803464167182,0.027786310025246407,0.0,0.0,359.2146918700787,False
1784332797.6803827,116.89924645423889,13.797059450615896,1.0143727371266786,0.027786228696963164,0.0,0.0,359.21323901662913,False
1784332797.8110867,117.02995038032532,13.812927949055174,1.0141569126956036,0.027786083987859766,0.0,0.0,359.2103384966283,False
1784332797.9154766,117.13434028625488,13.833556779383086,1.0138751207137344,0.027786087666566754,0.0,0.0,359.20657857569404,False
1784332797.9971313,117.21599507331848,13.849425523706845,1.0136574170259118,0.027786234308784928,0.0,0.0,359.20369439200766,False
1784332798.087327,117.30619072914124,13.855773170696777,1.0135701086199853,0.027786299320732025,0.0,0.0,359.2025425657157,False
1784332798.2121627,117.43102645874023,13.881164144390604,1.0132196002578446,0.027786385852469345,0.0,0.0,359.1979453922304,False
1784332798.297475,117.51633882522583,13.895446313908682,1.0130215524975856,0.027786276486686228,0.0,0.0,359.1953665525761,False
1784332798.3936815,117.61254525184631,13.911314879358283,1.0128007486810162,0.027786118717645993,0.0,0.0,359.1925073388252,False
1784332798.484351,117.70321464538574,13.93035677354171,1.0125347272607284,0.027786060804304475,0.0,0.0,359.1890853783255,False
1784332798.5567105,117.77557420730591,13.943051521194059,1.0123567337515704,0.027786140206406993,0.0,0.0,359.18680965027374,False
1784332798.659204,117.8780677318573,13.965268096062486,1.0120440103684794,0.027786353090493404,0.0,0.0,359.1828372077885,False
1784332798.7484727,117.9673364162445,13.97478968877602,1.0119095125435116,0.027786395894945477,0.0,0.0,359.18113846465286,False
1784332798.812416,118.03127980232239,13.982724337359764,1.0117972170950549,0.027786389226990314,0.0,0.0,359.17972451613207,False
1784332798.885934,118.10479784011841,14.008114510803447,1.0114365707491584,0.027786176487381332,0.0,0.0,359.1752101156862,False
1784332798.9479432,118.16680693626404,14.014461847847462,1.0113460976859312,0.027786118738497814,0.0,0.0,359.17408403949963,False
1784332799.02653,118.24539375305176,14.02239594703036,1.011232829105832,0.027786069963467105,0.0,0.0,359.17267794581323,False
1784332799.101781,118.32064461708069,14.041437815116456,1.0109601742508934,0.02778610391703839,0.0,0.0,359.1693102720704,False
1784332799.163863,118.38272666931152,14.052545824375665,1.0108005961861442,0.027786204682020105,0.0,0.0,359.1673502272982,False
1784332799.262467,118.48133063316345,14.06203860898768,1.0106639233326078,0.02778636722637336,0.0,0.0,359.1660354034724,False
1784332799.3506129,118.56947660446167,14.074653488930558,1.0104818993076359,0.02778665901353853,0.0,0.0,359.16513043926193,False
1784332799.4513717,118.67023539543152,14.096799678129932,1.0101613859991443,0.027786774340098627,0.0,0.0,359.1635900401462,False
1784332799.5487833,118.76764702796936,14.10630688704283,1.0100234693965566,0.02778666135126801,0.0,0.0,359.1629303649268,False
1784332799.64597,118.86483383178711,14.134851697185278,1.0096083711368191,0.027785974352570096,0.0,0.0,359.16095557128864,False
1784332799.7436283,118.96249198913574,14.144369546461304,1.0094696518928215,0.027785775822542238,0.0,0.0,359.16029848484135,False
1784332799.821434,119.04029774665833,14.15230137592181,1.009353938592944,0.02778568760680969,0.0,0.0,359.1597513212028,False
1784332799.9109318,119.12979555130005,14.177685200661639,1.008983007477556,0.02778602975457752,0.0,0.0,359.1580036048422,False
1784332800.0251336,119.24399733543396,14.190370853046922,1.0087973062931186,0.027786445901795867,0.0,0.0,359.1571538525454,False
1784332800.117435,119.33629870414734,14.205653745679058,1.0085733537973196,0.027788184253380067,0.0,0.0,359.15781300158926,False
1784332800.2410486,119.45991230010986,14.225150611806086,1.0082875152464867,0.027794090730196307,0.0,0.0,359.1651201760231,False
1784332800.3657358,119.58459949493408,14.24558674422244,1.0079887181223832,0.02779898537432361,0.0,0.0,359.1777266018383,False
1784332800.4426823,119.66154599189758,14.26047535540945,1.0077724025584625,0.027796445863894365,0.0,0.0,359.1859220291423,False
1784332800.5398743,119.75873804092407,14.26966513741802,1.0076395645376401,0.027792122494818907,0.0,0.0,359.19064151704293,False
1784332800.6366048,119.85546851158142,14.296153015464245,1.0072598328725284,0.027775669417146976,0.0,0.0,359.2034866634809,False
1784332800.720585,119.93944883346558,14.305569404883629,1.0071260217446458,0.02777281005455782,0.0,0.0,359.20791406843125,False
1784332800.7992644,120.01812815666199,14.313422622917376,1.0070149135871558,0.027773090419850866,0.0,0.0,359.2115465743296,False
1784332800.9075847,120.12644839286804,14.340598914055695,1.0066336985259539,0.027793139612909527,0.0,0.0,359.2282299224265,False
1784332800.9877343,120.20659804344177,14.347714544442828,1.006534768546697,0.027799949852319327,0.0,0.0,359.2345255316747,False
1784332801.0688589,120.28772258758545,14.354503878522992,1.0064407116094563,0.02780525414407897,0.0,0.0,359.24171634876745,False
1784332801.2142215,120.43308520317078,14.362215950680636,1.0063343088221295,0.027808616206324,0.0,0.0,359.2514299168234,False
1784332801.3143625,120.53322625160217,14.364697543683267,1.0063001870051753,0.027808911793294835,0.0,0.0,359.2549403594751,False
1784332801.4177518,120.63661551475525,14.37234852911158,1.0061957305195073,0.02780690122676451,0.0,0.0,359.265856168847,False
1784332801.5059066,120.7247703075409,14.376403643648336,1.0061409064921953,0.027804309564731625,0.0,0.0,359.2712500921867,False
1784332801.6115675,120.83043122291565,14.379176202921116,1.0061036218338382,0.02780211658671353,0.0,0.0,359.2748154794815,False
1784332801.7284539,120.94731760025024,14.397370763942847,1.005862192731384,0.02778555297959576,0.0,0.0,359.29938170008995,False
1784332801.8560443,121.07490801811218,14.413381043259204,1.0056540919618375,0.027779640089479276,0.0,0.0,359.3243938250776,True
1784332801.9512038,121.17006754875183,14.431619751546158,1.0054221373870174,0.027793060275092905,0.0,0.0,359.35751130767613,False
1784332802.0339315,121.25279521942139,14.44184339561775,1.0052950616907288,0.02780465965034323,0.0,0.0,359.37811014088805,False
1784332802.1516635,121.37052726745605,14.447390233237645,1.005227208218073,0.027809238756657754,0.0,0.0,359.3899492127363,False
1784332802.2605531,121.479416847229,14.456787239573522,1.0051135838283884,0.027811445841826137,0.0,0.0,359.4115706494137,False
1784332802.3767576,121.59562134742737,14.470067880767717,1.0049531162738898,0.027800102183592367,0.0,0.0,359.4487769374407,False
1784332802.4841073,121.7029709815979,14.474886370732976,1.0048948419974744,0.027794339240088915,0.0,0.0,359.4646171560009,False
1784332802.5672743,121.78613805770874,14.483832605463837,1.004786587157711,0.027792110498158603,0.0,0.0,359.49735427910036,False
1784332802.6876683,121.90653204917908,14.48852503597899,1.0047298540682013,0.027797529237171513,0.0,0.0,359.516369267495,False
1784332802.8078382,122.02670192718506,14.491433299292966,1.0046947366180465,0.027802002543825612,0.0,0.0,359.5288591737897,False
1784332802.9453409,122.16420459747314,14.500065583399271,1.0045905995743578,0.027806436966775972,0.0,0.0,359.56904084748635,False
1784332803.0465455,122.26540923118591,14.502747810532691,1.0045581837321234,0.02780288229989471,0.0,0.0,359.5826684870386,False
1784332803.191476,122.41033983230591,14.5066669274734,1.004510712096183,0.027796105982299056,0.0,0.0,359.6036944244244,False
1784332803.263511,122.48237466812134,14.511237863920817,1.0044553107993768,0.027793700487628876,0.0,0.0,359.6295886886251,False
1784332803.3422887,122.56115245819092,14.512780528544564,1.0044366549870443,0.027795319075475087,0.0,0.0,359.63865231729113,False
1784332803.4144359,122.6332995891571,14.516602832795865,1.0043905738400258,0.027802387643515693,0.0,0.0,359.6618400257563,False
1784332803.5028665,122.72173023223877,14.518822567579996,1.004363858770161,0.027805525507939355,0.0,0.0,359.6757574432226,False
1784332803.5844684,122.80333209037781,14.520157929906073,1.0043477703935813,0.027806041078317172,0.0,0.0,359.68432490141225,False
1784332803.6501706,122.86903429031372,14.523447546288347,1.0043079906704857,0.02780209648849443,0.0,0.0,359.7062674184801,False
1784332803.7188072,122.93767094612122,14.525120280095766,1.0042876794075115,0.02779844253354354,0.0,0.0,359.7178686420735,False
1784332803.798973,123.01783680915833,14.52627986526709,1.00427358719089,0.027796200437435525,0.0,0.0,359.7260393438315,False
1784332803.877604,123.09646773338318,14.527414388202711,1.0042598097476596,0.027794783404699038,0.0,0.0,359.73411736326227,False
1784332803.9509325,123.16979622840881,14.53090632440588,1.004217611263255,0.027797477518108044,0.0,0.0,359.75951512772934,False
1784332804.0279708,123.24683451652527,14.531957324568967,1.0042049778384587,0.0277998633722695,0.0,0.0,359.7673143904756,False
1784332804.1060388,123.32490253448486,14.53298787016929,1.0041926027095545,0.027802226289600065,0.0,0.0,359.7750297198212,False
1784332804.214678,123.43354177474976,14.533996507627934,1.0041804848437303,0.027804085415721137,0.0,0.0,359.782661683507,False
1784332804.31483,123.53369379043579,14.536697321939869,1.0041478851659942,0.027804210233680828,0.0,0.0,359.8036945362737,False
1784332804.392747,123.61161065101624,14.538162786407119,1.004130074484276,0.027801173391380996,0.0,0.0,359.8155172174084,False
1784332804.4823966,123.70126032829285,14.540795543097191,1.004098043467807,0.02779554248725516,0.0,0.0,359.8371901095765,False
1784332804.559044,123.77790760993958,14.541648631620989,1.0040877165768334,0.027795136551075943,0.0,0.0,359.8442952065984,False
1784332804.6403039,123.85916757583618,14.542491532283842,1.00407755290877,0.027795732603802942,0.0,0.0,359.8513560624174,False
1784332804.721933,123.94079661369324,14.544307649799913,1.0040557586902201,0.02779963126370623,0.0,0.0,359.86669530314606,False
1784332804.8158672,124.03473091125488,14.5457461594751,1.0040385048846332,0.027803167562338926,0.0,0.0,359.87901232850265,False
1784332804.931193,124.15005683898926,14.546677389802895,1.0040272870225766,0.027804447672528834,0.0,0.0,359.8871267577142,False
1784332805.0252066,124.24407029151917,14.548179192013027,1.004009071894731,0.027803648503796328,0.0,0.0,359.9005179036803,False
1784332805.103992,124.32285571098328,14.549911863306347,1.0039879363985043,0.027799244374090443,0.0,0.0,359.91630729500673,False
1784332805.228898,124.44776177406311,14.550617775143811,1.0039793403930517,0.027797390004659195,0.0,0.0,359.92278861012846,False
1784332805.3052135,124.52407717704773,14.55242293602267,1.0039575267396514,0.02779577066149491,0.0,0.0,359.93944542444495,False
1784332805.3855271,124.60439085960388,14.55364700403944,1.0039428658410767,0.027797940320221832,0.0,0.0,359.9508086956115,False
1784332805.4636178,124.68248152732849,14.554315116157612,1.0039348748529417,0.02779982634908142,0.0,0.0,359.9570468988028,False
1784332805.5372062,124.75606989860535,14.55561905867829,1.0039192155392176,0.027803241373380895,0.0,0.0,359.969379946342,False
1784332805.603752,124.82261562347412,14.556752672412442,1.0039054738173858,0.027804140735282562,0.0,0.0,359.9803566456652,False
1784332805.6803195,124.89918327331543,14.557367320856903,1.003897974987234,0.027803456124637818,0.0,0.0,359.9864008512077,False
1784332805.7515953,124.970458984375,14.558093362624751,1.003889097519669,0.02780173443361605,0.0,0.0,359.99359086058416,False
1784332805.8216476,125.0405113697052,14.559872365004937,1.0038674538944368,0.02779673277986157,0.0,0.0,0.011286949067181846,False
1784332805.901033,125.11989665031433,14.560457560481444,1.0038604087617735,0.027796037541329404,0.0,0.0,0.017118856489435265,False
1784332805.9796922,125.1985559463501,14.561038768658937,1.0038534466180096,0.02779616223338127,0.0,0.0,0.022915993644668824,False
1784332806.0587902,125.27765393257141,14.56285756569847,1.0038317059145416,0.02780069825124364,0.0,0.0,0.04117946111651533,False
1784332806.1360576,125.35492134094238,14.563299105128502,1.0038263923333601,0.027802026361293246,0.0,0.0,0.045684067125407624,False
1784332806.2280958,125.44695949554443,14.563626349194768,1.0038224372590832,0.027802847629869367,0.0,0.0,0.04905067587220173,False
1784332806.321706,125.54056978225708,14.565320704659149,1.0038017597616133,0.027802893209147403,0.0,0.0,0.06681115890217255,False
1784332806.400589,125.61945271492004,14.566042605076206,1.0037929285967249,0.02780081100093836,0.0,0.0,0.07445589930430747,False
1784332806.49344,125.71230363845825,14.566656379180968,1.0037854634260375,0.027798758885753307,0.0,0.0,0.08095507342601081,False
1784332806.5692475,125.78811120986938,14.567874039197177,1.003770821639593,0.027796303105758362,0.0,0.0,0.0938370960219901,False
1784332806.649334,125.86819767951965,14.568774815213759,1.003760082915047,0.027797140025677233,0.0,0.0,0.10337466204263643,False
1784332806.727916,125.94677972793579,14.569267674577667,1.00375419984707,0.027798478052465443,0.0,0.0,0.10862150847050453,False
1784332806.8014817,126.02034544944763,14.569945974483906,1.0037460549541817,0.027800778086602747,0.0,0.0,0.11591523910336107,False
1784332806.8830633,126.10192704200745,14.571259622696795,1.0037300618094902,0.027803597561344928,0.0,0.0,0.13035352448215717,False
1784332806.9627507,126.1816143989563,14.571626196968902,1.0037255639229183,0.027803441598662014,0.0,0.0,0.13443461688875066,False
1784332807.0367203,126.25558400154114,14.57244248405125,1.003715565953631,0.027801563273220635,0.0,0.0,0.14353740022273964,False
1784332807.118019,126.33688282966614,14.57343174665103,1.003703587744274,0.027798145773298925,0.0,0.0,0.15454416465970153,False
1784332807.2257056,126.44456934928894,14.57378982181319,1.0036992985385693,0.027797203972887808,0.0,0.0,0.15851918856314,False
1784332807.2977605,126.51662421226501,14.57467800190122,1.003688720687807,0.027796636499997144,0.0,0.0,0.16837513375896662,False
1784332807.367447,126.5863106250763,14.57571990997402,1.0036762644993398,0.02779928780525619,0.0,0.0,0.18004219163040644,False
1784332807.447003,126.66586661338806,14.576143715913657,1.0036711395376416,0.027800849073548427,0.0,0.0,0.18486359717011425,False
