EpochTime(s),TimeFromStart(s),right_prop_rate(rad/s),left_prop_rate(rad/s),LastDT(s),Yaw(rad),North(m),East(m),IMUSensedYawRate(rad/s),IMUIntegratedYaw(rad),IMUSensedTimeStamp(s),ARUCOSensedNorth(m),ARUCOSensedEast(m),ARUCOSensedYaw(rad),ArucoSensedTimeStamp(s),DepthTimeStamp(s),Depth(m),NavigationMode,APFEncounter,APFSide,APFDCPA(m),APFTCPA(s),APFForceX,APFForceY,NearestObstacleNorth(m),NearestObstacleEast(m),NearestObstacleDistance(m),WebotsEnvironment,SwitchCombination,EKFPredictionEnabled,ClusterSizeAPFEnabled
1784332684.0003598,3.2192234992980957,-200.0,200.0,0.2,6.283185305756662,-5.045307199699135e-05,1.0000000006160183,1.912914928951042e-09,6.2831853060873195,1784332684.015872,-5.045307199699135e-05,1.0000000006160183,6.283185305704737, 1784332683.294909, 1784332683.911021,0.9745095140032882,track,none,0.0,nan,nan,0.0,0.0,nan,nan,nan,WEBOTS_UNKNOWN,ekf_on_cluster_on,1,1
1784332684.0349038,3.253767490386963,-200.0,200.0,0.2,6.283185305584465,0.03016720997390613,1.000000000573021,2.219746937859028e-13,6.283185306087341,1784332684.015872,None,None,None, None, 1784332684.033398,0.9430558118125604,track,none,0.0,nan,nan,0.0,0.0,nan,nan,nan,WEBOTS_UNKNOWN,ekf_on_cluster_on,1,1
1784332684.1386602,3.3575239181518555,-200.0,200.0,0.2,6.283185305504885,0.08492127072633794,1.0000000004856815,2.219359656269332e-12,6.283185306087565,1784332684.1166167,None,None,None, None, 1784332684.1351438,0.9902377181177917,track,none,0.0,nan,nan,0.0,0.0,nan,nan,nan,WEBOTS_UNKNOWN,ekf_on_cluster_on,1,1
1784332684.2358294,3.454693078994751,-200.0,200.0,0.2,6.283185305462576,0.15123968091295478,1.000000000374618,-1.4214426703723991e-11,6.283185306086397,1784332684.198757,None,None,None, None, 1784332684.2864,0.9887210669055666,track,none,0.0,nan,nan,0.0,0.0,nan,nan,nan,WEBOTS_UNKNOWN,ekf_on_cluster_on,1,1
1784332684.3696773,3.588541030883789,-200.0,200.0,0.2,6.283185305558923,0.022591251057518358,1.0000000005144998,-1.4582412876979172e-10,6.283185306068727,1784332684.3199277,0.013020743857764134,1.0000000005270133,6.28318530570231, 1784332684.297408, 1784332684.3892267,1.0847865484137071,track,none,0.0,nan,nan,0.0,0.0,nan,nan,nan,WEBOTS_UNKNOWN,ekf_on_cluster_on,1,1
1784332684.4401703,3.659034013748169,-200.0,200.0,0.2,6.283185305523496,0.07206711270905637,1.0000000004343161,-3.879585253982914e-10,6.28318530603,1784332684.419751,None,None,None, None, 1784332684.3892267,1.0847865484137071,track,none,0.0,nan,nan,0.0,0.0,nan,nan,nan,WEBOTS_UNKNOWN,ekf_on_cluster_on,1,1
1784332684.5368433,3.755707025527954,-200.0,200.0,0.2,6.2831853055430855,0.13653028130148417,1.0000000003275593,6.700641275375212e-11,6.283185306036135,1784332684.5113034,None,None,None, None, 1784332684.4747593,0.9451317217599856,track,none,0.0,nan,nan,0.0,0.0,nan,nan,nan,WEBOTS_UNKNOWN,ekf_on_cluster_on,1,1
1784332684.636757,3.8556206226348877,-200.0,200.0,0.2,6.283185305561054,0.20535598908413313,1.000000000214926,1.2759179875380213e-10,6.283185306047542,1784332684.6007133,None,None,None, None, 1784332684.5766668,1.0143762774487564,track,none,0.0,nan,nan,0.0,0.0,nan,nan,nan,WEBOTS_UNKNOWN,ekf_on_cluster_on,1,1
1784332684.7359023,3.954766035079956,-200.0,200.0,0.2,6.28318530565266,0.274926335935659,1.0000000001023241,8.754239702880529e-10,6.283185306122509,1784332684.6863482,None,None,None, None, 1784332684.7349014,0.9028327800382974,track,none,0.0,nan,nan,0.0,0.0,nan,nan,nan,WEBOTS_UNKNOWN,ekf_on_cluster_on,1,1
1784332684.835745,4.0546088218688965,-200.0,200.0,0.2,6.283185305626738,0.34460012283150576,0.9999999999959374,1.3456445145124537e-10,6.2831853061343,1784332684.7739713,None,None,None, None, 1784332684.8128486,1.0594880383969603,track,none,0.0,nan,nan,0.0,0.0,nan,nan,nan,WEBOTS_UNKNOWN,ekf_on_cluster_on,1,1
1784332684.9354222,4.154285907745361,-200.0,200.0,0.2,6.28318530559525,0.4142877330751863,0.999999999887723,-3.0286501236900614e-11,6.2831853061297585,1784332684.9239109,None,None,None, None, 1784332684.8973749,1.0430399406751745,track,none,0.0,nan,nan,0.0,0.0,nan,nan,nan,WEBOTS_UNKNOWN,ekf_on_cluster_on,1,1
1784332685.0383842,4.2572479248046875,-200.0,200.0,0.2,6.2831853055723315,0.4839771805347943,0.9999999997773115,-8.187451205410801e-11,6.283185306123502,1784332685.0003276,None,None,None, None, 1784332685.0313752,0.9933598727931965,track,none,0.0,nan,nan,0.0,0.0,nan,nan,nan,WEBOTS_UNKNOWN,ekf_on_cluster_on,1,1
1784332685.136019,4.354882717132568,-200.0,200.0,0.2,6.283185305562547,0.5536668719937439,0.9999999996653024,-5.488214757239382e-11,6.283185306119381,1784332685.07542,None,None,None, None, 1784332685.1084785,0.9008847031067981,track,none,0.0,nan,nan,0.0,0.0,nan,nan,nan,WEBOTS_UNKNOWN,ekf_on_cluster_on,1,1
1784332685.2354639,4.454327583312988,-200.0,200.0,0.2,6.2831853055689795,0.623356595854913,0.9999999995526114,5.1414870858110576e-11,6.283185306126297,1784332685.2099419,None,None,None, None, 1784332685.1898854,1.0126832030847492,track,none,0.0,nan,nan,0.0,0.0,nan,nan,nan,WEBOTS_UNKNOWN,ekf_on_cluster_on,1,1
1784332685.3398666,4.558730363845825,-200.0,200.0,0.2,6.283185305650508,0.1865881230646862,1.0000000002955658,1.185143108394084e-10,6.283185306137115,1784332685.3012202,0.17959800257119324,1.0000000003073692,6.2831853057570015, 1784332685.29822, 1784332685.327767,0.9719897598642353,track,none,0.0,nan,nan,0.0,0.0,nan,nan,nan,WEBOTS_UNKNOWN,ekf_on_cluster_on,1,1
1784332685.4420223,4.66088604927063,-200.0,200.0,0.2,6.283185305655123,0.22748453142914496,1.000000000233032,1.1298071879740173e-10,6.283185306144422,1784332685.4700587,None,None,None, None, 1784332685.4084644,1.0944978737303201,track,none,0.0,nan,nan,0.0,0.0,nan,nan,nan,WEBOTS_UNKNOWN,ekf_on_cluster_on,1,1
1784332685.5379725,4.756836175918579,-200.0,200.0,0.2,6.283185305655532,0.28819236704316953,1.0000000001404852,8.206947532714288e-11,6.283185306152971,1784332685.5469873,None,None,None, None, 1784332685.4867969,1.0528534285995748,track,none,0.0,nan,nan,0.0,0.0,nan,nan,nan,WEBOTS_UNKNOWN,ekf_on_cluster_on,1,1
1784332685.6401277,4.858991384506226,-200.0,200.0,0.2,6.283185305633897,0.35618740270347937,1.000000000036857,-1.307467325315264e-10,6.2831853061331575,1784332685.695716,None,None,None, None, 1784332685.725748,0.996452410502375,track,none,0.0,nan,nan,0.0,0.0,nan,nan,nan,WEBOTS_UNKNOWN,ekf_on_cluster_on,1,1
1784332685.7357175,4.954581260681152,-200.0,200.0,0.2,6.283185305628562,0.42563421662226447,0.9999999999295138,-6.210323118226244e-11,6.283185306128554,1784332685.695716,None,None,None, None, 1784332685.725748,0.996452410502375,track,none,0.0,nan,nan,0.0,0.0,nan,nan,nan,WEBOTS_UNKNOWN,ekf_on_cluster_on,1,1
1784332685.8354094,5.0542731285095215,-200.0,200.0,0.2,6.28318530562922,0.4952913205767039,0.9999999998214739,-2.6206101829538934e-11,6.2831853061257465,1784332685.8028533,None,None,None, None, 1784332685.829403,1.0177443980695584,track,none,0.0,nan,nan,0.0,0.0,nan,nan,nan,WEBOTS_UNKNOWN,ekf_on_cluster_on,1,1
1784332685.9389281,5.15779185295105,-200.0,200.0,0.2,6.283185305668756,0.5649767103786897,0.999999999713436,3.249677244546899e-10,6.283185306150186,1784332685.8780568,None,None,None, None, 1784332685.893786,0.9760699022367114,track,none,0.0,nan,nan,0.0,0.0,nan,nan,nan,WEBOTS_UNKNOWN,ekf_on_cluster_on,1,1
1784332686.0386212,5.2574849128723145,-200.0,200.0,0.2,6.28318530567262,0.6346658628869564,0.9999999996081474,1.511342079253391e-10,6.283185306160672,1784332686.0436275,None,None,None, None, 1784332685.9689815,1.0562187127092881,track,none,0.0,nan,nan,0.0,0.0,nan,nan,nan,WEBOTS_UNKNOWN,ekf_on_cluster_on,1,1
1784332686.1357396,5.354603290557861,-200.0,200.0,0.2,6.283185305735771,0.7043555151764582,0.9999999995031275,6.817156813075286e-10,6.2831853062726575,1784332686.1117163,None,None,None, None, 1784332686.0876846,0.9238390470098932,track,none,0.0,nan,nan,0.0,0.0,nan,nan,nan,WEBOTS_UNKNOWN,ekf_on_cluster_on,1,1
1784332686.2352443,5.454107999801636,-200.0,200.0,0.2,6.283185305693545,0.7740452338361179,0.9999999994025084,-3.0558069118879204e-11,6.283185306269779,1784332686.2059028,None,None,None, None, 1784332686.1663415,1.0912566910526404,track,none,0.0,nan,nan,0.0,0.0,nan,nan,nan,WEBOTS_UNKNOWN,ekf_on_cluster_on,1,1
1784332686.3359628,5.554826498031616,-200.0,200.0,0.2,6.283185305714207,0.33553492407291574,1.0000000000821216,-8.144618886584577e-11,6.283185306264165,1784332686.340991,0.3288394542974712,1.0000000000924398,6.283185305799866, 1784332686.303908, 1784332686.3059084,0.9577908630642185,track,none,0.0,nan,nan,0.0,0.0,nan,nan,nan,WEBOTS_UNKNOWN,ekf_on_cluster_on,1,1
1784332686.4359696,5.6548333168029785,-200.0,200.0,0.2,6.283185305700636,0.3759265681228743,1.0000000000229325,-9.11527832824946e-11,6.283185306251911,1784332686.409267,None,None,None, None, 1784332686.431973,1.0317374574956322,track,none,0.0,nan,nan,0.0,0.0,nan,nan,nan,WEBOTS_UNKNOWN,ekf_on_cluster_on,1,1
1784332686.535657,5.754520654678345,-200.0,200.0,0.2,6.283185305706554,0.436384932293268,0.9999999999335176,5.415888331146739e-11,6.283185306256994,1784332686.5031009,None,None,None, None, 1784332686.5316472,0.9123652447710615,track,none,0.0,nan,nan,0.0,0.0,nan,nan,nan,WEBOTS_UNKNOWN,ekf_on_cluster_on,1,1
1784332686.635726,5.8545897006988525,-200.0,200.0,0.2,6.283185305715507,0.5043185691635119,0.9999999998334491,1.0380241843666384e-10,6.283185306264125,1784332686.635726,None,None,None, None, 1784332686.6187003,1.0124934284751548,track,none,0.0,nan,nan,0.0,0.0,nan,nan,nan,WEBOTS_UNKNOWN,ekf_on_cluster_on,1,1
1784332686.7354763,5.954339981079102,-200.0,200.0,0.2,6.283185305718862,0.5737559114095097,0.9999999997317873,8.303807220777317e-11,6.283185306274765,1784332686.6999443,None,None,None, None, 1784332686.6999443,0.9675638892632615,track,none,0.0,nan,nan,0.0,0.0,nan,nan,nan,WEBOTS_UNKNOWN,ekf_on_cluster_on,1,1
1784332686.8356018,6.0544655323028564,-200.0,200.0,0.2,6.283185305715072,0.6434117283902229,0.9999999996300394,2.7424677296333828e-11,6.283185306277278,1784332686.7915723,None,None,None, None, 1784332686.7850604,0.941565707492184,track,none,0.0,nan,nan,0.0,0.0,nan,nan,nan,WEBOTS_UNKNOWN,ekf_on_cluster_on,1,1
1784332686.9368577,6.155721426010132,-200.0,200.0,0.2,6.28318530570752,0.7130969467565723,0.9999999995279844,-2.339913639725228e-11,6.283185306275344,1784332686.87419,None,None,None, None, 1784332686.9132907,1.019798090693401,track,none,0.0,nan,nan,0.0,0.0,nan,nan,nan,WEBOTS_UNKNOWN,ekf_on_cluster_on,1,1
1784332687.0352378,6.254101514816284,-200.0,200.0,0.2,6.283185305699825,0.7827860764897145,0.9999999994253973,-5.4289014890860705e-11,6.283185306268053,1784332687.008483,None,None,None, None, 1784332686.9919655,1.0934872024105966,track,none,0.0,nan,nan,0.0,0.0,nan,nan,nan,WEBOTS_UNKNOWN,ekf_on_cluster_on,1,1
1784332687.135862,6.3547258377075195,-200.0,200.0,0.2,6.283185305699083,0.8524757257546418,0.9999999993222732,-2.1131144286013462e-11,6.283185306266693,1784332687.0728471,None,None,None, None, 1784332687.1343558,1.0002269112431346,track,none,0.0,nan,nan,0.0,0.0,nan,nan,nan,WEBOTS_UNKNOWN,ekf_on_cluster_on,1,1
1784332687.236075,6.454938650131226,-200.0,200.0,0.2,6.2831853057660005,0.9221654440126521,0.9999999992190974,5.739384401729704e-10,6.283185306350884,1784332687.2195368,None,None,None, None, 1784332687.210017,0.92509816285096,track,none,0.0,nan,nan,0.0,0.0,nan,nan,nan,WEBOTS_UNKNOWN,ekf_on_cluster_on,1,1
1784332687.3351283,6.553992033004761,-200.0,200.0,0.2,6.283185305786235,0.5081725193842082,0.9999999998380695,1.2930038214885067e-10,6.283185306359584,1784332687.2868237,0.5017844840190356,0.9999999998475454,6.283185305843326, 1784332687.318867, 1784332687.3377934,0.9113468424424206,track,none,0.0,nan,nan,0.0,0.0,nan,nan,nan,WEBOTS_UNKNOWN,ekf_on_cluster_on,1,1
1784332687.4395425,6.6584062576293945,-200.0,200.0,0.2,6.283185305780992,0.5509538172115762,0.9999999997784601,1.1540143088846816e-10,6.283185306367203,1784332687.4495413,None,None,None, None, 1784332687.447546,1.071969216884653,track,none,0.0,nan,nan,0.0,0.0,nan,nan,nan,WEBOTS_UNKNOWN,ekf_on_cluster_on,1,1
1784332687.535761,6.754624843597412,-200.0,200.0,0.2,6.283185305758466,0.6125652034706185,0.9999999996922908,-8.486447218401087e-11,6.2831853063527,1784332687.5237367,None,None,None, None, 1784332687.5237367,1.0959972647675054,track,none,0.0,nan,nan,0.0,0.0,nan,nan,nan,WEBOTS_UNKNOWN,ekf_on_cluster_on,1,1
1784332687.6357358,6.854599475860596,-200.0,200.0,0.2,6.283185305749447,0.6807761348871993,0.9999999995953549,-4.51393357362731e-11,6.283185306348526,1784332687.6162164,None,None,None, None, 1784332687.5937042,1.0404144730107727,track,none,0.0,nan,nan,0.0,0.0,nan,nan,nan,WEBOTS_UNKNOWN,ekf_on_cluster_on,1,1
1784332687.7387857,6.95764946937561,-200.0,200.0,0.2,6.283185305741412,0.7502558814391949,0.9999999994959892,-7.051491330687817e-11,6.283185306343069,1784332687.6936061,None,None,None, None, 1784332687.665501,0.9646722557598955,track,none,0.0,nan,nan,0.0,0.0,nan,nan,nan,WEBOTS_UNKNOWN,ekf_on_cluster_on,1,1
1784332687.8354585,7.054322242736816,-200.0,200.0,0.2,6.283185305753231,0.81991745146179,0.9999999993958036,7.925238100453704e-11,6.283185306349267,1784332687.7718177,None,None,None, None, 1784332687.8179038,1.034530044892996,track,none,0.0,nan,nan,0.0,0.0,nan,nan,nan,WEBOTS_UNKNOWN,ekf_on_cluster_on,1,1
1784332687.9357378,7.154601573944092,-200.0,200.0,0.2,6.2831853057643565,0.889603436021448,0.9999999992964067,1.1681026907071384e-10,6.283185306367187,1784332687.9252267,None,None,None, None, 1784332687.9097137,0.9386963181875668,track,none,0.0,nan,nan,0.0,0.0,nan,nan,nan,WEBOTS_UNKNOWN,ekf_on_cluster_on,1,1
1784332688.0364962,7.255359888076782,-200.0,200.0,0.2,6.283185305779128,0.9592926675400897,0.9999999991977804,1.876526014633978e-10,6.283185306382223,1784332688.0053556,None,None,None, None, 1784332687.988842,0.9771266378002109,track,none,0.0,nan,nan,0.0,0.0,nan,nan,nan,WEBOTS_UNKNOWN,ekf_on_cluster_on,1,1
1784332688.1361554,7.3550190925598145,-200.0,200.0,0.2,6.283185305766483,1.0289823303222512,0.9999999991001829,-5.4446004235002875e-12,6.283185306381868,1784332688.1433675,None,None,None, None, 1784332688.134148,0.9329172485473873,track,none,0.0,nan,nan,0.0,0.0,nan,nan,nan,WEBOTS_UNKNOWN,ekf_on_cluster_on,1,1
1784332688.2375734,7.456437110900879,-200.0,200.0,0.2,6.283185305753509,1.0986720503752863,0.9999999990017041,-6.000317750786145e-11,6.283185306377501,1784332688.2405725,None,None,None, None, 1784332688.2240312,1.0195299332731809,track,none,0.0,nan,nan,0.0,0.0,nan,nan,nan,WEBOTS_UNKNOWN,ekf_on_cluster_on,1,1
1784332688.3354309,7.554294586181641,-200.0,200.0,0.2,6.283185305784702,0.6780759761345012,0.9999999996496706,-2.3879433481518903e-11,6.283185306373385,1784332688.3157248,0.6716007168568848,0.9999999996595409,6.283185305849758, 1784332688.328925, 1784332688.308221,1.0582800896847289,track,none,0.0,nan,nan,0.0,0.0,nan,nan,nan,WEBOTS_UNKNOWN,ekf_on_cluster_on,1,1
1784332688.4386866,7.65755033493042,-200.0,200.0,0.2,6.28318530578857,0.7202204703418849,0.9999999995908838,3.7018138380530647e-11,6.283185306376268,1784332688.3935947,None,None,None, None, 1784332688.443195,1.0596663056963869,track,none,0.0,nan,nan,0.0,0.0,nan,nan,nan,WEBOTS_UNKNOWN,ekf_on_cluster_on,1,1
1784332688.536836,7.755699634552002,-200.0,200.0,0.2,6.2831853057953335,0.7815315401081606,0.9999999995055991,7.917642874433894e-11,6.2831853063813865,1784332688.5512366,None,None,None, None, 1784332688.5188115,0.9971255096882171,track,none,0.0,nan,nan,0.0,0.0,nan,nan,nan,WEBOTS_UNKNOWN,ekf_on_cluster_on,1,1
1784332688.6352575,7.854121208190918,-200.0,200.0,0.2,6.283185305799138,0.8496718406156456,0.9999999994112757,7.427300996784652e-11,6.2831853063931575,1784332688.6167269,None,None,None, None, 1784332688.5834668,1.0511697098017074,track,none,0.0,nan,nan,0.0,0.0,nan,nan,nan,WEBOTS_UNKNOWN,ekf_on_cluster_on,1,1
1784332688.7429373,7.961801052093506,-200.0,200.0,0.2,6.283185305797183,0.9191408770011752,0.9999999993153773,3.2742890978286544e-11,6.283185306395356,1784332688.683856,None,None,None, None, 1784332688.683856,1.0707204346927792,track,none,0.0,nan,nan,0.0,0.0,nan,nan,nan,WEBOTS_UNKNOWN,ekf_on_cluster_on,1,1
1784332688.8395464,8.058410167694092,-200.0,200.0,0.2,6.283185305791353,0.9888009960749585,0.9999999992190789,-1.2166199537759354e-11,6.283185306394171,1784332688.8500614,None,None,None, None, 1784332688.798745,1.0635529000290218,track,none,0.0,nan,nan,0.0,0.0,nan,nan,nan,WEBOTS_UNKNOWN,ekf_on_cluster_on,1,1
1784332688.937408,8.156271696090698,-200.0,200.0,0.2,6.283185305783903,1.058486787435287,0.9999999991223387,-4.983843905293267e-11,6.28318530638757,1784332688.9136715,None,None,None, None, 1784332688.8680937,0.9164196956666253,track,none,0.0,nan,nan,0.0,0.0,nan,nan,nan,WEBOTS_UNKNOWN,ekf_on_cluster_on,1,1
1784332689.037591,8.256454706192017,-200.0,200.0,0.2,6.283185305783303,1.128175993288914,0.9999999990250746,-1.670401356724133e-11,6.283185306385868,1784332689.0155551,None,None,None, None, 1784332688.978982,1.0753763354962813,track,none,0.0,nan,nan,0.0,0.0,nan,nan,nan,WEBOTS_UNKNOWN,ekf_on_cluster_on,1,1
1784332689.1352813,8.354145050048828,-200.0,200.0,0.2,6.283185305796805,1.1978656526627436,0.9999999989277681,1.0644497576373192e-10,6.2831853063955725,1784332689.1067238,None,None,None, None, 1784332689.0846927,1.0070566252868556,track,none,0.0,nan,nan,0.0,0.0,nan,nan,nan,WEBOTS_UNKNOWN,ekf_on_cluster_on,1,1
1784332689.2354875,8.45435118675232,-200.0,200.0,0.2,6.283185305807309,1.2675553722631685,0.9999999988314026,1.2891800394684327e-10,6.283185306404108,1784332689.1729302,None,None,None, None, 1784332689.2354875,1.0061013674148254,track,none,0.0,nan,nan,0.0,0.0,nan,nan,nan,WEBOTS_UNKNOWN,ekf_on_cluster_on,1,1
1784332689.338771,8.557634830474854,-200.0,200.0,0.2,6.283185305799755,1.337245099861375,0.999999998735769,4.995735128254176e-12,6.2831853064049366,1784332689.338771,None,None,None, None, 1784332689.3096273,1.0620672680146244,track,none,0.0,nan,nan,0.0,0.0,nan,nan,nan,WEBOTS_UNKNOWN,ekf_on_cluster_on,1,1
1784332689.4356256,8.654489278793335,-200.0,200.0,0.2,6.283185305832852,0.8426221748485814,0.9999999993905307,-3.529245679524087e-11,6.28318530640255,1784332689.406389,0.8366757126355482,0.9999999993984436,6.283185305909711, 1784332689.345769, 1784332689.378818,1.0187003996992972,track,none,0.0,nan,nan,0.0,0.0,nan,nan,nan,WEBOTS_UNKNOWN,ekf_on_cluster_on,1,1
1784332689.5413637,8.76022744178772,-200.0,200.0,0.2,6.283185305815064,0.881508542253683,0.9999999993381611,-1.8680171310110886e-10,6.283185306390773,1784332689.469435,None,None,None, None, 1784332689.5453625,1.0208135430351422,track,none,0.0,nan,nan,0.0,0.0,nan,nan,nan,WEBOTS_UNKNOWN,ekf_on_cluster_on,1,1
1784332689.6394486,8.858312368392944,-200.0,200.0,0.2,6.283185305819497,0.9412041228353363,0.9999999992567051,-2.660885439235527e-11,6.283185306388259,1784332689.563888,None,None,None, None, 1784332689.6434474,1.0094551547371515,track,none,0.0,nan,nan,0.0,0.0,nan,nan,nan,WEBOTS_UNKNOWN,ekf_on_cluster_on,1,1
1784332689.7364044,8.955268144607544,-200.0,200.0,0.2,6.283185305843189,1.0089452227098037,0.9999999991645712,1.7459295378719476e-10,6.283185306417149,1784332689.7293563,None,None,None, None, 1784332689.7148275,1.033643334247531,track,none,0.0,nan,nan,0.0,0.0,nan,nan,nan,WEBOTS_UNKNOWN,ekf_on_cluster_on,1,1
1784332689.8361518,9.055015563964844,-200.0,200.0,0.2,6.283185305852455,1.0783525590708543,0.9999999990718154,1.2958495670609654e-10,6.283185306425362,1784332689.7927349,None,None,None, None, 1784332689.7772126,1.012506237200868,track,none,0.0,nan,nan,0.0,0.0,nan,nan,nan,WEBOTS_UNKNOWN,ekf_on_cluster_on,1,1
1784332689.9488037,9.167667388916016,-200.0,200.0,0.2,6.28318530585312,1.1480042915994677,0.9999999989793783,8.239767187554e-11,6.283185306431869,1784332689.8717022,None,None,None, None, 1784332689.9207616,1.0659036308841185,track,none,0.0,nan,nan,0.0,0.0,nan,nan,nan,WEBOTS_UNKNOWN,ekf_on_cluster_on,1,1
1784332690.0355163,9.254379987716675,-200.0,200.0,0.2,6.283185305845417,1.2176889657462202,0.9999999988869439,5.4894789858815755e-12,6.2831853064326495,1784332690.0139165,None,None,None, None, 1784332689.9823565,0.9302850046868946,track,none,0.0,nan,nan,0.0,0.0,nan,nan,nan,WEBOTS_UNKNOWN,ekf_on_cluster_on,1,1
1784332690.1355934,9.354457139968872,-200.0,200.0,0.2,6.2831853058317275,1.2873780231776826,0.999999998793967,-7.95861501948847e-11,6.283185306425913,1784332690.0985625,None,None,None, None, 1784332690.044934,0.9570263829885353,track,none,0.0,nan,nan,0.0,0.0,nan,nan,nan,WEBOTS_UNKNOWN,ekf_on_cluster_on,1,1
1784332690.2361064,9.454970121383667,-200.0,200.0,0.2,6.283185305826614,1.3570676628407832,0.9999999987000352,-5.5185501678052614e-11,6.283185306421767,1784332690.1736875,None,None,None, None, 1784332690.217787,1.0871733989136902,track,none,0.0,nan,nan,0.0,0.0,nan,nan,nan,WEBOTS_UNKNOWN,ekf_on_cluster_on,1,1
1784332690.3353522,9.554215908050537,-200.0,200.0,0.2,6.283185305880217,1.426757379823715,0.999999998605747,4.450934706773688e-10,6.283185306489264,1784332690.325335,None,None,None, None, 1784332690.2897055,1.0405679917138058,track,none,0.0,nan,nan,0.0,0.0,nan,nan,nan,WEBOTS_UNKNOWN,ekf_on_cluster_on,1,1
1784332690.4354968,9.65436053276062,-200.0,200.0,0.2,6.283185305889305,1.0173935948082895,0.9999999991933262,1.0878023203246842e-10,6.283185306497876,1784332690.4045115,1.0112230964791695,0.999999999202061,6.283185305918649, 1784332690.355979, 1784332690.432989,1.002795143288834,track,none,0.0,nan,nan,0.0,0.0,nan,nan,nan,WEBOTS_UNKNOWN,ekf_on_cluster_on,1,1
1784332690.5375373,9.756401062011719,-200.0,200.0,0.2,6.283185305885579,1.0607300143113454,0.99999999913741,9.218239541076037e-11,6.283185306505025,1784332690.5455358,None,None,None, None, 1784332690.4981925,0.9442255662179845,track,none,0.0,nan,nan,0.0,0.0,nan,nan,nan,WEBOTS_UNKNOWN,ekf_on_cluster_on,1,1
1784332690.6357255,9.854589223861694,-200.0,200.0,0.2,6.283185305854966,1.1225990790629579,0.9999999990573509,-1.9542991168915278e-10,6.283185306478619,1784332690.6171803,None,None,None, None, 1784332690.5798686,1.0088452741794407,track,none,0.0,nan,nan,0.0,0.0,nan,nan,nan,WEBOTS_UNKNOWN,ekf_on_cluster_on,1,1
1784332690.7352908,9.95415449142456,-200.0,200.0,0.2,6.283185305850682,1.1908697188261972,0.9999999989669183,-6.168760279173492e-11,6.283185306474294,1784332690.6872888,None,None,None, None, 1784332690.7187774,1.0337721805959004,track,none,0.0,nan,nan,0.0,0.0,nan,nan,nan,WEBOTS_UNKNOWN,ekf_on_cluster_on,1,1
1784332690.8357506,10.054614305496216,-200.0,200.0,0.2,6.283185305847526,1.2603584708734097,0.9999999988745744,-6.521489991911202e-11,6.2831853064654615,1784332690.8227308,None,None,None, None, 1784332690.7967045,0.9246923819625561,track,none,0.0,nan,nan,0.0,0.0,nan,nan,nan,WEBOTS_UNKNOWN,ekf_on_cluster_on,1,1
1784332690.9354641,10.154327869415283,-200.0,200.0,0.2,6.283185305856615,1.3300212598015335,0.9999999987817794,3.587336503391463e-11,6.283185306468429,1784332690.905442,None,None,None, None, 1784332690.886925,0.9282967493687061,track,none,0.0,nan,nan,0.0,0.0,nan,nan,nan,WEBOTS_UNKNOWN,ekf_on_cluster_on,1,1
1784332691.0355468,10.2544105052948,-200.0,200.0,0.2,6.283185305867249,1.3997074066428312,0.9999999986895866,8.482245679303531e-11,6.283185306474891,1784332690.9816275,None,None,None, None, 1784332691.017131,1.0849768678445975,track,none,0.0,nan,nan,0.0,0.0,nan,nan,nan,WEBOTS_UNKNOWN,ekf_on_cluster_on,1,1
1784332691.135392,10.354255676269531,-200.0,200.0,0.2,6.283185305871802,1.4693966597189563,0.9999999985981307,6.943474054951895e-11,6.283185306485463,1784332691.1338847,None,None,None, None, 1784332691.0946555,1.0745734590370615,track,none,0.0,nan,nan,0.0,0.0,nan,nan,nan,WEBOTS_UNKNOWN,ekf_on_cluster_on,1,1
1784332691.2375712,10.456434965133667,-200.0,200.0,0.2,6.283185305868562,1.5390863253639606,0.9999999985069916,1.5011799336992735e-11,6.28318530648696,1784332691.2335687,None,None,None, None, 1784332691.1715014,0.9392877757987822,track,none,0.0,nan,nan,0.0,0.0,nan,nan,nan,WEBOTS_UNKNOWN,ekf_on_cluster_on,1,1
1784332691.3359687,10.554832458496094,-200.0,200.0,0.2,6.283185305858775,1.6087760457971674,0.9999999984156267,-5.698166231771197e-11,6.283185306482609,1784332691.3099363,None,None,None, None, 1784332691.3264482,1.041532963317634,track,none,0.0,nan,nan,0.0,0.0,nan,nan,nan,WEBOTS_UNKNOWN,ekf_on_cluster_on,1,1
1784332691.4362535,10.655117273330688,-200.0,200.0,0.2,6.283185305883924,1.1812680186269486,0.999999998984922,-6.785321164580161e-11,6.283185306474106,1784332691.4352496,1.1747026773888765,0.9999999989936548,6.283185305945015, 1784332691.369546, 1784332691.3895776,1.0474254346734337,track,none,0.0,nan,nan,0.0,0.0,nan,nan,nan,WEBOTS_UNKNOWN,ekf_on_cluster_on,1,1
1784332691.5362096,10.755073308944702,-200.0,200.0,0.2,6.283185305884589,1.2227380757371835,0.9999999989311907,-2.2540535854718275e-11,6.283185306472395,1784332691.5111735,None,None,None, None, 1784332691.5141733,0.960244809409862,track,none,0.0,nan,nan,0.0,0.0,nan,nan,nan,WEBOTS_UNKNOWN,ekf_on_cluster_on,1,1
1784332691.6361997,10.855063438415527,-200.0,200.0,0.2,6.28318530589455,1.2837255787312383,0.9999999988522121,7.370851183434911e-11,6.283185306477129,1784332691.5753942,None,None,None, None, 1784332691.5890884,0.9236097448056824,track,none,0.0,nan,nan,0.0,0.0,nan,nan,nan,WEBOTS_UNKNOWN,ekf_on_cluster_on,1,1
1784332691.7353652,10.95422887802124,-200.0,200.0,0.2,6.283185305902186,1.351788524134476,0.9999999987647488,8.8284469144717e-11,6.283185306490721,1784332691.729354,None,None,None, None, 1784332691.7303553,0.9445173837815287,track,none,0.0,nan,nan,0.0,0.0,nan,nan,nan,WEBOTS_UNKNOWN,ekf_on_cluster_on,1,1
1784332691.8350208,11.053884506225586,-200.0,200.0,0.2,6.283185305925933,1.4212457595005001,0.9999999986760241,2.614238805938185e-10,6.28318530651061,1784332691.8054342,None,None,None, None, 1784332691.8054342,0.9596188949242233,track,none,0.0,nan,nan,0.0,0.0,nan,nan,nan,WEBOTS_UNKNOWN,ekf_on_cluster_on,1,1
1784332691.9354143,11.154278039932251,-200.0,200.0,0.2,6.28318530590685,1.490904278190396,0.9999999985886965,-4.1843905964763896e-11,6.283185306505255,1784332691.9334126,None,None,None, None, 1784332691.8851094,1.0910134082897558,track,none,0.0,nan,nan,0.0,0.0,4.815771588801773,-2.487427373374206,5.014670996853563,WEBOTS_UNKNOWN,ekf_on_cluster_on,1,1
1784332692.035055,11.253918647766113,-200.0,200.0,0.2,6.283185305895897,1.560589856423165,0.9999999985000051,-4.53970521862582e-11,6.283185306502255,1784332691.9995012,None,None,None, None, 1784332692.027543,1.0546457057105967,track,none,0.0,nan,nan,0.0,0.0,4.986919750200682,-2.582384511739939,4.925432658551957,WEBOTS_UNKNOWN,ekf_on_cluster_on,1,1
1784332692.1377494,11.356613159179688,-200.0,200.0,0.2,6.283185305856666,1.6302790339639297,0.9999999984105458,-3.381805005723703e-10,6.283185306476858,1784332692.1602728,None,None,None, None, 1784332692.1322346,1.0527679943215806,track,none,0.0,nan,nan,0.0,0.0,5.020440288635536,-2.584888054763791,4.89200538544329,WEBOTS_UNKNOWN,ekf_on_cluster_on,1,1
1784332692.2354047,11.454268455505371,-200.0,200.0,0.2,6.283185305872626,1.6999686895777817,0.9999999983183518,9.007296117907668e-12,6.2831853064776295,1784332692.1602728,None,None,None, None, 1784332692.2053468,1.041989950067356,track,none,0.0,nan,nan,0.0,0.0,5.079408893358613,-2.571505953645279,4.874219732284931,WEBOTS_UNKNOWN,ekf_on_cluster_on,1,1
1784332692.3381739,11.557037591934204,-200.0,200.0,0.2,6.283185305886382,1.7696584086788993,0.9999999982272701,5.4623563044341556e-11,6.283185306483761,1784332692.2725215,None,None,None, None, 1784332692.3125937,0.9020527802823934,track,none,0.0,nan,nan,0.0,0.0,5.143957353367209,-2.5614654079011268,4.860793366905812,WEBOTS_UNKNOWN,ekf_on_cluster_on,1,1
1784332692.4353356,11.654199361801147,-200.0,200.0,0.2,6.283185305919559,1.3321595873756753,0.9999999988031814,8.145876690014944e-11,6.283185306491924,1784332692.3727336,1.3254610926386943,0.9999999988119778,6.2831853059625224, 1784332692.376236, 1784332692.4012527,1.0359426275455716,track,none,0.0,nan,nan,0.0,0.0,5.204783038230269,-2.54972775705454,4.845164724560576,WEBOTS_UNKNOWN,ekf_on_cluster_on,1,1
1784332692.5359218,11.754785537719727,-200.0,200.0,0.2,6.283185305922819,1.372640687570545,0.999999998752174,6.270105141508396e-11,6.283185306501778,1784332692.5299041,None,None,None, None, 1784332692.5359218,0.9113707956551397,track,none,0.0,nan,nan,0.0,0.0,4.710424524326346,-2.5551122765204095,4.811650570339024,WEBOTS_UNKNOWN,ekf_on_cluster_on,1,1
1784332692.6411092,11.859972953796387,-200.0,200.0,0.2,6.283185305917771,1.4331434951216366,0.9999999986761361,-1.0266505742738372e-11,6.283185306500919,1784332692.6135461,None,None,None, None, 1784332692.6561265,1.0961498850055924,track,none,0.0,nan,nan,0.0,0.0,4.710424524326346,-2.5551122765204095,4.811650570339024,WEBOTS_UNKNOWN,ekf_on_cluster_on,1,1
1784332692.73536,11.9542236328125,-200.0,200.0,0.2,6.283185305911018,1.5010881268917817,0.9999999985904025,-4.6425130023167004e-11,6.283185306496593,1784332692.7067335,None,None,None, None, 1784332692.7328062,0.9748612431610768,track,none,0.0,nan,nan,0.0,0.0,4.8518199274922535,-2.5262686376695416,4.773803436118574,WEBOTS_UNKNOWN,ekf_on_cluster_on,1,1
1784332692.8370762,12.05593991279602,-200.0,200.0,0.2,6.283185305903591,1.5705271687120328,0.9999999985023142,-7.754136501980573e-11,6.283185306490217,1784332692.7889588,None,None,None, None, 1784332692.8380759,0.9517360346497837,track,none,0.0,nan,nan,0.0,0.0,4.894828666086591,-2.5386652464094825,4.747069332189349,WEBOTS_UNKNOWN,ekf_on_cluster_on,1,1
1784332692.9460592,12.164922952651978,-200.0,200.0,0.2,6.2831853059051355,1.6401832167064123,0.9999999984134335,-2.2714476291965948e-11,6.283185306488162,1784332692.8794014,None,None,None, None, 1784332692.9350202,1.0740761585386915,track,none,0.0,nan,nan,0.0,0.0,4.894828666086591,-2.5386652464094825,4.747069332189349,WEBOTS_UNKNOWN,ekf_on_cluster_on,1,1
1784332693.0352025,12.254066228866577,-200.0,200.0,0.2,6.283185305930757,1.709868465847227,0.999999998324623,1.9944981817379696e-10,6.283185306507149,1784332692.9745944,None,None,None, None, 1784332692.9986296,1.0306918185904426,track,none,0.0,nan,nan,0.0,0.0,4.894828666086591,-2.5386652464094825,4.747069332189349,WEBOTS_UNKNOWN,ekf_on_cluster_on,1,1
1784332693.144373,12.363236665725708,-200.0,200.0,0.2,6.283185305932205,1.7795575996687658,0.9999999982375932,7.833619086038913e-11,6.283185306512524,1784332693.153378,None,None,None, None, 1784332693.0787556,1.0547917183312967,track,none,0.0,nan,nan,0.0,0.0,5.0034953976650876,-2.4991049496698765,4.695759731685022,WEBOTS_UNKNOWN,ekf_on_cluster_on,1,1
1784332693.235542,12.454405784606934,-200.0,200.0,0.2,6.283185305923739,1.8492472494766394,0.9999999981506636,-8.145990985242993e-12,6.283185306511019,1784332693.2280338,None,None,None, None, 1784332693.170414,0.9833523751717491,track,none,0.0,nan,nan,0.0,0.0,5.038988936063034,-2.5041890793526917,4.657813414075065,WEBOTS_UNKNOWN,ekf_on_cluster_on,1,1
1784332693.338267,12.557130813598633,-200.0,200.0,0.2,6.2831853059160006,1.9189369678067505,0.999999998063144,-3.6037357205850376e-11,6.28318530650797,1784332693.312642,None,None,None, None, 1784332693.3217278,0.9213836367246131,track,none,0.0,nan,nan,0.0,0.0,5.103739702475355,-2.4920660199973046,4.642173472762129,WEBOTS_UNKNOWN,ekf_on_cluster_on,1,1
1784332693.4360425,12.654906272888184,-200.0,200.0,0.2,6.283185305935437,1.5095335584578966,0.999999998595897,-3.190067810290887e-11,6.283185306505598,1784332693.3869746,1.5032061235410692,0.9999999986040962,6.283185305980281, 1784332693.383975, 1784332693.387975,0.9397060140129709,track,none,0.0,nan,nan,0.0,0.0,5.140449403440678,-2.4947220411515123,4.599837452248701,WEBOTS_UNKNOWN,ekf_on_cluster_on,1,1
1784332693.5353706,12.754234313964844,-200.0,200.0,0.2,6.283185305935921,1.5527533393116573,0.9999999985421252,-5.056273652180604e-12,6.283185306505192,1784332693.5498827,None,None,None, None, 1784332693.470256,0.9289381712453634,track,none,0.0,nan,nan,0.0,0.0,4.705726457087704,-2.4824605147133254,4.584202938471055,WEBOTS_UNKNOWN,ekf_on_cluster_on,1,1
1784332693.636209,12.855072736740112,-200.0,200.0,0.2,6.283185305958683,1.6145685805045331,0.9999999984652477,2.1795399562334392e-10,6.2831853065375425,1784332693.615674,None,None,None, None, 1784332693.6437304,1.0664060169982652,track,none,0.0,nan,nan,0.0,0.0,4.746295294671319,-2.466603878272785,4.564160297424558,WEBOTS_UNKNOWN,ekf_on_cluster_on,1,1
1784332693.7353127,12.954176425933838,-200.0,200.0,0.2,6.283185305956345,1.6828268167315474,0.9999999983819109,6.22440816721954e-11,6.283185306541704,1784332693.6825325,None,None,None, None, 1784332693.7187846,1.0069821237197087,track,none,0.0,nan,nan,0.0,0.0,4.787570905373971,-2.4750925766619907,4.528450518813675,WEBOTS_UNKNOWN,ekf_on_cluster_on,1,1
1784332693.8357632,13.054626941680908,-200.0,200.0,0.2,6.283185305954061,1.7523137016694506,0.9999999982969117,4.923499695514539e-11,6.283185306545492,1784332693.7594688,None,None,None, None, 1784332693.81566,0.9627680089795057,track,none,0.0,nan,nan,0.0,0.0,4.850174113889701,-2.462628741941713,4.5128141260388706,WEBOTS_UNKNOWN,ekf_on_cluster_on,1,1
1784332693.9397826,13.15864634513855,-200.0,200.0,0.2,6.283185305941809,1.8219762379648194,0.9999999982115384,-5.278090903083957e-11,6.283185306536531,1784332693.9292428,None,None,None, None, 1784332693.8917074,0.9651122451967823,track,none,0.0,nan,nan,0.0,0.0,4.8901460550580715,-2.4682646106569437,4.472696332001944,WEBOTS_UNKNOWN,ekf_on_cluster_on,1,1
1784332694.0356047,13.254468441009521,-200.0,200.0,0.2,6.283185305935152,1.8916623511728246,0.9999999981252825,-5.012177609476126e-11,6.283185306532337,1784332694.0129168,None,None,None, None, 1784332693.9783413,1.0873895429475522,track,none,0.0,nan,nan,0.0,0.0,4.8901460550580715,-2.4682646106569437,4.472696332001944,WEBOTS_UNKNOWN,ekf_on_cluster_on,1,1
1784332694.1353507,13.354214429855347,-149.45070715733598,200.0,0.2,6.283185305933702,1.961351599781132,0.9999999980385589,-2.8270887279210164e-11,6.283185306530321,1784332694.159529,None,None,None, None, 1784332694.133844,1.0786507041649434,apf_colreg,crossing_from_starboard,-1.0,2.872441341179031,6.608092971129347,23.916332853611024,7.205720981984752,5.046166398265573,-2.441165739849831,4.439299548967585,WEBOTS_UNKNOWN,ekf_on_cluster_on,1,1
1784332694.2371733,13.456037044525146,-141.44036195136096,200.0,0.2,6.281542612079682,2.025869422552518,0.9998778998384346,2.8387670158147622e-11,6.283185306532458,1784332694.159529,1.6408053670222278,1.0000005766282727,0.0013053761486627735, 1784332694.2491722, 1784332694.2261455,0.9924082531702634,apf_colreg,crossing_from_starboard,-1.0,2.844928108088261,7.07761859063266,23.882569494392172,7.2724268085725114,5.046166398265573,-2.441165739849831,4.439299548967585,WEBOTS_UNKNOWN,ekf_on_cluster_on,1,1
1784332694.3354497,13.55431342124939,-126.18390294269793,197.74540922615833,0.2,6.280438106158228,2.0887975734559903,0.9995750253208744,0.014477326083673062,0.0014572399135541758,1784332694.353178,None,None,None, None, 1784332694.322447,1.0401122546834545,apf_colreg,crossing_from_starboard,-1.0,2.8372198727213056,7.296039831264882,23.875782477796264,7.3569459795449195,5.075845639357126,-2.453307504972178,4.402538658422189,WEBOTS_UNKNOWN,ekf_on_cluster_on,1,1
1784332694.435626,13.654489755630493,-171.06390451344598,200.0,0.2,6.294098401335681,1.6707444218965843,1.0000054044802429,0.16510987568924934,0.027282032715510888,1784332694.4165955,1.664417376970803,1.000016253697579,0.007243522074846354, 1784332694.386766, 1784332694.3887756,1.013194912022557,apf_colreg,crossing_from_starboard,-1.0,1.4378662366995596,34.824079776680335,23.96813711962459,7.144523175108278,5.122137001234518,-2.4394021238196655,4.385376603730978,WEBOTS_UNKNOWN,ekf_on_cluster_on,1,1
1784332694.5379386,13.756802320480347,-171.3188338474574,200.0,0.2,0.017278808664938656,1.703285957788324,1.000477805113749,0.02683497726366674,0.029865399853306183,1784332694.512864,None,None,None, None, 1784332694.5389385,0.9083281584967368,apf_colreg,crossing_from_starboard,-1.0,2.454179551319019,14.344783491600927,24.031168612008027,7.026132228467304,4.690005528007885,-2.3999037296331074,4.346503104395182,WEBOTS_UNKNOWN,ekf_on_cluster_on,1,1
1784332694.6361408,13.85500454902649,-170.61842550708965,200.0,0.2,0.02356367648349663,1.7564016373272358,1.0014962534693694,0.043687391710048186,0.033412102730302415,1784332694.5940478,None,None,None, None, 1784332694.6351314,1.0027831408920231,apf_colreg,crossing_from_starboard,-1.0,2.7233648967461788,9.508739128717217,23.98876610439961,6.792850853806736,4.690005528007885,-2.3999037296331074,4.346503104395182,WEBOTS_UNKNOWN,ekf_on_cluster_on,1,1
1784332694.735271,13.954134702682495,-168.88074592384865,200.0,0.2,0.02837322726966179,1.819045930000502,1.0030753002616315,0.030796554658489274,0.03666672633839614,1784332694.6997292,None,None,None, None, 1784332694.7277594,1.0288316113497853,apf_colreg,crossing_from_starboard,-1.0,2.695992614545008,7.6068507059024535,24.194045782935177,6.946377927909856,4.749375003457939,-2.386281481525361,4.318523681994541,WEBOTS_UNKNOWN,ekf_on_cluster_on,1,1
1784332694.8379023,14.056766033172607,-64.49616684530314,200.0,0.2,0.033117317798722415,1.8841740156026034,1.004983375685505,0.03575238131848613,0.04004906221752538,1784332694.7943337,None,None,None, None, 1784332694.8153634,1.0087800184137123,apf_colreg,crossing_from_starboard,-1.0,2.747357533860206,7.259233556721159,24.006201152637455,6.782079311583421,4.800179736494037,-2.4144944631270153,4.300597001523485,WEBOTS_UNKNOWN,ekf_on_cluster_on,1,1
1784332694.9363894,14.155253171920776,-44.13587253111185,200.0,0.2,0.03438803802084461,1.9412961237770763,1.0067394354093064,0.030426284437919136,0.042701760457969896,1784332694.94539,None,None,None, None, 1784332694.9015481,0.9323284595716237,apf_colreg,crossing_from_starboard,-1.0,2.6665465009570193,7.703238132619936,24.005837152503016,6.8396748329877,4.8644973000631175,-2.3740707176815126,4.253395263880279,WEBOTS_UNKNOWN,ekf_on_cluster_on,1,1
1784332695.0365477,14.255411386489868,-13.338881568062048,197.89430314763337,0.2,0.03772856041950047,1.995300832933746,1.0083377162803515,0.06724294025165295,0.05248639011151643,1784332695.0270298,None,None,None, None, 1784332695.0595822,1.054076367932564,apf_colreg,crossing_from_starboard,-1.0,2.632487498270736,7.701454963530718,24.06036413102348,6.886220256470946,4.848036666392179,-2.4090837934914213,4.217816074533847,WEBOTS_UNKNOWN,ekf_on_cluster_on,1,1
1784332695.1351814,14.354045152664185,-200.0,-200.0,0.2,0.040283532358767915,2.046560162952979,1.0100119543587507,0.06183341002537569,0.056822257966918255,1784332695.0971515,None,None,None, None, 1784332695.1291215,0.9998962590103593,apf_colreg,crossing_from_starboard,-1.0,2.634985753866126,7.978715975469208,24.123294791838017,6.858836485838861,4.877713746701699,-2.4342702307311432,4.232597148365461,WEBOTS_UNKNOWN,ekf_on_cluster_on,1,1
1784332695.2378647,14.456728458404541,-200.0,-200.0,0.2,0.0667585721299784,2.0889679739765157,1.012065304478464,0.17178666010034138,0.06921572210297584,1784332695.2683895,None,None,None, None, 1784332695.2378647,0.9085465645610541,apf_colreg,crossing_from_starboard,-1.0,2.566012782932521,9.166553383814076,24.250345480668404,6.198189253014779,4.877713746701699,-2.4342702307311432,4.232597148365461,WEBOTS_UNKNOWN,ekf_on_cluster_on,1,1
1784332695.3440752,14.562938928604126,-200.0,-200.0,0.2,0.0806696844636656,2.127583465535333,1.01540738925964,-0.026840300444580727,0.06655602447658057,1784332695.2683895,None,None,None, None, 1784332695.3250542,0.9536815857783654,apf_colreg,crossing_from_starboard,-1.0,2.5227798316356065,10.629267957776337,24.2468740427069,5.892614402675131,5.108689760744385,-2.2470803986680625,4.155570373110239,WEBOTS_UNKNOWN,ekf_on_cluster_on,1,1
1784332695.4388793,14.657742977142334,29.882001564764447,200.0,0.2,0.07445575906644418,1.805822760989785,1.002772893977316,-0.07168689254156395,0.05854640671269455,1784332695.5129654,1.8010878196997835,1.0025581519551345,0.04879989247577754, 1784332695.390634, 1784332695.5129654,1.06815390388169,apf_colreg,crossing_from_starboard,-1.0,4.293136883699288,12.41369850677331,24.622024735827598,6.312444608564213,4.78311113979642,-2.2892604397844307,4.17495170873489,WEBOTS_UNKNOWN,ekf_on_cluster_on,1,1
1784332695.597606,14.816469669342041,40.847785097004305,200.0,0.2,0.07411392247509545,1.815778174144108,1.0035219752345945,-0.011427730276835807,0.05702828529281863,1784332695.6106122,None,None,None, None, 1784332695.5129654,1.06815390388169,apf_colreg,crossing_from_starboard,-1.0,0.5901460471850937,33.65447854357112,24.988527163217036,6.411207329142664,4.826583317939382,-2.2326861044813007,4.136482048938231,WEBOTS_UNKNOWN,ekf_on_cluster_on,1,1
1784332695.8072639,15.026127576828003,71.77384708794752,200.0,0.2,0.06700748735196366,1.8392031716059838,1.0051197978011157,-0.011427730276835807,0.05474273923745147,1784332695.6106122,None,None,None, None, 1784332695.5129654,1.06815390388169,apf_colreg,crossing_from_starboard,-1.0,1.8328762273738477,21.307011649955218,24.478754315010388,6.628707765934242,4.826583317939382,-2.2326861044813007,4.136482048938231,WEBOTS_UNKNOWN,ekf_on_cluster_on,1,1
1784332696.0127814,15.231645107269287,-200.0,-200.0,0.2,0.05742332306235688,1.8723719468195221,1.0070159588560594,-0.002968805438601269,0.053625985167764526,1784332695.986775,None,None,None, None, 1784332695.986775,0.9696789152259351,apf_colreg,crossing_from_starboard,-1.0,2.118889999239754,15.294330279957864,24.797968151026733,6.925165035738748,4.799983481535468,-2.3088222025469562,4.135857503516197,WEBOTS_UNKNOWN,ekf_on_cluster_on,1,1
1784332696.1144128,15.333276510238647,200.0,200.0,0.2,0.03934359230393672,1.9061998816512478,1.0090590789596323,-0.1890454974368127,0.03838828266790985,1784332696.0673783,None,None,None, None, 1784332696.068377,0.9702081305239189,apf_colreg,crossing_from_starboard,-1.0,2.135560174303175,14.900088498701889,24.7864754140818,7.332757449911828,4.799983481535468,-2.3088222025469562,4.135857503516197,WEBOTS_UNKNOWN,ekf_on_cluster_on,1,1
1784332696.21496,15.433823823928833,200.0,200.0,0.2,0.019344499550744097,1.940457220678738,1.009913373914879,-0.06483201092664372,0.03175130451380577,1784332696.1697502,None,None,None, None, 1784332696.1697502,0.9397486201304162,apf_colreg,crossing_from_starboard,-1.0,2.073347132829506,14.980608263697624,24.71985380762253,7.885240726324508,4.838591427536327,-2.2660593522133996,4.1007024638989344,WEBOTS_UNKNOWN,ekf_on_cluster_on,1,1
1784332696.3155897,15.534453392028809,200.0,200.0,0.2,6.282612115919798,1.9749336736836307,1.009938837902739,-0.03206039508820386,0.029058380655553148,1784332696.392664,None,None,None, None, 1784332696.3426282,1.0768737758573874,apf_colreg,crossing_from_starboard,-1.0,2.0916376423002903,14.91293438066378,23.56588257429217,8.334569528930494,4.7775062550147265,-2.370543172790372,4.092702246495815,WEBOTS_UNKNOWN,ekf_on_cluster_on,1,1
1784332696.4518113,15.670675039291382,193.8809803658017,200.0,0.2,6.275394094003965,1.8457739075206447,1.0041802614807283,0.001371975516136538,0.02924897329883442,1784332696.4900818,1.8409214706991561,1.0040301953184063,0.012898132338866832, 1784332696.395177, 1784332696.4362545,1.0693561615741718,apf_colreg,crossing_from_starboard,-1.0,0.6637639130177189,35.67246343101904,24.28541596675754,8.65829892688209,4.7775062550147265,-2.370543172790372,4.092702246495815,WEBOTS_UNKNOWN,ekf_on_cluster_on,1,1
1784332696.5296104,15.74847412109375,200.0,200.0,0.2,6.257822773484023,1.8628057966416967,1.0037329360951974,0.024202109164263925,0.03160669028942886,1784332696.4900818,None,None,None, None, 1784332696.5140882,1.012115835653475,apf_colreg,crossing_from_starboard,-1.0,2.192002377494692,26.718660618002538,23.32835414195417,8.969484233570043,4.524865845789186,-2.455897155741729,4.060367735961248,WEBOTS_UNKNOWN,ekf_on_cluster_on,1,1
1784332696.614031,15.832894802093506,200.0,200.0,0.2,6.265897942616058,1.8855385051763698,1.0027653791857785,0.24540857023304707,0.056249097203846965,1784332696.5904956,None,None,None, None, 1784332696.614031,0.969733139959532,apf_colreg,crossing_from_starboard,-1.0,1.7116808274099593,21.988750898340477,23.648438867623398,8.841529737032642,4.524865845789186,-2.455897155741729,4.060367735961248,WEBOTS_UNKNOWN,ekf_on_cluster_on,1,1
1784332696.715738,15.934601783752441,200.0,200.0,0.2,6.266148658990116,1.9126038428024623,1.0020938475243117,0.06791249169111296,0.06302173574818004,1784332696.6902215,None,None,None, None, 1784332696.709225,1.0914385886730142,apf_colreg,crossing_from_starboard,-1.0,2.0930658991926308,17.908138538525098,23.111230149435624,8.592073223526773,4.49547437161933,-2.4932777131766697,4.011658639532695,WEBOTS_UNKNOWN,ekf_on_cluster_on,1,1
1784332696.8374634,16.05632710456848,200.0,200.0,0.2,6.263366494868999,1.9426427392720096,1.001294840866434,0.05321067602852577,0.06904395099280444,1784332696.8033984,None,None,None, None, 1784332696.8023963,0.965906239064835,apf_colreg,crossing_from_starboard,-1.0,2.400204830848072,14.89319678190477,23.44610837338193,8.80375290349371,4.49547437161933,-2.4932777131766697,4.011658639532695,WEBOTS_UNKNOWN,ekf_on_cluster_on,1,1
1784332696.9226696,16.141533374786377,200.0,200.0,0.2,6.262720038577705,1.9745939274623785,1.000302260306232,0.08350958886388299,0.07678712200461464,1784332696.8961203,None,None,None, None, 1784332696.9677455,0.9495014443072496,apf_colreg,crossing_from_starboard,-1.0,2.4319243438616756,14.021595227921047,23.585222521160475,8.86372373262918,4.49547437161933,-2.4932777131766697,4.011658639532695,WEBOTS_UNKNOWN,ekf_on_cluster_on,1,1
1784332697.0743854,16.293249130249023,200.0,200.0,0.2,6.26227269686035,2.007722849379607,0.9992626646011387,0.08104159557709163,0.08551301142402229,1784332697.003792,None,None,None, None, 1784332697.0543575,1.0077180284049285,apf_colreg,crossing_from_starboard,-1.0,2.7296710920048124,11.508225372254838,23.058352430992585,8.575044262506756,4.447339779066748,-2.539045199951985,4.008343152473792,WEBOTS_UNKNOWN,ekf_on_cluster_on,1,1
1784332697.1609974,16.3798611164093,200.0,200.0,0.2,6.2830953621120464,2.0415524997224876,0.9981885402653488,0.26790736965139045,0.11193587192985599,1784332697.1903813,None,None,None, None, 1784332697.1559985,1.0679696792279754,apf_colreg,crossing_from_starboard,-1.0,2.7374818587719285,11.199678765487306,23.29893887944822,8.146813674336064,4.447339779066748,-2.539045199951985,4.008343152473792,WEBOTS_UNKNOWN,ekf_on_cluster_on,1,1
1784332697.2897403,16.508604049682617,200.0,200.0,0.2,6.3308833351132385,2.0758088653071156,0.9980752728191256,0.4467163381346537,0.18645125567318765,1784332697.2692258,None,None,None, None, 1784332697.2436664,0.9208426379866457,apf_colreg,crossing_from_starboard,-1.0,2.9886662458316224,9.759423983585895,23.374680442668513,6.651848305080762,4.466906175669606,-2.5225485648092225,3.9650897208329896,WEBOTS_UNKNOWN,ekf_on_cluster_on,1,1
1784332697.3298717,16.54873538017273,200.0,200.0,0.2,0.1053553147964823,2.1102061126994527,0.9999959972790831,0.4467163381346537,0.2757945233001184,1784332697.2692258,None,None,None, None, 1784332697.3163564,1.0139720579151574,apf_colreg,crossing_from_starboard,-1.0,3.017189794097093,9.499444400423664,23.746709424889264,5.333704881274409,4.466906175669606,-2.5225485648092225,3.9650897208329896,WEBOTS_UNKNOWN,ekf_on_cluster_on,1,1
1784332697.4239678,16.642831563949585,200.0,200.0,0.2,0.13149682874088545,1.9289815975485818,1.0077686983843834,0.07045415448040558,0.28306560750840676,1784332697.372429,1.9259489473143603,1.0078202577328463,0.14348635599800375, 1784332697.407952, 1784332697.4343858,1.0663088325965338,apf_colreg,crossing_from_starboard,-1.0,2.9291798061809287,18.331239667978988,24.010110974790205,4.999815915692641,4.641604291895003,-2.2416798541641483,3.9214110139711122,WEBOTS_UNKNOWN,ekf_on_cluster_on,1,1
1784332697.5156283,16.73449206352234,200.0,200.0,0.2,0.14074959354865652,1.9454172758680086,1.009977683160153,0.0758400306553143,0.2909249691294548,1784332697.4760597,None,None,None, None, 1784332697.538184,0.934984575573473,apf_colreg,crossing_from_starboard,-1.0,3.0744076311639916,13.813157559057863,24.28819772725061,4.876705478445464,4.641604291895003,-2.2416798541641483,3.9214110139711122,WEBOTS_UNKNOWN,ekf_on_cluster_on,1,1
1784332697.6303685,16.84923219680786,200.0,200.0,0.2,0.17058501955640704,1.9676184009752458,1.013030281569812,0.33445006905487873,0.3170651239889117,1784332697.6484087,None,None,None, None, 1784332697.6584148,0.9175526765581449,apf_colreg,crossing_from_starboard,-1.0,3.234095785980484,9.965450596178975,24.65700836366351,4.2667119177469015,4.609546276548996,-2.243412353093482,3.879819900556994,WEBOTS_UNKNOWN,ekf_on_cluster_on,1,1
1784332697.725391,16.944254636764526,200.0,200.0,0.2,0.17788893987015394,1.9940275878278633,1.0176625419408882,0.04177324461690514,0.3209997609008018,1784332697.7419176,None,None,None, None, 1784332697.7609518,0.9624906221600139,apf_colreg,crossing_from_starboard,-1.0,3.291844625586023,8.888190989692307,23.93466005270194,3.733612227225645,4.609546276548996,-2.243412353093482,3.879819900556994,WEBOTS_UNKNOWN,ekf_on_cluster_on,1,1
1784332697.813723,17.032586812973022,200.0,200.0,0.2,0.21948069752874905,2.0234534903575847,1.0228018494550688,0.4203642495714781,0.360307584201922,1784332697.8147306,None,None,None, None, 1784332697.8483965,1.0061325153017722,apf_colreg,crossing_from_starboard,-1.0,3.2507520049875858,8.148318055171101,24.204432257243123,2.912961549193212,4.71636374872206,-2.179234297034648,3.864221812791325,WEBOTS_UNKNOWN,ekf_on_cluster_on,1,1
1784332697.913504,17.132367610931396,200.0,200.0,0.2,0.2716789262348706,2.054458607165552,1.0299162873284913,0.4203642495714781,0.44438043411621764,1784332697.9357471,None,None,None, None, 1784332697.8483965,1.0061325153017722,apf_colreg,crossing_from_starboard,-1.0,3.2877791993482273,7.562212524013088,24.447593931756195,1.6740977469873384,4.71636374872206,-2.179234297034648,3.864221812791325,WEBOTS_UNKNOWN,ekf_on_cluster_on,1,1
1784332698.0143633,17.233227014541626,200.0,200.0,0.2,0.31980937146273425,2.0860853797546337,1.0391356932704046,0.33504976540379355,0.4849269848487486,1784332698.0143633,None,None,None, None, 1784332698.0228963,1.0916169423981859,apf_colreg,crossing_from_starboard,-1.0,3.185982247777975,7.389073293728889,24.930383487164836,0.6612206040894772,4.982058628210975,-1.9271126801325036,3.813602056069248,WEBOTS_UNKNOWN,ekf_on_cluster_on,1,1
1784332698.124731,17.343594789505005,-200.0,-200.0,0.2,0.367784476008203,2.117835427256,1.0500627373577025,0.33504976540379355,0.5519369379295073,1784332698.1402426,None,None,None, None, 1784332698.1157227,1.047614177176411,apf_colreg,crossing_from_starboard,-1.0,2.9530081195403928,8.648451128274603,26.49364778944436,-1.2690092369647772,5.075502423478287,-1.8655957833212777,3.785831945163651,WEBOTS_UNKNOWN,ekf_on_cluster_on,1,1
1784332698.222715,17.44157862663269,-200.0,-200.0,0.2,0.4022531385182186,2.1491192502613172,1.0631371660347755,0.08918454349940567,0.5631634247408214,1784332698.245739,None,None,None, None, 1784332698.2302287,1.0578372940875542,apf_colreg,crossing_from_starboard,-1.0,3.793988498761665,6.359869325829655,26.317505509771248,-1.9290201246864485,5.215477313342761,-1.7405674572124952,3.7910443877810556,WEBOTS_UNKNOWN,ekf_on_cluster_on,1,1
1784332698.3234117,17.542275428771973,-200.0,-200.0,0.2,0.42634916649080457,2.180146410716426,1.0773342634682832,0.007206716488074466,0.5639237074333752,1784332698.3509912,None,None,None, None, 1784332698.348811,1.0072527352891016,apf_colreg,crossing_from_starboard,-1.0,4.0208849060487,2.568040378077541,26.834141696736445,-3.4048963172033755,5.315844339762516,-1.5947338430815288,3.76443939631529,WEBOTS_UNKNOWN,ekf_on_cluster_on,1,1
1784332698.4140406,17.632904291152954,-200.0,-200.0,0.2,0.37476730917168866,2.0109402634721154,1.0203841572786727,-0.02306797075094015,0.5614957512414277,1784332698.4231207,2.0082972444429728,1.0194352087887222,0.23973159478463746, 1784332698.410041, 1784332698.4080408,0.9233250320002766,apf_colreg,crossing_from_starboard,-1.0,4.121242160631038,0.32193297387680747,27.268203068928738,-1.971679729554332,5.422689054951556,-1.4849695156157772,3.736937018263146,WEBOTS_UNKNOWN,ekf_on_cluster_on,1,1
1784332698.5143957,17.733259439468384,-200.0,-200.0,0.2,0.38364769755842687,2.0264358134780007,1.0268259834123676,-0.1302705683303258,0.5410558734886021,1784332698.5078945,None,None,None, None, 1784332698.4958687,1.0476971642881518,apf_colreg,crossing_from_starboard,-1.0,4.083197975319422,0.6802415305998221,27.398219916542267,-2.8164525667750215,5.149404708235793,-1.6219014463905026,3.713075944269706,WEBOTS_UNKNOWN,ekf_on_cluster_on,1,1
1784332698.6156437,17.83450746536255,-200.0,-200.0,0.2,0.38842975694532245,2.0472350267854758,1.0355446338959096,-0.08263871900471487,0.5351156757087348,1784332698.579776,None,None,None, None, 1784332698.579776,0.9095051258123545,apf_colreg,crossing_from_starboard,-1.0,4.042313256918469,1.0675787863279753,27.48626510371725,-2.8424619402439917,5.194452144829965,-1.5554340454689126,3.7151038033359542,WEBOTS_UNKNOWN,ekf_on_cluster_on,1,1
1784332698.7129447,17.931808471679688,-200.0,-200.0,0.2,0.39054097015244754,2.0720215515937617,1.0460378114739497,-0.08583784950957182,0.52815154626753,1784332698.6609073,None,None,None, None, 1784332698.6599078,1.0634631938731136,apf_colreg,crossing_from_starboard,-1.0,4.029048996085483,1.2737283883509714,27.447370914115933,-3.0996269369861453,5.271359891100191,-1.4396200845081986,3.6935254906857384,WEBOTS_UNKNOWN,ekf_on_cluster_on,1,1
1784332698.8191285,18.037992238998413,-200.0,-200.0,0.2,0.3884737317297123,2.099577550068482,1.0577461118258573,-0.11160059091263526,0.5194953845207315,1784332698.8481605,None,None,None, None, 1784332698.8356435,1.0744683383120455,apf_colreg,crossing_from_starboard,-1.0,3.9824657059425372,1.399805590785339,27.430046547198625,-3.459380742470948,5.271359891100191,-1.4396200845081986,3.6935254906857384,WEBOTS_UNKNOWN,ekf_on_cluster_on,1,1
1784332698.9136055,18.132469177246094,-200.0,-200.0,0.2,0.38885952307336175,2.128980422866128,1.0701165356383917,-0.07433833077438166,0.511341252112184,1784332698.9136055,None,None,None, None, 1784332698.8995862,0.9542465844665169,apf_colreg,crossing_from_starboard,-1.0,3.967167576336951,1.4653293279526312,27.580407158444412,-3.3908316263130374,5.3193462173472215,-1.3936692641647264,3.6812545786159614,WEBOTS_UNKNOWN,ekf_on_cluster_on,1,1
1784332699.0138788,18.23274254798889,-200.0,-200.0,0.2,0.3876886108901472,2.159479199509018,1.0829879499576847,-0.09234113817125605,0.4987663530121266,1784332698.9843392,None,None,None, None, 1784332698.9733317,0.9379334537256361,apf_colreg,crossing_from_starboard,-1.0,3.978094861845786,1.3625410317688882,27.606790797907106,-3.229099016058455,5.393796276862162,-1.3273167821523515,3.6352208613887376,WEBOTS_UNKNOWN,ekf_on_cluster_on,1,1
1784332699.1133306,18.332194328308105,-200.0,-200.0,0.2,0.3870947132112457,2.1906600510076366,1.0960916578054827,-0.0835979505232089,0.4899080242108793,1784332699.0903027,None,None,None, None, 1784332699.055978,0.974463923985103,apf_colreg,crossing_from_starboard,-1.0,3.945890613737187,1.2470289680475226,27.590695702149308,-3.6752704135733807,5.4358243260495716,-1.2336036384305162,3.6472503007288313,WEBOTS_UNKNOWN,ekf_on_cluster_on,1,1
1784332699.2245226,18.44338631629944,-200.0,-200.0,0.2,0.38288214018930095,2.2222333253738142,1.1093445945868121,-0.11635421899941009,0.478485830791496,1784332699.1884701,None,None,None, None, 1784332699.2671483,1.026183842897492,apf_colreg,crossing_from_starboard,-1.0,3.9414843623837714,1.2938839651899983,27.27603240489351,-4.420169689108198,5.4358243260495716,-1.2336036384305162,3.6472503007288313,WEBOTS_UNKNOWN,ekf_on_cluster_on,1,1
1784332699.315253,18.534116744995117,-200.0,-200.0,0.2,0.3718357561051639,2.2541029116491313,1.1225181509937323,-0.16683263432609233,0.46385148478590804,1784332699.2761889,None,None,None, None, 1784332699.3468332,1.0478453395366607,apf_colreg,overtaking,-1.0,4.581319552419023,0.0,21.32478368225368,-3.4975887213220895,5.519223877328544,-1.1362279754709024,3.6241875970449415,WEBOTS_UNKNOWN,ekf_on_cluster_on,1,1
1784332699.413811,18.63267469406128,-200.0,-200.0,0.2,0.36786780697360283,2.286279181659409,1.135303362243874,-0.08361991998225514,0.456184448761,1784332699.367878,None,None,None, None, 1784332699.4274254,1.0130825113747723,apf_colreg,overtaking,-1.0,4.696626554337694,0.0,21.26457975682093,-3.7014940673280603,5.558823200004961,-1.1058646585175946,3.602870272849035,WEBOTS_UNKNOWN,ekf_on_cluster_on,1,1
1784332699.5375872,18.75645089149475,-200.0,-200.0,0.2,0.275157047681047,2.0930996745780073,1.0366927797616152,-0.05353172749095029,0.4515228675441933,1784332699.4549587,2.09072394094001,1.0355193314910465,0.09932975506717945, 1784332699.420915, 1784332699.5515952,0.9581153215078055,apf_colreg,overtaking,-1.0,5.109718010660527,0.0,21.900767513807633,-0.6196617595026843,5.558823200004961,-1.1058646585175946,3.602870272849035,WEBOTS_UNKNOWN,ekf_on_cluster_on,1,1
1784332699.6132102,18.83207392692566,-200.0,-200.0,0.2,0.2785400633984521,2.107643964427491,1.0409578503491592,-0.0837033719101197,0.4427644255101468,1784332699.6660042,None,None,None, None, 1784332699.6484919,0.9619625840286193,apf_colreg,overtaking,-1.0,5.223510304483451,0.0,22.05519292372902,-0.30905563763716437,5.198149227964804,-1.3765956273566544,3.5597071048148763,WEBOTS_UNKNOWN,ekf_on_cluster_on,1,1
1784332699.7216418,18.940505504608154,-200.0,-34.571236632317685,0.2,0.2550031200048022,2.128018268338383,1.0470120515040526,-0.33512797503832814,0.4071038482922505,1784332699.6660042,None,None,None, None, 1784332699.740152,0.9007259003290853,apf_colreg,overtaking,-1.0,5.2489134669430655,0.0,22.386829695420854,0.20095660860090128,5.243751914072829,-1.2834852419280138,3.5486353110985447,WEBOTS_UNKNOWN,ekf_on_cluster_on,1,1
1784332699.8280604,19.046924114227295,-200.0,-43.00593166259325,0.2,0.2437132287204434,2.15972557049104,1.0552013296626406,-0.08638555154757409,0.3980185140734336,1784332699.8493137,None,None,None, None, 1784332699.8240669,1.0879528827514438,apf_colreg,overtaking,-1.0,5.146598799832474,0.0,22.110156613841582,0.3965185459014675,5.224914158907721,-1.321217468425403,3.5361041338285957,WEBOTS_UNKNOWN,ekf_on_cluster_on,1,1
1784332699.9232326,19.142096281051636,-200.0,-58.97946659352141,0.2,0.23592481001760554,2.1986621800568127,1.0649334420851808,-0.08121549222675403,0.39167252748925874,1784332699.8493137,None,None,None, None, 1784332699.9292352,0.959829277991411,apf_colreg,overtaking,-1.0,5.106694114922178,0.0,22.002598759663073,0.48545754504720445,5.224914158907721,-1.321217468425403,3.5361041338285957,WEBOTS_UNKNOWN,ekf_on_cluster_on,1,1
1784332700.0146427,19.233506441116333,-200.0,-79.6007158617659,0.2,0.23087472990412736,2.2411136895099135,1.0752936699206312,-0.07286779460090172,0.3814130200336223,1784332699.99011,None,None,None, None, 1784332700.0081303,0.9654349634920274,apf_colreg,overtaking,-1.0,5.042936511205931,0.0,22.22942833704321,0.6344212564924558,5.300075641430518,-1.2248147768441264,3.516260954781744,WEBOTS_UNKNOWN,ekf_on_cluster_on,1,1
1784332700.1153226,19.3341863155365,-200.0,-81.56962826932886,0.2,0.19849710238849655,2.284601142865947,1.0857557871983365,-0.3291208265141607,0.35223230382363063,1784332700.0787725,None,None,None, None, 1784332700.087282,1.043861584905421,apf_colreg,overtaking,-1.0,4.943392164744524,0.0,22.080854930927323,1.2396571609345675,5.369021243131944,-1.2014749090440449,3.473435993720608,WEBOTS_UNKNOWN,ekf_on_cluster_on,1,1
1784332700.21296,19.43182373046875,-200.0,-99.20519924438658,0.2,0.18660904391961336,2.328855543925208,1.0944643651821124,-0.07294180585414532,0.3459147387072125,1784332700.1653836,None,None,None, None, 1784332700.185942,0.9568738602474655,apf_colreg,overtaking,-1.0,4.898390093344153,0.0,22.010165487897776,1.4502717385340638,5.369021243131944,-1.2014749090440449,3.473435993720608,WEBOTS_UNKNOWN,ekf_on_cluster_on,1,1
1784332700.3133068,19.53217053413391,-200.0,-120.10256870812803,0.2,0.17909067916852303,2.372703567141921,1.1028067366419751,-0.07716157386633773,0.3346551349317411,1784332700.311306,None,None,None, None, 1784332700.311306,0.9291036536800138,apf_colreg,overtaking,-1.0,4.939378169118102,0.0,21.879415680001358,0.9113232422805132,5.344493754619759,-1.2382493572360531,3.463435272686141,WEBOTS_UNKNOWN,ekf_on_cluster_on,1,1
1784332700.4130807,19.63194441795349,-200.0,14.934344717348655,0.2,0.17386370925789174,2.4155769971800285,1.1107681515666457,-0.08058571526837995,0.32953498903070455,1784332700.3748426,None,None,None, None, 1784332700.3748426,1.0732752916682935,apf_colreg,overtaking,-1.0,4.966729312152824,0.0,21.902388253557586,0.9367883200783914,5.388356903286883,-1.2398889407297238,3.4566467617107124,WEBOTS_UNKNOWN,ekf_on_cluster_on,1,1
1784332700.5133388,19.732202529907227,-200.0,95.08314224352593,0.2,0.09901254000519956,2.193344794252572,1.0451168404521887,-0.07224060187610017,0.3206155059003043,1784332700.4983118,2.1898802603542453,1.0441627099487962,6.248097419076468, 1784332700.433171, 1784332700.5163503,1.0875221119903393,apf_colreg,overtaking,-1.0,5.30865291960317,0.0,22.261134913388894,3.7004021365873805,5.4432360684296235,-1.1211984311928975,3.425710718357452,WEBOTS_UNKNOWN,ekf_on_cluster_on,1,1
1784332700.6139648,19.832828521728516,-200.0,91.97552119580433,0.2,0.09596543558565061,2.2277164403255743,1.0486228879043482,-0.06490446852237508,0.3153178498662718,1784332700.5799341,None,None,None, None, 1784332700.592451,1.0373156752504715,apf_colreg,overtaking,-1.0,5.015338835904264,0.0,21.944541469888783,3.904931611610246,5.0567309092456165,-1.3964621727747852,3.4036741022419803,WEBOTS_UNKNOWN,ekf_on_cluster_on,1,1
1784332700.714179,19.933042764663696,-200.0,-200.0,0.2,0.09217253203493678,2.2748838148060293,1.0532786022551797,-0.061424336372771636,0.31071012838249035,1784332700.7196918,None,None,None, None, 1784332700.7196918,1.0092104577719325,apf_colreg,overtaking,-1.0,4.844748404552032,0.0,21.662540991993005,3.8601575858352843,5.106450986735897,-1.3033534687196544,3.3676880208477686,WEBOTS_UNKNOWN,ekf_on_cluster_on,1,1
1784332700.8132424,20.032106161117554,-200.0,-200.0,0.2,0.09095394842521339,2.315639446484798,1.057338001610657,-0.0740033743333415,0.30021844906925893,1784332700.7967217,None,None,None, None, 1784332700.7967217,0.9360082088479305,apf_colreg,overtaking,-1.0,4.655163583530164,0.0,21.294402917794926,3.7920347371081586,5.156059054862275,-1.3166473133547185,3.357534336200706,WEBOTS_UNKNOWN,ekf_on_cluster_on,1,1
1784332700.9143517,20.13321542739868,-200.0,-200.0,0.2,0.09084654423474818,2.3535067155797367,1.0611390018009823,-0.0761034703113148,0.2956303448163792,1784332700.9203854,None,None,None, None, 1784332700.9203854,1.0150343927901686,apf_colreg,overtaking,-1.0,4.4523871006081315,0.0,21.053546184491864,4.21814411136254,5.205818603103759,-1.2625675742910432,3.3485814733584647,WEBOTS_UNKNOWN,ekf_on_cluster_on,1,1
1784332701.0137467,20.23261046409607,-200.0,-200.0,0.2,0.08956457855166117,2.389903968904483,1.0648242316428642,-0.09172992931075903,0.28276837450207615,1784332700.997225,None,None,None, None, 1784332700.9847102,1.0131613087979698,apf_colreg,overtaking,-1.0,4.247629243173827,0.0,21.05693392020214,3.4414298480871484,5.278955166766783,-1.1509124668503938,3.3150501023396313,WEBOTS_UNKNOWN,ekf_on_cluster_on,1,1
1784332701.1139789,20.332842588424683,-200.0,-200.0,0.2,0.08833921276770276,2.4255208674974087,1.068380180878594,-0.08858724393178159,0.2754388499642367,1784332701.079963,None,None,None, None, 1784332701.063888,1.0742734277494395,apf_colreg,overtaking,-1.0,3.974287777280947,0.14089447404398628,21.53870244163436,4.018896545186985,5.325064273608815,-1.1059562255563808,3.2928617660851804,WEBOTS_UNKNOWN,ekf_on_cluster_on,1,1
1784332701.215511,20.434374809265137,-200.0,-200.0,0.2,0.0871375710375903,2.4607100256836865,1.071852217904084,-0.08792394153854566,0.26871879491174294,1784332701.1563933,None,None,None, None, 1784332701.2210655,1.04585971816128,apf_colreg,overtaking,-1.0,3.813630964851253,1.1676378757503885,21.53740421570842,4.310980960959451,5.379360327170337,-1.017511380165821,3.277189273919763,WEBOTS_UNKNOWN,ekf_on_cluster_on,1,1
1784332701.3138373,20.532701015472412,-200.0,-175.04595120819624,0.2,0.08672410511227445,2.4956623990588516,1.0752606717137951,-0.0808912000493596,0.26243519609046484,1784332701.234073,None,None,None, None, 1784332701.2983127,0.9201770133636691,apf_colreg,overtaking,-1.0,3.642632361646409,2.3523893715888278,27.47203194284799,4.691486533610329,5.42738228250526,-1.0025988271771813,3.2667486799734493,WEBOTS_UNKNOWN,ekf_on_cluster_on,1,1
1784332701.4145343,20.633398056030273,-200.0,-195.3875921647187,0.2,0.0859417631256536,2.5317921857172947,1.078762883940839,-0.08259370710345156,0.2495143136992383,1784332701.390512,None,None,None, None, 1784332701.3589232,0.9995804853110986,apf_colreg,overtaking,-1.0,3.4348714323193774,3.945629797518285,27.489926122551168,4.573375643013356,5.4825749655332885,-0.9662574778200347,3.2597827268329196,WEBOTS_UNKNOWN,ekf_on_cluster_on,1,1
1784332701.514173,20.733036756515503,-200.0,39.84191763360258,0.2,-0.023598572387208583,2.292474041621158,1.041645601367004,-0.4407218512951855,0.2234859740599372,1784332701.5166943,2.2888421911747847,1.0411100138753946,6.12884164708687, 1784332701.436057, 1784332701.4826345,1.0658521033229347,apf_colreg,crossing_from_starboard,-1.0,3.948817376224322,0.0,26.91055448320482,7.197938301741603,5.046302513864664,-1.248584350086844,3.2188536949645568,WEBOTS_UNKNOWN,ekf_on_cluster_on,1,1
1784332701.6133986,20.83226227760315,-200.0,40.443758529218854,0.2,6.243306039821319,2.313297464037911,1.0409884803429434,-0.08369644623476907,0.21132434904997222,1784332701.5948768,None,None,None, None, 1784332701.6083922,0.9398352042290812,apf_colreg,crossing_from_starboard,-1.0,3.665597375792271,1.2841809246402445,26.75416080057351,7.876110032695168,5.046302513864664,-1.248584350086844,3.2188536949645568,WEBOTS_UNKNOWN,ekf_on_cluster_on,1,1
1784332701.7135818,20.932445526123047,-200.0,-200.0,0.2,6.233101017970436,2.3484083662593065,1.039489463476177,-0.07375148859257315,0.20685549806269599,1784332701.71864,None,None,None, None, 1784332701.6720257,1.0822901811595138,apf_colreg,crossing_from_starboard,-1.0,2.933612800856669,6.7106130792364675,25.84997404301721,8.541818861057678,5.042592028840604,-1.2502712338485655,3.211122261607202,WEBOTS_UNKNOWN,ekf_on_cluster_on,1,1
1784332701.812861,21.03172469139099,-200.0,-200.0,0.2,6.227730400057741,2.3833707610053287,1.0378710170570145,-0.08415293715259471,0.19504297941659843,1784332701.7958398,None,None,None, None, 1784332701.7958398,1.0920168022683434,apf_colreg,crossing_from_starboard,-1.0,2.636488921798132,7.6944783490851645,26.436117620048545,9.024507087449923,5.0671017259143625,-1.2325465281358599,3.2026129324002532,WEBOTS_UNKNOWN,ekf_on_cluster_on,1,1
1784332701.9141152,21.132978916168213,-200.0,-200.0,0.2,6.225507299737044,2.41824624589284,1.0361773592085362,-0.07756634638729662,0.19002956810747115,1784332701.8604736,None,None,None, None, 1784332701.8604736,0.950337282215455,apf_colreg,crossing_from_starboard,-1.0,2.11401787529388,9.408292452703925,26.481546542279773,8.701512017624168,5.123485359971045,-1.1677146951531039,3.164712473682016,WEBOTS_UNKNOWN,ekf_on_cluster_on,1,1
1784332702.013408,21.232271671295166,-200.0,-200.0,0.2,6.224378355028906,2.4530734525717452,1.0344754805113932,-0.08069805020479523,0.1799509697933815,1784332701.9853663,None,None,None, None, 1784332701.9853663,1.0315403209301344,apf_colreg,crossing_from_starboard,-1.0,1.7590427522568552,10.554431418868525,26.336948482592696,9.092466468166634,5.173447382418304,-1.165402825821253,3.156803612500065,WEBOTS_UNKNOWN,ekf_on_cluster_on,1,1
1784332702.1133084,21.33217215538025,-200.0,-200.0,0.2,6.222911447397831,2.4878731201157773,1.0327668361097317,-0.08918586884982291,0.17292265882962243,1784332702.0641716,None,None,None, None, 1784332702.0641716,1.0430325452300588,apf_colreg,crossing_from_starboard,-1.0,1.3331003930861876,11.174012508735018,26.239264241048037,9.620182131191886,5.238361305265609,-1.0378564735167817,3.1255066803687392,WEBOTS_UNKNOWN,ekf_on_cluster_on,1,1
1784332702.2136781,21.432541847229004,-200.0,-200.0,0.2,6.222128270110593,2.522655131218239,1.0310125758175344,-0.08321125135630936,0.16140000552552208,1784332702.2026463,None,None,None, None, 1784332702.2026463,0.9815734789733044,apf_colreg,crossing_from_starboard,-1.0,0.9260475894343964,11.675696315635811,25.685832777386665,8.771314323446198,5.2847955544054965,-0.9789699426381359,3.105537721892373,WEBOTS_UNKNOWN,ekf_on_cluster_on,1,1
1784332702.3132663,21.532130002975464,-200.0,-200.0,0.2,6.221195310930416,2.5574275613641886,1.0292424186863736,-0.08641218038160894,0.15590667825586993,1784332702.2662175,None,None,None, None, 1784332702.2662175,0.9815815919920333,apf_colreg,crossing_from_starboard,-1.0,0.5518118163821853,12.148324745714717,26.1245449450376,9.47438547232474,5.327931875454409,-0.9621937439018751,3.0972243251835248,WEBOTS_UNKNOWN,ekf_on_cluster_on,1,1
1784332702.413755,21.63261866569519,-200.0,-200.0,0.2,6.219592923248629,2.592193428140456,1.027441375101662,-0.0922931377679249,0.1430282298024388,1784332702.405756,None,None,None, None, 1784332702.405756,0.946673880836289,apf_colreg,crossing_from_starboard,-1.0,0.3424365037151417,12.257538002643118,26.140593500364968,9.415827964993966,5.392612075557583,-0.8705070648892533,3.0758704384618056,WEBOTS_UNKNOWN,ekf_on_cluster_on,1,1
1784332702.513577,21.73244071006775,-200.0,-200.0,0.2,6.1381535225715576,2.3868590271799284,1.0265225659399466,-0.08107545758541511,0.13668050478274138,1784332702.48405,2.3836880783345085,1.026535051661228,5.982861260267575, 1784332702.451804, 1784332702.4685206,1.0694944185390123,apf_colreg,crossing_from_starboard,-1.0,2.6548367186446353,13.80502585267941,25.410853494223225,11.289243421966344,5.434043254047372,-0.8358786822544092,3.06270475645707,WEBOTS_UNKNOWN,ekf_on_cluster_on,1,1
1784332702.6137428,21.832606554031372,-200.0,-200.0,0.2,6.140802138236824,2.401131324298196,1.0245826474875177,-0.08923840844711864,0.12843791171964755,1784332702.576416,None,None,None, None, 1784332702.5927386,1.0454381886259594,apf_colreg,crossing_from_starboard,-1.0,1.4881059989494676,16.17478626536379,25.231777024384492,11.635609288516628,5.085859307429729,-0.9658249708162434,3.028453518581767,WEBOTS_UNKNOWN,ekf_on_cluster_on,1,1
1784332702.713409,21.9322726726532,-200.0,-200.0,0.2,6.142258366924261,2.4215959283324415,1.021857380684779,-0.08366754666612015,0.12180332077178949,1784332702.7194548,None,None,None, None, 1784332702.672838,0.9175971862648191,apf_colreg,crossing_from_starboard,-1.0,1.131563766956542,15.041795861301859,25.400258643817093,11.354094944472543,5.135403616484604,-0.9241204494451218,3.0150127285214303,WEBOTS_UNKNOWN,ekf_on_cluster_on,1,1
1784332702.8134167,22.032280445098877,-200.0,-200.0,0.2,6.145856493299017,2.446905539946356,1.018530754763909,-0.05625787465876796,0.11439510880774109,1784332702.7873962,None,None,None, None, 1784332702.795904,1.0828343624343753,apf_colreg,crossing_from_starboard,-1.0,0.7241357410027829,13.89417188809246,24.86427800073367,11.955881749231136,5.135403616484604,-0.9241204494451218,3.0150127285214303,WEBOTS_UNKNOWN,ekf_on_cluster_on,1,1
1784332702.915644,22.134507656097412,-200.0,-200.0,0.2,6.146790076903091,2.475681852765227,1.0148899860078,-0.0863074549782566,0.10842608655156159,1784332702.9221556,None,None,None, None, 1784332702.9221556,0.938277900977669,apf_colreg,crossing_from_starboard,-1.0,0.6219033643673756,12.495787302639531,25.268199436101824,11.509496546849354,5.178956287934977,-0.8762896325807898,3.0030003755744503,WEBOTS_UNKNOWN,ekf_on_cluster_on,1,1
1784332703.0138042,22.232667922973633,-200.0,-200.0,0.2,6.14796867218735,2.5067420149327204,1.0109721283693516,-0.07645500100407693,0.10341068118364698,1784332703.0203295,None,None,None, None, 1784332702.994763,0.9223250104285782,apf_colreg,crossing_from_starboard,-1.0,0.7916858941692727,11.508251256682993,25.415207770833657,11.210790221233026,5.279783855252044,-0.7634802980006191,2.972531140219905,WEBOTS_UNKNOWN,ekf_on_cluster_on,1,1
1784332703.115638,22.33450174331665,-200.0,-200.0,0.2,6.148527470396997,2.539233759821423,1.0069159461458577,-0.0811001023783162,0.08934810351688535,1784332703.0955534,None,None,None, None, 1784332703.0800266,1.0630857490803063,apf_colreg,crossing_from_starboard,-1.0,1.0114904473346535,10.92300227753761,25.443627064962072,11.129484829424198,5.279783855252044,-0.7634802980006191,2.972531140219905,WEBOTS_UNKNOWN,ekf_on_cluster_on,1,1
1784332703.21483,22.433693647384644,-200.0,-200.0,0.2,6.1076109233671705,2.5725860894198105,1.002766715545245,-0.44654662621275304,0.05940162490657881,1784332703.1626158,None,None,None, None, 1784332703.1566155,1.0097820705684228,apf_colreg,crossing_from_starboard,-1.0,1.200278380457455,10.562567329007775,24.964386932723908,12.155681084649803,5.332586090488053,-0.715608446299953,2.9503663159875386,WEBOTS_UNKNOWN,ekf_on_cluster_on,1,1
1784332703.3139694,22.532833099365234,-200.0,-200.0,0.2,6.093332851752047,2.6061487514664994,0.996674494511375,-0.09555025946072623,0.050920821323671775,1784332703.2513733,None,None,None, None, 1784332703.3124578,1.042099687748074,apf_colreg,crossing_from_starboard,-1.0,1.2985392088354912,10.44349926719007,24.84179864476173,12.47146390427887,5.2920999628655885,-0.7725513173148836,2.929510479979197,WEBOTS_UNKNOWN,ekf_on_cluster_on,1,1
1784332703.4136634,22.632527112960815,-200.0,-200.0,0.2,6.0446925705420975,2.6399423442632455,0.9902611453064578,-0.4465815204319909,6.264756427568598,1784332703.4066634,None,None,None, None, 1784332703.384625,0.9795010301578398,apf_colreg,crossing_from_starboard,-1.0,0.4286303573809829,10.559434525527811,24.201002388432656,13.676244817955155,5.321197600549994,-0.8004248688105202,2.917814198675084,WEBOTS_UNKNOWN,ekf_on_cluster_on,1,1
1784332703.513456,22.732319831848145,-200.0,-200.0,0.2,5.961959782382663,2.470005674246332,1.0011347330163218,-0.08360908505417894,6.258297446023586,1784332703.4839156,2.467319474304094,1.001389775171272,5.835441413136893, 1784332703.461887, 1784332703.5104475,1.0870093574962931,apf_colreg,crossing_from_starboard,-1.0,2.306614229289494,10.85380733216765,22.959327744657298,15.757470759672268,5.270942327238984,-0.8393764684970364,2.887375351589959,WEBOTS_UNKNOWN,ekf_on_cluster_on,1,1
1784332703.6136334,22.832497119903564,-200.0,-200.0,0.2,5.954970158776391,2.4870303792435213,0.9954697612515073,-0.07640718713842483,6.251099878735392,1784332703.5781157,None,None,None, None, 1784332703.5926278,1.0786041405051405,apf_colreg,crossing_from_starboard,-1.0,1.3513201738570284,12.820919505641585,21.202991203068542,16.83388702860664,4.95602710318912,-0.9858775337538681,2.875833383870731,WEBOTS_UNKNOWN,ekf_on_cluster_on,1,1
1784332703.7141557,22.933019399642944,-200.0,-200.0,0.2,5.9516982347294665,2.5092949119685315,0.9880173124335161,-0.0835991830305649,6.244864457550264,1784332703.7181885,None,None,None, None, 1784332703.6562002,0.9046359041197991,apf_colreg,crossing_from_starboard,-1.0,1.1147903369275713,11.57269415305519,22.28303532479592,16.130544711198574,4.997162682021044,-0.9282815268910997,2.8485592869054654,WEBOTS_UNKNOWN,ekf_on_cluster_on,1,1
1784332703.8139045,23.03276824951172,-200.0,-200.0,0.2,5.950011858777113,2.535448254848713,0.9792401463166083,-0.08353213924450854,6.234499515680331,1784332703.776786,None,None,None, None, 1784332703.7898695,0.9304231322838648,apf_colreg,crossing_from_starboard,-1.0,0.9150096928967748,10.57364424708287,21.6565431129757,15.544924299938822,5.036347851146512,-0.885993716100524,2.8331852852542925,WEBOTS_UNKNOWN,ekf_on_cluster_on,1,1
1784332703.9140563,23.132920026779175,-200.0,-200.0,0.2,5.948706630145528,2.5642550649847764,0.9695608038094734,-0.08641241509332784,6.2280036643444046,1784332703.9156303,None,None,None, None, 1784332703.9156303,0.9244195965754382,apf_colreg,crossing_from_starboard,-1.0,0.8378408967580991,10.023694121461562,21.682631866345318,15.489198710517467,5.036347851146512,-0.885993716100524,2.8331852852542925,WEBOTS_UNKNOWN,ekf_on_cluster_on,1,1
1784332704.0138953,23.23275899887085,-200.0,-200.0,0.2,5.938657036278514,2.5947527911717936,0.959288931133881,-0.16685338940320693,6.207252887552633,1784332703.976324,None,None,None, None, 1784332703.9923487,1.0793998970145808,apf_colreg,head_on,-1.0,0.569193171377706,10.830842782772265,19.583272879086575,17.83318913983906,5.090267276634451,-0.8986956274109088,2.821834853473534,WEBOTS_UNKNOWN,ekf_on_cluster_on,1,1
1784332704.1132095,23.332073211669922,-200.0,-200.0,0.2,5.9348920945843275,2.6261458547431866,0.9482592323814756,-0.08552489307459292,6.201703409421219,1784332704.0412114,None,None,None, None, 1784332704.0739493,1.032275544679988,apf_colreg,head_on,-1.0,0.4633116720240914,10.716384106369075,19.730139290032454,17.321060870515467,5.126421168419428,-0.8203832392742718,2.790845565519698,WEBOTS_UNKNOWN,ekf_on_cluster_on,1,1
1784332704.2133167,23.432180404663086,-200.0,-200.0,0.2,5.932056634657611,2.6581270295208164,0.9369495451466185,-0.08983018916408347,6.189095326159013,1784332704.181566,None,None,None, None, 1784332704.1666536,0.9848664511931841,apf_colreg,crossing_from_starboard,-1.0,0.37379411037520355,11.086868564320042,21.0689254964078,16.042035851414667,5.161835504858545,-0.8035550523832166,2.7795033040717847,WEBOTS_UNKNOWN,ekf_on_cluster_on,1,1
1784332704.313182,23.53204584121704,-200.0,-200.0,0.2,5.930548050138871,2.690439660981078,0.9254465787231934,-0.0833191588031219,6.178337822491551,1784332704.310678,None,None,None, None, 1784332704.310678,1.0031260670356987,apf_colreg,crossing_from_starboard,-1.0,0.592393748265714,8.993696508005955,21.62557074418302,16.27322934018586,5.202604969210599,-0.7892115221400504,2.7634742064230644,WEBOTS_UNKNOWN,ekf_on_cluster_on,1,1
1784332704.4142592,23.63312292098999,-200.0,-200.0,0.2,5.929594606618164,2.722947172278589,0.9138431691444002,-0.08318476606231298,6.173264792184001,1784332704.371663,None,None,None, None, 1784332704.3866851,0.9246411467736844,apf_colreg,crossing_from_starboard,-1.0,0.5952307067953968,8.916337535761654,22.178835608195854,16.720702159748438,5.248232398352917,-0.7114259051372928,2.7405257545402972,WEBOTS_UNKNOWN,ekf_on_cluster_on,1,1
1784332704.5131588,23.732022523880005,-200.0,-200.0,0.2,5.851164765498841,2.5412807038804033,0.9678015544585885,-0.0883269546582761,6.1624046493619735,1784332704.494617,2.5384506283180874,0.9686682456016482,5.7027635104938055, 1784332704.463375, 1784332704.5141723,1.0537526949939027,apf_colreg,crossing_from_starboard,-1.0,1.6174805145368885,13.025244667426557,20.441126564693963,18.651210850063514,5.287517092977694,-0.688561335662883,2.7292085111545146,WEBOTS_UNKNOWN,ekf_on_cluster_on,1,1
1784332704.6137743,23.832638025283813,-200.0,-200.0,0.2,5.85223108263502,2.5557642924001467,0.9612938038290038,-0.10407564228318164,6.152559668244489,1784332704.5892115,None,None,None, None, 1784332704.5753367,0.9024979877066526,apf_colreg,crossing_from_starboard,-1.0,1.4028208028374,11.48428498385426,20.834636672229575,18.39363130477358,4.99367428177307,-0.7460497269060676,2.6983426168616136,WEBOTS_UNKNOWN,ekf_on_cluster_on,1,1
1784332704.7138062,23.93266987800598,-200.0,-200.0,0.2,5.85178277408668,2.5756969474972666,0.9523524436365243,-0.09555023980443578,6.146640151666295,1784332704.7138062,None,None,None, None, 1784332704.6963966,0.9820953505421002,apf_colreg,crossing_from_starboard,-1.0,1.2495453668572858,10.214225620143642,20.941973966926128,18.073831497673794,5.019603368111497,-0.7155765667615058,2.687002913412247,WEBOTS_UNKNOWN,ekf_on_cluster_on,1,1
1784332704.8133235,24.03218722343445,-200.0,-200.0,0.2,5.854326174899753,2.5997934475519084,0.9415330870114265,-0.05860038506999375,6.138661464593853,1784332704.7873175,None,None,None, None, 1784332704.7873175,1.0592308648509847,apf_colreg,crossing_from_starboard,-1.0,1.1609150194005415,9.175519355327332,20.98271618974178,17.814037870540787,5.049571381290069,-0.6907953870870503,2.675651305235512,WEBOTS_UNKNOWN,ekf_on_cluster_on,1,1
1784332704.9130137,24.131877422332764,-200.0,-200.0,0.2,5.855308908734395,2.626854111035017,0.9295155270570983,-0.08128300051559519,6.133302659751483,1784332704.9155276,None,None,None, None, 1784332704.9165394,1.039837694123398,apf_colreg,crossing_from_starboard,-1.0,1.052076632390662,8.799885464393823,20.623371956252885,18.52268528862277,5.103065055108207,-0.6105817544251285,2.644762329849213,WEBOTS_UNKNOWN,ekf_on_cluster_on,1,1
1784332705.013312,24.232175827026367,-200.0,-200.0,0.2,5.854723497696361,2.6558290512835154,0.9166785942704518,-0.09157464830077852,6.122185202823218,1784332704.9746485,None,None,None, None, 1784332704.9917717,1.0926483294056997,apf_colreg,crossing_from_starboard,-1.0,1.0097765322831478,8.275286237411834,20.800943890779514,18.409359736694356,5.139506384926355,-0.5853812793759728,2.6333648579552307,WEBOTS_UNKNOWN,ekf_on_cluster_on,1,1
1784332705.1137667,24.332630395889282,-200.0,-200.0,0.2,5.854435701712373,2.685968030409327,0.9032879415899358,-0.08347381825191236,6.11521653976108,1784332705.0581317,None,None,None, None, 1784332705.0731921,1.0648983930287645,apf_colreg,crossing_from_starboard,-1.0,0.9885882604973174,7.850075531680839,20.880193257516343,18.344181490434075,5.1797706057878,-0.5142985014458258,2.6089334442107766,WEBOTS_UNKNOWN,ekf_on_cluster_on,1,1
1784332705.2141116,24.43297529220581,-200.0,-200.0,0.2,5.8537912318065395,2.7168078927643204,0.8895781591443155,-0.08629035393149508,6.102059798699386,1784332705.2106023,None,None,None, None, 1784332705.2096004,1.0507333652839719,apf_colreg,crossing_from_starboard,-1.0,1.0198066473776946,7.508712929618805,20.54910244837966,19.088732508737795,5.215044613600256,-0.454139316660782,2.5926119492907125,WEBOTS_UNKNOWN,ekf_on_cluster_on,1,1
1784332705.3134477,24.53231143951416,-200.0,-200.0,0.2,5.85269031444104,2.7480494321892657,0.8756629854947846,-0.08921997183901481,6.094715212857083,1784332705.2929223,None,None,None, None, 1784332705.3039396,0.988461785180726,apf_colreg,crossing_from_starboard,-1.0,0.9992783096365765,7.357857759780582,20.504788585383114,19.178768924515904,5.215044613600256,-0.454139316660782,2.5926119492907125,WEBOTS_UNKNOWN,ekf_on_cluster_on,1,1
1784332705.4134262,24.63228988647461,-200.0,-199.56593298281808,0.2,5.785559915030389,2.779510910973019,0.8616023873373486,-0.6700590597100388,6.05529530357997,1784332705.3517528,None,None,None, None, 1784332705.3783731,0.9967037143729148,apf_colreg,crossing_from_starboard,-1.0,1.0619357971743681,7.139347287426038,19.103438194984925,20.6208008647504,5.262160625179834,-0.45059504338449236,2.5811957262733216,WEBOTS_UNKNOWN,ekf_on_cluster_on,1,1
1784332705.513897,24.732760667800903,-200.0,-146.75329514205438,0.2,5.691591149212577,2.6154498196343967,0.9197155522515962,-0.08921383171395691,6.041815207071933,1784332705.5028515,2.61288474183918,0.9207063979624949,5.552664415839115, 1784332705.468588, 1784332705.5195727,1.0999460188558758,apf_colreg,crossing_from_starboard,-1.0,2.1642205566277997,7.922940652968295,17.660617229881186,21.474039470675905,5.210804866423327,-0.5638952791530604,2.55015484884072,WEBOTS_UNKNOWN,ekf_on_cluster_on,1,1
1784332705.6142027,24.83306646347046,-200.0,-116.31285970238562,0.2,5.679971882790127,2.632230055225903,0.9083483322794685,-0.08182443852171653,6.034547581536549,1784332705.5916712,None,None,None, None, 1784332705.6001973,0.942966390028441,apf_colreg,crossing_from_starboard,-1.0,1.5515011787976314,8.01602778552462,17.76178212785008,21.43559927002415,4.910289292054679,-0.6899129213860201,2.537806741088191,WEBOTS_UNKNOWN,ekf_on_cluster_on,1,1
1784332705.7132382,24.93210196495056,-200.0,-113.91011288017452,0.2,5.674132391616662,2.656341687249249,0.8917916639298937,-0.07249277011136354,6.029567115378621,1784332705.7232702,None,None,None, None, 1784332705.6603742,1.0284151258522856,apf_colreg,crossing_from_starboard,-1.0,1.3146793593106931,7.361849878503003,16.406878794044193,22.630910060785595,4.932556556429703,-0.668379582542145,2.511946216384889,WEBOTS_UNKNOWN,ekf_on_cluster_on,1,1
1784332705.813453,25.0323166847229,-200.0,-113.34330585423052,0.2,5.670627755819196,2.685600527995474,0.8715853981793038,-0.07393439003871567,6.0203623869034395,1784332705.7848728,None,None,None, None, 1784332705.8004534,0.9035841486730942,apf_colreg,head_on,-1.0,0.4102887886348378,8.626072030186481,15.29035921287588,22.351837613830604,4.95436405520953,-0.6396681241602905,2.496466700446259,WEBOTS_UNKNOWN,ekf_on_cluster_on,1,1
1784332705.9135575,25.132421255111694,-200.0,-71.9138531137978,0.2,5.609389703766805,2.7179337974252107,0.8491658649343705,-0.6110454662198744,5.945709085831195,1784332705.9070458,None,None,None, None, 1784332705.8623698,1.0955569896435493,apf_colreg,head_on,-1.0,0.05382993428095221,8.441424858105279,13.485309998701544,22.754336455805735,4.989215018933312,-0.6588444227535701,2.4842777127008286,WEBOTS_UNKNOWN,ekf_on_cluster_on,1,1
1784332706.014388,25.233251810073853,-200.0,12.804221896019273,0.2,5.588179297536098,2.750986846224091,0.8219436001103482,-0.0696936793874673,5.941053041371576,1784332705.973853,None,None,None, None, 1784332705.9877586,0.9612766995021782,apf_colreg,head_on,-1.0,0.17283855076281865,8.030579437246967,9.707488314567042,24.774043242467,4.923412121900466,-0.7424806337868567,2.45051640189606,WEBOTS_UNKNOWN,ekf_on_cluster_on,1,1
1784332706.1135736,25.33243727684021,-200.0,17.432105482980432,0.2,5.574833246660473,2.786913187587515,0.791647935550837,-0.07535276803551126,5.930714489048451,1784332706.1110551,None,None,None, None, 1784332706.1110551,1.0916382704634922,apf_colreg,head_on,-1.0,0.7327044099226838,5.759801695241122,13.482023047441725,24.86033987841337,4.9377726414627015,-0.7729615289723555,2.4378822763334234,WEBOTS_UNKNOWN,ekf_on_cluster_on,1,1
1784332706.2142093,25.433073043823242,-200.0,19.6095639579011,0.2,5.567018873128528,2.824146031122755,0.7597026937433604,-0.06336652455872444,5.926480676189664,1784332706.1778698,None,None,None, None, 1784332706.17887,0.9044739258650398,apf_colreg,head_on,-1.0,0.6462531847289213,5.5837750165868005,13.365960767325232,24.988743445855203,4.968410652837562,-0.8034292381595457,2.4249719710863937,WEBOTS_UNKNOWN,ekf_on_cluster_on,1,1
1784332706.3139386,25.53280234336853,-200.0,21.04584067548856,0.2,5.5608643752086415,2.861939243462289,0.7269602157873791,-0.07163462956426593,5.921120372455687,1784332706.3187604,None,None,None, None, 1784332706.3187604,1.0992103614876219,apf_colreg,head_on,-1.0,0.5975058758593234,5.50932094110135,13.071774521846727,25.224459979606053,5.007709765422732,-0.743745164626426,2.390859037759049,WEBOTS_UNKNOWN,ekf_on_cluster_on,1,1
1784332706.4138029,25.63266658782959,-200.0,21.827820204435696,0.2,5.556210821377273,2.8999007449962546,0.6937442944987016,-0.0677553265606017,5.911547532721644,1784332706.3939836,None,None,None, None, 1784332706.3939836,0.9720539010747068,apf_colreg,head_on,-1.0,0.5503105596762238,5.689816121678659,9.982386506805561,25.480192353311335,5.0438683504776325,-0.7784999729520596,2.3774013449038995,WEBOTS_UNKNOWN,ekf_on_cluster_on,1,1
1784332706.51409,25.732953786849976,-200.0,56.17279737078915,0.2,5.487662617728195,2.6939144943908193,0.8476324238297874,-0.35424407368227384,5.887441256209846,1784332706.4620335,2.690692292053095,0.8501072593250584,5.425984636263048, 1784332706.474755, 1784332706.4575126,0.961129216277742,apf_colreg,head_on,-1.0,0.8668710029656378,11.816108758214325,11.587546530675596,25.556426618341575,5.085103209974074,-0.7403409535747759,2.342389484105472,WEBOTS_UNKNOWN,ekf_on_cluster_on,1,1
1784332706.6154258,25.83428955078125,-200.0,14.531904565555365,0.2,5.473036403847819,2.715910063405601,0.8248378290807232,-0.06837716546655297,5.882170009910988,1784332706.631533,None,None,None, None, 1784332706.6175356,1.0410448412566398,apf_colreg,head_on,-1.0,0.7896178539135973,8.15604235758551,11.568943130939513,25.6726814422673,4.762161443851503,-0.734439640318511,2.3286247530264834,WEBOTS_UNKNOWN,ekf_on_cluster_on,1,1
1784332706.7131963,25.93206000328064,-200.0,23.18892002993095,0.2,5.4504624172235845,2.7442276228190794,0.7949888149295798,-0.20821354861870972,5.849650939829097,1784332706.6953056,None,None,None, None, 1784332706.6933053,1.0797896390984034,apf_colreg,head_on,-1.0,0.6725144709946409,7.077919664048829,8.900960816955324,26.202396813886494,4.762161443851503,-0.734439640318511,2.3286247530264834,WEBOTS_UNKNOWN,ekf_on_cluster_on,1,1
1784332706.8146029,26.033466577529907,-200.0,26.863803360565058,0.2,5.439157630004663,2.7755188724813307,0.7603011323562341,-0.07011335588021851,5.844520114098035,1784332706.7684846,None,None,None, None, 1784332706.7553744,0.9008872438189883,apf_colreg,head_on,-1.0,0.5794259262617062,6.394104807497582,9.435899572993385,26.607643324069013,4.76282109810636,-0.7450116258527288,2.3030730324292663,WEBOTS_UNKNOWN,ekf_on_cluster_on,1,1
1784332706.914217,26.13308072090149,-200.0,133.79735902758298,0.2,5.431380094986496,2.808356756103987,0.7233679091197505,-0.07034990030779543,5.83472487725303,1784332706.9077206,None,None,None, None, 1784332706.892695,0.969814071445838,apf_colreg,head_on,-1.0,0.48944109592665297,6.166358291494932,5.921206174858851,24.984796145851305,4.786719997561416,-0.7605766330945977,2.279538919429422,WEBOTS_UNKNOWN,ekf_on_cluster_on,1,1
1784332707.0135405,26.232404232025146,-200.0,144.1766670443849,0.2,5.393467894866702,2.846437684840275,0.6798255483207001,-0.3374350351665659,5.814599309722095,1784332706.9673634,None,None,None, None, 1784332707.0166698,0.9500113099163394,apf_colreg,head_on,-1.0,0.40801024212717585,5.372000897305646,5.995393082434305,27.07096461770012,4.813760098451676,-0.7816847728408275,2.265833284020402,WEBOTS_UNKNOWN,ekf_on_cluster_on,1,1
1784332707.1135163,26.332380056381226,-200.0,148.28585455594646,0.2,5.376976584439041,2.884613671691671,0.6315661702279387,-0.054590201363913744,5.807685989162101,1784332707.0940037,None,None,None, None, 1784332707.082946,0.9591207323239638,apf_colreg,head_on,-1.0,0.32712928023191057,5.0132369721547585,5.899289470588347,27.71281585051435,4.795921908050105,-0.853838718620137,2.229038561059427,WEBOTS_UNKNOWN,ekf_on_cluster_on,1,1
1784332707.2146885,26.433552265167236,-200.0,150.8960832650047,0.2,5.365733269925051,2.923064769205219,0.5818186270524577,-0.048853971341974965,5.804591453001109,1784332707.2172003,None,None,None, None, 1784332707.160351,1.0505041035201044,apf_colreg,crossing_from_port,-1.0,0.2662787518166778,4.996830352464175,3.0066627186933585,24.815232702084632,4.814671992780762,-0.89746709787896,2.2142357822357845,WEBOTS_UNKNOWN,ekf_on_cluster_on,1,1
1784332707.3139725,26.532836198806763,-200.0,152.62961257435344,0.2,5.357652387923619,2.961439116669672,0.5313085977842018,-0.043471536944587934,5.798654794954968,1784332707.2939105,None,None,None, None, 1784332707.3084457,1.025728022270545,apf_colreg,crossing_from_port,-1.0,0.20644127948638233,4.94364848846449,2.362489583235823,25.512480017634648,4.841677489849385,-0.8854510802626518,2.1733371898116256,WEBOTS_UNKNOWN,ekf_on_cluster_on,1,1
1784332707.4147618,26.633625507354736,-200.0,154.0128555642239,0.2,5.350842488437156,2.999666688778163,0.4803219737360518,-0.0454092979630716,5.795786832912253,1784332707.4192755,None,None,None, None, 1784332707.3911457,0.9308669623298264,apf_colreg,crossing_from_port,-1.0,0.14396343618075377,4.966680700420334,1.7955668982587891,26.156100099397353,4.871034651342591,-0.9391821870871416,2.1581580628361765,WEBOTS_UNKNOWN,ekf_on_cluster_on,1,1
1784332707.5134625,26.73232626914978,-200.0,158.89442079256455,0.2,5.34272215921129,2.776699740794723,0.7481797322749585,-0.038015979241834835,5.791020841129899,1784332707.4824367,2.773252627055882,0.7523958659134966,5.337276049665202, 1784332707.480434, 1784332707.5074687,0.9276720529266624,apf_colreg,crossing_from_port,-1.0,2.2607573156843057,4.0450716614262205,5.031447299943428,26.835976863598994,4.900887961582582,-0.969407387552413,2.14285431727414,WEBOTS_UNKNOWN,ekf_on_cluster_on,1,1
1784332707.613479,26.832342624664307,-200.0,180.26464985489432,0.2,5.338743459419642,2.8005953590491686,0.7153885390778605,-0.036526520304746145,5.7880627296440466,1784332707.563422,None,None,None, None, 1784332707.5784452,1.0906739065830755,apf_colreg,crossing_from_port,-1.0,0.8856741153427727,8.326080558612585,3.633590586118359,25.665394352924046,4.655091432410511,-0.6408298062866062,2.103365641657022,WEBOTS_UNKNOWN,ekf_on_cluster_on,1,1
1784332707.713273,26.93213677406311,-200.0,181.27928903555255,0.2,5.3333399995796515,2.8347934298000546,0.6680229485672271,-0.043581488172791616,5.784779257342786,1784332707.7160256,None,None,None, None, 1784332707.7002723,0.9902217488564498,apf_colreg,crossing_from_port,-1.0,0.2629368206934197,6.149862229642542,3.0127003477653576,24.29193083716368,4.679626251136662,-0.6562831647373139,2.088108212056115,WEBOTS_UNKNOWN,ekf_on_cluster_on,1,1
1784332707.8180451,27.036908864974976,-200.0,182.1899960067509,0.2,5.328319710850565,2.8727499177649705,0.6147866914691633,-0.033411243007702256,5.782197816502349,1784332707.7160256,None,None,None, None, 1784332707.8080285,1.0905510194702883,apf_colreg,crossing_from_port,-1.0,0.011411313521464135,5.316018196845261,2.3474845134667484,25.36182389155091,4.708875842835581,-0.673890690202864,2.062016105771601,WEBOTS_UNKNOWN,ekf_on_cluster_on,1,1
1784332707.9141662,27.13302993774414,-200.0,182.6364665619864,0.2,5.325429609769597,2.9114196996904873,0.5599794899959587,-0.014138606323673763,5.779502466688039,1784332707.9066632,None,None,None, None, 1784332707.9066632,1.0364312092823211,apf_colreg,crossing_from_port,-1.0,0.17302049169306646,5.130316483951894,1.9089384707521249,26.51036137849311,4.73958313586516,-0.7376441504728203,2.055852559854974,WEBOTS_UNKNOWN,ekf_on_cluster_on,1,1
1784332708.0138016,27.232665300369263,-200.0,186.78077762971756,0.2,5.305016089223705,2.9501733032217317,0.5048099330386968,-0.17803850093731552,5.766306117695716,1784332707.980784,None,None,None, None, 1784332707.9872832,0.9086098709003916,apf_colreg,crossing_from_port,-1.0,0.1498066126460697,4.9483388062425675,1.137428180168182,27.274289265474415,4.765157387156558,-0.8011904934208727,2.012141427859408,WEBOTS_UNKNOWN,ekf_on_cluster_on,1,1
1784332708.1130686,27.331932306289673,-200.0,188.59708298636292,0.2,5.295581222485118,2.9877033964327424,0.4482184621923091,-0.028996314483473676,5.762731720260775,1784332708.1040547,None,None,None, None, 1784332708.0581126,1.0189724958527193,apf_colreg,crossing_from_port,-1.0,0.15081563325140243,4.855187866347537,0.3402542319025632,24.98779302602355,4.765157387156558,-0.8011904934208727,2.012141427859408,WEBOTS_UNKNOWN,ekf_on_cluster_on,1,1
1784332708.216509,27.435372829437256,-187.76068344062043,200.0,0.2,5.288850304906924,3.024993154020546,0.3911428074107297,-0.025103590309472696,5.760756209700199,1784332708.182749,None,None,None, None, 1784332708.1989737,0.9272346100289188,apf_colreg,crossing_from_port,-1.0,0.1770873083772146,4.746194129737826,-0.32515898567872714,25.324318782958738,4.8170609397855895,-0.8848765536961456,1.9778520067654843,WEBOTS_UNKNOWN,ekf_on_cluster_on,1,1
1784332708.3131933,27.53205704689026,-183.1937740302592,200.0,0.2,5.267865545411815,3.0619066801594954,0.33387725126250345,-0.15555283179092713,5.75009111748376,1784332708.2513115,None,None,None, None, 1784332708.27985,1.0480411143303636,apf_colreg,crossing_from_port,-1.0,0.19366887004852465,4.712458409310634,-1.3819971988527717,25.627789016638435,4.8170609397855895,-0.8848765536961456,1.9778520067654843,WEBOTS_UNKNOWN,ekf_on_cluster_on,1,1
1784332708.4135926,27.632456302642822,-180.9051796994316,200.0,0.2,5.2583533043115676,3.0970483851589607,0.27609852300331617,-0.014829289768427808,5.748093194065588,1784332708.3860397,None,None,None, None, 1784332708.4186099,0.9493492151167279,apf_colreg,crossing_from_port,-1.0,0.20491782874665765,4.763443971586332,-2.1088373694236457,25.85355902156971,4.818803837972284,-0.9390461651527591,1.9441257877579743,WEBOTS_UNKNOWN,ekf_on_cluster_on,1,1
1784332708.5224426,27.74130630493164,-183.11989268087441,200.0,0.2,5.265132257480962,2.8665206651961923,0.6203763554417899,-0.010930988581832692,5.7472262423764215,1784332708.465351,2.8630191382262806,0.62568589293385,5.290828700082807, 1784332708.481307, 1784332708.479306,1.054185253549349,apf_colreg,crossing_from_port,-1.0,2.044968554824249,8.572221739114243,1.4312876021649337,24.06442263052915,4.839912277364975,-0.9991148643207651,1.9299586920737133,WEBOTS_UNKNOWN,ekf_on_cluster_on,1,1
1784332708.6133552,27.832218885421753,-181.94318455033027,200.0,0.2,5.2602277509123265,2.8869472587744602,0.5869405392295368,-0.0021544559465173966,5.747057479133039,1784332708.6243744,None,None,None, None, 1784332708.5596874,0.9035283167018758,apf_colreg,crossing_from_port,-1.0,0.8109505293871361,8.418568080199668,0.6460889438283455,24.61021888141899,4.598826974005421,-0.5797662762472505,1.8933644515680967,WEBOTS_UNKNOWN,ekf_on_cluster_on,1,1
1784332708.713103,27.93196678161621,-181.11052247095316,200.0,0.2,5.257255889287701,2.9169477810060505,0.5374241716020514,0.0011152158062700105,5.747227695154491,1784332708.6963139,None,None,None, None, 1784332708.6963139,1.0804163634986448,apf_colreg,crossing_from_port,-1.0,0.4822370801612029,5.509688322143659,-1.5963090388092986,26.404467613643444,4.6133286820764425,-0.6131290288864134,1.8802244506882322,WEBOTS_UNKNOWN,ekf_on_cluster_on,1,1
1784332708.8139184,28.032782077789307,-180.5064549991213,200.0,0.2,5.255498015209015,2.950619071540636,0.4815698152180312,0.004247687158126909,5.747490384524783,1784332708.8194313,None,None,None, None, 1784332708.82143,0.9798953923905717,apf_colreg,crossing_from_port,-1.0,0.582509142154708,4.518817006670987,-2.6639109743382487,25.27926584946333,4.634940120646632,-0.636743910380797,1.860702767639842,WEBOTS_UNKNOWN,ekf_on_cluster_on,1,1
1784332708.9129455,28.13180923461914,-187.4034228978817,200.0,0.2,5.255226693645945,2.9850707540831323,0.4242587069506669,0.012853850131981233,5.749306164189513,1784332708.8994203,None,None,None, None, 1784332708.8994203,1.0039289937787292,apf_colreg,crossing_from_port,-1.0,0.64103131650263,4.187129415871649,-3.016534749187059,23.588977422166113,4.656377107080911,-0.663634433338753,1.8358041288873312,WEBOTS_UNKNOWN,ekf_on_cluster_on,1,1
1784332709.0138066,28.232670307159424,-187.41454206957908,200.0,0.2,5.256018448292487,3.0200848813803702,0.3660927748118503,0.014854978999877666,5.750211203887082,1784332708.9603453,None,None,None, None, 1784332708.9603453,1.0314259479871475,apf_colreg,crossing_from_port,-1.0,0.6861718842352328,4.107419517990361,-2.802015004366818,23.171380648545906,4.68678243156072,-0.7078256489101574,1.8207301969818217,WEBOTS_UNKNOWN,ekf_on_cluster_on,1,1
1784332709.1143005,28.33316421508789,-187.60695401298287,200.0,0.2,5.257693560006261,3.0552631652507785,0.3078315998033858,0.01818208516041986,5.752509107224206,1784332709.086728,None,None,None, None, 1784332709.086728,0.9357502152186898,apf_colreg,crossing_from_port,-1.0,0.7314670662014466,4.063720107363531,-2.778129270759825,23.300075720564347,4.701855661289546,-0.7240733097897265,1.7863555694146211,WEBOTS_UNKNOWN,ekf_on_cluster_on,1,1
1784332709.2134755,28.432339191436768,-187.87723100382362,200.0,0.2,5.259743681819034,3.090587251423542,0.24960476017641853,0.018351451362715335,5.753953459532408,1784332709.1654332,None,None,None, None, 1784332709.1654332,0.9517757214148631,apf_colreg,crossing_from_port,-1.0,0.7762311207997171,4.2089469261644625,-3.0489509293239725,23.624388573351688,4.734686996739263,-0.7653848419932185,1.7749846493762524,WEBOTS_UNKNOWN,ekf_on_cluster_on,1,1
1784332709.3137221,28.532585859298706,-188.19350312534092,200.0,0.2,5.262013344191856,3.126064951921194,0.1914294018445446,0.017986042278690925,5.756503720346544,1784332709.3072243,None,None,None, None, 1784332709.3092113,1.005579162808484,apf_colreg,crossing_from_port,-1.0,0.07994477631611058,4.161102156724649,-3.372691030706112,23.958395407134354,4.767497418479314,-0.806220546625117,1.7625223001726043,WEBOTS_UNKNOWN,ekf_on_cluster_on,1,1
1784332709.4135609,28.6324245929718,-188.6106199111944,200.0,0.2,5.264772694034909,3.161702704478202,0.1333059560701031,0.021279132256473376,5.758199900414934,1784332709.3869352,None,None,None, None, 1784332709.3869352,0.965441651812743,apf_colreg,crossing_from_port,-1.0,0.09791660090412994,3.9900475188032916,-3.8584286333457327,24.375685292219902,4.806949496685548,-0.8538556681954507,1.727319763552097,WEBOTS_UNKNOWN,ekf_on_cluster_on,1,1
1784332709.51467,28.73353362083435,-200.0,199.2477846322806,0.2,5.282261315219297,2.958775643954767,0.48028219794486354,0.020068300956821068,5.7596493975353065,1784332709.4591634,2.9556222575378213,0.4856315556213936,5.310487271076722, 1784332709.4886, 1784332709.5241818,1.0105646632938248,apf_colreg,crossing_from_port,-1.0,1.0672066916001353,10.751641662576622,-0.05957244841063014,22.429714772987303,4.61291112448734,-0.4598863969699601,1.716157619229114,WEBOTS_UNKNOWN,ekf_on_cluster_on,1,1
1784332709.614238,28.833101749420166,-200.0,198.6563578211412,0.2,5.285461399331249,2.9819128700774815,0.4442738516249829,0.020174275465736104,5.761254050073832,1784332709.61675,None,None,None, None, 1784332709.61675,1.0182872575742152,apf_colreg,crossing_from_port,-1.0,0.19636333941510647,6.805098165890673,-0.42857372839924146,25.14464924102718,4.61291112448734,-0.4598863969699601,1.716157619229114,WEBOTS_UNKNOWN,ekf_on_cluster_on,1,1
1784332709.7134476,28.932311296463013,-200.0,198.10222723168627,0.2,5.288373831597998,3.0153230678698186,0.3926743822634098,0.013768748499998254,5.763267125651782,1784332709.684909,None,None,None, None, 1784332709.6959348,0.9313814592044839,apf_colreg,crossing_from_port,-1.0,0.11553206661346836,4.817954874752329,-0.6107683747813786,26.984540942967495,4.629204258843419,-0.4753596052699939,1.7001749054941837,WEBOTS_UNKNOWN,ekf_on_cluster_on,1,1
1784332709.8131588,29.03202247619629,-200.0,197.55404691285358,0.2,5.291189204226513,3.0524252190495638,0.33572680611196404,0.013669006794148177,5.7642665202978325,1784332709.8277714,None,None,None, None, 1784332709.7760446,0.9335674499049423,apf_colreg,crossing_from_port,-1.0,0.31064568080300897,4.144783406853478,-0.8998292773405763,25.04200840325415,4.654320136889605,-0.48089462588958914,1.6780348747809535,WEBOTS_UNKNOWN,ekf_on_cluster_on,1,1
1784332709.914217,29.13308072090149,-200.0,195.4412920507783,0.2,5.3022949530147265,3.0903459381470135,0.2778762607369263,0.08960614268153455,5.77696023105344,1784332709.8996842,None,None,None, None, 1784332709.9116852,1.0260408323279062,apf_colreg,crossing_from_port,-1.0,0.4234845948199337,3.7444054993415596,-1.121806252282981,25.551801885035445,4.689156421126851,-0.5219376410396931,1.6674367989093504,WEBOTS_UNKNOWN,ekf_on_cluster_on,1,1
1784332710.0131495,29.23201322555542,-200.0,194.4198929569109,0.2,5.307307091234687,3.1290543019444916,0.22062090411720803,0.008568336931090503,5.777490177172028,1784332709.9615335,None,None,None, None, 1784332709.977101,1.0798726790034918,apf_colreg,crossing_from_port,-1.0,0.5202601421093822,3.417134460843387,-1.5046903569146668,26.05135707817198,4.718420080689886,-0.5310145891556686,1.6353743753459449,WEBOTS_UNKNOWN,ekf_on_cluster_on,1,1
1784332710.115684,29.334547758102417,-169.13953058593344,200.0,0.2,5.310658360027034,3.167892480969556,0.16359822611608354,0.006330013633222221,5.778402321260728,1784332710.1056318,None,None,None, None, 1784332710.0582287,1.0785321841677038,apf_colreg,crossing_from_port,-1.0,0.60890998160442,3.1190214148731403,-1.9023646708114716,26.49921566881883,4.7539207931297875,-0.5672682966853806,1.6192964744990481,WEBOTS_UNKNOWN,ekf_on_cluster_on,1,1
1784332710.2134218,29.43228554725647,-169.1213297736491,200.0,0.2,5.312309164749862,3.2052849789439435,0.10881669848014397,0.009484952100330396,5.7791444570538015,1784332710.1838753,None,None,None, None, 1784332710.2134218,0.9321706596728323,apf_colreg,crossing_from_port,-1.0,0.671023606675223,2.9099843164001236,-0.1757896887308531,30.54672009331083,4.79001512372014,-0.6080361320437201,1.6072483979784395,WEBOTS_UNKNOWN,ekf_on_cluster_on,1,1
1784332710.3132818,29.532145500183105,-169.15440514706617,200.0,0.2,5.3141954598022325,3.242468109498489,0.05440366153572995,0.020164538220902695,5.780689480450434,1784332710.2604961,None,None,None, None, 1784332710.2842588,1.090081377871811,apf_colreg,crossing_from_port,-1.0,0.7512161200247598,2.765550441687218,-0.7604986523094759,30.754952581405174,4.812906580939216,-0.6255046194782536,1.585143670458532,WEBOTS_UNKNOWN,ekf_on_cluster_on,1,1
1784332710.4139087,29.63277244567871,-169.23502665093534,200.0,0.2,5.3162981942660785,3.2797045485702156,0.0001135346673848403,0.023288764517407783,5.782480636427534,1784332710.4174206,None,None,None, None, 1784332710.3735864,1.0820380059393786,apf_colreg,crossing_from_port,-1.0,0.8233750139256206,2.6637917215913816,-1.3557679094340256,30.944077022100824,4.842625824221895,-0.6618270853059581,1.5775963281120495,WEBOTS_UNKNOWN,ekf_on_cluster_on,1,1
1784332710.5129375,29.7318012714386,-174.84953292038702,200.0,0.2,5.328358745338216,3.049004515664062,0.3496142198744827,0.08140887597408504,5.794321838548021,1784332710.4828603,3.0454643479610515,0.3549460218201781,5.334749255062688, 1784332710.492424, 1784332710.510939,0.9206620622693286,apf_colreg,crossing_from_port,-1.0,0.7811205792931591,12.111896302466231,2.5397769228828535,29.45990517591557,4.873125410161179,-0.6988815804198891,1.568838056847113,WEBOTS_UNKNOWN,ekf_on_cluster_on,1,1
1784332710.6135678,29.83243155479431,-175.75316461225677,200.0,0.2,5.333059610874016,3.0702810285925626,0.3196845311847385,0.02739684948836627,5.796449761046813,1784332710.5605307,None,None,None, None, 1784332710.5874257,1.0472329740256254,apf_colreg,crossing,-1.0,0.9343958976804873,5.335251044854901,0.8955815781247398,28.854867527285716,4.623156379159659,-0.2702857321011614,1.5415583290558648,WEBOTS_UNKNOWN,ekf_on_cluster_on,1,1
1784332710.7231371,29.94200086593628,-172.9280927540874,200.0,0.2,5.336915868435849,3.1028799484165397,0.2742057849015911,0.026052436079384143,5.798341090447724,1784332710.7231371,None,None,None, None, 1784332710.6654756,0.9829134452461736,apf_colreg,crossing,-1.0,1.0078948472552303,3.44750836172512,2.7981538920914995,29.799412643439947,4.64411826632282,-0.30071644003130854,1.5354953081250062,WEBOTS_UNKNOWN,ekf_on_cluster_on,1,1
1784332710.813803,30.03266668319702,-180.2330326229545,200.0,0.2,5.3705369255776185,3.140224256876955,0.22246578273567863,0.31016228073660895,5.817460462263512,1784332710.7847803,None,None,None, None, 1784332710.820837,0.9567053871673251,apf_colreg,crossing,-1.0,1.0533603668788574,2.809751281081412,0.1353055205004714,27.67718488795823,4.662661416313871,-0.32961556105185325,1.5148694088875656,WEBOTS_UNKNOWN,ekf_on_cluster_on,1,1
1784332710.914236,30.133099794387817,-183.07667949244322,200.0,0.2,5.384638326225376,3.1815599930222094,0.1703212474636877,0.028505050602145678,5.819603018157859,1784332710.8599443,None,None,None, None, 1784332710.9107103,0.9285590599055229,apf_colreg,crossing,-1.0,1.0326390370814968,2.5926828637480734,1.1871323157908191,29.573938602846788,4.743686017401121,-0.31899308348745925,1.5071833133300998,WEBOTS_UNKNOWN,ekf_on_cluster_on,1,1
1784332711.0134323,30.232295989990234,-184.91141220868784,200.0,0.2,5.394215148062924,3.223872131566808,0.11791194517139969,0.03064427698490054,5.824167946565898,1784332711.0089095,None,None,None, None, 1784332710.9768503,1.0556177522336365,apf_colreg,crossing,-1.0,1.1478950729177917,2.0029285478695398,2.0814832374857115,30.338522885479996,4.759253244911519,-0.3204231028648539,1.5011311159758287,WEBOTS_UNKNOWN,ekf_on_cluster_on,1,1
1784332711.1131327,30.33199644088745,-186.19864506904435,200.0,0.2,5.401256139220167,3.2667610071631854,0.06553955534764011,0.028756333756697394,5.8258969175130275,1784332711.0690343,None,None,None, None, 1784332711.0995762,1.0682133742062125,apf_colreg,crossing,-1.0,1.130887117855086,1.8697640781187475,2.591844555615114,30.699117112534555,4.809354502790706,-0.3526336858678232,1.4833580843571934,WEBOTS_UNKNOWN,ekf_on_cluster_on,1,1
1784332711.2139585,30.432822227478027,-187.18641590453004,200.0,0.2,5.406879593310964,3.31006816847675,0.013259223568088174,0.02719346040037715,5.829265258404691,1784332711.1929002,None,None,None, None, 1784332711.1838493,0.9836727653422043,apf_colreg,crossing,-1.0,1.1804567777329111,1.6047265767864416,2.633426996884067,30.95592572504029,4.809354502790706,-0.3526336858678232,1.4833580843571934,WEBOTS_UNKNOWN,ekf_on_cluster_on,1,1
1784332711.3154747,30.53433847427368,-187.9817760440773,200.0,0.2,5.411574265539499,3.3537172472777517,-0.03891725153060932,0.02496667569896374,5.831155534495381,1784332711.2686121,None,None,None, None, 1784332711.3154747,0.9772294253868362,apf_colreg,crossing,-1.0,1.2275020432538153,1.4062762473401351,2.525478356181593,31.214341813975032,4.846738838759461,-0.3964263040973306,1.4767655212197381,WEBOTS_UNKNOWN,ekf_on_cluster_on,1,1
1784332711.4137728,30.632636547088623,-200.0,62.63964207390547,0.2,5.415740391816371,3.397656124438859,-0.09099197400542813,0.023921685501971237,5.834172619482674,1784332711.3947356,None,None,None, None, 1784332711.378656,0.9752204096365787,apf_colreg,crossing,-1.0,1.2719251247056462,1.2426459994391446,2.2044314669084075,31.469195726095716,4.871368270473863,-0.40743664876377755,1.4614395048490043,WEBOTS_UNKNOWN,ekf_on_cluster_on,1,1
1784332711.5138562,30.732719898223877,-200.0,72.73050853872867,0.2,5.408403100611393,3.148437687494557,0.21549808415105426,0.015317671614779201,5.83523022914305,1784332711.4637806,3.1446511223347824,0.22012244811148962,5.380584741979913, 1784332711.50283, 1784332711.4637806,1.0077079648595195,apf_colreg,crossing,-1.0,1.6762384405815602,1.4327089906914323,3.614410968619125,29.800712185300043,4.911869142652114,-0.4462998769540747,1.453348564439297,WEBOTS_UNKNOWN,ekf_on_cluster_on,1,1
1784332711.613621,30.83248472213745,-200.0,84.60790181907626,0.2,5.374697000819291,3.163950306611433,0.1972298942688332,-0.46396114269329647,5.773603421010843,1784332711.5966082,None,None,None, None, 1784332711.5976076,0.9478111171991047,apf_colreg,crossing,-1.0,1.6113605711731678,1.8497498084552288,3.9979802161159252,29.831925812255207,4.64620273174137,-0.12971450190296968,1.4460888983193454,WEBOTS_UNKNOWN,ekf_on_cluster_on,1,1
1784332711.7137694,30.9326331615448,-200.0,89.17902161982555,0.2,5.360058764026799,3.188279928416108,0.16533442330401582,-0.040306490082201864,5.770777481611721,1784332711.6667194,None,None,None, None, 1784332711.6667194,0.9168754770138949,apf_colreg,crossing,-1.0,1.544048258152394,1.6047268005023207,1.3339213618277455,30.045047150160368,4.636103536458427,-0.16082774873461794,1.4306928281006503,WEBOTS_UNKNOWN,ekf_on_cluster_on,1,1
1784332711.8144739,31.033337593078613,-200.0,91.35896936395787,0.2,5.351643427758324,3.218396678552641,0.12522562664032133,-0.04735128649833082,5.767078331695435,1784332711.8204842,None,None,None, None, 1784332711.8174825,0.9148307765530208,apf_colreg,crossing,-1.0,1.5242283724452397,1.185682120162176,2.334912398337574,30.200972615549396,4.655000630629403,-0.1951122360488565,1.4250025284317018,WEBOTS_UNKNOWN,ekf_on_cluster_on,1,1
1784332711.913252,31.132115840911865,-200.0,92.87302156246244,0.2,5.344894315955882,3.251034776248389,0.08130390703580304,-0.06008779635579697,5.7571390205493955,1784332711.910254,None,None,None, None, 1784332711.8867378,1.0258081178542044,apf_colreg,crossing,-1.0,1.5118220260379824,0.8625498474526576,2.1367000461062635,30.189598732735334,4.675773015060013,-0.2195075412644995,1.4160735845431418,WEBOTS_UNKNOWN,ekf_on_cluster_on,1,1
1784332712.0179737,31.23683738708496,-200.0,42.14781214751416,0.2,5.339953981475007,3.2844374774364624,0.035834725602910567,-0.053010922807373094,5.75374063979801,1784332711.9743612,None,None,None, None, 1784332712.0239744,0.9176008209763288,apf_colreg,crossing,-1.0,1.465105589466704,0.7574226367123933,-2.337862706331912,28.64908294116116,4.701157619879767,-0.22823437801037108,1.4056975457124532,WEBOTS_UNKNOWN,ekf_on_cluster_on,1,1
1784332712.1136289,31.33249258995056,-200.0,42.327280989203814,0.2,5.336324533142972,3.3161084070942266,-0.007530118231215965,-0.05756080310331523,5.749066983710502,1784332712.1167123,None,None,None, None, 1784332712.1177044,1.0496180584425112,apf_colreg,crossing,-1.0,1.4605462547732102,0.5508528528070732,-2.6010083658661944,29.283999952367335,4.731533398081444,-0.25440448192464077,1.4002402750558316,WEBOTS_UNKNOWN,ekf_on_cluster_on,1,1
1784332712.213077,31.43194079399109,-200.0,42.84694096661759,0.2,5.331884874171078,3.347167105657248,-0.050296058221308115,-0.07167939056243215,5.7391388601142825,1784332712.1940637,None,None,None, None, 1784332712.178042,0.9210070914683568,apf_colreg,crossing,-1.0,1.4563738625667517,0.3880965017272023,-2.378712179990764,30.343071048419,4.751897832029939,-0.25221241374142306,1.3862632722025756,WEBOTS_UNKNOWN,ekf_on_cluster_on,1,1
1784332712.3140354,31.532899141311646,-200.0,42.69414833215549,0.2,5.329114075460185,3.377883385035984,-0.09299432577449585,-0.05605971354532469,5.735700780224343,1784332712.3176184,None,None,None, None, 1784332712.3176184,0.9637564962873273,apf_colreg,crossing,-1.0,1.4534402941153293,0.2721180433476282,-2.37122721466353,30.905021841876852,4.777645215226818,-0.2775411674235243,1.3814059248807187,WEBOTS_UNKNOWN,ekf_on_cluster_on,1,1
1784332712.4146118,31.63347554206848,-200.0,42.75991174491912,0.2,5.3257870478295475,3.4084515064609864,-0.13568202906970006,-0.06537201095480104,5.726469359591873,1784332712.3966062,None,None,None, None, 1784332712.3966062,0.9102738310782409,apf_colreg,crossing,-1.0,1.452635951983075,0.19085725757536476,-2.646156588277909,31.273105621719363,4.805633281531442,-0.2989641192302709,1.3763256778749136,WEBOTS_UNKNOWN,ekf_on_cluster_on,1,1
1784332712.5153937,31.734257459640503,-200.0,55.21394842472782,0.2,5.312327314743248,3.2323711834228246,0.10381725705581307,-0.056510054393873875,5.722904849472728,1784332712.4596837,3.2296440881620074,0.10754518424112249,5.291026097297265, 1784332712.503878, 1784332712.458682,0.954626404725265,apf_colreg,crossing,-1.0,1.6226854931860546,0.0,1.3687437102671098,30.20524188107444,4.805633281531442,-0.2989641192302709,1.3763256778749136,WEBOTS_UNKNOWN,ekf_on_cluster_on,1,1
1784332712.613499,31.83236265182495,-200.0,54.858282586612084,0.2,5.311623458545845,3.2488375403693923,0.07998460374772742,-0.06317243404843723,5.715021097476344,1784332712.584481,None,None,None, None, 1784332712.584481,1.0406454139242007,apf_colreg,crossing,-1.0,1.570101591954922,0.06867574484104438,-0.29249143040835834,30.335672323321816,4.629239901563121,-0.04409039449701633,1.362894281990928,WEBOTS_UNKNOWN,ekf_on_cluster_on,1,1
1784332712.713321,31.93218469619751,-200.0,49.0758036035586,0.2,5.3097290010709255,3.2724342402071747,0.04576617707782571,-0.06264617921265177,5.710161755251803,1784332712.662049,None,None,None, None, 1784332712.6630492,0.9883437243666434,apf_colreg,crossing,-1.0,1.5381139771041108,0.1537224975307421,0.622133527307401,30.237981325454832,4.641114618879499,-0.055637837516879986,1.3579907410368102,WEBOTS_UNKNOWN,ekf_on_cluster_on,1,1
1784332712.8130658,32.03192949295044,-200.0,49.05239727534476,0.2,5.306879432789812,3.2997782187706077,0.00595565950144783,-0.06643081061872588,5.700928573517352,1784332712.8010385,None,None,None, None, 1784332712.7433436,1.059123685388478,apf_colreg,crossing,-1.0,1.4787245594282517,0.22904835235571838,-3.384088265789877,28.917069081034093,4.651787979155771,-0.029509659975419975,1.3450568349981034,WEBOTS_UNKNOWN,ekf_on_cluster_on,1,1
1784332712.9132364,32.132100105285645,-200.0,49.2492265593376,0.2,5.303281523347624,3.328675267086007,-0.03638619427469614,-0.06898055896378481,5.696645855712901,1784332712.8631244,None,None,None, None, 1784332712.8796947,0.9676898195994661,apf_colreg,crossing,-1.0,1.4563012344674438,0.06807328427357238,-1.9428417119959756,30.62232062649911,4.676241346002245,-0.05087059364663157,1.3403190941957717,WEBOTS_UNKNOWN,ekf_on_cluster_on,1,1
1784332713.0134952,32.23235893249512,-200.0,49.26864450773567,0.2,5.300047304941377,3.358051056723844,-0.07978069832644152,-0.0624860236292625,5.69154172542821,1784332713.0216603,None,None,None, None, 1784332712.9473217,0.9868858050784527,apf_colreg,crossing,-1.0,1.436984788564006,0.0,-1.4374959250590598,30.9139385616582,4.699883818023902,-0.08542762735882896,1.3354313338257027,WEBOTS_UNKNOWN,ekf_on_cluster_on,1,1
1784332713.1132512,32.332114934921265,-200.0,49.252179949683836,0.2,5.296860473700014,3.3875198697268356,-0.12360157922223491,-0.06242956512965007,5.682963670530767,1784332713.0822124,None,None,None, None, 1784332713.0822124,0.9863426741291823,apf_colreg,crossing,-1.0,1.4247407722228889,0.0,-1.4813207840242177,31.088559033200575,4.715193177429553,-0.07036874860985068,1.323417935505587,WEBOTS_UNKNOWN,ekf_on_cluster_on,1,1
1784332713.2139187,32.43278241157532,-200.0,49.5575819130437,0.2,5.29283650560554,3.4169300719467577,-0.16762899446395574,-0.07001420362605969,5.67745905669826,1784332713.1608338,None,None,None, None, 1784332713.2289555,1.0803757325124876,apf_colreg,crossing,-1.0,1.4177291954835725,0.0,-1.8572794421462757,31.282985381372885,4.740448130886053,-0.11542981572954324,1.318953154878866,WEBOTS_UNKNOWN,ekf_on_cluster_on,1,1
1784332713.3187459,32.537609577178955,-200.0,99.32306868959397,0.2,5.284527369465457,3.446186900543486,-0.2118361265643296,-0.1055084205582652,5.668787013870631,1784332713.3337407,None,None,None, None, 1784332713.3056421,1.0920643708489606,apf_colreg,crossing,-1.0,1.416555940583512,0.0,-2.4806953531586378,31.46530420583054,4.7540614207970995,-0.10266707998597978,1.3067205303273142,WEBOTS_UNKNOWN,ekf_on_cluster_on,1,1
1784332713.414214,32.63307762145996,-200.0,100.4289684763805,0.2,5.278735879094798,3.476758079175074,-0.2591623326522683,-0.06174782314429695,5.659205385558914,1784332713.3982003,None,None,None, None, 1784332713.4027033,1.0437004467344988,apf_colreg,crossing,-1.0,1.417319579481222,0.0,-3.095623367449271,31.642129165785377,4.777230707645009,-0.13891672118285472,1.302044776493297,WEBOTS_UNKNOWN,ekf_on_cluster_on,1,1
1784332713.5140264,32.732890129089355,-200.0,116.14762942103707,0.2,5.245915464265367,3.2968300345349677,0.0023974715771696298,-0.056313077732920644,5.654553408573572,1784332713.4808095,3.294045259939474,0.006491967730990748,5.1923317143257375, 1784332713.508521, 1784332713.4885173,0.9468257085375978,apf_colreg,crossing,-1.0,1.5104590564447011,0.0,-2.8670605508307796,30.445563173761546,4.805476441607903,-0.173916472671131,1.2974349472600968,WEBOTS_UNKNOWN,ekf_on_cluster_on,1,1
1784332713.6206017,32.839465379714966,-200.0,118.91729061502224,0.2,5.235853831953074,3.3146965689255072,-0.027753359618499118,-0.12693354535200715,5.645311778859006,1784332713.5536163,None,None,None, None, 1784332713.578021,0.9064069190190183,apf_colreg,crossing,-1.0,1.5039228643667581,0.0,-2.694385590742876,30.4429425843921,4.805476441607903,-0.173916472671131,1.2974349472600968,WEBOTS_UNKNOWN,ekf_on_cluster_on,1,1
1784332713.7129185,32.931782245635986,-200.0,120.44874896692151,0.2,5.2291342973124415,3.3395105154524494,-0.07089562119304915,-0.051789435556178896,5.639872701771693,1784332713.7567694,None,None,None, None, 1784332713.7567694,0.952759036195323,apf_colreg,crossing,-1.0,1.4695313937428356,0.0,-5.672978924703154,30.220294643651616,4.636294863451954,0.02992265120351349,1.28203119076266,WEBOTS_UNKNOWN,ekf_on_cluster_on,1,1
1784332713.8172278,33.036091566085815,-200.0,121.51504793803937,0.2,5.223617268921517,3.367596150029182,-0.1203205638692785,-0.05257229752051025,5.634713770327555,1784332713.8582706,None,None,None, None, 1784332713.8372576,0.9443212971384118,apf_colreg,crossing,-1.0,1.4404796166721066,0.0,-4.290256687987557,30.901353068893357,4.636294863451954,0.02992265120351349,1.28203119076266,WEBOTS_UNKNOWN,ekf_on_cluster_on,1,1
1784332713.916352,33.135215759277344,-200.0,122.51606998570674,0.2,5.2182065065110494,3.3966498908222036,-0.17203627376781228,-0.054584666393709014,5.629173359744585,1784332713.9554045,None,None,None, None, 1784332713.9534037,1.0962656453076727,apf_colreg,crossing,-1.0,1.434779814605334,0.0,-4.583813663821965,31.065510603766977,4.636294863451954,0.02992265120351349,1.28203119076266,WEBOTS_UNKNOWN,ekf_on_cluster_on,1,1
1784332714.0167587,33.23562240600586,-200.0,139.73085180145839,0.2,5.212947367422209,3.4258095926790197,-0.224572407012694,-0.05432951325688047,5.6238961236008835,1784332714.0618255,None,None,None, None, 1784332714.044809,0.9379460647059239,apf_colreg,crossing,-1.0,1.4051421289457693,0.0,-4.855302086652101,31.109934917244683,4.674939214802514,-0.015091231188628642,1.2680048557710883,WEBOTS_UNKNOWN,ekf_on_cluster_on,1,1
1784332714.122952,33.34181571006775,-200.0,142.39618979933735,0.2,5.201703845023453,3.4554836377777107,-0.27875526151736096,-0.10394822057563045,5.6128338506629705,1784332714.0618255,None,None,None, None, 1784332714.1459806,0.9896792643050459,apf_colreg,crossing,-1.0,1.4059217595460483,0.0,-5.1533521734249055,28.944675266130485,4.674939214802514,-0.015091231188628642,1.2680048557710883,WEBOTS_UNKNOWN,ekf_on_cluster_on,1,1
1784332714.2134259,33.432289600372314,-200.0,143.88310367322322,0.2,5.194587662221638,3.4847229907186215,-0.33390564850727955,-0.04899934936846735,5.607655588285155,1784332714.1675057,None,None,None, None, 1784332714.1459806,0.9896792643050459,apf_colreg,crossing,-1.0,1.3794235319962407,0.0,-5.89425609002427,29.078955773968225,4.71836413494727,-0.07869358088316028,1.2536355934036496,WEBOTS_UNKNOWN,ekf_on_cluster_on,1,1
1784332714.3140416,33.5329053401947,-200.0,149.15489005034252,0.2,5.173716482173418,3.5137523701542825,-0.3894860403291105,-0.17767220170940473,5.593034361459769,1784332714.249799,None,None,None, None, 1784332714.3190582,1.073317923246877,apf_colreg,crossing,-1.0,1.3402319699183172,0.0,-7.167025840466361,29.093766097392493,4.736947275644919,-0.10048873684272144,1.2453408894903708,WEBOTS_UNKNOWN,ekf_on_cluster_on,1,1
1784332714.4140131,33.63287687301636,-200.0,151.59580847746307,0.2,5.163024829762545,3.541576156557335,-0.4462763509340175,-0.05028618333419488,5.587775172389605,1784332714.3543842,None,None,None, None, 1784332714.4105124,1.0995624682091938,apf_colreg,crossing,-1.0,1.3258506542931237,0.0,-8.020796275628669,29.180209255775356,4.761637325872428,-0.17495970166369165,1.2396960988893784,WEBOTS_UNKNOWN,ekf_on_cluster_on,1,1
1784332714.5134058,33.732269525527954,-200.0,160.50012024852177,0.2,5.127389161120347,3.56908308303891,-0.503607812367953,-0.28893407359346074,5.5444287650558195,1784332714.504406,None,None,None, None, 1784332714.4726245,0.9009900010046311,apf_colreg,crossing,-1.0,1.3214660085453438,0.0,-9.067252897334974,28.666342579135893,4.783282032562752,-0.194344220748762,1.2323349316612915,WEBOTS_UNKNOWN,ekf_on_cluster_on,1,1
1784332714.6164267,33.83529043197632,-200.0,168.15317164268595,0.2,5.109810852302218,3.3667514313921783,-0.13876787154321774,-0.04060914960115318,5.541039560399854,1784332714.587865,3.3643528789928117,-0.1342984045777784,5.104912154058066, 1784332714.518432, 1784332714.5374448,1.022498438779246,apf_colreg,crossing,-1.0,1.3950852658431603,0.0,-8.067772994925798,29.809035769620575,4.811957418934045,-0.27619741577073964,1.2251985755338903,WEBOTS_UNKNOWN,ekf_on_cluster_on,1,1
1784332714.713797,33.932660818099976,9.543531213162737,200.0,0.2,5.098928125280624,3.3815412672268463,-0.1746840934991154,-0.038153078487922966,5.5381920588650235,1784332714.6624987,None,None,None, None, 1784332714.69577,1.0940996858611507,apf_colreg,crossing,-1.0,1.3607576214491657,0.08660193798194854,-10.850837006532085,26.49832536189574,4.59705111843109,0.11027889585857636,1.2210536070491294,WEBOTS_UNKNOWN,ekf_on_cluster_on,1,1
1784332714.8145082,34.033371925354004,-10.10966784484225,200.0,0.2,5.0879725365440445,3.397820848158998,-0.21594929365562476,-0.002523086376569693,5.5378301864353645,1784332714.8059232,None,None,None, None, 1784332714.7728968,1.0966818322338614,apf_colreg,crossing,-1.0,1.3323841880388447,0.0,-10.240670190808753,28.66569338746944,4.600661537921371,0.0692162931636653,1.2113145347040177,WEBOTS_UNKNOWN,ekf_on_cluster_on,1,1
1784332714.9131932,34.13205695152283,-3.971883029165442,200.0,0.2,5.078634695576734,3.4147942953160335,-0.26045404616113965,0.01117175831139365,5.538511012336029,1784332714.866865,None,None,None, None, 1784332714.897162,0.9296248610345162,apf_colreg,crossing_from_port,-1.0,1.3070567869016552,0.0,-7.757740567068783,27.31058502417075,4.618160270550077,0.014847613838262145,1.2083677613183275,WEBOTS_UNKNOWN,ekf_on_cluster_on,1,1
1784332715.0136352,34.23249888420105,-12.061369832066422,200.0,0.2,5.101926347099321,3.4317563047001225,-0.30617670975541134,0.3039363965588695,5.580374600511328,1784332715.004603,None,None,None, None, 1784332714.958941,0.9723623064150337,apf_colreg,crossing_from_port,-1.0,1.3085387225165537,0.0,-7.5750192347745875,27.655119884867624,4.618160270550077,0.014847613838262145,1.2083677613183275,WEBOTS_UNKNOWN,ekf_on_cluster_on,1,1
1784332715.1134682,34.33233189582825,-13.497368961253045,200.0,0.2,5.109995155429436,3.4506281892046395,-0.35200500319030503,0.06378839225040094,5.585497392238874,1784332715.084912,None,None,None, None, 1784332715.1024506,1.0571253313534383,apf_colreg,crossing_from_port,-1.0,1.291145911404455,0.0,-7.7270639532071925,27.830938542808944,4.635362113133973,-0.01547630412501916,1.2024128440834523,WEBOTS_UNKNOWN,ekf_on_cluster_on,1,1
1784332715.2136292,34.43249297142029,-13.79961604666111,200.0,0.2,5.115522070013434,3.469864021275823,-0.39808568719084203,0.06608946057526062,5.590826347245038,1784332715.1655445,None,None,None, None, 1784332715.1800742,1.0440683485574134,apf_colreg,crossing_from_port,-1.0,1.2780510077102099,0.0,-7.888369872167959,27.93459070697642,4.65247558384013,-0.045974757908808374,1.2004840827086452,WEBOTS_UNKNOWN,ekf_on_cluster_on,1,1
1784332715.3135657,34.532429456710815,-13.54784845724798,200.0,0.2,5.119825376424121,3.4893399469440842,-0.44423558276573116,0.06742505724800806,5.596227821735405,1784332715.3196523,None,None,None, None, 1784332715.318651,0.9524353299125332,apf_colreg,crossing_from_port,-1.0,1.2662239698905913,0.0,-7.856059910686428,27.886888200778866,4.671112604580402,-0.08724208066757806,1.1986737833102314,WEBOTS_UNKNOWN,ekf_on_cluster_on,1,1
1784332715.4164412,34.63530492782593,2.100614092610366,200.0,0.2,5.1238215934106925,3.508995669368809,-0.49036256287004987,0.0707059291603619,5.601459849840612,1784332715.4204528,None,None,None, None, 1784332715.4224546,0.9936152202313024,apf_colreg,being_overtaken,-1.0,1.9923795358071816,0.0,-7.539288844309102,27.820087418192845,4.690735045660832,-0.11245127755252741,1.193158753287295,WEBOTS_UNKNOWN,ekf_on_cluster_on,1,1
1784332715.513781,34.73264479637146,4.689968259695396,200.0,0.2,5.12726083129893,3.5285818293146507,-0.5358874187234293,0.06960725645923367,5.613508517053036,1784332715.4927473,None,None,None, None, 1784332715.4937482,1.0634249366316573,apf_colreg,being_overtaken,-1.0,2.0059501025072413,0.0,-11.86101312258989,28.034589409851165,4.710625245001155,-0.1557301481279,1.191392987165082,WEBOTS_UNKNOWN,ekf_on_cluster_on,1,1
1784332715.6186235,34.83748722076416,-22.074402787208065,200.0,0.2,5.138070337017657,3.4153942675958424,-0.2550262069381759,0.06831763733216235,5.620090152763599,1784332715.589086,3.413683659698954,-0.2508261936378455,5.152857473923987, 1784332715.522822, 1784332715.5870807,0.9655593369289678,apf_colreg,static_obstacle,-1.0,0.43003794469839685,35.00543649665158,-7.461196460359529,28.011456426994236,4.7325656491981665,-0.17294220987483402,1.1846028601779572,WEBOTS_UNKNOWN,ekf_on_cluster_on,1,1
1784332715.7141004,34.93296408653259,-21.25183629694215,200.0,0.2,5.13890198586434,3.4252988237298836,-0.2771823819575169,0.0723820541609912,5.625617832242807,1784332715.6654541,None,None,None, None, 1784332715.6644533,0.9313868905688379,apf_colreg,static_obstacle,-1.0,1.219878186530861,2.00836190623461,-6.0553924363612435,27.90458978338056,4.611301643039063,0.13464417926979608,1.1822821875748668,WEBOTS_UNKNOWN,ekf_on_cluster_on,1,1
1784332715.8157282,35.03459191322327,-20.27173724967966,200.0,0.2,5.1408119000734915,3.4402802348873163,-0.3106024630258748,0.06905712149872546,5.631137984207855,1784332715.7453902,None,None,None, None, 1784332715.8262012,1.021954773437805,apf_colreg,crossing_from_port,-1.0,1.2434251246631347,0.7807928374826401,-6.8915721453067835,28.579159141938405,4.624623516300143,0.1084619353810054,1.1803075915490495,WEBOTS_UNKNOWN,ekf_on_cluster_on,1,1
1784332715.9137006,35.132564306259155,-20.860270798670072,200.0,0.2,5.147331751752321,3.4584575328743825,-0.35094931658682715,0.10651373724919744,5.641560311587601,1784332715.9303424,None,None,None, None, 1784332715.9087,0.9369684979636659,apf_colreg,crossing_from_port,-1.0,1.2624208275607267,0.38707799480192523,-7.183438158842482,28.88152431885656,4.645262011527342,0.09022228443554349,1.1737120958705802,WEBOTS_UNKNOWN,ekf_on_cluster_on,1,1
1784332716.0181148,35.23697853088379,-200.0,119.57206760423334,0.2,5.152020783300339,3.478554282900293,-0.39461708418561825,0.07278383544261631,5.647899976647985,1784332716.0221174,None,None,None, None, 1784332716.0181148,0.9947500351797671,apf_colreg,static_obstacle,-1.0,1.262950899364426,0.34669885048923504,-7.463516830558362,29.052328422293886,4.645262011527342,0.09022228443554349,1.1737120958705802,WEBOTS_UNKNOWN,ekf_on_cluster_on,1,1
1784332716.1132543,35.33211803436279,-200.0,113.547488402437,0.2,5.160949795468665,3.5026316710845897,-0.44529912541669736,0.04937324374941617,5.656189560148439,1784332716.0982387,None,None,None, None, 1784332716.0827072,0.9102527810082923,apf_colreg,static_obstacle,-1.0,1.2637555252539696,0.28300502726340576,-7.683508574895992,29.28254191099552,4.645262011527342,0.09022228443554349,1.1737120958705802,WEBOTS_UNKNOWN,ekf_on_cluster_on,1,1
1784332716.2141001,35.432963848114014,-200.0,107.65179851052343,0.2,5.167628822485574,3.5283507267533385,-0.49778135022635195,0.004041583145192318,5.656536202442902,1784332716.1840076,None,None,None, None, 1784332716.1594646,0.9661496436968724,apf_colreg,static_obstacle,-1.0,1.2754006230985278,0.1132501851328864,-8.065566850946578,29.541249135499896,4.694610954752246,0.010849919775925733,1.169247672556464,WEBOTS_UNKNOWN,ekf_on_cluster_on,1,1
1784332716.325631,35.54449462890625,88.2689477952263,200.0,0.2,5.172778203368754,3.554512575390141,-0.5502698080787534,-0.0095856456547888,5.655485982984328,1784332716.2935693,None,None,None, None, 1784332716.3276308,0.9610176194685398,apf_colreg,static_obstacle,-1.0,1.2835747198983916,0.0,-8.584787122489695,29.618787784458938,4.713581666713223,-0.004323131210400462,1.1606916413003001,WEBOTS_UNKNOWN,ekf_on_cluster_on,1,1
1784332716.4197628,35.63862657546997,98.4112815670648,200.0,0.2,5.1688852547874,3.5765264415878906,-0.5949975194332788,-0.01122379259821643,5.6546260255552685,1784332716.3701885,None,None,None, None, 1784332716.4272747,0.9751248428250345,apf_colreg,static_obstacle,-1.0,1.288186435132783,0.0,-9.809190092997483,29.24801253685993,4.7350816719951805,-0.03433907629222032,1.1567817713434265,WEBOTS_UNKNOWN,ekf_on_cluster_on,1,1
1784332716.513512,35.732375621795654,92.6394528001244,200.0,0.2,5.187085983442407,3.5967159977240937,-0.6370234041056577,0.22657121896570878,5.673687311196251,1784332716.4543178,None,None,None, None, 1784332716.4272747,0.9751248428250345,apf_colreg,static_obstacle,-1.0,1.3007881657484062,0.0,-10.775106673483162,28.79495644136655,4.757623964313785,-0.04971270792660557,1.1498499448481072,WEBOTS_UNKNOWN,ekf_on_cluster_on,1,1
1784332716.6146758,35.8335394859314,30.574062214376333,200.0,0.2,5.205058270048609,3.4705017616496403,-0.3666830288492676,0.07210004902520055,5.684418833638566,1784332716.60316,3.468561322321482,-0.3625778903527346,5.226963181699509, 1784332716.522033, 1784332716.60316,1.0148643625199743,apf_colreg,static_obstacle,-1.0,1.3071437682694986,0.0,-3.551659504641121,28.047002618310188,4.772816114652273,-0.06663472258809551,1.1460977544012096,WEBOTS_UNKNOWN,ekf_on_cluster_on,1,1
1784332716.7134948,35.932358503341675,34.4532934284722,200.0,0.2,5.204117584688205,3.479882306569488,-0.3843194570965345,0.035444782283528466,5.688258719418773,1784332716.7114942,None,None,None, None, 1784332716.7114942,1.025545703131765,apf_colreg,static_obstacle,-1.0,1.3200292313031343,0.0,-7.168572467846191,28.543462609252174,4.644796846849107,0.2364567296069552,1.1476866543988102,WEBOTS_UNKNOWN,ekf_on_cluster_on,1,1
1784332716.8131623,36.032026052474976,39.17433993444567,200.0,0.2,5.20436776196406,3.494707603058992,-0.41243245875018153,0.06578417841890552,5.694749581948124,1784332716.8101633,None,None,None, None, 1784332716.7971394,0.9067034888985609,apf_colreg,static_obstacle,-1.0,1.319756684769246,0.0,-6.8119371944399205,28.96108425091167,4.657278383262192,0.2122980884084409,1.149589385281412,WEBOTS_UNKNOWN,ekf_on_cluster_on,1,1
1784332716.913783,36.132646799087524,45.287429448155684,200.0,0.2,5.204433967878279,3.513208918249325,-0.4475122365453481,0.05912117119318757,5.699870381347487,1784332716.8967786,None,None,None, None, 1784332716.8967786,0.9639162392283409,apf_colreg,static_obstacle,-1.0,1.330061857986119,0.0,-7.013128101130269,29.167785178490803,4.678050657680264,0.1952382354010435,1.143586175285746,WEBOTS_UNKNOWN,ekf_on_cluster_on,1,1
1784332717.0224342,36.24129796028137,81.49128392102567,200.0,0.2,5.205058815478331,3.5336571839620428,-0.4863186156035415,0.06426368044848144,5.7058152449216895,1784332716.989286,None,None,None, None, 1784332717.012288,0.981263433818854,apf_colreg,static_obstacle,-1.0,1.335787990217804,0.0,-7.414359457261825,29.263426718617666,4.709039127625902,0.14861859868287944,1.1422702426239448,WEBOTS_UNKNOWN,ekf_on_cluster_on,1,1
1784332717.1142979,36.33316159248352,87.51955149247236,200.0,0.2,5.2065166408741375,3.554520532816131,-0.5258953684060739,0.07312753497808419,5.712173043653026,1784332717.0762272,None,None,None, None, 1784332717.1067913,1.0973841521743364,apf_colreg,static_obstacle,-1.0,1.335787990217804,0.0,-7.739441169669066,29.41522620210045,4.709039127625902,0.14861859868287944,1.1422702426239448,WEBOTS_UNKNOWN,ekf_on_cluster_on,1,1
1784332717.2143133,36.43317699432373,83.5863027206205,200.0,0.2,5.221828962304259,3.5755277530921767,-0.5656002767294006,0.1948145002928713,5.7285191365076615,1784332717.1601331,None,None,None, None, 1784332717.1932707,1.0940311888917464,apf_colreg,static_obstacle,-1.0,1.3584011200001835,0.0,-8.024292486522056,29.405672492062056,4.7630227596878525,0.09499749933562486,1.1427818795956977,WEBOTS_UNKNOWN,ekf_on_cluster_on,1,1
1784332717.3180373,36.536900997161865,86.20317581552027,200.0,0.2,5.228214479341704,3.597442235038641,-0.6050592248849558,0.07571872361620817,5.734934091132649,1784332717.3230362,None,None,None, None, 1784332717.277018,1.0808525694867628,apf_colreg,static_obstacle,-1.0,1.3589709171908941,0.0,-8.741739120431548,29.312108765108974,4.777109582311626,0.06932075130695388,1.1430084217138865,WEBOTS_UNKNOWN,ekf_on_cluster_on,1,1
1784332717.414724,36.63358783721924,78.87772457367386,200.0,0.2,5.2482942087617,3.619523108971962,-0.6444278449821534,0.21320868233667725,5.751603219338865,1784332717.3230362,None,None,None, None, 1784332717.3520794,1.0413689939011679,apf_colreg,static_obstacle,-1.0,1.377514778504957,0.0,-8.775519097759375,29.085860978744194,4.807845094252689,0.052327353822951325,1.1439925918545484,WEBOTS_UNKNOWN,ekf_on_cluster_on,1,1
1784332717.6082122,36.82707595825195,9.609504006296627,200.0,0.2,5.287485247785205,3.5292859146296998,-0.46583274027894195,0.06992502540626802,5.759164327510252,1784332717.6202238,3.52737236608463,-0.46216067580928444,5.349927933373573, 1784332717.526661, 1784332717.6192238,1.0777157451218522,apf_colreg,static_obstacle,-1.0,1.377514778504957,0.0,-5.861411199466305,28.431556944145093,4.807845094252689,0.052327353822951325,1.1439925918545484,WEBOTS_UNKNOWN,ekf_on_cluster_on,1,1
1784332717.6723635,36.89122724533081,22.828579113519922,200.0,0.2,5.29171780593676,3.5445558334119065,-0.4895307359680414,0.07793158006200943,5.773897754048436,1784332717.703392,None,None,None, None, 1784332717.6192238,1.0777157451218522,apf_colreg,static_obstacle,-1.0,1.3986500014754548,0.0,-5.630250406299817,29.22029885081413,4.707084357922882,0.28852591748713247,1.1557567211162356,WEBOTS_UNKNOWN,ekf_on_cluster_on,1,1
1784332717.8129964,37.03186011314392,-200.0,39.48061395104557,0.2,5.316246787064809,3.56514249882758,-0.5212756891461865,0.2815520536107915,5.822257963459725,1784332717.7919867,None,None,None, None, 1784332717.808993,0.9789080583795078,apf_colreg,crossing,-1.0,1.5194404013691818,0.0,-4.945098389343377,29.563380519590986,4.729474882202706,0.2690630652032975,1.1526777596606252,WEBOTS_UNKNOWN,ekf_on_cluster_on,1,1
1784332717.8860986,37.10496234893799,-200.0,29.875592760240174,0.2,5.335718245114717,3.5917156605149954,-0.5586573638223418,0.05890169532354367,5.826976400014835,1784332717.8720937,None,None,None, None, 1784332717.9036267,0.9271307662940879,apf_colreg,crossing,-1.0,1.4994403086587302,0.0,-4.711904747917947,29.785486826242515,4.729474882202706,0.2690630652032975,1.1526777596606252,WEBOTS_UNKNOWN,ekf_on_cluster_on,1,1
1784332717.98275,37.201613664627075,-200.0,19.634041042628407,0.2,5.355690628064402,3.621030127008959,-0.5981713305591908,0.05890169532354367,5.838756739079543,1784332717.9867525,None,None,None, None, 1784332717.9036267,0.9271307662940879,apf_colreg,crossing,-1.0,1.5597941663254375,0.0,-8.350698018275198,30.222516980084563,4.757222419516214,0.2795699813612639,1.1646090341131063,WEBOTS_UNKNOWN,ekf_on_cluster_on,1,1
1784332718.018788,37.23765182495117,-200.0,10.347008217512165,0.2,5.372654077606441,3.6516752564160226,-0.6377485926640352,0.02830656138003235,5.842002336360884,1784332717.9867525,None,None,None, None, 1784332717.9977553,1.0702080633488236,apf_colreg,crossing,-1.0,1.5635894372923909,0.0,-7.737650914597936,31.491467981358664,4.757222419516214,0.2795699813612639,1.1646090341131063,WEBOTS_UNKNOWN,ekf_on_cluster_on,1,1
1784332718.1278157,37.34667944908142,-200.0,-1.6572228332117904,0.2,5.386263982228934,3.6828980952626376,-0.6767491335353675,0.0054426304544307165,5.842492777327524,1784332718.0768635,None,None,None, None, 1784332718.0898714,1.0605130398976965,apf_colreg,crossing,-1.0,1.6034840269349049,0.0,-7.159599497975478,32.31489436662555,4.789717742364752,0.24511028317498865,1.1667257910328244,WEBOTS_UNKNOWN,ekf_on_cluster_on,1,1
1784332718.2136626,37.43252635002136,-200.0,-12.109193100842347,0.2,5.393116628977045,3.7142978545741103,-0.7149852880756622,-0.044732674718140825,5.838531918887078,1784332718.1654086,None,None,None, None, 1784332718.185125,0.9736360910132016,apf_colreg,crossing,-1.0,1.609104506351948,0.0,-6.59024179155711,32.922459646725365,4.789717742364752,0.24511028317498865,1.1667257910328244,WEBOTS_UNKNOWN,ekf_on_cluster_on,1,1
1784332718.3148937,37.53375744819641,-200.0,-19.112893706182973,0.2,5.396236867496238,3.745604033891148,-0.7527761934877666,-0.057501212003805105,5.834181583384377,1784332718.3314843,None,None,None, None, 1784332718.2640722,1.091160347618186,apf_colreg,crossing,-1.0,1.6712373631499018,0.0,-6.8179841487798765,32.89639301048995,4.811627046837508,0.24105822559828732,1.1783666775486026,WEBOTS_UNKNOWN,ekf_on_cluster_on,1,1
1784332718.4130683,37.63193202018738,-200.0,47.83469171934016,0.2,5.398815280332092,3.776759294396461,-0.7902859796440964,-0.04806385097804892,5.826346975732826,1784332718.4040692,None,None,None, None, 1784332718.3620062,1.0991868721232558,apf_colreg,crossing,-1.0,1.7015055228864135,0.0,-6.812314190854152,32.861115000787834,4.820015769614471,0.2458495544523819,1.181795541294852,WEBOTS_UNKNOWN,ekf_on_cluster_on,1,1
1784332718.5130782,37.73194193840027,-200.0,44.11501411235723,0.2,5.398556828839351,3.8096217528333494,-0.8297716709534222,-0.06081527739301397,5.821754203636348,1784332718.4795892,None,None,None, None, 1784332718.4525318,0.9771998441939627,apf_colreg,crossing,-1.0,1.7303618155909488,0.0,-6.218869867936812,32.74226418793065,4.836399886221015,0.24025649695313053,1.1915706190036444,WEBOTS_UNKNOWN,ekf_on_cluster_on,1,1
1784332718.614082,37.832945823669434,-148.58655514611812,200.0,0.2,5.384675736172702,3.5995601157214074,-0.5588289446598473,-0.07168522407662842,5.815164751260574,1784332718.5715113,3.596935720362908,-0.5554742761042522,5.363449668247422, 1784332718.535288, 1784332718.6241307,0.9989333537135281,apf_colreg,crossing,-1.0,1.7857896739245218,0.0,-2.1105393266134,31.10632330736879,4.857728861141227,0.220008920337753,1.191163153351311,WEBOTS_UNKNOWN,ekf_on_cluster_on,1,1
1784332718.7135007,37.93236446380615,-141.74285458212012,200.0,0.2,5.361406122328109,3.620745486163761,-0.5855250521541002,-0.2378324038543788,5.798474594860251,1784332718.7435126,None,None,None, None, 1784332718.7089937,0.9014253716402235,apf_colreg,crossing,-1.0,1.771790481580333,0.0,-5.169260279987919,32.13608999794325,4.62240648471739,0.5481799864146952,1.2021074606086866,WEBOTS_UNKNOWN,ekf_on_cluster_on,1,1
1784332718.8180265,38.036890268325806,-136.69239771318482,200.0,0.2,5.3460545936521005,3.651160088957544,-0.6266785070037517,-0.02868433467386176,5.795553805676033,1784332718.8455882,None,None,None, None, 1784332718.787466,1.0130922643207552,apf_colreg,crossing,-1.0,1.7787706277379418,0.0,-5.287709966305506,32.24585048696767,4.677968042451767,0.4855407599705782,1.211224864778753,WEBOTS_UNKNOWN,ekf_on_cluster_on,1,1
1784332718.9382994,38.15716314315796,-133.16088852903752,200.0,0.2,5.336729298128803,3.685460262870956,-0.6743711076460122,0.0019415036245259802,5.79589699410771,1784332718.9202769,None,None,None, None, 1784332718.8921328,1.038693677536667,apf_colreg,crossing,-1.0,1.7685981069429426,0.0,-7.557604035388922,32.428322059706794,4.677968042451767,0.4855407599705782,1.211224864778753,WEBOTS_UNKNOWN,ekf_on_cluster_on,1,1
1784332719.0259137,38.24477744102478,-130.91077634431227,200.0,0.2,5.332083751102549,3.7206362643041433,-0.7240031581285651,0.021865895335096183,5.800270173174729,1784332719.0259137,None,None,None, None, 1784332718.9933794,1.0297677033900372,apf_colreg,crossing,-1.0,1.8298315335871846,0.0,-7.194286778446215,32.8643696324027,4.755938085748084,0.4272638545032852,1.227648396485158,WEBOTS_UNKNOWN,ekf_on_cluster_on,1,1
1784332719.153065,38.371928691864014,-129.33819920983316,200.0,0.2,5.329857567108795,3.7558800744349843,-0.7740092651677482,0.02593881194456785,5.8028021965800045,1784332719.123529,None,None,None, None, 1784332719.1025512,1.0413434045950067,apf_colreg,crossing,-1.0,1.866456608718686,0.0,-7.316743435335915,33.019630738653035,4.796922432631214,0.37823807700974255,1.2357703548071142,WEBOTS_UNKNOWN,ekf_on_cluster_on,1,1
1784332719.2473612,38.466224908828735,64.78912698351378,200.0,0.2,5.330070872574956,3.7910439019475297,-0.8240119471132683,0.037617621736509906,5.806744513838302,1784332719.2283287,None,None,None, None, 1784332719.198781,0.9343002487767668,apf_colreg,crossing,-1.0,1.8869444997894758,0.0,-7.4423219163077245,33.250242604132026,4.796922432631214,0.37823807700974255,1.2357703548071142,WEBOTS_UNKNOWN,ekf_on_cluster_on,1,1
1784332719.3292902,38.5481538772583,94.9951355344458,200.0,0.2,5.329689129273215,3.8204466091749163,-0.866025651001038,0.05116980742918916,5.811705856434511,1784332719.325287,None,None,None, None, 1784332719.2924683,0.9900324717826399,apf_colreg,crossing,-1.0,1.9055831007428634,0.0,-8.035023765926127,33.46779466243609,4.796922432631214,0.37823807700974255,1.2357703548071142,WEBOTS_UNKNOWN,ekf_on_cluster_on,1,1
1784332719.4222472,38.64111089706421,117.99117251395342,200.0,0.2,5.336239438811061,3.8474961115359276,-0.9048040216038167,0.12095583723635396,5.822828286302375,1784332719.4172416,None,None,None, None, 1784332719.4067268,1.0188456821873817,apf_colreg,crossing,-1.0,1.9367824139882757,0.0,-8.964321453830701,33.139834989682385,4.888531548652586,0.29220429363840855,1.268467654850533,WEBOTS_UNKNOWN,ekf_on_cluster_on,1,1
1784332719.518514,38.737377643585205,137.76028143516103,200.0,0.2,5.345587500441704,3.873457780274301,-0.9413620931031033,0.13092754326535544,5.835233255734972,1784332719.5119884,None,None,None, None, 1784332719.5039885,0.9852332541662985,apf_colreg,crossing,-1.0,1.9539511973188612,0.0,-8.770700180232623,33.393524699751204,4.888531548652586,0.29220429363840855,1.268467654850533,WEBOTS_UNKNOWN,ekf_on_cluster_on,1,1
1784332719.6133146,38.832178354263306,-34.42274316353774,200.0,0.2,5.361714980579245,3.6855559046527584,-0.6741317412127008,0.08070471243666734,5.842442046300695,1784332719.6013114,3.6828098368129307,-0.6702408812739047,5.383654624701135, 1784332719.551039, 1784332719.5933094,1.0391498442737968,apf_colreg,crossing,-1.0,1.9702937196746309,0.0,-2.416302821085285,32.70275721405564,4.947894080221044,0.2565441649505907,1.2989594768205912,WEBOTS_UNKNOWN,ekf_on_cluster_on,1,1
1784332719.7134087,38.93227243423462,-35.647034944253626,200.0,0.2,5.373756193829557,3.6957695423779047,-0.6877102446203143,0.18472199048260116,5.861855651451078,1784332719.7064078,None,None,None, None, 1784332719.6707797,0.9555395489695097,apf_colreg,crossing,-1.0,1.9348315725273537,0.0,-7.666552067040607,31.228393679687738,4.737694445280321,0.5475652172000117,1.3073780114619051,WEBOTS_UNKNOWN,ekf_on_cluster_on,1,1
1784332719.8154588,39.03432250022888,-30.004446420021925,200.0,0.2,5.37745117929407,3.715391151658366,-0.7129118207551102,0.034866477796366264,5.865511968794893,1784332719.811274,None,None,None, None, 1784332719.751983,0.9728322359403169,apf_colreg,crossing,-1.0,1.9701249543817416,0.0,-4.727499180844878,32.65738532878695,4.753919005222403,0.5767385040426423,1.3323338729905252,WEBOTS_UNKNOWN,ekf_on_cluster_on,1,1
1784332719.9167309,39.135594606399536,36.53003994898037,200.0,0.2,5.401951591109022,3.741218942632025,-0.7460855225246026,0.26142172417316295,5.886923311907304,1784332719.8931775,None,None,None, None, 1784332719.9382417,0.9371315360699252,apf_colreg,crossing,-1.0,1.9471539019433028,0.0,-7.872694865485457,29.34679399635681,4.784138230022178,0.5604493185967503,1.3437872990209812,WEBOTS_UNKNOWN,ekf_on_cluster_on,1,1
1784332720.0137281,39.2325918674469,56.236507699287344,200.0,0.2,5.412307277380955,3.77012061054623,-0.7809313971208134,0.0709495961797485,5.893066688863809,1784332719.9797654,None,None,None, None, 1784332720.030059,0.9013990508868331,apf_colreg,crossing,-1.0,1.9876992130172375,0.0,-7.117445708967587,32.45629177940405,4.788449918376608,0.5728596649992379,1.368472081761615,WEBOTS_UNKNOWN,ekf_on_cluster_on,1,1
1784332720.1168108,39.33567452430725,80.30710435834106,200.0,0.2,5.419002430782403,3.799809211584253,-0.8163036729823503,0.07338581063102538,5.89870361936628,1784332720.0565777,None,None,None, None, 1784332720.1056514,0.9654808172144446,apf_colreg,crossing,-1.0,2.0156229842488913,0.0,-5.251079539488742,33.627192119967724,4.820731493750668,0.5324499688545444,1.3806957625964933,WEBOTS_UNKNOWN,ekf_on_cluster_on,1,1
1784332720.213595,39.4324586391449,106.69698041068375,200.0,0.2,5.422669766479049,3.829391834297808,-0.8512575732747218,0.06587217240109755,5.9039228803711366,1784332720.2202415,None,None,None, None, 1784332720.1945882,1.0911607771519285,apf_colreg,crossing,-1.0,2.029354115786083,0.0,-4.680056622478528,33.80840929078013,4.882549995473474,0.5210435190285135,1.4077992923075497,WEBOTS_UNKNOWN,ekf_on_cluster_on,1,1
1784332720.313821,39.53268480300903,132.32532734936976,200.0,0.2,5.426076940963118,3.858297584843064,-0.8852993271954226,0.0787755520901291,5.91723704972426,1784332720.3048248,None,None,None, None, 1784332720.2773447,1.0049246285903912,apf_colreg,crossing,-1.0,2.06191408263641,0.0,-4.739435258786107,33.773205210491035,4.882549995473474,0.5210435190285135,1.4077992923075497,WEBOTS_UNKNOWN,ekf_on_cluster_on,1,1
1784332720.4136288,39.632492542266846,154.9593829541736,200.0,0.2,5.431863351316069,3.8862806995913157,-0.9180909630878384,0.10668141589137714,5.928043597492996,1784332720.4061222,None,None,None, None, 1784332720.3888006,0.9120173220017691,apf_colreg,crossing,-1.0,2.0888932935300835,0.0,-4.7735863126208224,33.648064060662776,4.917337157338208,0.5048310571540857,1.4167785948906928,WEBOTS_UNKNOWN,ekf_on_cluster_on,1,1
1784332720.517201,39.73606467247009,-13.376455500992407,200.0,0.2,5.433277508055023,3.9133306130600025,-0.9494043603083333,0.06592895215846688,5.934984450997596,1784332720.5114,None,None,None, None, 1784332720.4778545,1.0884326262767061,apf_colreg,crossing,-1.0,2.1096128782938597,0.0,-4.273330191343144,33.598021936705,4.9467184670115465,0.4836173854398048,1.4322297531597328,WEBOTS_UNKNOWN,ekf_on_cluster_on,1,1
1784332720.6149483,39.83381199836731,-77.88428987714512,200.0,0.2,5.459911753302888,3.759351577394204,-0.763352434522019,0.07405131577853173,5.941725527774083,1784332720.6024325,3.7569170337590037,-0.7604330248378267,5.505430389027573, 1784332720.553728, 1784332720.5984268,0.907153182982148,apf_colreg,crossing,-1.0,2.101251294557522,0.0,-4.797295838548125,30.860741442199174,4.9467184670115465,0.4836173854398048,1.4322297531597328,WEBOTS_UNKNOWN,ekf_on_cluster_on,1,1
1784332720.7188246,39.93768835067749,-75.94559543071868,200.0,0.2,5.467776785151224,3.7805400434612197,-0.786407253634176,0.13712923758110981,5.9542531444512194,1784332720.6937888,None,None,None, None, 1784332720.7188246,0.9742934475418727,apf_colreg,crossing,-1.0,2.145853554443053,0.0,-1.4439591764999953,32.532271935481226,4.8108447110587855,0.6780307045919426,1.4694513050528273,WEBOTS_UNKNOWN,ekf_on_cluster_on,1,1
1784332720.8369055,40.055769205093384,-70.9733858782104,200.0,0.2,5.473802805472396,3.810929751671523,-0.8187289744163664,0.06745515259013986,5.960631295404373,1784332720.7883427,None,None,None, None, 1784332720.819886,0.9099489226594275,apf_colreg,crossing,-1.0,2.0916743987708757,0.0,-6.270669579990236,30.25048443948122,4.8108447110587855,0.6780307045919426,1.4694513050528273,WEBOTS_UNKNOWN,ekf_on_cluster_on,1,1
1784332720.9246287,40.143492460250854,-63.622464094994484,200.0,0.2,5.478380653580028,3.8460079487730283,-0.8556686901673327,0.059376897675011024,5.96640399901058,1784332720.885564,None,None,None, None, 1784332720.901084,0.9511037330991909,apf_colreg,crossing,-1.0,2.142217608652652,0.0,-1.966534539138805,33.28130181516007,4.872224636920501,0.6510799700685794,1.5064761063294132,WEBOTS_UNKNOWN,ekf_on_cluster_on,1,1
1784332721.0452037,40.26406741142273,-54.53090302348906,200.0,0.2,5.482267736466139,3.882740496807992,-0.8940796912665405,0.059675792707871704,5.972881440665486,1784332720.994108,None,None,None, None, 1784332720.9981086,0.9924842542513627,apf_colreg,crossing,-1.0,2.156312722209725,0.0,-1.9331429906170814,33.40313313031082,4.872224636920501,0.6510799700685794,1.5064761063294132,WEBOTS_UNKNOWN,ekf_on_cluster_on,1,1
1784332721.1353855,40.354249238967896,-47.905526979463055,200.0,0.2,5.502891893584171,3.9197473669163676,-0.9325360760770822,0.2147097235047263,5.995144672353097,1784332721.0977979,None,None,None, None, 1784332721.0977979,1.0526944507539386,apf_colreg,crossing,-1.0,2.1996582747566014,0.0,-0.5227927387817628,33.23425115644521,4.953212763714692,0.6112556529672069,1.544021905079511,WEBOTS_UNKNOWN,ekf_on_cluster_on,1,1
1784332721.254073,40.47293663024902,-50.75766851315355,200.0,0.2,5.542012039052635,3.957525356725311,-0.9697774655068709,0.33236769938809135,6.0336092056864885,1784332721.2135267,None,None,None, None, 1784332721.293155,0.9771596066172276,apf_colreg,crossing,-1.0,2.205300519761332,0.0,1.860246759291361,34.28796970034885,4.971621363661313,0.5359936865177475,1.5609026453812225,WEBOTS_UNKNOWN,ekf_on_cluster_on,1,1
1784332721.3440878,40.56295156478882,-43.64450445974607,200.0,0.2,5.557134825963862,3.9970198891953292,-1.0052102956575226,0.057325152191586716,6.039235055194777,1784332721.311666,None,None,None, None, 1784332721.293155,0.9771596066172276,apf_colreg,crossing,-1.0,2.150219711573793,0.0,-1.935846658862494,30.300872378842854,4.971621363661313,0.5359936865177475,1.5609026453812225,WEBOTS_UNKNOWN,ekf_on_cluster_on,1,1
1784332721.426793,40.64565682411194,-32.8648492093926,200.0,0.2,5.566928601082308,4.036512523876831,-1.0400728613695307,0.06472903770235779,6.045059366693415,1784332721.401646,None,None,None, None, 1784332721.3841252,0.9237859291573689,apf_colreg,crossing,-1.0,2.22691344291659,0.0,1.888261726484168,35.48572784343818,4.990024949874729,0.561959373907146,1.596575920308335,WEBOTS_UNKNOWN,ekf_on_cluster_on,1,1
1784332721.5156782,40.73454189300537,-18.60036870828181,200.0,0.2,5.572841620115096,4.075692889287225,-1.0742364966916362,0.058627611984365384,6.050217467803694,1784332721.4896266,None,None,None, None, 1784332721.4741006,0.9575384533018511,apf_colreg,crossing,-1.0,2.239291740457778,0.0,1.4311768978149346,36.07907472862073,5.031488080172495,0.5780466155093101,1.6297632910112585,WEBOTS_UNKNOWN,ekf_on_cluster_on,1,1
1784332721.615402,40.83426570892334,-200.0,-164.53156320678332,0.2,5.589571881866844,3.8512781662499185,-0.8512348566744223,0.06482625198995565,6.055316747884559,1784332721.5682874,3.8478046032620052,-0.8478482985902024,5.613082986935015, 1784332721.565772, 1784332721.6474442,1.0462717851134382,apf_colreg,crossing,-1.0,2.2508745617928883,0.0,-0.09639755544698514,28.146498225004365,4.806018155126622,0.8183081089963701,1.6420951728364188,WEBOTS_UNKNOWN,ekf_on_cluster_on,1,1
1784332721.713576,40.93243980407715,-200.0,-173.02076740785526,0.2,5.603775136820994,3.8648832257246593,-0.8623512256459782,0.05382606802492047,6.060763143066178,1784332721.6694725,None,None,None, None, 1784332721.7130709,0.9821934480641941,apf_colreg,crossing,-1.0,2.2526269719534286,0.0,4.449363550913259,32.57589760904933,4.806018155126622,0.8183081089963701,1.6420951728364188,WEBOTS_UNKNOWN,ekf_on_cluster_on,1,1
1784332721.81649,41.035353660583496,-200.0,-175.13931822754563,0.2,5.603831992175192,3.8842535278091437,-0.8775370552707045,-0.1419466938989267,6.049422986039309,1784332721.8435113,None,None,None, None, 1784332721.812968,1.062564449425494,apf_colreg,crossing,-1.0,2.216762197948857,0.0,-1.3200813772371278,29.04550210083133,4.807464737826143,0.8277620670343326,1.682217340311844,WEBOTS_UNKNOWN,ekf_on_cluster_on,1,1
1784332721.9186568,41.13752055168152,-200.0,-179.2851816787225,0.2,5.607476023470559,3.9075353548426506,-0.895964825078295,-0.052063970722464735,6.044521234218112,1784332721.9462516,None,None,None, None, 1784332721.9186568,0.9157012053574591,apf_colreg,crossing,-1.0,2.2420995314911645,0.0,-0.5422930282347171,29.16951484807005,4.807464737826143,0.8277620670343326,1.682217340311844,WEBOTS_UNKNOWN,ekf_on_cluster_on,1,1
1784332722.0165615,41.23542523384094,-200.0,-183.1213525186797,0.2,5.6100904149303705,3.9333881017958205,-0.9162243499050127,-0.0671521904600436,6.037621998845139,1784332722.032591,None,None,None, None, 1784332721.9948034,1.003122507048089,apf_colreg,crossing,-1.0,2.2471736486107043,0.0,1.370734945777755,29.040820807526845,4.807464737826143,0.8277620670343326,1.682217340311844,WEBOTS_UNKNOWN,ekf_on_cluster_on,1,1
1784332722.1158128,41.33467650413513,-200.0,-185.59588838911708,0.2,5.609412775422065,3.960658620196856,-0.9374755407553887,-0.09472966095336677,6.029443089772338,1784332722.1238272,None,None,None, None, 1784332722.1073024,1.0608857404778373,apf_colreg,crossing,-1.0,2.26865027190736,0.0,3.703307693968448,33.243170995508414,4.8025776932260635,0.7703162548031897,1.707830692262851,WEBOTS_UNKNOWN,ekf_on_cluster_on,1,1
1784332722.2134473,41.432311058044434,-200.0,-190.14907652822362,0.2,5.613698291241613,3.9885810194805034,-0.9593107931708214,-0.04075699145285268,6.022704330975962,1784332722.197931,None,None,None, None, 1784332722.197931,0.9247023212870167,apf_colreg,crossing,-1.0,2.275883573114591,0.0,3.3035123667366975,34.23235388930428,4.8025776932260635,0.7703162548031897,1.707830692262851,WEBOTS_UNKNOWN,ekf_on_cluster_on,1,1
1784332722.3154128,41.534276485443115,-74.79133841341323,200.0,0.2,5.607695595989567,4.016834397454883,-0.9811321035611063,-0.14456608402546411,6.0086277721522965,1784332722.2953022,None,None,None, None, 1784332722.2863035,1.0686095894308836,apf_colreg,crossing,-1.0,2.2425846376085334,0.0,-0.5568229075662705,30.306659883616778,4.786242932048291,0.8136720273647329,1.7430284795401523,WEBOTS_UNKNOWN,ekf_on_cluster_on,1,1
1784332722.412929,41.63179278373718,-61.18361841517921,200.0,0.2,5.597142958747901,4.05328620439811,-1.0105558855113772,-0.0654322369126235,6.002633917890568,1784332722.3869061,None,None,None, None, 1784332722.383906,1.0472584071223596,apf_colreg,crossing,-1.0,2.2554586000211994,0.0,0.7090606806378872,30.33965429031506,4.786242932048291,0.8136720273647329,1.7430284795401523,WEBOTS_UNKNOWN,ekf_on_cluster_on,1,1
1784332722.5139408,41.73280453681946,-43.16686517058885,200.0,0.2,5.583472389518111,4.0927555409698915,-1.0434659255109744,-0.05197754885543274,5.998235329913673,1784332722.471531,None,None,None, None, 1784332722.4725337,0.971105063132627,apf_colreg,crossing,-1.0,2.2888739938559346,0.0,2.19353597332205,34.81725983860501,4.836161866170597,0.8318083077212647,1.7782381492697252,WEBOTS_UNKNOWN,ekf_on_cluster_on,1,1
1784332722.6157174,41.83458113670349,-74.93945016972346,200.0,0.2,5.562485800127408,3.9304130088866995,-0.9173618517873229,0.012087958551915471,5.999712250918757,1784332722.593712,3.9277477746473064,-0.9152471727340042,5.538921973554214, 1784332722.5762, 1784332722.5907118,0.9813490522353757,apf_colreg,crossing,-1.0,2.295807099196909,0.0,0.013306833966777176,29.5804079002055,4.892392501792148,0.7934790133204959,1.7982508048749144,WEBOTS_UNKNOWN,ekf_on_cluster_on,1,1
1784332722.7137382,41.93260192871094,-64.48031547470596,200.0,0.2,5.553302468369198,3.9589350008646886,-0.9429158305175753,0.016832323300089328,6.00163978145604,1784332722.7082257,None,None,None, None, 1784332722.6782167,0.9787808214164313,apf_colreg,crossing,-1.0,2.2581870302955847,0.0,-1.742087053433591,30.13031841720268,4.767173715069225,0.9168651240399985,1.8152734961829622,WEBOTS_UNKNOWN,ekf_on_cluster_on,1,1
1784332722.8153389,42.034202575683594,-51.79441776931053,200.0,0.2,5.546178713120416,3.9941058270555105,-0.9749519066236731,0.016832323300089328,6.005006246116058,1784332722.8153389,None,None,None, None, 1784332722.7658532,0.9993655403724152,apf_colreg,crossing,-1.0,2.273713976702929,0.0,-1.2351174075722835,30.19754337546567,4.767173715069225,0.9168651240399985,1.8152734961829622,WEBOTS_UNKNOWN,ekf_on_cluster_on,1,1
1784332722.9129553,42.131819009780884,-39.25198912856169,200.0,0.2,5.545547236109912,4.031664040729877,-1.0096388974302197,0.070327319574816,6.017751486598667,1784332722.8894532,None,None,None, None, 1784332722.8623848,0.9214683162257968,apf_colreg,being_overtaken,-1.0,0.08172830182810686,16.36962259671441,-0.15432551167503394,30.606400457067522,4.898455039647624,0.7921465496371499,1.8557310853637212,WEBOTS_UNKNOWN,ekf_on_cluster_on,1,1
1784332723.0128942,42.2317578792572,-64.30219934039798,200.0,0.2,5.546065329842079,4.069763069523955,-1.044726317967155,0.05953383900342522,6.022864979033096,1784332722.9753454,None,None,None, None, 1784332722.955792,0.9894365425625814,apf_colreg,being_overtaken,-1.0,0.03954805016198718,16.63070298548624,0.7637394003949098,31.939901120677895,4.956543694170003,0.7524007294523565,1.8672303279653175,WEBOTS_UNKNOWN,ekf_on_cluster_on,1,1
1784332723.1165206,42.335384368896484,-53.78917825465319,200.0,0.2,5.549266334334723,4.109177920577465,-1.0809017397746579,0.07219688988923627,6.029867586986131,1784332723.0723386,None,None,None, None, 1784332723.062816,0.9710799795513629,apf_colreg,being_overtaken,-1.0,0.678705324138223,16.677486444018356,0.7395123590754347,34.07201944674402,4.956543694170003,0.7524007294523565,1.8672303279653175,WEBOTS_UNKNOWN,ekf_on_cluster_on,1,1
1784332723.2225497,42.44141340255737,-41.25529728646078,200.0,0.2,5.55152374882095,4.148702143562913,-1.1168793418898195,0.05555421633481927,6.037266636504622,1784332723.2055247,None,None,None, None, 1784332723.1925187,1.0330739489898995,apf_colreg,being_overtaken,-1.0,0.6782627152343106,16.67474262462636,0.1254743398996383,35.08039683164386,4.956543694170003,0.7524007294523565,1.8672303279653175,WEBOTS_UNKNOWN,ekf_on_cluster_on,1,1
1784332723.315685,42.53454875946045,-39.54611006286962,200.0,0.2,5.5844198766817446,4.187749820568623,-1.1522943449900809,0.32996238665605665,6.066643983517758,1784332723.294557,None,None,None, None, 1784332723.294557,0.9208649345842643,apf_colreg,being_overtaken,-1.0,2.8621882720943717,6.470363945328095,1.2660090155974917,36.84193858737325,5.052358163836283,0.7397616031788565,1.9211965866307035,WEBOTS_UNKNOWN,ekf_on_cluster_on,1,1
1784332723.436306,42.65516972541809,-26.975911628260125,200.0,0.2,5.5927962713804185,4.228030941389763,-1.1857375517595883,0.02912047822219998,6.070625958471688,1784332723.4312985,None,None,None, None, 1784332723.4312985,0.9516843077269542,apf_colreg,being_overtaken,-1.0,1.3910325078793015,10.809364177927716,0.2853478374349967,37.92045625897235,5.065808372517764,0.6946725455538394,1.95475030443434,WEBOTS_UNKNOWN,ekf_on_cluster_on,1,1
1784332723.5178757,42.73673939704895,-9.624781501447362,200.0,0.2,5.595409574876034,4.267777804339293,-1.2186212600921031,0.02912047822219998,6.076450054116129,1784332723.536389,None,None,None, None, 1784332723.5158699,0.9053927849408161,apf_colreg,being_overtaken,-1.0,1.3837073953061108,10.582519691306318,0.1816773315350262,38.138717921146686,5.065808372517764,0.6946725455538394,1.95475030443434,WEBOTS_UNKNOWN,ekf_on_cluster_on,1,1
1784332723.615728,42.83459162712097,-89.98928024249942,200.0,0.2,5.609372049073399,4.022556024988277,-0.9979412966499077,0.0638239778048574,6.083157355395383,1784332723.640443,4.018803837450574,-0.9946008452023237,5.629998161468355, 1784332723.580188, 1784332723.615728,1.023044369311879,apf_colreg,being_overtaken,-1.0,2.003907895723271,3.9440816484315517,3.7628417828633944,34.69308245692868,5.1633942766781695,0.6664549190848071,1.997418234766028,WEBOTS_UNKNOWN,ekf_on_cluster_on,1,1
1784332723.7404857,42.959349393844604,-85.93092805909292,200.0,0.2,5.61048054525758,4.043143952662909,-1.0144993373876723,0.05398906591150839,6.0930947168099605,1784332723.7204516,None,None,None, None, 1784332723.704418,0.9549796172066876,apf_colreg,being_overtaken,-1.0,1.849956764736048,5.499344650440459,-2.1697600307844405,33.567744968272926,5.1633942766781695,0.6664549190848071,1.997418234766028,WEBOTS_UNKNOWN,ekf_on_cluster_on,1,1
1784332723.830111,43.04897475242615,-83.9352091227313,200.0,0.2,5.626272570228602,4.075837146440977,-1.0407320185755982,0.19072267670341025,6.110088221602226,1784332723.8095522,None,None,None, None, 1784332723.7945457,0.9865005983121294,apf_colreg,crossing,-1.0,2.29991960401143,0.0,3.0120149564776164,36.55972392463427,4.91914673749521,0.9315066171910097,2.0229981523207305,WEBOTS_UNKNOWN,ekf_on_cluster_on,1,1
1784332723.9457774,43.16464114189148,-75.87947202170518,200.0,0.2,5.6314881164945385,4.1160377260143015,-1.0716046889246105,0.031315395338976496,6.113523691081903,1784332723.9192576,None,None,None, None, 1784332723.9072282,0.9349492825967882,apf_colreg,crossing,-1.0,2.2649136187945196,0.0,-1.2623997030876177,32.622182144258204,4.91914673749521,0.9315066171910097,2.0229981523207305,WEBOTS_UNKNOWN,ekf_on_cluster_on,1,1
1784332724.013652,43.232515811920166,-65.87917988672035,200.0,0.2,5.637438502075612,4.158795831907483,-1.1043400238661967,0.06845328910423304,6.119271408461678,1784332724.0032232,None,None,None, None, 1784332723.9892178,0.9849934195336884,apf_colreg,crossing,-1.0,2.3267003102325994,0.0,2.138375108088921,31.41207138025091,4.974552587126545,0.9458003290103743,2.0900067878004123,WEBOTS_UNKNOWN,ekf_on_cluster_on,1,1
1784332724.1750982,43.393961906433105,-53.70837114034795,200.0,0.2,5.643118826639493,4.202085211254325,-1.1371242438451503,0.07038558684311799,6.130408793034095,1784332724.161457,None,None,None, None, 1784332724.2156503,1.0027035062474556,apf_colreg,crossing,-1.0,2.3402940542315163,0.0,4.324966443439209,35.148964432931535,4.974552587126545,0.9458003290103743,2.0900067878004123,WEBOTS_UNKNOWN,ekf_on_cluster_on,1,1
1784332724.2722363,43.49110007286072,-101.0025655914112,200.0,0.2,5.648896079446693,4.24506229010803,-1.1693281603251453,0.07490575154727792,6.138407411682503,1784332724.2682395,None,None,None, None, 1784332724.304284,1.0963947231213989,apf_colreg,crossing,-1.0,2.4047761497172835,0.0,4.299216423263827,34.5040595274285,5.058801850787152,0.9547341981359831,2.1358198421224563,WEBOTS_UNKNOWN,ekf_on_cluster_on,1,1
1784332724.493881,43.71274471282959,-99.9245495090926,200.0,0.2,5.671626351253789,4.290669279135918,-1.2030193831905276,0.2165048165464984,6.18725988086999,1784332724.493881,None,None,None, None, 1784332724.426947,0.9652347135076463,apf_colreg,crossing,-1.0,2.4490957417838084,0.0,4.836711903634658,35.224744042679475,5.112419401250548,0.9444562425990084,2.1509186851750863,WEBOTS_UNKNOWN,ekf_on_cluster_on,1,1
1784332724.5920281,43.81089186668396,-135.71742650345487,200.0,0.2,5.69563381705065,4.121148586136307,-1.0710486680159086,0.06204358453751269,6.199668597777493,1784332724.595039,4.116367388843683,-1.0674137261614989,5.723030492787101, 1784332724.58802, 1784332724.5374413,0.9560073433741143,apf_colreg,crossing,-1.0,2.4995705150496534,0.0,2.684057172010784,31.274099926731804,5.119369338191773,1.006388516306353,2.20423180722191,WEBOTS_UNKNOWN,ekf_on_cluster_on,1,1
1784332724.7709854,43.98984909057617,-134.34091216291577,200.0,0.2,5.702308393718443,4.15568577733709,-1.0939250000371734,0.04278603964547343,6.207196650592761,1784332724.7709854,None,None,None, None, 1784332724.762624,0.9635156851992333,apf_colreg,crossing,-1.0,2.5528921164325458,0.0,5.7064973138619255,32.00798182467365,4.986577645105997,1.0605754109143342,2.2542788022408473,WEBOTS_UNKNOWN,ekf_on_cluster_on,1,1
1784332724.905427,44.12429070472717,-117.44165800316321,200.0,0.2,5.708726572255246,4.201203977340594,-1.1237594096616235,0.056578304928328015,6.213501194113991,1784332724.8824158,None,None,None, None, 1784332724.8618681,1.0265300074716408,apf_colreg,crossing,-1.0,2.5130650107955996,0.0,4.898884423489722,31.62454536591023,4.986577645105997,1.0605754109143342,2.2542788022408473,WEBOTS_UNKNOWN,ekf_on_cluster_on,1,1
1784332725.0080802,44.22694396972656,-115.57874415703063,200.0,0.2,5.7263240696601265,4.250083477717716,-1.1554160873444914,0.1671972003035284,6.229405621781298,1784332724.9775395,None,None,None, None, 1784332724.9655309,1.0919149181223795,apf_colreg,crossing,-1.0,2.5648813745780936,0.0,5.652709257314984,32.16432244584155,5.043991905121891,1.0669824146084683,2.2994218743079005,WEBOTS_UNKNOWN,ekf_on_cluster_on,1,1
1784332725.0922468,44.311110496520996,-109.94687866326632,200.0,0.2,5.7346344264452735,4.30046552083837,-1.1865279725887614,0.04563374143707668,6.23317682373922,1784332725.0601802,None,None,None, None, 1784332725.1415162,1.0666336325405064,apf_colreg,crossing,-1.0,2.57583426551005,0.0,5.991166199482395,32.61948327464092,5.079524368104039,1.05239263134674,2.319671129451677,WEBOTS_UNKNOWN,ekf_on_cluster_on,1,1
1784332725.1735997,44.39246344566345,-102.53313354203966,200.0,0.2,5.7415020107822325,4.350853752367126,-1.2172752382651382,0.05640497229050237,6.238724053755206,1784332725.1585267,None,None,None, None, 1784332725.1415162,1.0666336325405064,apf_colreg,crossing,-1.0,2.5554593444246434,0.0,4.533622627664052,32.21777846800437,5.079524368104039,1.05239263134674,2.319671129451677,WEBOTS_UNKNOWN,ekf_on_cluster_on,1,1
1784332725.2754827,44.494346380233765,-101.3558782697884,200.0,0.2,5.771213734116498,4.400875137001819,-1.2474227533218283,0.27001114841150753,6.260408227150514,1784332725.238835,None,None,None, None, 1784332725.2323167,1.062896683954713,apf_colreg,crossing,-1.0,2.5800868797609335,0.0,5.569978434089705,32.37924232261987,5.123736084024683,1.0361024777383379,2.335522113260224,WEBOTS_UNKNOWN,ekf_on_cluster_on,1,1
1784332725.4001343,44.6189980506897,-93.12607148506524,200.0,0.2,5.782818026680879,4.451744588586873,-1.2755305252273028,0.04743221748578658,6.2661347490532355,1784332725.3595657,None,None,None, None, 1784332725.3245268,0.9146705535704033,apf_colreg,crossing,-1.0,2.604613170856837,0.0,6.026727658198542,32.62510930942279,5.107817369404297,1.0638155959270321,2.375447750433671,WEBOTS_UNKNOWN,ekf_on_cluster_on,1,1
1784332725.4893882,44.708251953125,-81.74161484435085,200.0,0.2,5.79202921885257,4.502199399601887,-1.3029782663844394,0.06497608620137527,6.273332350673561,1784332725.4703388,None,None,None, None, 1784332725.4528217,1.0955248858364663,apf_colreg,crossing,-1.0,2.616710995990265,0.0,6.498313025656358,32.89091723977675,5.107817369404297,1.0638155959270321,2.375447750433671,WEBOTS_UNKNOWN,ekf_on_cluster_on,1,1
1784332725.6010063,44.81986999511719,-200.0,90.5657008951229,0.2,5.800928751323806,4.239738578524884,-1.1430031530107265,0.06497608620137527,0.0031422607342497244,1784332725.6090052,4.234220110619301,-1.1397050443016985,5.804318888570504, 1784332725.591001, 1784332725.6090052,1.0647467461984799,apf_colreg,crossing,-1.0,2.7577630985137467,0.0,8.363036577513633,31.81326076962251,5.176578656799671,1.0436779216858258,2.401005637941428,WEBOTS_UNKNOWN,ekf_on_cluster_on,1,1
1784332725.741134,44.95999765396118,-200.0,83.41558395900168,0.2,5.810815716118089,4.266531111377401,-1.156816044246106,0.034230743932327556,0.011143970040475125,1784332725.7040968,None,None,None, None, 1784332725.7140985,1.0967624844879793,apf_colreg,crossing,-1.0,2.700488913917393,0.0,8.367566095201077,31.713526335066955,5.176578656799671,1.0436779216858258,2.401005637941428,WEBOTS_UNKNOWN,ekf_on_cluster_on,1,1
1784332725.8200984,45.0389621257782,-200.0,73.67962648993439,0.2,5.821217323078178,4.306023434086038,-1.1765692458901693,0.019201456795459728,0.012929113717299304,1784332725.797066,None,None,None, None, 1784332725.8369205,0.902998930055056,apf_colreg,crossing,-1.0,2.705099116160379,0.0,8.336824353541608,31.676633335271724,4.89893128432238,1.2629628042540595,2.4570387823743585,WEBOTS_UNKNOWN,ekf_on_cluster_on,1,1
1784332725.9040425,45.12290620803833,-200.0,61.78292038621937,0.2,5.832087521623925,4.351915217384413,-1.1988798813383386,0.019201456795459728,0.01676940507639125,1784332725.91204,None,None,None, None, 1784332725.8369205,0.902998930055056,apf_colreg,crossing,-1.0,2.7109218871638467,0.0,8.96656149320053,31.95991878968645,4.89893128432238,1.2629628042540595,2.4570387823743585,WEBOTS_UNKNOWN,ekf_on_cluster_on,1,1
1784332725.9721038,45.19096755981445,-200.0,49.691949108571585,0.2,5.839265104326606,4.3999040095790996,-1.2215246826523787,-0.018546651390945898,0.014637021972981437,1784332725.91204,None,None,None, None, 1784332725.9325554,0.914356852198435,apf_colreg,crossing,-1.0,2.6573227999575546,0.0,8.102736245757722,31.770999995647593,4.89893128432238,1.2629628042540595,2.4570387823743585,WEBOTS_UNKNOWN,ekf_on_cluster_on,1,1
1784332726.07204,45.2909038066864,-200.0,37.665207927626916,0.2,5.8429353855152675,4.448028470656243,-1.243863320477355,-0.04129380072876924,0.0103729436846078,1784332726.015302,None,None,None, None, 1784332726.0519075,0.9944446747338657,apf_colreg,crossing,-1.0,2.7257086213931823,0.0,8.819680198048689,32.13231720026266,4.94396609289941,1.2622325085595327,2.5067648802012656,WEBOTS_UNKNOWN,ekf_on_cluster_on,1,1
1784332726.17443,45.393293619155884,-200.0,34.723597376412265,0.2,5.821836599117663,4.495601818893089,-1.2657999833715738,-0.25169844683763826,6.2666754565502645,1784332726.1221075,None,None,None, None, 1784332726.1461396,1.087288671696771,apf_colreg,crossing,-1.0,2.7355529096304707,0.0,8.181320386234024,32.577738758470325,4.94396609289941,1.2622325085595327,2.5067648802012656,WEBOTS_UNKNOWN,ekf_on_cluster_on,1,1
1784332726.2710867,45.48995041847229,-144.5300975229567,200.0,0.2,5.814265581269554,4.542147868870236,-1.2889905583436878,-0.06026211509208986,6.259236009776765,1784332726.245559,None,None,None, None, 1784332726.2595658,1.0034226354789564,apf_colreg,crossing,-1.0,2.740904810290693,0.0,7.052862107076194,32.56626952268453,4.998213732936468,1.2798646839281067,2.5450880315813182,WEBOTS_UNKNOWN,ekf_on_cluster_on,1,1
1784332726.3950574,45.61392116546631,-136.28464211979772,200.0,0.2,5.803758673413774,4.595326319907458,-1.316264106885761,-0.05471075672151464,6.254085888440168,1784332726.3396926,None,None,None, None, 1784332726.3830273,1.0512288500373743,apf_colreg,crossing,-1.0,2.7581766238892,0.0,7.055642389168792,33.023743662197006,5.070052068022644,1.2657394228848802,2.598167009745969,WEBOTS_UNKNOWN,ekf_on_cluster_on,1,1
1784332726.610102,45.82896566390991,-148.13554814576037,200.0,0.2,5.7885538471256295,4.356061292503602,-1.2044246531697402,-0.007304892261969384,6.252703627472124,1784332726.6252737,4.350986669981956,-1.201994817308123,5.771822258002822, 1784332726.597587, 1784332726.648793,1.0024315913901127,apf_colreg,crossing,-1.0,2.9072264803848826,0.0,7.251440696235792,32.24816606733887,5.119308993675328,1.2675330614124567,2.614752677133168,WEBOTS_UNKNOWN,ekf_on_cluster_on,1,1
1784332726.696057,45.914920806884766,-143.6243215852292,200.0,0.2,5.782189664325846,4.393593092026643,-1.2249646332185433,0.002392209176146368,6.252934133828066,1784332726.7298663,None,None,None, None, 1784332726.648793,1.0024315913901127,apf_colreg,crossing,-1.0,2.8718849593935287,0.0,6.92491561723151,32.44844418214616,4.872349878991849,1.4090703137393275,2.628958518952137,WEBOTS_UNKNOWN,ekf_on_cluster_on,1,1
1784332726.8159096,46.03477334976196,-138.9280236053718,200.0,0.2,5.780162368161986,4.4424850425441615,-1.252072535969865,0.0310508897680959,6.2584342070452665,1784332726.8024046,None,None,None, None, 1784332726.782886,1.098852741814198,apf_colreg,crossing,-1.0,2.809691585897356,0.0,6.295881988673878,32.51704037004851,4.872349878991849,1.4090703137393275,2.628958518952137,WEBOTS_UNKNOWN,ekf_on_cluster_on,1,1
1784332726.8495953,46.068459033966064,-133.71937915423226,200.0,0.2,5.779940934236189,4.495417517334433,-1.2814595717265824,0.0310508897680959,6.264644384998886,1784332726.8024046,None,None,None, None, 1784332726.8846517,1.0762235645423708,apf_colreg,crossing,-1.0,2.828007536354111,0.0,6.240138694933784,32.814359256513846,5.009092542760363,1.392068376697071,2.6820324348710223,WEBOTS_UNKNOWN,ekf_on_cluster_on,1,1
1784332726.9333947,46.15225839614868,-136.33518367054987,200.0,0.2,5.789781681980365,4.549075507998799,-1.3112218835689173,0.11585682481754751,6.2784054600835075,1784332726.9211812,None,None,None, None, 1784332726.8846517,1.0762235645423708,apf_colreg,crossing,-1.0,2.8163112774924426,0.0,5.843732959071701,32.87444821797705,5.009092542760363,1.392068376697071,2.6820324348710223,WEBOTS_UNKNOWN,ekf_on_cluster_on,1,1
1784332726.9806669,46.199530601501465,-134.21104359015283,200.0,0.2,5.803282354022424,4.603511504204047,-1.3404486661516728,0.11585682481754751,0.018391517867430984,1784332726.9211812,None,None,None, None, 1784332726.981667,0.9158058647082391,apf_colreg,crossing,-1.0,2.8370550945137145,0.0,6.286363664214314,33.055171619158905,5.009092542760363,1.392068376697071,2.6820324348710223,WEBOTS_UNKNOWN,ekf_on_cluster_on,1,1
1784332727.07745,46.296313762664795,-129.43099013774562,200.0,0.2,5.810019404889564,4.65831091381881,-1.3687864820112612,0.03925817921917114,0.021964296117674233,1784332727.0121884,None,None,None, None, 1784332727.0842943,1.0348420208967122,apf_colreg,crossing,-1.0,2.8799282148878373,0.0,6.672338528451053,33.31798832701131,5.110808679948185,1.3587921346451695,2.7362571744901563,WEBOTS_UNKNOWN,ekf_on_cluster_on,1,1
1784332727.1719847,46.39084839820862,-123.02819182277756,200.0,0.2,5.815160349649894,4.712850054501601,-1.3966767503329436,0.04202254588319836,0.02629735418376599,1784332727.1153011,None,None,None, None, 1784332727.1630843,1.096598247484773,apf_colreg,crossing,-1.0,2.9052402727019975,0.0,6.759492137976717,33.54090028253948,5.132637050894779,1.369592564275626,2.762183786802295,WEBOTS_UNKNOWN,ekf_on_cluster_on,1,1
1784332727.2745285,46.4933922290802,-114.93779831934324,200.0,0.2,5.819686819354979,4.766921183127199,-1.424063421134207,0.04614285290298232,0.030644655199345287,1784332727.275535,None,None,None, None, 1784332727.2383585,0.9351752701745697,apf_waypoint,static_obstacle,0.0,2.7893349251034687,0.0,6.6433819231295566,28.605942152104134,5.1805111248051725,1.367648716742027,2.790898001871591,WEBOTS_UNKNOWN,ekf_on_cluster_on,1,1
1784332727.3715472,46.59041094779968,-104.65592300952326,200.0,0.2,5.8235160381942945,4.8203607624417,-1.4508769840431768,0.045622537164950246,0.0342904844917406,1784332727.355448,None,None,None, None, 1784332727.3166893,1.0813217840374412,apf_waypoint,static_obstacle,0.0,2.814278134264487,0.0,6.618479530044157,28.814798280650177,5.1805111248051725,1.367648716742027,2.790898001871591,WEBOTS_UNKNOWN,ekf_on_cluster_on,1,1
1784332727.4717164,46.69058012962341,-91.50723019388894,200.0,0.2,5.826673446353108,4.8729712647732315,-1.4770699461622758,0.04511744813819587,0.0392134696717311,1784332727.464563,None,None,None, None, 1784332727.40642,0.9313865820452477,apf_waypoint,static_obstacle,0.0,2.830854311874179,0.0,6.578178624675504,29.02368379665092,5.2642627463066765,1.3431983289111582,2.805828352116197,WEBOTS_UNKNOWN,ekf_on_cluster_on,1,1
1784332727.5715065,46.79037022590637,-70.0706904692772,198.45049997466427,0.2,5.830312650765289,4.924522053381861,-1.502581495328906,0.055138378831689226,0.04298490331751969,1784332727.5329623,None,None,None, None, 1784332727.50224,1.0222590572433854,apf_waypoint,static_obstacle,0.0,2.830854311874179,0.0,6.556092910115478,29.224356426086544,5.2642627463066765,1.3431983289111582,2.805828352116197,WEBOTS_UNKNOWN,ekf_on_cluster_on,1,1
1784332727.6723113,46.89117503166199,-150.81772145734408,200.0,0.2,5.835626229466826,4.4889479370863,-1.2762484404943235,0.06165333178094175,0.049121669876460106,1784332727.632499,4.48470497187144,-1.274056200425092,5.8381069674145465, 1784332727.609881, 1784332727.6565287,0.9074637778719864,apf_colreg,crossing,-1.0,3.0791898489989586,0.0,7.918341439516012,32.46553981398349,5.359198163621089,1.3527731122490043,2.861309846109558,WEBOTS_UNKNOWN,ekf_on_cluster_on,1,1
1784332727.7838666,47.00273036956787,-149.86782990297553,200.0,0.2,5.838978565610989,4.512351547581414,-1.2875182271339192,0.05150181337666198,0.05300460550459968,1784332727.7078931,None,None,None, None, 1784332727.7838666,1.032162838556314,apf_colreg,crossing,-1.0,3.057752326888728,0.0,8.18860313676784,32.56425671698648,4.937234865153381,1.6078474685745385,2.8990451497118217,WEBOTS_UNKNOWN,ekf_on_cluster_on,1,1
1784332727.8725939,47.09145760536194,-147.53613646067285,200.0,0.2,5.843688419520104,4.554657120182238,-1.307675645546773,0.05117428325249445,0.058890514830565406,1784332727.923777,None,None,None, None, 1784332727.8896358,1.0731560507657474,apf_colreg,crossing,-1.0,3.033647391740478,0.0,8.155409049094107,32.665251112768665,4.955803374430074,1.6056238161354819,2.9096053786815017,WEBOTS_UNKNOWN,ekf_on_cluster_on,1,1
1784332727.993376,47.21223974227905,-144.27260861715175,200.0,0.2,5.850207101078887,4.6072028317342415,-1.3323886257045103,0.06243639723774554,0.06518828897144344,1784332727.923777,None,None,None, None, 1784332727.9738529,0.9318840691095721,apf_colreg,crossing,-1.0,3.048668510476871,0.0,8.481015991381685,32.884758219179524,4.955803374430074,1.6056238161354819,2.9096053786815017,WEBOTS_UNKNOWN,ekf_on_cluster_on,1,1
1784332728.1168475,47.33571124076843,-143.4680167949424,200.0,0.2,5.869414045392951,4.663179568976659,-1.3582358251631916,0.17225225397641775,0.08936579975850958,1784332728.0641382,None,None,None, None, 1784332728.0988185,1.0747935967169533,apf_colreg,crossing,-1.0,3.038568481483169,0.0,8.510250661432126,32.8542082203729,5.026213521900974,1.6079973846355449,2.945518718830738,WEBOTS_UNKNOWN,ekf_on_cluster_on,1,1
1784332728.1757538,47.394617557525635,-140.20211720574548,200.0,0.2,5.882275049156328,4.720523578644489,-1.3830691300537836,0.07496300445874769,0.09698121375445506,1784332728.1657271,None,None,None, None, 1784332728.189268,0.9127724902846844,apf_waypoint,static_obstacle,0.0,2.9732791167686985,0.0,8.594038266490266,27.77682174572261,5.026213521900974,1.6079973846355449,2.945518718830738,WEBOTS_UNKNOWN,ekf_on_cluster_on,1,1
1784332728.2740638,47.49292755126953,-134.0343239861654,200.0,0.2,5.889385993822213,4.778044272073918,-1.4072097410142224,0.03560147262145445,0.10410150827874595,1784332728.2740638,None,None,None, None, 1784332728.2857692,1.0029022550293443,apf_waypoint,static_obstacle,0.0,3.018805658086507,0.0,8.68280344771398,27.936539208143163,5.084118120965384,1.6071657811961535,2.9996181662551074,WEBOTS_UNKNOWN,ekf_on_cluster_on,1,1
1784332728.3773613,47.59622502326965,-127.40752471622027,200.0,0.2,5.901466884632044,4.835146663214722,-1.4308736681465462,0.09986171224093365,0.11223624326646628,1784332728.3555238,None,None,None, None, 1784332728.3620377,0.9304695110160071,apf_waypoint,static_obstacle,0.0,3.018805658086507,0.0,8.915173981108737,28.04866569734131,5.084118120965384,1.6071657811961535,2.9996181662551074,WEBOTS_UNKNOWN,ekf_on_cluster_on,1,1
1784332728.472077,47.690940618515015,200.0,200.0,0.2,5.90773476784295,4.891897159960737,-1.4535267294322978,0.040586420442482826,0.11493099980392374,1784332728.4219193,None,None,None, None, 1784332728.4355607,1.0877945553185013,apf_waypoint,static_obstacle,0.0,3.070763707429584,0.0,8.991050975673105,28.203671171588795,5.169017464318057,1.6124928032546162,3.050835103688283,WEBOTS_UNKNOWN,ekf_on_cluster_on,1,1
1784332728.5715673,47.79043102264404,200.0,200.0,0.2,5.907929747771517,4.934043596652834,-1.4704132509788925,0.04471360851265199,0.11857671772670038,1784332728.5855763,None,None,None, None, 1784332728.5895727,1.0800746625174562,apf_waypoint,static_obstacle,0.0,3.088358048425017,0.0,8.9219083528444,28.35973780546453,5.215266623815043,1.6081249630299388,3.0700972770167465,WEBOTS_UNKNOWN,ekf_on_cluster_on,1,1
1784332728.6717947,47.890658378601074,134.96086517826149,200.0,0.2,5.915720002918257,4.624243034123225,-1.3377777884020468,0.08972418982556651,0.1336809277301545,1784332728.6717947,4.619885583576271,-1.3359230622431513,5.9267100420659355, 1784332728.611096, 1784332728.5895727,1.0800746625174562,apf_waypoint,static_obstacle,0.0,3.088358048425017,0.0,9.706625067768515,27.057993737292378,5.215266623815043,1.6081249630299388,3.0700972770167465,WEBOTS_UNKNOWN,ekf_on_cluster_on,1,1
1784332728.773292,47.99215579032898,136.80079525443688,200.0,0.2,5.915783352510724,4.631263504774014,-1.3405491954153417,0.10248927484121102,0.1436202007193945,1784332728.7687733,None,None,None, None, 1784332728.8024645,0.9765116533370689,apf_waypoint,static_obstacle,0.0,3.1244423274577344,0.0,9.696599356648603,27.083171097570737,4.977911140496041,1.7667376999524602,3.1128359192111152,WEBOTS_UNKNOWN,ekf_on_cluster_on,1,1
1784332728.8713548,48.09021854400635,126.77149225600809,200.0,0.2,5.939775119164586,4.647881700658834,-1.3470896939345307,0.312370679005448,0.17065737165266515,1784332728.855328,None,None,None, None, 1784332728.8913703,1.0096969804870473,apf_waypoint,static_obstacle,0.0,3.1244423274577344,0.0,10.31724167521691,26.904318058968865,4.977911140496041,1.7667376999524602,3.1128359192111152,WEBOTS_UNKNOWN,ekf_on_cluster_on,1,1
1784332728.9741755,48.19303917884827,127.67136966921794,200.0,0.2,5.949522632815401,4.673302678710511,-1.3561331012192817,0.07735370760658387,0.1782651862840372,1784332728.953679,None,None,None, None, 1784332728.9846883,0.9490230921543645,apf_waypoint,static_obstacle,0.0,3.1717800283425004,0.0,10.54290389130746,26.888831982381532,4.976160002358469,1.8068297721773385,3.1625470949815893,WEBOTS_UNKNOWN,ekf_on_cluster_on,1,1
1784332729.0714252,48.2902889251709,132.86099168710822,200.0,0.2,5.955232690051971,4.704935470321427,-1.3672044915758166,0.07704659527278224,0.1850858323565097,1784332729.0422053,None,None,None, None, 1784332729.0587153,0.9100689600715253,apf_waypoint,static_obstacle,0.0,3.1854093726205215,0.0,10.652452347392993,26.934450587016347,4.9980909958424755,1.8111456449829058,3.177226382525403,WEBOTS_UNKNOWN,ekf_on_cluster_on,1,1
1784332729.1730905,48.39195418357849,117.39567090721634,200.0,0.2,5.996101812979365,4.740240389271042,-1.3794365902401977,0.4117609491758093,0.22166540205661944,1784332729.1310422,None,None,None, None, 1784332729.1540678,0.9781547796351535,apf_waypoint,static_obstacle,0.0,3.222325752229576,0.0,11.700237995086283,26.596274873149845,5.095382870455702,1.8294024481125593,3.211442925244618,WEBOTS_UNKNOWN,ekf_on_cluster_on,1,1
1784332729.2719483,48.49081206321716,118.78759845607573,200.0,0.2,6.011033856911914,4.778811194740267,-1.390537240252089,0.07941568337907552,0.22820323993413408,1784332729.2764683,None,None,None, None, 1784332729.2344048,1.0089661811684576,apf_waypoint,static_obstacle,0.0,3.2346392396175156,0.0,12.056477138952978,26.530208931598906,4.974768500200169,1.8434375768667144,3.2256160585095217,WEBOTS_UNKNOWN,ekf_on_cluster_on,1,1
1784332729.3718438,48.590707540512085,120.630616360524,200.0,0.2,6.026317098067956,4.818805969638863,-1.401698812460125,0.13539417785704286,0.24538130135901537,1784332729.340241,None,None,None, None, 1784332729.3126938,0.9252687130116592,apf_waypoint,static_obstacle,0.0,3.2681622799763863,0.0,12.422031567223605,26.456298596048605,5.039830606006119,1.8637897665598921,3.256722092992007,WEBOTS_UNKNOWN,ekf_on_cluster_on,1,1
1784332729.4753783,48.694242000579834,127.477227869928,200.0,0.2,6.0342900910687005,4.859535034182265,-1.4124588831303928,0.08130551222855353,0.25161497002023053,1784332729.4169106,None,None,None, None, 1784332729.4998908,1.003815168707772,apf_waypoint,static_obstacle,0.0,3.2835861420330725,0.0,12.595736328575843,26.4670794770614,5.053687496960685,1.869234094777876,3.273067323788622,WEBOTS_UNKNOWN,ekf_on_cluster_on,1,1
1784332729.574816,48.79367971420288,136.3930461173488,200.0,0.2,6.039073553109051,4.900327476991235,-1.423021166362294,0.0763228909330814,0.2587882194788736,1784332729.587344,None,None,None, None, 1784332729.5763226,1.0797667805892925,apf_waypoint,static_obstacle,0.0,3.2981652044658216,0.0,12.686219454271235,26.515830969766707,5.116374661838193,1.871791032718449,3.285770449557854,WEBOTS_UNKNOWN,ekf_on_cluster_on,1,1
1784332729.67171,48.89057374000549,63.28059219992211,200.0,0.2,6.063055218680981,4.722309766691751,-1.3723771667230988,0.27202440586426163,0.27958386653219786,1784332729.6864593,4.719425476205332,-1.3715718751947317,6.0605336093152395, 1784332729.615123, 1784332729.6697083,1.0620013986012977,apf_waypoint,static_obstacle,0.0,3.332014197923857,0.0,13.473595003161677,25.68425160033603,5.20724088284062,1.8912202810605285,3.326461648544382,WEBOTS_UNKNOWN,ekf_on_cluster_on,1,1
1784332729.7718036,48.99066734313965,64.42878504761205,200.0,0.2,6.072288567767828,4.749124674203964,-1.3783364271663876,0.08393773161363893,0.2879033860010828,1784332729.788836,None,None,None, None, 1784332729.74378,0.9584505843505139,apf_waypoint,static_obstacle,0.0,3.332014197923857,0.0,13.691622288381632,25.622063804625675,4.9300558787900615,1.9610261618861407,3.3403434813686848,WEBOTS_UNKNOWN,ekf_on_cluster_on,1,1
1784332729.8712814,49.090145111083984,70.14413700387361,200.0,0.2,6.079301178156784,4.784488031907489,-1.3859803414207903,0.08898907077335765,0.30421650581868104,1784332729.8697753,None,None,None, None, 1784332729.8278754,1.0962764314551445,apf_waypoint,static_obstacle,0.0,3.3443566732691745,0.0,13.847477195451141,25.60728257899551,4.9300558787900615,1.9610261618861407,3.3403434813686848,WEBOTS_UNKNOWN,ekf_on_cluster_on,1,1
1784332729.9714115,49.19027519226074,79.70551669886092,200.0,0.2,6.083554135881973,4.824860348326089,-1.3944822089767763,0.07228373320621437,0.30960893989987576,1784332729.9443762,None,None,None, None, 1784332729.9303517,1.0898299932098694,apf_waypoint,static_obstacle,0.0,3.3443566732691745,0.0,13.930210793530492,25.6398861907022,4.9300558787900615,1.9610261618861407,3.3403434813686848,WEBOTS_UNKNOWN,ekf_on_cluster_on,1,1
1784332730.072182,49.29104566574097,90.79236662779674,200.0,0.2,6.086897851792076,4.867518121665135,-1.4033513511141251,0.0748521579016763,0.3159058094396953,1784332730.0285003,None,None,None, None, 1784332730.0796938,0.9859646667935699,apf_waypoint,static_obstacle,0.0,3.3923424604065144,0.0,13.988762112195856,25.68935474789741,5.030586929134938,1.9911393023701842,3.389577830467292,WEBOTS_UNKNOWN,ekf_on_cluster_on,1,1
1784332730.1718302,49.39069390296936,77.30516662655802,200.0,0.2,6.124846649596026,4.910884055693585,-1.4122590746426176,0.39126491311895034,0.3459236533055209,1784332730.1052203,None,None,None, None, 1784332730.1828399,1.0285557397181204,apf_waypoint,static_obstacle,0.0,3.408185946321753,0.0,14.92955857520382,25.23812789095075,5.103023796785858,1.996184088775811,3.405178808847415,WEBOTS_UNKNOWN,ekf_on_cluster_on,1,1
1784332730.2720094,49.49087309837341,81.90883369438374,200.0,0.2,6.138300117721489,4.95538859897445,-1.4190832463003251,0.07148113223676165,0.35326067504855846,1784332730.2812047,None,None,None, None, 1784332730.257953,1.06203617394521,apf_waypoint,static_obstacle,0.0,3.4382572957367583,0.0,15.248597431189769,25.11502675285273,5.0496255533592,2.0224948035320747,3.43622397243358,WEBOTS_UNKNOWN,ekf_on_cluster_on,1,1
1784332730.371966,49.590829610824585,72.52650978138601,200.0,0.2,6.17127415444715,5.0001294460711225,-1.4256189815345692,0.29344459698497505,0.39420414352460365,1784332730.3473902,None,None,None, None, 1784332730.320842,0.9417372158785747,apf_waypoint,static_obstacle,0.0,3.452078412736211,0.0,16.052059677043047,24.676954860904022,5.092540859682055,2.0292896671039036,3.4497589630218877,WEBOTS_UNKNOWN,ekf_on_cluster_on,1,1
1784332730.4720178,49.6908814907074,78.05120694443157,200.0,0.2,6.184617162227747,5.04545262258498,-1.4304577468581297,0.07529494857369032,0.40045458948401336,1784332730.430403,None,None,None, None, 1784332730.4068644,1.0283065895372436,apf_waypoint,static_obstacle,0.0,3.4854320046291267,0.0,16.366748984667588,24.523972756209997,5.055357738942931,2.057944360179914,3.4841509890337545,WEBOTS_UNKNOWN,ekf_on_cluster_on,1,1
1784332730.571686,49.790549755096436,86.86096643004393,200.0,0.2,6.194140558225478,5.090809000148218,-1.4349568872820413,0.08631387905120563,0.40793670310455077,1784332730.517088,None,None,None, None, 1784332730.5701776,0.9700267664223519,apf_waypoint,static_obstacle,0.0,3.4984916970168753,0.0,16.587325717831575,24.42761342990566,5.082579228030508,2.066170218139383,3.4974151691066453,WEBOTS_UNKNOWN,ekf_on_cluster_on,1,1
1784332730.6726575,49.89152121543884,-12.85204575269103,200.0,0.2,6.201424192415495,4.822961176446413,-1.3943801299680603,0.19479645467698953,0.42424343070334836,1784332730.7047594,4.818828164479995,-1.3937892042432778,6.178130423491194, 1784332730.616314, 1784332730.6701415,0.9722758886069218,apf_waypoint,static_obstacle,0.0,3.4984916970168753,0.0,16.849101173012315,23.822125775715566,5.082579228030508,2.066170218139383,3.4974151691066453,WEBOTS_UNKNOWN,ekf_on_cluster_on,1,1
1784332730.7727962,49.99165987968445,-200.0,163.8787465367863,0.2,6.229205955289626,4.84680495466349,-1.3963136852020028,0.2941754346174231,0.4548258497018631,1784332730.8123345,None,None,None, None, 1784332730.7648423,0.9107795830293781,apf_waypoint,static_obstacle,0.0,3.5449616968000077,0.0,17.49973765138607,23.372377489004094,4.870043575692891,2.1501035685977326,3.5444370942362333,WEBOTS_UNKNOWN,ekf_on_cluster_on,1,1
1784332730.8719263,50.090790033340454,-200.0,156.0505469500932,0.2,6.249275620234316,4.89355034422336,-1.39819589397519,0.06400638232950606,0.4617113476834639,1784332730.8123345,None,None,None, None, 1784332730.842371,1.0188116161952139,apf_waypoint,static_obstacle,0.0,3.557824663452714,0.0,17.9586490475018,23.05306227718046,4.8025544695939955,2.160440051726198,3.557391112339301,WEBOTS_UNKNOWN,ekf_on_cluster_on,1,1
1784332730.9729462,50.19180989265442,-200.0,148.074156412158,0.2,6.262624515651378,4.952355535570038,-1.3995092597536567,0.023590093480514725,0.46432490010104577,1784332730.9231248,None,None,None, None, 1784332730.9441612,1.0187169580422397,apf_waypoint,static_obstacle,0.0,3.5900337537798555,0.0,18.257607390002416,22.847927290639515,4.81010034327622,2.1890752533222657,3.5898178701471934,WEBOTS_UNKNOWN,ekf_on_cluster_on,1,1
1784332731.072027,50.29089069366455,-200.0,139.37243332898777,0.2,6.272472192958655,5.014547192064207,-1.4002241337436403,0.01500786920489442,0.465884428158465,1784332731.0270388,None,None,None, None, 1784332731.0270388,0.958132300519602,apf_waypoint,static_obstacle,0.0,3.602300838634573,0.0,18.474752030939413,22.699916048208156,4.834458601510812,2.1985296681852926,3.6021603250547285,WEBOTS_UNKNOWN,ekf_on_cluster_on,1,1
1784332731.1828291,50.40169286727905,-200.0,129.72958320975363,0.2,-0.003776486346658517,5.076785133914196,-1.4004135348215514,0.0011905238871021398,0.46599469747926975,1784332731.1196613,None,None,None, None, 1784332731.183336,0.958778635693632,apf_waypoint,static_obstacle,0.0,3.6263962244914674,0.0,18.625149247355417,22.599614127019095,4.825069427423862,2.2183663522736357,3.62633243551308,WEBOTS_UNKNOWN,ekf_on_cluster_on,1,1
1784332731.2819827,50.50084638595581,-200.0,118.97079825614034,0.2,-6.679032463451258e-05,5.138188236512343,-1.40023548579885,-0.019104785594400833,0.46386960127510896,1784332731.3225195,None,None,None, None, 1784332731.2829921,1.029663606820688,apf_waypoint,static_obstacle,0.0,3.643279328178856,0.0,18.702477814718367,22.555319499062183,4.866336576308643,2.2339290696926595,3.643215782005929,WEBOTS_UNKNOWN,ekf_on_cluster_on,1,1
1784332731.437697,50.65656065940857,-200.0,106.31247570453966,0.2,0.0015194134726032975,5.198494947155117,-1.3998983976893045,-0.029609046075943793,0.4611566872812661,1784332731.451201,None,None,None, None, 1784332731.3720994,0.9057023194759178,apf_waypoint,static_obstacle,0.0,3.655151254241747,0.0,18.731963217018965,22.5489292671673,4.879244997358321,2.2422135494157147,3.654897373798252,WEBOTS_UNKNOWN,ekf_on_cluster_on,1,1
1784332731.5132987,50.73216247558594,-200.0,89.01429748834016,0.2,0.003243166322590304,5.257523593951722,-1.3995101089315272,-0.02356140961148405,0.45812477160510223,1784332731.5852568,None,None,None, None, 1784332731.4707286,1.0841689465643383,apf_waypoint,static_obstacle,0.0,3.661709067841213,0.0,18.76462658394082,22.539168178831467,4.925510404306516,2.2496994510324884,3.661544329119956,WEBOTS_UNKNOWN,ekf_on_cluster_on,1,1
1784332731.6940813,50.91294503211975,-200.0,151.98632707875817,0.2,-0.022300474741145344,4.935317950535491,-1.4053321443463145,-0.016297655014769635,0.45593997556199006,1784332731.7085872,4.9289124822703005,-1.4054388128341104,6.2043117540147925, 1784332731.631987, 1784332731.6930747,0.9563461730680668,apf_waypoint,static_obstacle,0.0,3.669874804625285,0.0,18.216051694897132,22.92638562598304,4.990783570279993,2.2573566246384984,3.669783723327329,WEBOTS_UNKNOWN,ekf_on_cluster_on,1,1
1784332731.8122635,51.03112721443176,-200.0,149.62733277076154,0.2,6.259446349301327,4.969747342527107,-1.4059656030841006,-0.06166463199156363,0.44833485462660816,1784332731.8268435,None,None,None, None, 1784332731.80426,0.905015693999724,apf_waypoint,static_obstacle,0.0,3.669874804625285,0.0,18.178825222996668,22.972864663773485,4.990783570279993,2.2573566246384984,3.669783723327329,WEBOTS_UNKNOWN,ekf_on_cluster_on,1,1
1784332731.8693824,51.08824610710144,-200.0,145.91463444111423,0.2,6.255990814031858,5.021853446821574,-1.4071258653068526,-0.04855144850142375,0.4425933384868501,1784332731.8268435,None,None,None, None, 1784332731.80426,0.905015693999724,apf_waypoint,static_obstacle,0.0,3.7134448517564738,0.0,18.092614336820542,23.068295163843132,4.647625762693649,2.2924013587657486,3.712414861240874,WEBOTS_UNKNOWN,ekf_on_cluster_on,1,1
1784332731.9921045,51.210968255996704,-200.0,140.36995631725696,0.2,6.253222830129128,5.0817689987001105,-1.4087056898259291,-0.03328374008037413,0.4392109033502747,1784332731.9284678,None,None,None, None, 1784332732.0041068,0.9608412714104441,apf_waypoint,static_obstacle,0.0,3.7134448517564738,0.0,18.020568767442086,23.15848236664104,4.647625762693649,2.2924013587657486,3.712414861240874,WEBOTS_UNKNOWN,ekf_on_cluster_on,1,1
1784332732.0516887,51.27055239677429,-200.0,136.72378957139293,0.2,6.238285205523849,5.143542258594535,-1.4104771841110697,-0.14695076390359132,0.42566928932924775,1784332732.0206184,None,None,None, None, 1784332732.0041068,0.9608412714104441,apf_waypoint,static_obstacle,0.0,3.7134448517564738,0.0,17.6633792195892,23.46803043498149,4.811410657497387,2.3265252165387817,3.7506761981443306,WEBOTS_UNKNOWN,ekf_on_cluster_on,1,1
1784332732.1257718,51.34463548660278,-200.0,129.4146078720216,0.2,6.231211735212532,5.205391848811882,-1.4134387905217807,-0.04006050457594851,0.4215770147421883,1784332732.1227708,None,None,None, None, 1784332732.1122954,1.0936743794800554,apf_waypoint,static_obstacle,0.0,3.7525732151997078,0.0,17.486110437031748,23.64666777542781,4.811410657497387,2.3265252165387817,3.7506761981443306,WEBOTS_UNKNOWN,ekf_on_cluster_on,1,1
1784332732.2286372,51.44750094413757,-192.45269625231904,104.41937930664493,0.2,6.226147725167089,5.266616119556351,-1.41666320460795,-0.04006050457594851,0.41356491382699856,1784332732.1227708,None,None,None, None, 1784332732.227638,0.9357661714240397,apf_waypoint,static_obstacle,0.0,3.7525732151997078,0.0,17.35469227794816,23.791663717974977,4.811410657497387,2.3265252165387817,3.7506761981443306,WEBOTS_UNKNOWN,ekf_on_cluster_on,1,1
1784332732.2716758,51.49053955078125,200.0,200.0,0.2,6.222895680451599,5.324820385997743,-1.4199266336303396,-0.03673769829702165,0.40906881349632734,1784332732.2451546,None,None,None, None, 1784332732.227638,0.9357661714240397,apf_waypoint,static_obstacle,0.0,3.7525732151997078,0.0,17.265804467096753,23.9040654055763,4.811410657497387,2.3265252165387817,3.7506761981443306,WEBOTS_UNKNOWN,ekf_on_cluster_on,1,1
1784332732.372018,51.59088182449341,200.0,200.0,0.2,6.186031744510629,5.369398533536525,-1.4230311302457008,-0.25479332921267767,0.38929156553692207,1784332732.3227754,None,None,None, None, 1784332732.3816292,1.0686385450619917,apf_waypoint,static_obstacle,0.0,3.776314491078437,0.0,16.36180383972794,24.572584560712333,5.000583071117285,2.3414232863713877,3.7740407095779753,WEBOTS_UNKNOWN,ekf_on_cluster_on,1,1
1784332732.4718413,51.69070506095886,200.0,200.0,0.2,6.1598857302932,5.408870229134811,-1.427818591456362,-0.050737549850150256,0.385416460586471,1784332732.4778478,None,None,None, None, 1784332732.4602637,1.0366205051702286,apf_waypoint,static_obstacle,0.0,3.8096530934187416,0.0,15.699337846819128,25.053454142797023,5.134742038544024,2.3785407400071894,3.807469209475192,WEBOTS_UNKNOWN,ekf_on_cluster_on,1,1
1784332732.5723293,51.79119300842285,200.0,200.0,0.2,6.140595862322753,5.445884312011242,-1.4332690285633851,0.004608293470615649,0.3860697888135602,1784332732.540923,None,None,None, None, 1784332732.540923,1.0443295524397704,apf_waypoint,static_obstacle,0.0,3.8220586252833315,0.0,15.196663190853872,25.41800745317356,5.25635603429157,2.3903401820271,3.819375829114876,WEBOTS_UNKNOWN,ekf_on_cluster_on,1,1
1784332732.672353,51.89121675491333,197.0901198454654,200.0,0.2,6.142246733860017,5.078949707998411,-1.4199886093098857,0.09764113878467072,0.39383016028445056,1784332732.6204016,5.074607515108046,-1.4197820856435375,6.157568501483753, 1784332732.646252, 1784332732.6204016,1.0841212031587724,apf_waypoint,static_obstacle,0.0,3.8571916690192047,0.0,15.32586637685635,25.1135863356084,5.391239211316565,2.422627252919518,3.8533976952974505,WEBOTS_UNKNOWN,ekf_on_cluster_on,1,1
1784332732.7717512,51.990614891052246,200.0,200.0,0.2,6.132893184515134,5.080008407150107,-1.4201551318761898,0.07753097282288385,0.40111682259930953,1784332732.7143855,None,None,None, None, 1784332732.7807772,1.0824822571801562,apf_waypoint,static_obstacle,0.0,3.870987137265557,0.0,15.089815756961725,25.257791442971484,5.01794943207911,2.450203162167369,3.8662207778262254,WEBOTS_UNKNOWN,ekf_on_cluster_on,1,1
1784332732.8759704,52.094834089279175,200.0,200.0,0.2,6.127934891653236,5.088506081735668,-1.4215569983500345,0.08080484835007076,0.4092725695566054,1784332732.815317,None,None,None, None, 1784332732.8523715,1.0841068777048972,apf_waypoint,static_obstacle,0.0,3.884428035271806,0.0,14.960320179374941,25.348567665412762,5.076889953891058,2.463480844225773,3.879096187067008,WEBOTS_UNKNOWN,ekf_on_cluster_on,1,1
1784332732.9736757,52.19253945350647,200.0,200.0,0.2,6.125219336122867,5.103973224655762,-1.424169359798458,0.0807927377029496,0.41672509199372665,1784332732.9806771,None,None,None, None, 1784332732.9571183,1.059746454832337,apf_waypoint,static_obstacle,0.0,3.919587194685083,0.0,14.883802263341707,25.419262500773748,5.196602518531454,2.495277557679082,3.913948359380199,WEBOTS_UNKNOWN,ekf_on_cluster_on,1,1
1784332733.0726318,52.29149556159973,200.0,200.0,0.2,6.123440337114013,5.125350085814064,-1.4278261909735024,0.07851053227245211,0.42246560413024586,1784332733.0806308,None,None,None, None, 1784332733.0806308,0.9212845082002139,apf_waypoint,static_obstacle,0.0,3.919587194685083,0.0,14.827821371901436,25.487836407878525,5.260014433960227,2.502746093617731,3.926762926535869,WEBOTS_UNKNOWN,ekf_on_cluster_on,1,1
1784332733.174781,52.3936448097229,200.0,200.0,0.2,6.140483025716683,5.151260052724771,-1.4322997169970746,0.2427006664703963,0.46689587581281744,1784332733.1637433,None,None,None, None, 1784332733.1552293,1.0518297527782736,apf_waypoint,static_obstacle,0.0,3.9331457998650787,0.0,15.24776519302691,25.28317594532475,5.260014433960227,2.502746093617731,3.926762926535869,WEBOTS_UNKNOWN,ekf_on_cluster_on,1,1
1784332733.275553,52.4944167137146,200.0,200.0,0.2,6.144055187129243,5.180443668951019,-1.4366254247595744,0.06657738929291941,0.4726076398805192,1784332733.2495346,None,None,None, None, 1784332733.2395,1.0761682013215776,apf_waypoint,static_obstacle,0.0,3.9610554110986964,0.0,15.325546471443543,25.280446163270383,5.284738789070265,2.5261911988375823,3.9541518901512838,WEBOTS_UNKNOWN,ekf_on_cluster_on,1,1
1784332733.3720677,52.59093141555786,200.0,200.0,0.2,6.1465589918618235,5.211715451644478,-1.441259096688405,0.08374477213517818,0.47979914519753786,1784332733.3354087,None,None,None, None, 1784332733.3204017,0.9773970815446672,apf_waypoint,static_obstacle,0.0,3.9958746408434647,0.0,15.375539022956483,25.297735192053647,5.374310677726019,2.5540336047870182,3.974201483172137,WEBOTS_UNKNOWN,ekf_on_cluster_on,1,1
1784332733.472398,52.691261768341064,200.0,200.0,0.2,6.176545127739816,5.244290963921769,-1.4460419650333791,0.3351271160545257,0.5058370502832762,1784332733.4131043,None,None,None, None, 1784332733.4884324,1.0722969933953335,apf_waypoint,static_obstacle,0.0,3.9938734086568948,0.0,16.115019359918726,24.883549307406533,5.4216933899335835,2.546369683157935,3.9867722619370305,WEBOTS_UNKNOWN,ekf_on_cluster_on,1,1
1784332733.5736346,52.79249835014343,200.0,200.0,0.2,6.185812937525392,5.277777279228655,-1.4496130875203406,0.07870387291288942,0.5126718755084887,1784332733.586674,None,None,None, None, 1784332733.5901809,1.099510830421663,apf_waypoint,static_obstacle,0.0,4.026487679619129,0.0,16.334827803893845,24.78077251457983,5.411970226421201,2.5759934692629365,4.0191558932409945,WEBOTS_UNKNOWN,ekf_on_cluster_on,1,1
1784332733.6864088,52.905272483825684,176.56126791894835,200.0,0.2,6.221248301470407,5.158797137522635,-1.4283743069377903,0.04242948423185452,0.5205833689525892,1784332733.6864088,5.156826670364573,-1.428055762222394,0.0045330856436676115, 1784332733.678367, 1784332733.6974108,1.0261635096275397,apf_waypoint,static_obstacle,0.0,4.026487679619129,0.0,17.24080606007598,23.937592643736178,5.411970226421201,2.5759934692629365,4.0191558932409945,WEBOTS_UNKNOWN,ekf_on_cluster_on,1,1
1784332733.771719,52.99058270454407,-200.0,165.36278637428427,0.2,6.226855626339039,5.182135063599899,-1.4300223055290475,0.1635108604156222,0.5330943957881749,1784332733.7629237,None,None,None, None, 1784332733.773234,0.9899253010290852,apf_waypoint,static_obstacle,0.0,4.063304729865371,0.0,17.370037833693967,23.86596336300125,5.255406360279283,2.633407914581562,4.048223590306591,WEBOTS_UNKNOWN,ekf_on_cluster_on,1,1
1784332733.8759086,53.09477233886719,-200.0,160.56721014840403,0.2,6.236369797642779,5.228628546608646,-1.4324864922275031,0.06111921458775088,0.5386831781870759,1784332733.8543644,None,None,None, None, 1784332733.8558705,1.0801240497400277,apf_waypoint,static_obstacle,0.0,4.083060370749887,0.0,17.58803114155574,23.74292926148485,5.299821824019929,2.6507079782292857,4.074405135150258,WEBOTS_UNKNOWN,ekf_on_cluster_on,1,1
1784332733.9743605,53.19322419166565,-200.0,153.842130031165,0.2,6.247447169082811,5.287744941809071,-1.4349136727962506,0.05325463753240049,0.5428614723973102,1784332733.9328232,None,None,None, None, 1784332733.9478574,0.9953346844514562,apf_waypoint,static_obstacle,0.0,4.096645519257422,0.0,17.840449884643586,23.595572271613086,5.308954338905034,2.6622973126695086,4.086713383524009,WEBOTS_UNKNOWN,ekf_on_cluster_on,1,1
1784332734.0746243,53.29348802566528,-200.0,144.98521887051461,0.2,6.2605541199202,5.350551463709771,-1.4367203954361587,0.06201287685053748,0.5477381936187894,1784332734.0114636,None,None,None, None, 1784332734.0500863,0.9562102523356891,apf_waypoint,static_obstacle,0.0,4.136336237983424,0.0,18.139111793916047,23.405011293676992,5.372663308974206,2.6994367279226266,4.115207843609212,WEBOTS_UNKNOWN,ekf_on_cluster_on,1,1
1784332734.1711218,53.38998556137085,-200.0,135.58124137320922,0.2,6.268961278416987,5.413431685409865,-1.4376231460752882,0.009571712684765015,0.5484912986229538,1784332734.1831503,None,None,None, None, 1784332734.137407,0.9836451760649773,apf_waypoint,static_obstacle,0.0,4.136336237983424,0.0,18.326928073406705,23.289038051874698,5.372663308974206,2.6994367279226266,4.115207843609212,WEBOTS_UNKNOWN,ekf_on_cluster_on,1,1
1784332734.2723277,53.491191387176514,-200.0,124.70448487240833,0.2,-0.007872308613245574,5.475485975786347,-1.438062034794675,0.0007069112045875201,0.548557045869738,1784332734.2923534,None,None,None, None, 1784332734.230735,1.0459043705592599,apf_waypoint,static_obstacle,0.0,4.1536202851970785,0.0,18.46661471110756,23.205211676050787,5.364983356107245,2.7138897526792554,4.141964382584079,WEBOTS_UNKNOWN,ekf_on_cluster_on,1,1
1784332734.371479,53.59034276008606,-200.0,112.38209638224427,0.2,-0.005334547856694727,5.536420332095162,-1.4381433911025123,-0.027980439470264917,0.5455014951345016,1784332734.2923534,None,None,None, None, 1784332734.3103583,0.9369456276455441,apf_waypoint,static_obstacle,0.0,4.1536202851970785,0.0,18.517844562061967,23.187822901976784,5.419594182119085,2.7365805004379475,4.165612747228659,WEBOTS_UNKNOWN,ekf_on_cluster_on,1,1
1784332734.4738483,53.69271206855774,-200.0,152.60004098629574,0.2,-0.004426388300612604,5.596082083941596,-1.4381383828953584,-0.03352836283359806,0.5414389578619557,1784332734.4135206,None,None,None, None, 1784332734.4190347,1.094130355876116,apf_waypoint,static_obstacle,0.0,4.176698426096614,0.0,18.531391092250455,23.19947248031492,5.419594182119085,2.7365805004379475,4.165612747228659,WEBOTS_UNKNOWN,ekf_on_cluster_on,1,1
1784332734.571882,53.79074573516846,-200.0,149.59806942541934,0.2,-0.010321349768384577,5.658936670533472,-1.4382083164701438,-0.07730719700610406,0.5335177747016194,1784332734.5159843,None,None,None, None, 1784332734.5400174,1.0682923369228237,apf_waypoint,static_obstacle,0.0,4.197465865833686,0.0,18.38603628108088,23.339323209090455,5.4277237039801065,2.755455623449526,4.185588478338737,WEBOTS_UNKNOWN,ekf_on_cluster_on,1,1
1784332734.6755853,53.89444899559021,-200.0,145.46782539514632,0.2,6.268609681425144,5.722267403435176,-1.438828956974632,-0.04146331952416156,0.5293725341222834,1784332734.615958,None,None,None, None, 1784332734.6435158,0.9275435685314765,apf_waypoint,static_obstacle,0.0,4.197465865833686,0.0,18.277603357546216,23.454073534942644,5.4277237039801065,2.755455623449526,4.185588478338737,WEBOTS_UNKNOWN,ekf_on_cluster_on,1,1
1784332734.771745,53.99060869216919,-200.0,164.7979739995929,0.2,6.277033307185843,5.303106595517052,-1.4263163511812944,-0.03723876419916716,0.5256423664587392,1784332734.716127,5.298026234746377,-1.4261752564350059,0.016274684233572145, 1784332734.681585, 1784332734.7476864,0.9831312202842294,apf_waypoint,static_obstacle,0.0,4.240988567700511,0.0,18.53324574847876,22.98442767665599,5.481480890239875,2.794293365547751,4.225403465073199,WEBOTS_UNKNOWN,ekf_on_cluster_on,1,1
1784332734.8729928,54.091856479644775,-200.0,164.26929884360152,0.2,6.273575887298394,5.340174023355821,-1.4265355786977523,-0.040922228004891446,0.5225054474415557,1784332734.8755064,None,None,None, None, 1784332734.8238769,0.9332274166895035,apf_waypoint,static_obstacle,0.0,4.266693423521377,0.0,18.44915796740448,23.06723561129455,5.013022224587767,2.830473634030725,4.237328430052536,WEBOTS_UNKNOWN,ekf_on_cluster_on,1,1
1784332734.980217,54.1990807056427,-200.0,164.26108218937802,0.2,6.264813391150879,5.39515447512168,-1.4270725061601013,-0.08552906875706509,0.5154301530762522,1784332734.982734,None,None,None, None, 1784332734.923571,1.0490005423943134,apf_waypoint,static_obstacle,0.0,4.277251930117202,0.0,18.239165073562955,23.25812947354062,4.996932557657884,2.8362104845594462,4.261959814326604,WEBOTS_UNKNOWN,ekf_on_cluster_on,1,1
1784332735.1304011,54.3492648601532,-200.0,163.25922003544565,0.2,6.258315410973678,5.457775193576769,-1.4283592713781559,-0.04198009397836839,0.5064739978728636,1784332735.0888493,None,None,None, None, 1784332735.1264048,1.0929515675427957,apf_waypoint,static_obstacle,0.0,4.294517164455334,0.0,18.07865879460796,23.417032374731235,5.070865993047425,2.8541293861071644,4.274478166169975,WEBOTS_UNKNOWN,ekf_on_cluster_on,1,1
1784332735.1929796,54.41184329986572,-200.0,161.65115691277012,0.2,6.252811267305483,5.522341007122064,-1.4300590519535525,-0.03829575928001487,0.5033299466995786,1784332735.1709485,None,None,None, None, 1784332735.2180061,0.9248539330056043,apf_waypoint,static_obstacle,0.0,4.294517164455334,0.0,17.93953864028707,23.562146114430107,5.070865993047425,2.8541293861071644,4.274478166169975,WEBOTS_UNKNOWN,ekf_on_cluster_on,1,1
1784332735.2738383,54.4927020072937,-200.0,159.42144862089944,0.2,6.248247131993287,5.5871484079412115,-1.432083779308151,-0.03418378262096531,0.5000878002044513,1784332735.265793,None,None,None, None, 1784332735.2180061,0.9248539330056043,apf_waypoint,static_obstacle,0.0,4.32920030667226,0.0,17.821164604441073,23.693248186252646,5.142907155006702,2.8809327770876942,4.3095302253949335,WEBOTS_UNKNOWN,ekf_on_cluster_on,1,1
1784332735.3751006,54.59396433830261,-200.0,158.58657701175102,0.2,6.236453929788812,5.651780325995933,-1.4343620044972027,-0.10272719737139586,0.49097973729244493,1784332735.3544557,None,None,None, None, 1784332735.4033964,0.9466935426736843,apf_waypoint,static_obstacle,0.0,4.350466964747992,0.0,17.528875113464625,23.95380679713866,5.183140093893197,2.8969473087360043,4.3294915769575395,WEBOTS_UNKNOWN,ekf_on_cluster_on,1,1
1784332735.4740665,54.69293022155762,-200.0,155.86401713650255,0.2,6.230573949060343,5.716255977472549,-1.4375545931019307,-0.030910184027120615,0.4882286134137322,1784332735.4434595,None,None,None, None, 1784332735.4033964,0.9466935426736843,apf_waypoint,static_obstacle,0.0,4.350466964747992,0.0,17.37469507241179,24.11732603044162,5.183140093893197,2.8969473087360043,4.3294915769575395,WEBOTS_UNKNOWN,ekf_on_cluster_on,1,1
1784332735.5719664,54.79083013534546,-200.0,152.29757611523243,0.2,6.225152308535111,5.780435831068046,-1.4410014907055348,-0.039892535095397454,0.48457950043694725,1784332735.534933,None,None,None, None, 1784332735.534933,1.093668216854569,apf_waypoint,static_obstacle,0.0,4.38547448623926,0.0,17.229877302672865,24.274645313600598,5.341845257170134,2.9287258521410604,4.361696768909348,WEBOTS_UNKNOWN,ekf_on_cluster_on,1,1
1784332735.6717458,54.89060950279236,-200.0,148.34382032301158,0.2,6.217714358317639,5.844205615736849,-1.4447305691850119,-0.0627176313733165,0.4787319762214355,1784332735.6281688,None,None,None, None, 1784332735.6161602,0.9901054700386263,apf_waypoint,static_obstacle,0.0,4.38547448623926,0.0,17.034081001881766,24.468389394315935,5.436805276284755,2.96302442326509,4.389054486433398,WEBOTS_UNKNOWN,ekf_on_cluster_on,1,1
1784332735.7739098,54.99277353286743,-200.0,171.6159750161337,0.2,6.222037007600244,5.456332947975494,-1.426091360264201,-0.0329585518484799,0.4758599102619658,1784332735.8004265,5.450521714805247,-1.4257971630556117,6.23862564323055, 1784332735.693293, 1784332735.7203255,0.9096085771882754,apf_waypoint,static_obstacle,0.0,4.426727263486169,0.0,17.219980297063977,24.035614111470004,5.436805276284755,2.96302442326509,4.389054486433398,WEBOTS_UNKNOWN,ekf_on_cluster_on,1,1
1784332735.8790946,55.09795832633972,-200.0,173.77901873545974,0.2,6.207342974613482,5.493973293062407,-1.4284193005346175,-0.1538424161687855,0.46276547307832605,1784332735.8895965,None,None,None, None, 1784332735.82046,1.0436373354447002,apf_waypoint,static_obstacle,0.0,4.456804699717498,0.0,16.856399855171123,24.324885332967398,4.962055891852424,3.0020140241634987,4.429364508005335,WEBOTS_UNKNOWN,ekf_on_cluster_on,1,1
1784332735.974315,55.19317865371704,-200.0,173.99510783687143,0.2,6.1986367450167945,5.550069783365998,-1.4329941019514623,-0.031950720538229165,0.457426493952438,1784332735.967527,None,None,None, None, 1784332735.9336424,1.055037468152767,apf_waypoint,static_obstacle,0.0,4.456804699717498,0.0,16.629187862664782,24.539024264848802,4.962055891852424,3.0020140241634987,4.429364508005335,WEBOTS_UNKNOWN,ekf_on_cluster_on,1,1
1784332736.0721755,55.29103922843933,-200.0,173.08789304079897,0.2,6.192932222910392,5.6138363810948855,-1.4386056499561928,-0.025224169992967477,0.45555787565401834,1784332736.0416074,None,None,None, None, 1784332736.0802112,0.9589854134832756,apf_waypoint,static_obstacle,0.0,4.4631059073899975,0.0,16.470886034984492,24.715276228673872,5.104077737014946,3.0064351911099525,4.440606235089438,WEBOTS_UNKNOWN,ekf_on_cluster_on,1,1
1784332736.1718922,55.39075589179993,-200.0,173.15307170068246,0.2,6.18149784409056,5.679423382581014,-1.4446531324263177,-0.09045057675703205,0.4482121994561094,1784332736.1228194,None,None,None, None, 1784332736.1729007,1.0602555963477256,apf_waypoint,static_obstacle,0.0,4.491457383272476,0.0,16.16700542718817,24.988938526064587,5.138501667031843,3.025759509394294,4.46802202793327,WEBOTS_UNKNOWN,ekf_on_cluster_on,1,1
1784332736.2748091,55.4936728477478,-200.0,171.89069450672403,0.2,6.174836747487085,5.745280637337227,-1.4516074435260276,-0.03179959417179496,0.44580637893824127,1784332736.1984751,None,None,None, None, 1784332736.2715926,1.089746334822963,apf_waypoint,static_obstacle,0.0,4.522415813150428,0.0,15.977687112480066,25.19192263506426,5.257462063273219,3.0559784636092107,4.484372032496153,WEBOTS_UNKNOWN,ekf_on_cluster_on,1,1
1784332736.374069,55.59293270111084,-200.0,169.76179003847338,0.2,6.169879896713957,5.811038287198312,-1.4588979810558058,-0.027972439934103435,0.44262155999609226,1784332736.3825834,None,None,None, None, 1784332736.3931038,0.9012735242092511,apf_waypoint,static_obstacle,0.0,4.517675085033296,0.0,15.828798275678595,25.370145704360134,5.305153138791708,3.0414246020613245,4.493002612372193,WEBOTS_UNKNOWN,ekf_on_cluster_on,1,1
1784332736.4742687,55.693132400512695,-200.0,166.69610702848846,0.2,6.1660359665848175,5.876543721063984,-1.4664226589016955,-0.02584066153478382,0.4408061848662731,1784332736.4742687,None,None,None, None, 1784332736.4858093,0.9601807780909641,apf_waypoint,static_obstacle,0.0,4.544250317637623,0.0,15.706284416488511,25.532631827867093,5.3379861442040175,3.056798814077583,4.518289675855647,WEBOTS_UNKNOWN,ekf_on_cluster_on,1,1
1784332736.6032925,55.82215619087219,-200.0,163.65824788731402,0.2,6.15821845832878,5.94168259423754,-1.4741105120215678,-0.06653430227281837,0.4329539930306205,1784332736.5922859,None,None,None, None, 1784332736.5637205,1.0629134155277458,apf_waypoint,static_obstacle,0.0,4.544250317637623,0.0,15.479971125464896,25.758142035691122,5.3379861442040175,3.056798814077583,4.518289675855647,WEBOTS_UNKNOWN,ekf_on_cluster_on,1,1
1784332736.6828651,55.9017288684845,-183.42954195624395,135.30296885232352,0.2,6.149395543740241,6.0063881367046585,-1.4823359996153904,-0.06653430227281837,0.4196471325760568,1784332736.7014232,None,None,None, None, 1784332736.6368136,1.0219019589838798,apf_waypoint,static_obstacle,0.0,4.578813623058626,0.0,15.223723752662968,26.002298998923834,5.457794409874606,3.0762056574024004,4.5539242529393285,WEBOTS_UNKNOWN,ekf_on_cluster_on,1,1
1784332736.793693,56.01255679130554,-200.0,180.25618943052683,0.2,6.16015432828709,5.59835035760765,-1.4340102594814106,-0.024010316646115578,0.4170267115249497,1784332736.8102064,5.592167971143318,-1.4332637775474322,6.188847415253913, 1784332736.693403, 1784332736.725933,0.9052265836442069,apf_waypoint,static_obstacle,0.0,4.591095386250558,0.0,15.662382525213765,25.1922048849487,5.547448687901838,3.081197553086552,4.566647120267327,WEBOTS_UNKNOWN,ekf_on_cluster_on,1,1
1784332736.8820698,56.10093355178833,-200.0,183.38375191529147,0.2,6.141579013384868,5.632107517162882,-1.438221009302307,-0.190854872188095,0.3962648991877271,1784332736.9065945,None,None,None, None, 1784332736.838708,0.9754499024067116,apf_waypoint,static_obstacle,0.0,4.591095386250558,0.0,15.177690001038183,25.53304619770109,5.547448687901838,3.081197553086552,4.566647120267327,WEBOTS_UNKNOWN,ekf_on_cluster_on,1,1
1784332736.9721348,56.190998554229736,-200.0,184.30355028145695,0.2,6.131488088033176,5.686725279779169,-1.4464329392223378,-0.025074852131212872,0.3938479817934565,1784332736.9065945,None,None,None, None, 1784332736.9364295,1.049291944640526,apf_waypoint,static_obstacle,0.0,4.591095386250558,0.0,14.892768404849809,25.785620410566736,5.142592559555349,3.1798432898570868,4.612408075706874,WEBOTS_UNKNOWN,ekf_on_cluster_on,1,1
1784332737.0724995,56.29136323928833,-200.0,184.27835258064962,0.2,6.124321509747115,5.750697742128033,-1.4565046394770258,-0.028124806215126148,0.3892526182787186,1784332737.0699863,None,None,None, None, 1784332737.0234158,1.0142607107670343,apf_waypoint,static_obstacle,0.0,4.686730114981086,0.0,14.674460754115838,26.01407893520997,5.188136129287788,3.206478735540501,4.646578096288449,WEBOTS_UNKNOWN,ekf_on_cluster_on,1,1
1784332737.172875,56.39173865318298,-200.0,183.75312547357973,0.2,6.11827434499459,5.816993585228699,-1.4673228615704588,-0.031327258534039115,0.38673587135041504,1784332737.1503236,None,None,None, None, 1784332737.0930495,1.0330067030315169,apf_waypoint,static_obstacle,0.0,4.686730114981086,0.0,14.480581398839835,26.233026287209505,5.188136129287788,3.206478735540501,4.646578096288449,WEBOTS_UNKNOWN,ekf_on_cluster_on,1,1
1784332737.2725005,56.49136424064636,-200.0,182.61601208082536,0.2,6.113646764003328,5.8836029181062965,-1.4785564306034171,-0.024320622743478192,0.384495370255515,1784332737.2424471,None,None,None, None, 1784332737.2920463,1.0114129784829877,apf_waypoint,static_obstacle,0.0,4.689280145772085,0.0,14.32073639891373,26.43481992422373,5.36324605803794,3.191436627127187,4.669099405629605,WEBOTS_UNKNOWN,ekf_on_cluster_on,1,1
1784332737.3717065,56.59057021141052,-198.4119799944032,179.05749082417913,0.2,6.1045252867209605,5.950111006352118,-1.4900407480623201,-0.0698967744787647,0.3781055616423361,1784332737.333865,None,None,None, None, 1784332737.3670452,0.944302090268528,apf_waypoint,static_obstacle,0.0,4.700713043510303,0.0,14.038491253716487,26.701904684835444,5.36324605803794,3.191436627127187,4.669099405629605,WEBOTS_UNKNOWN,ekf_on_cluster_on,1,1
1784332737.472423,56.69128680229187,200.0,200.0,0.2,6.099036861492842,6.01594426767635,-1.5021227679478475,-0.0266660298613561,0.37552028860281345,1784332737.430815,None,None,None, None, 1784332737.4608488,1.02911609242113,apf_waypoint,static_obstacle,0.0,4.724971181168681,0.0,13.848769866112413,26.921635987669447,5.447938067973488,3.205561460792952,4.696999878763724,WEBOTS_UNKNOWN,ekf_on_cluster_on,1,1
1784332737.5718048,56.79066848754883,200.0,200.0,0.2,6.088779711955736,6.06165233466053,-1.5111526478667603,-0.007062783648719219,0.3747083782532417,1784332737.5457711,None,None,None, None, 1784332737.563779,1.073882942622692,apf_waypoint,static_obstacle,0.0,4.724971181168681,0.0,13.539250521750258,27.167519930765117,5.447938067973488,3.205561460792952,4.696999878763724,WEBOTS_UNKNOWN,ekf_on_cluster_on,1,1
1784332737.671824,56.890687704086304,200.0,200.0,0.2,6.085107764047315,6.101384952626305,-1.5195714205692248,0.07756028196932539,0.3830871478136444,1784332737.6538002,None,None,None, None, 1784332737.6683161,0.9352480142441327,apf_waypoint,static_obstacle,0.0,4.763878912140919,0.0,13.40910208541348,27.31388865583707,5.585562217207741,3.2257295187907107,4.73503992938125,WEBOTS_UNKNOWN,ekf_on_cluster_on,1,1
1784332737.772495,56.99135875701904,200.0,200.0,0.2,6.108765426867963,5.753748423360943,-1.450620367769359,0.0725459684414308,0.39046236218229763,1784332737.755463,5.752849236601245,-1.4501219219887374,6.164316497169943, 1784332737.7774944, 1784332737.7564626,0.992494518173444,apf_waypoint,static_obstacle,0.0,4.763878912140919,0.0,14.279830751510172,26.18678175132751,5.585562217207741,3.2257295187907107,4.73503992938125,WEBOTS_UNKNOWN,ekf_on_cluster_on,1,1
1784332737.8731666,57.09203028678894,200.0,200.0,0.2,6.108105411250998,5.754152768211312,-1.4506966567201176,0.1363119168901798,0.40370611679331303,1784332737.8526206,None,None,None, None, 1784332737.8355896,1.0983099240035286,apf_waypoint,static_obstacle,0.0,4.821163838727394,0.0,14.262294165808136,26.197088153063387,5.2424107643182305,3.3443351908593213,4.784962295374305,WEBOTS_UNKNOWN,ekf_on_cluster_on,1,1
1784332737.9717906,57.190654277801514,200.0,200.0,0.2,6.101910258216794,5.761964634978613,-1.4521529186909576,0.02915111916386924,0.4060419432929734,1784332737.9327488,None,None,None, None, 1784332737.9327488,0.969040815388803,apf_waypoint,static_obstacle,0.0,4.843714168046827,0.0,14.094829491563372,26.301895480813833,5.293186660054282,3.371261013253721,4.79861379395653,WEBOTS_UNKNOWN,ekf_on_cluster_on,1,1
1784332738.086634,57.30549764633179,200.0,200.0,0.2,6.103523223345409,5.776768155309334,-1.4550507765806566,0.12104832749509606,0.41660932550917645,1784332738.1296957,None,None,None, None, 1784332738.0550888,0.9104177030184686,apf_waypoint,static_obstacle,0.0,4.846288482865618,0.0,14.127688962748948,26.312555354870483,5.375677305983795,3.378151793844282,4.821017144701914,WEBOTS_UNKNOWN,ekf_on_cluster_on,1,1
1784332738.238885,57.45774865150452,200.0,200.0,0.2,6.105112385153408,5.797594400988941,-1.4590446979595417,0.0955753785884129,0.4363285105085976,1784332738.2263684,None,None,None, None, 1784332738.2544131,1.0857615490409027,apf_waypoint,static_obstacle,0.0,4.865691060400236,0.0,14.156268329422124,26.336413912025144,5.400269857469577,3.3948393987057495,4.826734255081333,WEBOTS_UNKNOWN,ekf_on_cluster_on,1,1
1784332738.3430517,57.56191539764404,200.0,200.0,0.2,6.12958061862037,5.8230835629800675,-1.4638867768998634,0.29683631231207225,0.46501551210005926,1784332738.323011,None,None,None, None, 1784332738.3440473,1.0857256497308418,apf_waypoint,static_obstacle,0.0,4.880661514708572,0.0,14.781613253134227,26.038943431127677,5.491819900547252,3.41120208039109,4.852169067735662,WEBOTS_UNKNOWN,ekf_on_cluster_on,1,1
1784332738.4472094,57.66607308387756,200.0,200.0,0.2,6.13744316510652,5.852031327531275,-1.4684107110161264,0.08110925597020302,0.47310069114570924,1784332738.4226935,None,None,None, None, 1784332738.4602191,0.9322112769224152,apf_waypoint,static_obstacle,0.0,4.905850294767309,0.0,14.971371533211077,25.97762820348161,5.46390581509033,3.4274096361416793,4.8775023728050675,WEBOTS_UNKNOWN,ekf_on_cluster_on,1,1
1784332738.5198612,57.73872494697571,200.0,200.0,0.2,6.151325639453163,5.883165140734312,-1.4731643069203733,0.1675366463271232,0.4866067850322399,1784332738.5033092,None,None,None, None, 1784332738.4602191,0.9322112769224152,apf_waypoint,static_obstacle,0.0,4.905850294767309,0.0,15.315878467322012,25.826511654668906,5.46390581509033,3.4274096361416793,4.8775023728050675,WEBOTS_UNKNOWN,ekf_on_cluster_on,1,1
1784332738.6158097,57.8346734046936,200.0,200.0,0.2,6.155109725901022,5.915715483955154,-1.4776334766466648,0.06860611103200466,0.49339934459117046,1784332738.6023173,None,None,None, None, 1784332738.5647433,1.0295522550855065,apf_waypoint,static_obstacle,0.0,4.9329449610389045,0.0,15.39915221336203,25.82584770539644,5.508108939081306,3.442410375556521,4.899916963823455,WEBOTS_UNKNOWN,ekf_on_cluster_on,1,1
1784332738.7017329,57.92059659957886,200.0,200.0,0.2,6.162660882633748,5.949078420012171,-1.4822003879637986,0.1274432863824847,0.5055847925799125,1784332738.697932,None,None,None, None, 1784332738.6558797,1.0392921381390305,apf_waypoint,static_obstacle,0.0,4.9329449610389045,0.0,15.579389421768829,25.767872851365603,5.508108939081306,3.442410375556521,4.899916963823455,WEBOTS_UNKNOWN,ekf_on_cluster_on,1,1
1784332738.7959788,58.01484251022339,177.5315477945224,200.0,0.2,6.199809066432672,5.821216539821704,-1.4576667159937609,0.08351175855270175,0.5222871442904529,1784332738.7979777,5.819080492395811,-1.457285163038315,6.265230777856647, 1784332738.699591, 1784332738.7528915,0.9891128219060877,apf_waypoint,static_obstacle,0.0,4.940110638189977,0.0,16.58068502745327,24.878657906003646,5.637612996139886,3.447714682911015,4.920063736591119,WEBOTS_UNKNOWN,ekf_on_cluster_on,1,1
1784332738.8765984,58.09546208381653,181.79496591202846,200.0,0.2,6.198484159314116,5.843598956720905,-1.4597230646414496,0.08351175855270175,0.5389894960009932,1784332738.8921204,None,None,None, None, 1784332738.8555973,0.9422584056653743,apf_waypoint,static_obstacle,0.0,4.940110638189977,0.0,16.541039002565583,24.93081881498024,5.637612996139886,3.447714682911015,4.920063736591119,WEBOTS_UNKNOWN,ekf_on_cluster_on,1,1
1784332738.973032,58.191895723342896,186.35021226913057,200.0,0.2,6.198205940825692,5.871319120973472,-1.4623270619266104,0.08522116937706142,0.5470124448868476,1784332738.9800334,None,None,None, None, 1784332738.9383197,0.9213391403751682,apf_waypoint,static_obstacle,0.0,4.972756626967938,0.0,16.525706546420672,24.973457315238694,5.56278870181976,3.504189051176691,4.963681054538925,WEBOTS_UNKNOWN,ekf_on_cluster_on,1,1
1784332739.072215,58.29107880592346,190.96230402945994,200.0,0.2,6.19877475223571,5.90247010202859,-1.465274531543653,0.08767207744350229,0.5619650316728185,1784332739.0626717,None,None,None, None, 1784332739.0165865,0.9782609139878852,apf_waypoint,none,0.0,nan,nan,16.530403607019718,25.007115785704176,nan,nan,nan,WEBOTS_UNKNOWN,ekf_on_cluster_on,1,1
1784332739.1717863,58.390650033950806,196.07536021821832,200.0,0.2,6.198413975606642,5.935548700065309,-1.4683920369119947,0.07566659345929164,0.5682129723671372,1784332739.1452436,None,None,None, None, 1784332739.1727931,1.0140444048358697,apf_waypoint,none,0.0,nan,nan,16.51120738730484,25.058820017982633,nan,nan,nan,WEBOTS_UNKNOWN,ekf_on_cluster_on,1,1
1784332739.2720814,58.4909451007843,174.06160514556086,200.0,0.2,6.263259400906717,5.9695032635006875,-1.4716281665671018,0.6643596563626285,0.6228810256027568,1784332739.2275305,None,None,None, None, 1784332739.2420504,1.0903382095047307,apf_waypoint,none,0.0,nan,nan,18.092836588991176,23.984247197593575,nan,nan,nan,WEBOTS_UNKNOWN,ekf_on_cluster_on,1,1
1784332739.3746214,58.59348511695862,170.07851289223177,200.0,0.2,0.0016135662085171119,6.005218109443268,-1.471852242447908,0.08518861639349427,0.6303952584388249,1784332739.3157375,None,None,None, None, 1784332739.3197432,1.0165927765449763,apf_waypoint,none,0.0,nan,nan,18.59997748928424,23.609886464860992,nan,nan,nan,WEBOTS_UNKNOWN,ekf_on_cluster_on,1,1
1784332739.472746,58.691609621047974,170.9087679589168,200.0,0.2,0.013723411509845955,6.042055553512307,-1.4716822650323724,0.08412532195653832,0.6433513038210971,1784332739.4697464,None,None,None, None, 1784332739.4822574,0.942348140953882,apf_waypoint,none,0.0,nan,nan,18.879486611832696,23.400881874751455,nan,nan,nan,WEBOTS_UNKNOWN,ekf_on_cluster_on,1,1
1784332739.5738328,58.792696475982666,174.48735712801843,200.0,0.2,0.020509940633654217,6.079477971987602,-1.4712710002941076,0.08091752792072306,0.6496266071400604,1784332739.5472982,None,None,None, None, 1784332739.5472982,1.0065723834485625,apf_waypoint,none,0.0,nan,nan,19.032895752560027,23.288395239563908,nan,nan,nan,WEBOTS_UNKNOWN,ekf_on_cluster_on,1,1
1784332739.6714897,58.8903534412384,180.037285991682,200.0,0.2,0.02307721233321004,6.117045807216382,-1.470725330484865,0.06837129048798665,0.6553716777180906,1784332739.6313257,None,None,None, None, 1784332739.6343293,1.0547216009805966,apf_waypoint,none,0.0,nan,nan,19.08766146730954,23.25460126473467,nan,nan,nan,WEBOTS_UNKNOWN,ekf_on_cluster_on,1,1
1784332739.7722697,58.99113345146179,116.13637277628435,200.0,0.2,0.058053654611828424,5.910424497068073,-1.458896959264439,0.07410814732186194,0.6608958859521074,1784332739.7862976,5.90720204303497,-1.458748019690446,0.12297914623184526, 1784332739.701543, 1784332739.7862976,1.0517795874400537,apf_waypoint,none,0.0,nan,nan,19.912447912291622,22.350833764307268,nan,nan,nan,WEBOTS_UNKNOWN,ekf_on_cluster_on,1,1
1784332739.872962,59.09182572364807,121.57349228149275,200.0,0.2,0.056451718445200784,5.930620167585555,-1.4578872471979536,0.07878123831768163,0.6672322070295205,1784332739.8910031,None,None,None, None, 1784332739.8860033,0.9912542850300269,apf_waypoint,none,0.0,nan,nan,19.874372025913114,22.38376016202681,nan,nan,nan,WEBOTS_UNKNOWN,ekf_on_cluster_on,1,1
1784332739.9721053,59.19096899032593,121.66378479340527,200.0,0.2,0.06627986388511715,5.959581155875865,-1.4564844037144753,0.17638502330534322,0.6857007018095692,1784332739.8910031,None,None,None, None, 1784332739.9741151,1.0916994233121844,apf_waypoint,none,0.0,nan,nan,20.090179101460265,22.189388202057227,nan,nan,nan,WEBOTS_UNKNOWN,ekf_on_cluster_on,1,1
1784332740.0714266,59.29029035568237,121.45566131382704,200.0,0.2,0.07876531254700073,5.994593671536935,-1.4543033652004071,0.1531152301488777,0.7132487495384789,1784332740.0709202,None,None,None, None, 1784332740.0714266,0.9665196006954411,apf_waypoint,none,0.0,nan,nan,20.361651281406687,21.934862606280145,nan,nan,nan,WEBOTS_UNKNOWN,ekf_on_cluster_on,1,1
1784332740.1718054,59.390669107437134,121.74822797242958,200.0,0.2,0.09189244588307542,6.033227415839568,-1.4513659817670854,0.14365205138735232,0.7236408488455887,1784332740.1432624,None,None,None, None, 1784332740.155271,0.9530079334650836,apf_waypoint,none,0.0,nan,nan,20.643174422884236,21.658690213118856,nan,nan,nan,WEBOTS_UNKNOWN,ekf_on_cluster_on,1,1
1784332740.2738562,59.492719888687134,107.45463587924465,200.0,0.2,0.12816103276136273,6.073775719522302,-1.4477370547856419,0.34687918995859496,0.7522586235083081,1784332740.225763,None,None,None, None, 1784332740.2352734,0.9620812085889355,apf_waypoint,none,0.0,nan,nan,21.40940416725176,20.8837325217466,nan,nan,nan,WEBOTS_UNKNOWN,ekf_on_cluster_on,1,1
1784332740.3745346,59.593398332595825,106.81110119260579,200.0,0.2,0.1439084921750511,6.1156444132116565,-1.4420884660758242,0.0938287477103003,0.7606224228130166,1784332740.314902,None,None,None, None, 1784332740.3234165,0.9997856297597705,apf_waypoint,none,0.0,nan,nan,21.72807228359622,20.51374844080143,nan,nan,nan,WEBOTS_UNKNOWN,ekf_on_cluster_on,1,1
1784332740.471683,59.69054675102234,105.51848494692389,200.0,0.2,0.1611930085535877,6.158224145426477,-1.4359065161240352,0.15105297312001928,0.7771909838583222,1784332740.4245892,None,None,None, None, 1784332740.4175816,0.9288458272582983,apf_waypoint,none,0.0,nan,nan,22.070740477530745,20.100492087928934,nan,nan,nan,WEBOTS_UNKNOWN,ekf_on_cluster_on,1,1
1784332740.5740829,59.792946577072144,97.8512984656914,200.0,0.2,0.18806508807054878,6.201101379247646,-1.4289528569236083,0.24058455414777202,0.7986458537565062,1784332740.5137672,None,None,None, None, 1784332740.5137672,1.093955866156793,apf_waypoint,none,0.0,nan,nan,22.59229934830822,19.45883362499403,nan,nan,nan,WEBOTS_UNKNOWN,ekf_on_cluster_on,1,1
1784332740.6737278,59.89259147644043,88.06813221593953,200.0,0.2,0.21776243467946094,6.244201494824482,-1.4206184008652176,0.23937134915834984,0.8232671279205146,1784332740.6166253,None,None,None, None, 1784332740.6071155,0.9340625628227249,apf_waypoint,none,0.0,nan,nan,23.146247109853,18.725657727794182,nan,nan,nan,WEBOTS_UNKNOWN,ekf_on_cluster_on,1,1
1784332740.776385,59.995248794555664,3.384817276396162,200.0,0.2,0.2339444072495005,6.0070527175329875,-1.446342716795534,0.03597573840672199,0.8285459318519971,1784332740.7633576,6.003348109528183,-1.4468120545186005,0.2491776676781816, 1784332740.715778, 1784332740.7668726,1.0335843453356637,apf_waypoint,none,0.0,nan,nan,23.49362003609952,18.45708243337829,nan,nan,nan,WEBOTS_UNKNOWN,ekf_on_cluster_on,1,1
1784332740.8822825,60.10114622116089,3.521820631344345,200.0,0.2,0.24147460121274936,6.032396132344854,-1.4403428992083818,0.1000653251053914,0.8395938317538174,1784332740.8737645,None,None,None, None, 1784332740.8737645,1.0915209096124223,apf_waypoint,none,0.0,nan,nan,23.62113410744474,18.23774317291387,nan,nan,nan,WEBOTS_UNKNOWN,ekf_on_cluster_on,1,1
1784332740.974453,60.19331669807434,1.020253936232662,200.0,0.2,0.25527588096469306,6.068205965180808,-1.4316109640872545,0.1593061845697894,0.8538770230877256,1784332740.9634233,None,None,None, None, 1784332740.98997,0.9506341363525926,apf_waypoint,none,0.0,nan,nan,23.854022531065848,17.84867995096182,nan,nan,nan,WEBOTS_UNKNOWN,ekf_on_cluster_on,1,1
1784332741.0742564,60.29312014579773,3.082214368259917,200.0,0.2,0.26619045625958915,6.110312184151681,-1.4206362332143385,0.10525563283415365,0.8629563573370782,1784332741.049683,None,None,None, None, 1784332741.1102946,1.062004127171001,apf_waypoint,none,0.0,nan,nan,24.025756527624708,17.50883847959784,nan,nan,nan,WEBOTS_UNKNOWN,ekf_on_cluster_on,1,1
1784332741.1757264,60.39459013938904,8.060964299285132,200.0,0.2,0.2751787553888256,6.155454202714966,-1.40839813548145,0.09406214257261854,0.8707014119241073,1784332741.1320229,None,None,None, None, 1784332741.1102946,1.062004127171001,apf_waypoint,none,0.0,nan,nan,24.157219672303857,17.203960291868338,nan,nan,nan,WEBOTS_UNKNOWN,ekf_on_cluster_on,1,1
1784332741.2748613,60.493725061416626,-4.8778870300877335,200.0,0.2,0.3034714068935325,6.201768035532892,-1.3954495117378851,0.27458697461902315,0.895350975301137,1784332741.2217925,None,None,None, None, 1784332741.2923725,1.0844356762389176,apf_waypoint,none,0.0,nan,nan,24.60518533385742,16.42033105833523,nan,nan,nan,WEBOTS_UNKNOWN,ekf_on_cluster_on,1,1
1784332741.3715336,60.590397357940674,-3.42346881236317,200.0,0.2,0.315731175415001,6.248428939101089,-1.3806173575123086,0.07559512324778145,0.9021232054411629,1784332741.3785448,None,None,None, None, 1784332741.3564606,0.9443167032980002,apf_waypoint,none,0.0,nan,nan,24.769881089364553,16.00735568264691,nan,nan,nan,WEBOTS_UNKNOWN,ekf_on_cluster_on,1,1
1784332741.471755,60.69061875343323,7.507021819251112,200.0,0.2,0.3228492409033562,6.2952508110046566,-1.365329376717824,0.06407236948501549,0.9064267418053795,1784332741.473764,None,None,None, None, 1784332741.4426935,1.0365184716276998,apf_waypoint,none,0.0,nan,nan,24.8465145503288,15.716656737264561,nan,nan,nan,WEBOTS_UNKNOWN,ekf_on_cluster_on,1,1
1784332741.571942,60.79080581665039,19.434604833761494,200.0,0.2,0.32609600575080494,6.341855436224757,-1.3498960904773778,0.05215994799648112,0.911393366950085,1784332741.571942,None,None,None, None, 1784332741.5233393,0.9905289211691176,apf_waypoint,none,0.0,nan,nan,24.859982562778498,15.520529660621905,nan,nan,nan,WEBOTS_UNKNOWN,ekf_on_cluster_on,1,1
1784332741.6727479,60.89161157608032,31.537130891648005,200.0,0.2,0.329362269311113,6.388128281843719,-1.334516105161633,0.06858665339385929,0.9165814551133694,1784332741.647585,None,None,None, None, 1784332741.6862602,0.9082415646784485,apf_waypoint,none,0.0,nan,nan,24.872856730906335,15.324236403125088,nan,nan,nan,WEBOTS_UNKNOWN,ekf_on_cluster_on,1,1
1784332741.7737668,60.99263048171997,-38.18666704515763,200.0,0.2,0.3477588280163111,6.098213257425578,-1.422773972574877,0.220808869359305,0.9371851040623134,1784332741.7408948,6.0937791406571655,-1.4241425509113403,0.34458928553572044, 1784332741.718829, 1784332741.7737668,1.0589228511674695,apf_waypoint,none,0.0,nan,nan,25.377731883540072,15.50580693195981,nan,nan,nan,WEBOTS_UNKNOWN,ekf_on_cluster_on,1,1
1784332741.8714366,61.09030032157898,-38.23274424377495,200.0,0.2,0.35438471294815566,6.120971688438619,-1.414499381824129,0.06104312316675279,0.9431984637694691,1784332741.8394048,None,None,None, None, 1784332741.8574142,1.0286965576752038,apf_waypoint,none,0.0,nan,nan,25.458006009419446,15.274931582775196,nan,nan,nan,WEBOTS_UNKNOWN,ekf_on_cluster_on,1,1
1784332741.9719434,61.19080710411072,-36.31942725471982,200.0,0.2,0.36000020477543293,6.156116292573131,-1.4015714272962754,0.0742494497231906,0.9508787594775663,1784332741.942844,None,None,None, None, 1784332741.9438457,1.0571864927476673,apf_waypoint,none,0.0,nan,nan,25.50857814254091,15.034185767194124,nan,nan,nan,WEBOTS_UNKNOWN,ekf_on_cluster_on,1,1
1784332742.072189,61.29105281829834,-45.026809719996976,200.0,0.2,0.3942905480723192,6.198745231740739,-1.3856678815097947,0.34797165350198433,0.9826509810833444,1784332742.0341508,None,None,None, None, 1784332742.0391505,1.0382435173307145,apf_waypoint,none,0.0,nan,nan,25.96205132466848,14.031954272049168,nan,nan,nan,WEBOTS_UNKNOWN,ekf_on_cluster_on,1,1
1784332742.1719713,61.39083504676819,-45.00826166078703,200.0,0.2,0.4079238209912049,6.2446176511191265,-1.3661606624894582,0.06011410828542692,0.9906654569291627,1784332742.167472,None,None,None, None, 1784332742.125404,1.0591007258713052,apf_waypoint,none,0.0,nan,nan,26.090821088496348,13.528073579486316,nan,nan,nan,WEBOTS_UNKNOWN,ekf_on_cluster_on,1,1
1784332742.2722473,61.491111040115356,-44.56265690376527,200.0,0.2,0.4214772378103063,6.291963452721721,-1.3455958601670677,0.10709669686089997,0.9987756180533317,1784332742.2431993,None,None,None, None, 1784332742.2061312,1.040415978333197,apf_waypoint,none,0.0,nan,nan,26.206153241358194,13.016673446161041,nan,nan,nan,WEBOTS_UNKNOWN,ekf_on_cluster_on,1,1
1784332742.3726616,61.5915253162384,-41.55799772883247,200.0,0.2,0.4293170618179885,6.3396246946381964,-1.324194745858442,0.06539080173864853,1.005333057461083,1784332742.34348,None,None,None, None, 1784332742.2983057,1.0118028910976007,apf_waypoint,none,0.0,nan,nan,26.23763899445579,12.647377013091859,nan,nan,nan,WEBOTS_UNKNOWN,ekf_on_cluster_on,1,1
1784332742.472241,61.69110465049744,-37.63831892209872,200.0,0.2,0.43565017883062424,6.387225621860412,-1.302510554030027,0.0705001866238758,1.0117967029825516,1784332742.4351628,None,None,None, None, 1784332742.4677331,0.9399825656978263,apf_waypoint,none,0.0,nan,nan,26.245363601043948,12.31521772693779,nan,nan,nan,WEBOTS_UNKNOWN,ekf_on_cluster_on,1,1
1784332742.5731602,61.79202389717102,-39.21951645996645,200.0,0.2,0.45611926130554525,6.43454435369815,-1.2806589673961017,0.20406127411311048,1.0289052757432346,1784332742.5190032,None,None,None, None, 1784332742.5515602,1.0600974780131074,apf_waypoint,none,0.0,nan,nan,26.415994196560252,11.609386355034204,nan,nan,nan,WEBOTS_UNKNOWN,ekf_on_cluster_on,1,1
1784332742.672383,61.8912467956543,-44.828273361044566,200.0,0.2,0.4867842338745649,6.481299769139717,-1.257615675212774,0.256778718419939,1.0488518138541,1784332742.596683,None,None,None, None, 1784332742.6578474,0.947130253412637,apf_waypoint,none,0.0,nan,nan,26.673640182801858,10.619472463659392,nan,nan,nan,WEBOTS_UNKNOWN,ekf_on_cluster_on,1,1
1784332742.777305,61.99616861343384,-78.06976835864535,200.0,0.2,0.48547200990402284,6.216417517650721,-1.3779066727027305,0.06213817551865772,1.0547070161191685,1784332742.7988255,6.212309586958,-1.3798231840539232,0.4583906207076076, 1784332742.726738, 1784332742.7538073,1.045400651497015,apf_waypoint,none,0.0,nan,nan,27.103391855654127,11.552282689692603,nan,nan,nan,WEBOTS_UNKNOWN,ekf_on_cluster_on,1,1
1784332742.8747618,62.09362554550171,-78.13876117208736,200.0,0.2,0.49299389132846166,6.243841437935915,-1.3633690575594004,0.05890323085109576,1.0652117315847154,1784332742.8692503,None,None,None, None, 1784332742.8261533,0.9695494651450816,apf_waypoint,none,0.0,nan,nan,27.134610009048963,11.23784766620821,nan,nan,nan,WEBOTS_UNKNOWN,ekf_on_cluster_on,1,1
1784332742.976452,62.19531583786011,-76.42493643433811,200.0,0.2,0.49908246033868475,6.282917652036492,-1.3424039905956846,0.06582440804256114,1.0704537148317934,1784332742.9488862,None,None,None, None, 1784332742.906323,1.052377148740577,apf_waypoint,none,0.0,nan,nan,27.12225607934082,10.913515211874056,nan,nan,nan,WEBOTS_UNKNOWN,ekf_on_cluster_on,1,1
1784332743.0710661,62.28992986679077,-73.55228375130457,200.0,0.2,0.5042301029248643,6.327995569948112,-1.3179290964111416,0.06307305952779553,1.075697241559171,1784332743.0320203,None,None,None, None, 1784332743.066554,1.004927485022529,apf_waypoint,none,0.0,nan,nan,27.08324572900237,10.588185322690293,nan,nan,nan,WEBOTS_UNKNOWN,ekf_on_cluster_on,1,1
1784332743.1732004,62.39206409454346,-69.54725804004224,200.0,0.2,0.5077085453500538,6.375264518542,-1.2919961532931072,0.05194204847866425,1.0796556347594903,1784332743.1082282,None,None,None, None, 1784332743.1566625,0.9146374051920146,apf_waypoint,none,0.0,nan,nan,27.018570038930893,10.297080240362732,nan,nan,nan,WEBOTS_UNKNOWN,ekf_on_cluster_on,1,1
1784332743.2719765,62.4908401966095,-65.12089718971568,200.0,0.2,0.511134876235419,6.423031433293685,-1.265633165472801,0.05789369743668413,1.0851129832296362,1784332743.2828708,None,None,None, None, 1784332743.2478933,1.0266929452582365,apf_waypoint,none,0.0,nan,nan,26.94982175313737,10.004233992920213,nan,nan,nan,WEBOTS_UNKNOWN,ekf_on_cluster_on,1,1
1784332743.3716004,62.59046411514282,-63.65747798433009,200.0,0.2,0.5232221773636117,6.470653079955337,-1.2391603340794015,0.13710485495347222,1.1065806286667763,1784332743.3590715,None,None,None, None, 1784332743.33004,1.0989230710132911,apf_waypoint,none,0.0,nan,nan,26.96186538725778,9.477483442167165,nan,nan,nan,WEBOTS_UNKNOWN,ekf_on_cluster_on,1,1
1784332743.4713047,62.690168380737305,-59.407761898674664,200.0,0.2,0.5285675421574224,6.517766327059515,-1.2120331854885649,0.053512245541722396,1.1114859195425426,1784332743.4507382,None,None,None, None, 1784332743.4332166,1.0762891779232375,apf_waypoint,none,0.0,nan,nan,26.901097956263683,9.12734923009893,nan,nan,nan,WEBOTS_UNKNOWN,ekf_on_cluster_on,1,1
1784332743.5716047,62.79046845436096,-52.47465136071083,200.0,0.2,0.5280312291821699,6.564526067606838,-1.1848944113960016,0.01591803437486566,1.112658899526431,1784332743.524427,None,None,None, None, 1784332743.523426,1.0029857226416155,apf_waypoint,none,0.0,nan,nan,26.785011577632446,8.935200191097888,nan,nan,nan,WEBOTS_UNKNOWN,ekf_on_cluster_on,1,1
1784332743.671795,62.89065861701965,-49.70526904187495,200.0,0.2,0.5392734353658771,6.610931244324407,-1.1581609262544106,0.1402460175822102,1.1258748413049235,1784332743.618661,None,None,None, None, 1784332743.6110997,0.9651848155282226,apf_waypoint,none,0.0,nan,nan,26.771858329466976,8.431110307337104,nan,nan,nan,WEBOTS_UNKNOWN,ekf_on_cluster_on,1,1
1784332743.7749524,62.99381613731384,-89.38074079283774,200.0,0.2,0.5500345182250039,6.331826593309579,-1.3187723234298345,0.06207542878680222,1.1320009194184808,1784332743.7173486,6.327536627609418,-1.3212533738680112,0.5602321463212886, 1784332743.755392, 1784332743.716842,1.056363258656388,apf_waypoint,none,0.0,nan,nan,27.544063591578016,9.346082682424857,nan,nan,nan,WEBOTS_UNKNOWN,ekf_on_cluster_on,1,1
1784332743.871847,63.09071063995361,-87.97366902928269,200.0,0.2,0.5530145600075307,6.3568418862121145,-1.3035077698739501,0.058091706572412076,1.1373097066004825,1784332743.808735,None,None,None, None, 1784332743.8077352,0.9698501545541499,apf_waypoint,none,0.0,nan,nan,27.506527403478728,9.149471264572131,nan,nan,nan,WEBOTS_UNKNOWN,ekf_on_cluster_on,1,1
1784332743.975376,63.19423961639404,-88.77312143249081,200.0,0.2,0.5660595488720804,6.394296576714805,-1.2805195206068785,0.1541408747468668,1.153520079422551,1784332743.9139009,None,None,None, None, 1784332744.0004008,1.0324540843034298,apf_waypoint,none,0.0,nan,nan,27.52287806255562,8.618452246225898,nan,nan,nan,WEBOTS_UNKNOWN,ekf_on_cluster_on,1,1
1784332744.09256,63.311423778533936,-86.47948161435465,200.0,0.2,0.5725472738139887,6.438126622749953,-1.2525971634567235,0.05072419666401628,1.1593546202561096,1784332744.126086,None,None,None, None, 1784332744.0915508,1.0259301261340419,apf_waypoint,none,0.0,nan,nan,27.454156326465167,8.23109596290243,nan,nan,nan,WEBOTS_UNKNOWN,ekf_on_cluster_on,1,1
1784332744.1786819,63.39754557609558,-85.39425866493558,200.0,0.2,0.5839280745521929,6.484422229316586,-1.2228290145087506,0.1130642281003173,1.1703399790273006,1784332744.126086,None,None,None, None, 1784332744.1786819,0.9755141490124863,apf_waypoint,none,0.0,nan,nan,27.410995703696187,7.69662716287797,nan,nan,nan,WEBOTS_UNKNOWN,ekf_on_cluster_on,1,1
1784332744.2723415,63.4912052154541,-81.51726556465974,200.0,0.2,0.5883612435218875,6.531126274372767,-1.1919551234917662,0.03840896509630701,1.1738807468896868,1784332744.218272,None,None,None, None, 1784332744.3018928,0.9553295907637479,apf_waypoint,none,0.0,nan,nan,27.303291705929503,7.344835991489253,nan,nan,nan,WEBOTS_UNKNOWN,ekf_on_cluster_on,1,1
1784332744.3760784,63.59494209289551,-76.79751795415028,200.0,0.2,0.5916012328103148,6.577789743358911,-1.160974060910986,0.046491033202066795,1.1794473397828606,1784332744.3380067,None,None,None, None, 1784332744.392609,1.0952435802686178,apf_waypoint,none,0.0,nan,nan,27.18387371545325,7.025262444335021,nan,nan,nan,WEBOTS_UNKNOWN,ekf_on_cluster_on,1,1
1784332744.478769,63.697632789611816,-70.04654676714749,200.0,0.2,0.5905494920553105,6.62412640858928,-1.1300661892438368,0.0165271072455927,1.1812855221201612,1784332744.449229,None,None,None, None, 1784332744.4917798,0.9633583171220803,apf_waypoint,none,0.0,nan,nan,27.033693168966927,6.822622640801172,nan,nan,nan,WEBOTS_UNKNOWN,ekf_on_cluster_on,1,1
1784332744.5719545,63.790818214416504,-62.21319032345725,200.0,0.2,0.588173950800097,6.670106138438346,-1.099595952327637,0.019701671574613753,1.1832792065021502,1784332744.5504227,None,None,None, None, 1784332744.4917798,0.9633583171220803,apf_waypoint,none,0.0,nan,nan,26.87700597568542,6.658257008128791,nan,nan,nan,WEBOTS_UNKNOWN,ekf_on_cluster_on,1,1
1784332744.6761432,63.89500689506531,-57.61933402875489,200.0,0.2,0.5957489423633344,6.715636213264149,-1.0696507089699843,0.11572262059593215,1.1926093494093988,1784332744.6310477,None,None,None, None, 1784332744.6916628,1.0260964629734404,apf_waypoint,none,0.0,nan,nan,26.78680745179454,6.230648503769152,nan,nan,nan,WEBOTS_UNKNOWN,ekf_on_cluster_on,1,1
1784332744.774852,63.99371576309204,-102.04185518489031,200.0,0.2,0.6092097245451407,6.411624600401132,-1.268599689882764,0.05375717626256481,1.1969171223998414,1784332744.7871873,6.407017878258094,-1.2716255320461023,0.6286919743747799, 1784332744.755775, 1784332744.7567742,0.9507778301751436,apf_waypoint,none,0.0,nan,nan,27.812604069609343,7.335448897084581,nan,nan,nan,WEBOTS_UNKNOWN,ekf_on_cluster_on,1,1
1784332744.871353,64.09021663665771,-100.3421871894069,200.0,0.2,0.610282304402549,6.433445171429959,-1.253466501274188,0.04551281479767111,1.2038868711464898,1784332744.8643198,None,None,None, None, 1784332744.834287,0.9214816606905183,apf_waypoint,none,0.0,nan,nan,27.748612498496094,7.194127349305504,nan,nan,nan,WEBOTS_UNKNOWN,ekf_on_cluster_on,1,1
1784332744.9715116,64.19037532806396,-96.63425852411629,200.0,0.2,0.6096921073314302,6.468810314816249,-1.2288964343303421,0.024438521208081397,1.2062739815301866,1784332744.961998,None,None,None, None, 1784332744.925959,0.9417761823699149,apf_waypoint,none,0.0,nan,nan,27.62768994293721,7.029186833304136,nan,nan,nan,WEBOTS_UNKNOWN,ekf_on_cluster_on,1,1
1784332745.072261,64.29112482070923,-92.61842782809556,200.0,0.2,0.6112726061814504,6.511681085306572,-1.1992180353625619,0.051522778726536676,1.2112441566556493,1784332745.0584636,None,None,None, None, 1784332745.075271,0.9846652436840057,apf_waypoint,none,0.0,nan,nan,27.497313461648822,6.76645457349542,nan,nan,nan,WEBOTS_UNKNOWN,ekf_on_cluster_on,1,1
1784332745.172272,64.39113569259644,-87.94100572045897,200.0,0.2,0.6128537866805369,6.557288546070588,-1.167510466344801,0.045472653510834335,1.2152811070677545,1784332745.147241,None,None,None, None, 1784332745.16425,1.049572824206753,apf_waypoint,none,0.0,nan,nan,27.356192499002145,6.488647463781682,nan,nan,nan,WEBOTS_UNKNOWN,ekf_on_cluster_on,1,1
1784332745.2714689,64.49033260345459,-83.3871168731508,200.0,0.2,0.6161987191901733,6.603495277066039,-1.1352879714160942,0.06118170370453467,1.2204306460930605,1784332745.231409,None,None,None, None, 1784332745.2459247,1.0461493071457677,apf_waypoint,none,0.0,nan,nan,27.222391671791684,6.158971623469735,nan,nan,nan,WEBOTS_UNKNOWN,ekf_on_cluster_on,1,1
1784332745.371445,64.59030866622925,-79.96557860015086,200.0,0.2,0.6238406059787945,6.649512256783546,-1.1029382519086344,0.09511032718073033,1.228139330419336,1784332745.312459,None,None,None, None, 1784332745.3238914,0.9740901347985871,apf_waypoint,none,0.0,nan,nan,27.110507938526247,5.71223288494517,nan,nan,nan,WEBOTS_UNKNOWN,ekf_on_cluster_on,1,1
1784332745.471239,64.69010281562805,-75.36004054995932,200.0,0.2,0.6292176083438937,6.695017422229773,-1.070321158751442,0.06263459863231308,1.2375513111627414,1784332745.462727,None,None,None, None, 1784332745.401522,0.9526081373872087,apf_waypoint,none,0.0,nan,nan,26.97958938660395,5.3258108591043785,nan,nan,nan,WEBOTS_UNKNOWN,ekf_on_cluster_on,1,1
1784332745.5713844,64.79024815559387,-75.21507704975957,200.0,0.2,0.647827517965573,6.7400499060663375,-1.0377173626708043,0.18403930102916327,1.2500882443678816,1784332745.530848,None,None,None, None, 1784332745.5498693,0.9612061648765056,apf_waypoint,none,0.0,nan,nan,26.907980713444346,4.58470091953893,nan,nan,nan,WEBOTS_UNKNOWN,ekf_on_cluster_on,1,1
1784332745.6745918,64.8934555053711,-71.3237371827772,200.0,0.2,0.6568864575875598,6.784203229110139,-1.0041621531878437,0.06443425765333656,1.254863438483627,1784332745.683585,None,None,None, None, 1784332745.683585,0.9251875390798154,apf_waypoint,none,0.0,nan,nan,26.774474523026,4.095658940238567,nan,nan,nan,WEBOTS_UNKNOWN,ekf_on_cluster_on,1,1
1784332745.7716327,64.99049639701843,-116.77024579507581,200.0,0.2,0.6842305014700313,6.520020943721159,-1.1873540643054628,0.0575877808598092,1.2639998589616008,1784332745.7636096,6.515954761324402,-1.190218082384887,0.7250389754031721, 1784332745.770127, 1784332745.7606084,0.9978439932486355,apf_waypoint,none,0.0,nan,nan,27.852519561997113,4.6563797589147455,nan,nan,nan,WEBOTS_UNKNOWN,ekf_on_cluster_on,1,1
1784332745.8719134,65.09077715873718,-117.30136126643302,200.0,0.2,0.6931790971172772,6.545607735798681,-1.1665152290858778,0.10684263519776374,1.27193185291365,1784332745.8378496,None,None,None, None, 1784332745.8251834,0.9842011357827398,apf_waypoint,none,0.0,nan,nan,27.780208849556104,4.259239302101003,nan,nan,nan,WEBOTS_UNKNOWN,ekf_on_cluster_on,1,1
1784332745.9726167,65.1914803981781,-116.18638887013672,200.0,0.2,0.7005981355586214,6.582850882112085,-1.1355145571925824,0.06368806605082175,1.276749109591903,1784332745.913488,None,None,None, None, 1784332745.9851356,1.0456673951082163,apf_waypoint,none,0.0,nan,nan,27.641073136510336,3.8338113733130363,nan,nan,nan,WEBOTS_UNKNOWN,ekf_on_cluster_on,1,1
1784332746.0717492,65.2906129360199,-113.89234314251827,200.0,0.2,0.7066969167529324,6.625645581799205,-1.0994138693816922,0.055942919641034435,1.2854906442720826,1784332746.069746,None,None,None, None, 1784332746.0562353,1.0770152716671642,apf_waypoint,none,0.0,nan,nan,27.463929539358922,3.410358352503417,nan,nan,nan,WEBOTS_UNKNOWN,ekf_on_cluster_on,1,1
1784332746.1711102,65.38997387886047,-110.78353948757479,200.0,0.2,0.7118220708030519,6.670113789207509,-1.061498681749363,0.05236901934570293,1.289488780291504,1784332746.1460915,None,None,None, None, 1784332746.1400933,1.0473493477837952,apf_waypoint,none,0.0,nan,nan,27.269038264506502,3.002255664252255,nan,nan,nan,WEBOTS_UNKNOWN,ekf_on_cluster_on,1,1
1784332746.2737064,65.49257016181946,-106.90595826579003,200.0,0.2,0.7159153345588208,6.714758862046988,-1.023088525377979,0.04756236983718844,1.2925886264116384,1784332746.2112658,None,None,None, None, 1784332746.2112658,0.949072549927101,apf_waypoint,none,0.0,nan,nan,27.0646224611687,2.6199445551556035,nan,nan,nan,WEBOTS_UNKNOWN,ekf_on_cluster_on,1,1
1784332746.3714788,65.59034252166748,-102.48306793345142,200.0,0.2,0.7197507733988368,6.759134264653431,-0.9846450845326036,0.04993447160221001,1.3005887775919525,1784332746.3714788,None,None,None, None, 1784332746.375728,1.0386596195187188,apf_waypoint,none,0.0,nan,nan,26.856183145678592,2.2453354001950068,nan,nan,nan,WEBOTS_UNKNOWN,ekf_on_cluster_on,1,1
1784332746.4713733,65.69023704528809,-97.55403124535454,200.0,0.2,0.7235918881398318,6.803082236082769,-0.9463056892781267,0.05260039014768021,1.3043956837753954,1784332746.443853,None,None,None, None, 1784332746.4618583,1.0502129576116521,apf_waypoint,none,0.0,nan,nan,26.64527612993981,1.8722313939776623,nan,nan,nan,WEBOTS_UNKNOWN,ekf_on_cluster_on,1,1
1784332746.5720253,65.7908890247345,-92.07598470874116,200.0,0.2,0.7274976030266838,6.846531731484843,-0.9081242458472332,0.054741790464918436,1.3089735616441223,1784332746.5274796,None,None,None, None, 1784332746.5544927,0.9174529378402074,apf_waypoint,none,0.0,nan,nan,26.432294471956858,1.4994689199992202,nan,nan,nan,WEBOTS_UNKNOWN,ekf_on_cluster_on,1,1
1784332746.6751907,65.8940544128418,-85.92845911683706,200.0,0.2,0.7313448921128759,6.889436792978932,-0.8701374340222783,0.055512256768498434,1.3149779007380786,1784332746.635642,None,None,None, None, 1784332746.6591592,1.0111579548607197,apf_waypoint,none,0.0,nan,nan,26.217248752040653,1.1305856217664978,nan,nan,nan,WEBOTS_UNKNOWN,ekf_on_cluster_on,1,1
1784332746.7713752,65.990238904953,-79.26961939134486,200.0,0.2,0.7358314205088186,6.931761476213537,-0.8323904054608908,0.06281317104972232,1.3207047019067415,1784332746.726814,None,None,None, None, 1784332746.763357,1.059281157141689,apf_waypoint,none,0.0,nan,nan,26.00101382844789,0.7477423288432234,nan,nan,nan,WEBOTS_UNKNOWN,ekf_on_cluster_on,1,1
1784332746.8717465,66.09061026573181,-133.2222372338005,200.0,0.2,0.7652814952477386,6.622716256092779,-1.0934626326905903,0.05362108029279783,1.3282615813150331,1784332746.8677452,6.619020448519943,-1.096608973623005,0.8135948887487104, 1784332746.771375, 1784332746.8442008,1.026486573432911,apf_waypoint,none,0.0,nan,nan,27.578389302909834,1.751729483234767,nan,nan,nan,WEBOTS_UNKNOWN,ekf_on_cluster_on,1,1
1784332746.9714322,66.19029593467712,-132.268918097463,200.0,0.2,0.7682413760836384,6.644420106220262,-1.072687944201391,0.05362108029279783,1.3389857973735928,1784332746.9765043,None,None,None, None, 1784332746.919867,1.0384193715495569,apf_waypoint,none,0.0,nan,nan,27.45851637171207,1.5292149821354961,nan,nan,nan,WEBOTS_UNKNOWN,ekf_on_cluster_on,1,1
1784332747.0716598,66.29052352905273,-129.5080038868552,200.0,0.2,0.7692979954843228,6.678924257409816,-1.0394296302700354,0.02259856754015502,1.3432885404867434,1784332747.058144,None,None,None, None, 1784332747.0751739,1.0018658736861723,apf_waypoint,none,0.0,nan,nan,27.25948448917662,1.2744641954838762,nan,nan,nan,WEBOTS_UNKNOWN,ekf_on_cluster_on,1,1
1784332747.171889,66.3907527923584,-131.744658797354,200.0,0.2,0.7899014912162714,6.71988407956284,-0.9999489776975476,0.2140815549808936,1.3631385973873136,1784332747.150866,None,None,None, None, 1784332747.1638663,0.9375767417602755,apf_waypoint,none,0.0,nan,nan,27.03579238216892,0.4491098691542401,nan,nan,nan,WEBOTS_UNKNOWN,ekf_on_cluster_on,1,1
1784332747.2715669,66.4904305934906,-130.46430147251098,200.0,0.2,0.7994981136352246,6.762046370368707,-0.956979645726797,0.04651000429404361,1.3666798324483171,1784332747.2270052,None,None,None, None, 1784332747.2460392,0.9196641890638443,apf_waypoint,none,0.0,nan,nan,26.769032510082525,-0.09622045526280765,nan,nan,nan,WEBOTS_UNKNOWN,ekf_on_cluster_on,1,1
1784332747.3736892,66.59255290031433,-127.99948925423675,200.0,0.2,0.8064559560547374,6.804468733494326,-0.9131671305814315,0.046435856541465696,1.370353667669371,1784332747.3061216,None,None,None, None, 1784332747.3228412,1.0214465893868363,apf_waypoint,none,0.0,nan,nan,26.48968446828247,-0.5728728027464243,nan,nan,nan,WEBOTS_UNKNOWN,ekf_on_cluster_on,1,1
1784332747.4752,66.69406366348267,-123.98794467241338,200.0,0.2,0.8097894766471169,6.846645308462655,-0.8691438413085777,0.026858350502270038,1.3747330096571597,1784332747.4691749,None,None,None, None, 1784332747.4167442,0.921192061395025,apf_waypoint,none,0.0,nan,nan,26.20640262182761,-0.9528433977477242,nan,nan,nan,WEBOTS_UNKNOWN,ekf_on_cluster_on,1,1
1784332747.5718517,66.79071545600891,-119.67948041273739,200.0,0.2,0.8140293556315317,6.888517443387192,-0.825303990892154,0.0486723943090155,1.3789990783440864,1784332747.5568235,None,None,None, None, 1784332747.573371,0.9323478547394191,apf_waypoint,none,0.0,nan,nan,25.92003553836621,-1.3538710049532074,nan,nan,nan,WEBOTS_UNKNOWN,ekf_on_cluster_on,1,1
1784332747.6743672,66.89323091506958,-118.51945733305777,200.0,0.2,0.830103006300635,6.929908033903615,-0.7816169630683945,0.1546263689287845,1.3898128494835038,1784332747.6267583,None,None,None, None, 1784332747.6658459,1.0132169304203409,apf_waypoint,none,0.0,nan,nan,25.60832075506373,-2.055395622745687,nan,nan,nan,WEBOTS_UNKNOWN,ekf_on_cluster_on,1,1
1784332747.7715454,66.99040913581848,-114.91491312679753,200.0,0.2,0.8396339374533693,6.970263125355665,-0.7372599704622385,0.06495319490561047,1.3947266345969171,1784332747.807602,None,None,None, None, 1784332747.8035984,0.9831722633650626,apf_waypoint,none,0.0,nan,nan,25.292504151107767,-2.5873099678715032,nan,nan,nan,WEBOTS_UNKNOWN,ekf_on_cluster_on,1,1
1784332747.8712213,67.09008502960205,-153.0338749528573,200.0,0.2,0.8597647758519429,6.717000735822348,-0.9906123795187642,0.012805319612818142,1.3960736571925736,1784332747.807602,6.713226335428219,-0.9944478653743486,0.8935743312718616, 1784332747.795076, 1784332747.8035984,0.9831722633650626,apf_waypoint,none,0.0,nan,nan,26.935269365753292,-1.5028512097512774,nan,nan,nan,WEBOTS_UNKNOWN,ekf_on_cluster_on,1,1
1784332747.9778786,67.19674229621887,-151.36216315988486,200.0,0.2,0.8597699429082151,6.7405422436960585,-0.9633161327366899,0.007737687332309012,1.396813934535837,1784332748.0354269,None,None,None, None, 1784332748.0344288,1.070910938560695,apf_waypoint,none,0.0,nan,nan,26.75222616924606,-1.6752784268495002,nan,nan,nan,WEBOTS_UNKNOWN,ekf_on_cluster_on,1,1
1784332748.0714602,67.29032397270203,-148.54256375150922,200.0,0.2,0.8593233619657069,6.775325192935176,-0.9230839368385251,0.013841142157773365,1.398643086768907,1784332748.0354269,None,None,None, None, 1784332748.0344288,1.070910938560695,apf_waypoint,none,0.0,nan,nan,26.482804536316984,-1.9177128690950358,nan,nan,nan,WEBOTS_UNKNOWN,ekf_on_cluster_on,1,1
1784332748.1716607,67.39052438735962,-145.21256833021636,200.0,0.2,0.859738958984358,6.814965360368555,-0.8773208216139903,0.024634646633368205,1.4018881108850152,1784332748.167153,None,None,None, None, 1784332748.1371167,1.0705353737023398,apf_waypoint,none,0.0,nan,nan,26.17382018852394,-2.2184369415410696,nan,nan,nan,WEBOTS_UNKNOWN,ekf_on_cluster_on,1,1
1784332748.2759285,67.49479222297668,-142.37649749797478,200.0,0.2,0.8638983983572581,6.855791691783969,-0.8301429323473073,0.05694504854266661,1.406621674561968,1784332748.250278,None,None,None, None, 1784332748.2322774,0.9012120336787486,apf_waypoint,none,0.0,nan,nan,25.844513901503674,-2.625236513481097,nan,nan,nan,WEBOTS_UNKNOWN,ekf_on_cluster_on,1,1
1784332748.3756194,67.59448313713074,-139.22673269463402,200.0,0.2,0.8685456257759518,6.896476896920731,-0.782611227098684,0.0501031952351095,1.4108195258518939,1784332748.334062,None,None,None, None, 1784332748.3275478,1.0506732922670234,apf_waypoint,none,0.0,nan,nan,25.507323213567826,-3.0447721335154103,nan,nan,nan,WEBOTS_UNKNOWN,ekf_on_cluster_on,1,1
1784332748.4714158,67.69027948379517,-135.53764218822934,200.0,0.2,0.8731366078903166,6.936768587254424,-0.735066714448326,0.04683980763511292,1.4151656188619826,1784332748.4268484,None,None,None, None, 1784332748.4298475,0.9244158940575244,apf_waypoint,none,0.0,nan,nan,25.16582581997138,-3.460637029845536,nan,nan,nan,WEBOTS_UNKNOWN,ekf_on_cluster_on,1,1
1784332748.5746968,67.79356050491333,-130.4870416994244,200.0,0.2,0.8753085786876482,6.976599742050887,-0.6876355157160425,0.025909875706049204,1.4177866322823724,1784332748.5280073,None,None,None, None, 1784332748.5270064,1.008134003795678,apf_waypoint,none,0.0,nan,nan,24.830051355075188,-3.813381670213646,nan,nan,nan,WEBOTS_UNKNOWN,ekf_on_cluster_on,1,1
1784332748.6750605,67.89392423629761,-124.50162482765055,200.0,0.2,0.8773039662733374,7.0160389795112685,-0.6405651562776864,0.03240449834381685,1.420587672191984,1784332748.614447,None,None,None, None, 1784332748.614447,0.9219078572316387,apf_waypoint,none,0.0,nan,nan,24.495095818309014,-4.158697664976861,nan,nan,nan,WEBOTS_UNKNOWN,ekf_on_cluster_on,1,1
1784332748.7779186,67.99678230285645,-116.71742149760864,200.0,0.2,0.8770368448101499,7.055000763282317,-0.593922252083237,0.01611386628908458,1.42184680234837,1784332748.789474,None,None,None, None, 1784332748.7809184,1.096529283270009,apf_waypoint,none,0.0,nan,nan,24.170943807543694,-4.4459362116152645,nan,nan,nan,WEBOTS_UNKNOWN,ekf_on_cluster_on,1,1
1784332748.8721187,68.09098243713379,-159.18483930960343,200.0,0.2,0.896522535778346,6.771755056379181,-0.9225239966369064,0.01611386628908458,1.4250695756061869,1784332748.789474,6.767506294166726,-0.9274701769169699,0.9361848901192752, 1784332748.800504, 1784332748.8480906,1.0714392243182593,apf_waypoint,none,0.0,nan,nan,26.38796831136552,-2.906350330384326,nan,nan,nan,WEBOTS_UNKNOWN,ekf_on_cluster_on,1,1
1784332748.9717417,68.1906054019928,-158.2175120964428,200.0,0.2,0.8975728033980703,6.7897932236039855,-0.900079263518546,0.04368563951259778,1.4324400399450932,1784332748.95819,None,None,None, None, 1784332748.9396768,1.0133394991598466,apf_waypoint,none,0.0,nan,nan,26.228141534135446,-3.07082897011885,nan,nan,nan,WEBOTS_UNKNOWN,ekf_on_cluster_on,1,1
1784332749.0728757,68.29173946380615,-156.84597810880035,200.0,0.2,0.9010104695514028,6.820713610511966,-0.8614085773731492,0.04647747343925589,1.4372112373156734,1784332749.060846,None,None,None, None, 1784332749.0218253,1.0855100741092938,apf_waypoint,none,0.0,nan,nan,25.946007113358775,-3.396019763586338,nan,nan,nan,WEBOTS_UNKNOWN,ekf_on_cluster_on,1,1
1784332749.1721563,68.39102005958557,-154.88445887622956,200.0,0.2,0.9049395178149727,6.857986150310168,-0.8143830211752388,0.04069891075369683,1.4406584394346749,1784332749.1455462,None,None,None, None, 1784332749.185397,0.9888889255705487,apf_waypoint,none,0.0,nan,nan,25.600346558182046,-3.783055762256673,nan,nan,nan,WEBOTS_UNKNOWN,ekf_on_cluster_on,1,1
1784332749.272026,68.49088978767395,-152.49803277555318,200.0,0.2,0.9091725407308185,6.897016796607119,-0.7647252463906824,0.04100743188171766,1.4439349929829994,1784332749.2254477,None,None,None, None, 1784332749.251006,1.0077290038574718,apf_waypoint,none,0.0,nan,nan,25.231016624923015,-4.191647371660183,nan,nan,nan,WEBOTS_UNKNOWN,ekf_on_cluster_on,1,1
1784332749.3722405,68.59110426902771,-149.60586091487656,200.0,0.2,0.9132678513933796,6.936150441676517,-0.7144996389657337,0.03901935430295784,1.4475029305757692,1784332749.3168879,None,None,None, None, 1784332749.3334048,1.0989684510502653,apf_waypoint,none,0.0,nan,nan,24.85409584814132,-4.597852867859903,nan,nan,nan,WEBOTS_UNKNOWN,ekf_on_cluster_on,1,1
1784332749.4745886,68.69345235824585,-146.18439553130167,200.0,0.2,0.9174185755630939,6.974986520444503,-0.6642510179398187,0.040514729786259175,1.4509022216389043,1784332749.4781034,None,None,None, None, 1784332749.4077892,0.9486088784811535,apf_waypoint,none,0.0,nan,nan,24.47263835451816,-5.003194901026878,nan,nan,nan,WEBOTS_UNKNOWN,ekf_on_cluster_on,1,1
1784332749.5727417,68.7916054725647,-141.98318417539394,200.0,0.2,0.9211680157158352,7.013407132823005,-0.6141267336346345,0.03788447108806206,1.4571126839101793,1784332749.564722,None,None,None, None, 1784332749.564722,1.058485466862433,apf_waypoint,none,0.0,nan,nan,24.09010277754897,-5.395683166630895,nan,nan,nan,WEBOTS_UNKNOWN,ekf_on_cluster_on,1,1
1784332749.6719322,68.89079594612122,-136.94625320314304,200.0,0.2,0.9249852977880877,7.051378227410467,-0.5642361549455366,0.04086242596748307,1.4605513380962032,1784332749.648874,None,None,None, None, 1784332749.648874,0.9238530559825873,apf_waypoint,none,0.0,nan,nan,23.705072127108686,-5.786195518661082,nan,nan,nan,WEBOTS_UNKNOWN,ekf_on_cluster_on,1,1
1784332749.7715995,68.99046325683594,-132.1147706601273,200.0,0.2,0.9331295774297715,7.088837099178093,-0.5146493490854844,0.0806149491232313,1.468426736296559,1784332749.7465656,None,None,None, None, 1784332749.7350507,0.9648677377817622,apf_waypoint,none,0.0,nan,nan,23.29149500240459,-6.273471462160007,nan,nan,nan,WEBOTS_UNKNOWN,ekf_on_cluster_on,1,1
1784332749.871715,69.09057879447937,-170.67654636827024,200.0,0.2,0.9632457269211988,6.8617715578161285,-0.7958273843375798,0.04243597631045649,1.471761766002379,1784332749.8251553,6.858288511076772,-0.8001946554166283,1.0114662273103026, 1784332749.816206, 1784332749.8106902,1.0104777042051414,apf_waypoint,none,0.0,nan,nan,25.195055883967257,-5.377238444876048,nan,nan,nan,WEBOTS_UNKNOWN,ekf_on_cluster_on,1,1
1784332749.971424,69.19028782844543,-170.667996378676,200.0,0.2,0.968828784900266,6.883909500094083,-0.7639319747088322,0.05150357978048752,1.475475489459456,1784332749.9763997,None,None,None, None, 1784332749.9704258,1.0519042152225926,apf_waypoint,none,0.0,nan,nan,24.92566075775087,-5.6978734637748,nan,nan,nan,WEBOTS_UNKNOWN,ekf_on_cluster_on,1,1
1784332750.0752933,69.29415702819824,-173.94212549790822,200.0,0.2,0.9914130609805691,6.915869295123086,-0.7172756965149905,0.2102783717565001,1.4921165579030249,1784332750.0752933,None,None,None, None, 1784332750.069774,1.0524459187862758,apf_waypoint,none,0.0,nan,nan,24.434268327505585,-6.51515716743599,nan,nan,nan,WEBOTS_UNKNOWN,ekf_on_cluster_on,1,1
1784332750.172377,69.39124083518982,-177.32864136268722,200.0,0.2,1.015208045431839,6.950514912424225,-0.6633605977193189,0.1512352692605524,1.5189550144140858,1784332750.1538613,None,None,None, None, 1784332750.147338,1.0381098049599646,apf_waypoint,none,0.0,nan,nan,23.851646003495155,-7.381589513459251,nan,nan,nan,WEBOTS_UNKNOWN,ekf_on_cluster_on,1,1
1784332750.271294,69.49015784263611,-177.7162308347071,200.0,0.2,1.0256721624931349,6.984939406483093,-0.6067011089543843,0.016043596190105473,1.5205659937362859,1784332750.254274,None,None,None, None, 1784332750.2352686,1.0032116980357968,apf_waypoint,none,0.0,nan,nan,23.325824075584393,-7.928656130508104,nan,nan,nan,WEBOTS_UNKNOWN,ekf_on_cluster_on,1,1
1784332750.371777,69.59064078330994,-177.23460065732408,200.0,0.2,1.033394132001729,7.01927608675408,-0.5494475768975109,0.030303998238052746,1.5230092264280928,1784332750.334898,None,None,None, None, 1784332750.320379,1.0419282696077876,apf_waypoint,none,0.0,nan,nan,22.808059443470757,-8.406530324968706,nan,nan,nan,WEBOTS_UNKNOWN,ekf_on_cluster_on,1,1
1784332750.4731455,69.69200921058655,-177.68359736288497,200.0,0.2,1.0466160517296048,7.053299560522029,-0.49196746708795125,0.09472381723440236,1.5302991796266119,1784332750.411858,None,None,None, None, 1784332750.4731455,0.9319703513141309,apf_waypoint,none,0.0,nan,nan,22.23175065026731,-9.00088199148347,nan,nan,nan,WEBOTS_UNKNOWN,ekf_on_cluster_on,1,1
1784332750.572579,69.79144263267517,-176.8171992571537,200.0,0.2,1.0548512947160311,7.08649239769023,-0.433947753557419,0.037983093504227204,1.5360034391809834,1784332750.562037,None,None,None, None, 1784332750.5510082,1.0566613557009892,apf_waypoint,none,0.0,nan,nan,21.685061123711627,-9.476674605979222,nan,nan,nan,WEBOTS_UNKNOWN,ekf_on_cluster_on,1,1
1784332750.673843,69.89270663261414,-174.83460276565214,200.0,0.2,1.0603465623852077,7.119254952181865,-0.37577284473711536,0.025201745910515282,1.5377226396844867,1784332750.6302545,None,None,None, None, 1784332750.6302545,1.0878657709461363,apf_waypoint,none,0.0,nan,nan,21.156296583641105,-9.88726065563279,nan,nan,nan,WEBOTS_UNKNOWN,ekf_on_cluster_on,1,1
1784332750.7732468,69.99211049079895,-155.4933670658865,187.19581507842338,0.2,1.0703972399411104,7.151674377510467,-0.31764972279517956,0.07596617029627664,1.5432394051854053,1784332750.7028759,None,None,None, None, 1784332750.7911298,1.0224233785281616,apf_waypoint,none,0.0,nan,nan,20.575390790609234,-10.386168668549015,nan,nan,nan,WEBOTS_UNKNOWN,ekf_on_cluster_on,1,1
1784332750.8713543,70.09021806716919,-191.73389578631705,200.0,0.2,1.0746026065857661,6.94248747266838,-0.6624272189002182,0.057959142765354306,1.549022269236104,1784332750.875867,6.9393262623449425,-0.6677142630819032,1.0654092849595118, 1784332750.824769, 1784332750.8598413,0.9229096072120131,apf_waypoint,none,0.0,nan,nan,23.36071919230639,-8.791556876119337,nan,nan,nan,WEBOTS_UNKNOWN,ekf_on_cluster_on,1,1
1784332750.971982,70.19084572792053,-192.6418148872644,200.0,0.2,1.0812681916612619,6.960492388408426,-0.6288911499378407,0.03160580546574266,1.5535832728040577,1784332750.9469597,None,None,None, None, 1784332750.944958,1.0142246200194658,apf_waypoint,none,0.0,nan,nan,23.026811386943088,-9.10903257359475,nan,nan,nan,WEBOTS_UNKNOWN,ekf_on_cluster_on,1,1
1784332751.0746665,70.29353022575378,-193.0710900568036,200.0,0.2,1.0865402284311003,6.987833544301417,-0.5772206598616094,0.024380740503971297,1.5557079636961653,1784332751.034106,None,None,None, None, 1784332751.0466242,0.9965282488675558,apf_waypoint,none,0.0,nan,nan,22.552715664325046,-9.477850754564676,nan,nan,nan,WEBOTS_UNKNOWN,ekf_on_cluster_on,1,1
1784332751.1713693,70.39023303985596,-193.13381651313782,200.0,0.2,1.0905399911616147,7.018731781512033,-0.5181644373783705,0.018054327390973894,1.5574086622382468,1784332751.128305,None,None,None, None, 1784332751.1508284,1.0640407890653112,apf_waypoint,none,0.0,nan,nan,22.025387748493443,-9.849227330240502,nan,nan,nan,WEBOTS_UNKNOWN,ekf_on_cluster_on,1,1
1784332751.2720516,70.49091529846191,-193.48834570634773,200.0,0.2,1.096573139267072,7.05026710180975,-0.45738581473930573,0.04155199445451544,1.5604466418323435,1784332751.2765756,None,None,None, None, 1784332751.2249892,1.0842433217974843,apf_waypoint,none,0.0,nan,nan,21.458681288981644,-10.268559690619735,nan,nan,nan,WEBOTS_UNKNOWN,ekf_on_cluster_on,1,1
1784332751.3722293,70.59109306335449,-193.40761424670958,200.0,0.2,1.1005875204900808,7.081544261855498,-0.396105557252187,0.017786559011062724,1.5617834419140382,1784332751.3912787,None,None,None, None, 1784332751.39228,0.9731844384009698,apf_waypoint,none,0.0,nan,nan,20.903283695593004,-10.641818624106795,nan,nan,nan,WEBOTS_UNKNOWN,ekf_on_cluster_on,1,1
1784332751.473895,70.69275879859924,-184.4164482912157,193.09964135276311,0.2,1.102997878826442,7.112630537959397,-0.33468477457719636,0.008364557628906318,1.5627428832600319,1784332751.475955,None,None,None, None, 1784332751.4789546,0.9572566440595139,apf_waypoint,none,0.0,nan,nan,20.359984837356883,-10.978942293632514,nan,nan,nan,WEBOTS_UNKNOWN,ekf_on_cluster_on,1,1
1784332751.571211,70.79007482528687,-200.0,62.35704411939116,0.2,1.1065366000626897,7.142843078181166,-0.2747488315878499,0.024467795961598635,1.5665910257593005,1784332751.5485525,None,None,None, None, 1784332751.5615773,1.0873172773887885,apf_waypoint,none,0.0,nan,nan,19.813320646099434,-11.3290563927324,nan,nan,nan,WEBOTS_UNKNOWN,ekf_on_cluster_on,1,1
1784332751.6714191,70.89028286933899,-200.0,46.207227678851055,0.2,1.1101825775724141,7.168228485893682,-0.22330788712412186,-0.012546402879901325,1.5657162004373766,1784332751.6182797,None,None,None, None, 1784332751.6363122,1.069022444273071,apf_waypoint,none,0.0,nan,nan,19.33386125449638,-11.638484523604998,nan,nan,nan,WEBOTS_UNKNOWN,ekf_on_cluster_on,1,1
1784332751.7720592,70.99092292785645,-200.0,28.080443783632425,0.2,1.1136329518993082,7.191966596449182,-0.17457637828393446,-0.025509964510267262,1.5630577852610512,1784332751.7224905,None,None,None, None, 1784332751.7355163,0.933064179659911,apf_waypoint,none,0.0,nan,nan,18.876698748232922,-11.928517285476389,nan,nan,nan,WEBOTS_UNKNOWN,ekf_on_cluster_on,1,1
1784332751.8721356,71.0909993648529,-200.0,116.87982314364848,0.2,1.0842916201316426,7.0095398169928025,-0.5391289554785972,-0.30228313203340795,1.5235820659745516,1784332751.8530824,7.006830666802175,-0.5445655521816969,1.080625641530248, 1784332751.827982, 1784332751.8099327,1.0240516849387684,apf_waypoint,none,0.0,nan,nan,22.26033615040826,-9.609971689456152,nan,nan,nan,WEBOTS_UNKNOWN,ekf_on_cluster_on,1,1
1784332751.9723573,71.19122099876404,-200.0,118.17794586461012,0.2,1.0734571449572896,7.019583866941574,-0.5203702905711785,-0.05809246994308764,1.5181367002361872,1784332751.9468186,None,None,None, None, 1784332751.9001756,1.0663297546683919,apf_waypoint,none,0.0,nan,nan,22.209225479847177,-9.460170055015082,nan,nan,nan,WEBOTS_UNKNOWN,ekf_on_cluster_on,1,1
1784332752.072005,71.29086875915527,-200.0,116.30863462319887,0.2,1.065950717551863,7.039109688127276,-0.484586626075056,-0.05308887329522177,1.5139906762095938,1784332752.0249145,None,None,None, None, 1784332752.0554857,1.0999201860804384,apf_waypoint,none,0.0,nan,nan,21.987024532816285,-9.470725514550239,nan,nan,nan,WEBOTS_UNKNOWN,ekf_on_cluster_on,1,1
1784332752.1713948,71.39025855064392,-200.0,112.14224394306184,0.2,1.0603220513808351,7.0645545111404005,-0.4385803184977064,-0.04978966969730915,1.5097150222272917,1784332752.1107888,None,None,None, None, 1784332752.1548564,1.0606491199611596,apf_waypoint,none,0.0,nan,nan,21.66439806462182,-9.57720766841734,nan,nan,nan,WEBOTS_UNKNOWN,ekf_on_cluster_on,1,1
1784332752.2740915,71.4929552078247,-200.0,112.93131766705073,0.2,1.0356259102531535,7.092452846989289,-0.3886583844380631,-0.23268222162933871,1.4857086062542924,1784332752.2139614,None,None,None, None, 1784332752.2445207,0.9205298575815768,apf_waypoint,none,0.0,nan,nan,21.49207516241958,-9.299396534586524,nan,nan,nan,WEBOTS_UNKNOWN,ekf_on_cluster_on,1,1
1784332752.3742607,71.59312438964844,-200.0,108.80583349956095,0.2,1.0245225858494122,7.122686062186098,-0.3383450951569844,-0.052660456547218605,1.4813824000102287,1784332752.379777,None,None,None, None, 1784332752.3602357,1.0575146442199748,apf_waypoint,none,0.0,nan,nan,21.191097526900833,-9.326432253331687,nan,nan,nan,WEBOTS_UNKNOWN,ekf_on_cluster_on,1,1
1784332752.4769416,71.695805311203,-200.0,102.41155133905542,0.2,1.0171152484357053,7.1533365243436435,-0.28817122253522154,-0.049474798986818544,1.477243202353581,1784332752.379777,None,None,None, None, 1784332752.3602357,1.0575146442199748,apf_waypoint,none,0.0,nan,nan,20.858775796286736,-9.437776623733793,nan,nan,nan,WEBOTS_UNKNOWN,ekf_on_cluster_on,1,1
1784332752.5766487,71.79551243782043,-200.0,92.61284218488034,0.2,1.0157275673716575,7.1839960490033405,-0.23855001178971236,-0.014026407661223938,1.4755240920487582,1784332752.5951643,None,None,None, None, 1784332752.5951643,0.9587224836326057,apf_waypoint,none,0.0,nan,nan,20.474750610706405,-9.675121678278542,nan,nan,nan,WEBOTS_UNKNOWN,ekf_on_cluster_on,1,1
1784332752.6712348,71.89009857177734,-200.0,80.22803063655931,0.2,1.0162233130586307,7.214131153278289,-0.18960686526195403,-0.019951848699531944,1.4736720629718767,1784332752.7046645,None,None,None, None, 1784332752.7036657,1.0973681246214257,apf_waypoint,none,0.0,nan,nan,20.07696503451581,-9.947978337139944,nan,nan,nan,WEBOTS_UNKNOWN,ekf_on_cluster_on,1,1
1784332752.7720163,71.9908800125122,-200.0,68.15431588929316,0.2,1.0095385842578732,7.243579989314717,-0.1415473917955845,-0.09581812559841227,1.4631799619533377,1784332752.7046645,None,None,None, None, 1784332752.7924652,0.9094834989458496,apf_waypoint,none,0.0,nan,nan,19.757694837061084,-10.074324069897749,nan,nan,nan,WEBOTS_UNKNOWN,ekf_on_cluster_on,1,1
1784332752.8720472,72.09091091156006,-200.0,129.11204560274385,0.2,1.0106960299048533,7.060961598606899,-0.4473181898548758,-0.015165884176519163,1.461119767701052,1784332752.8405085,7.058163262636933,-0.45197526612269756,1.011364164828512, 1784332752.835506, 1784332752.8600285,1.0154628708161326,apf_waypoint,none,0.0,nan,nan,22.182348101558258,-8.443126757486208,nan,nan,nan,WEBOTS_UNKNOWN,ekf_on_cluster_on,1,1
1784332752.9717247,72.19058847427368,-200.0,129.0453510349974,0.2,1.0010693530044799,7.077082391990844,-0.421409458438204,-0.1470681813053771,1.4470468817979094,1784332752.936198,None,None,None, None, 1784332752.9562125,1.0749652333531636,apf_waypoint,none,0.0,nan,nan,22.059384029807205,-8.370793827905615,nan,nan,nan,WEBOTS_UNKNOWN,ekf_on_cluster_on,1,1
1784332753.0718513,72.29071497917175,-200.0,126.07462933912083,0.2,0.9948088806659972,7.103002227336276,-0.38108130553256103,-0.047148298145608517,1.4418542115248238,1784332753.0463328,None,None,None, None, 1784332753.0603397,0.9869539474484431,apf_waypoint,none,0.0,nan,nan,21.796072882080267,-8.454827240687857,nan,nan,nan,WEBOTS_UNKNOWN,ekf_on_cluster_on,1,1
1784332753.1715822,72.3904459476471,-200.0,121.26375008170729,0.2,0.9894587413323515,7.133831780850565,-0.3336109486071281,-0.05090408379760692,1.4376185316929138,1784332753.1295419,None,None,None, None, 1784332753.135542,1.0183159416580476,apf_waypoint,none,0.0,nan,nan,21.470405744183303,-8.601911221715959,nan,nan,nan,WEBOTS_UNKNOWN,ekf_on_cluster_on,1,1
1784332753.272269,72.49113273620605,-200.0,122.14456404839373,0.2,0.9619957256568984,7.166320187958561,-0.28409115237587557,-0.2566029534477188,1.4188577125702393,1784332753.281211,None,None,None, None, 1784332753.234711,1.0216338900710762,apf_waypoint,none,0.0,nan,nan,21.318594406205357,-8.295050394564988,nan,nan,nan,WEBOTS_UNKNOWN,ekf_on_cluster_on,1,1
1784332753.371054,72.58991765975952,-200.0,118.41634039257002,0.2,0.9477672000768278,7.200996405108132,-0.23511004588857354,-0.07012757656826112,1.4082078044891952,1784332753.354519,None,None,None, None, 1784332753.3695478,0.9583282097614123,apf_waypoint,none,0.0,nan,nan,21.062275935870005,-8.2787043459432,nan,nan,nan,WEBOTS_UNKNOWN,ekf_on_cluster_on,1,1
1784332753.4720623,72.69092607498169,-200.0,118.02445559136966,0.2,0.9193823339064653,7.236137879818247,-0.18659130472783492,-0.2229942738422465,1.3938979688688549,1784332753.4186902,None,None,None, None, 1784332753.4472811,1.010903220768404,apf_waypoint,none,0.0,nan,nan,20.927361068195353,-7.973240540945496,nan,nan,nan,WEBOTS_UNKNOWN,ekf_on_cluster_on,1,1
1784332753.5735445,72.79240822792053,-200.0,111.91361358830352,0.2,0.9063497588109183,7.272797357063187,-0.13931493154213115,-0.0524432273517562,1.3899433934485739,1784332753.5745509,None,None,None, None, 1784332753.551181,1.06067544657294,apf_waypoint,none,0.0,nan,nan,20.68060466274194,-7.992249701196467,nan,nan,nan,WEBOTS_UNKNOWN,ekf_on_cluster_on,1,1
1784332753.671696,72.89055967330933,-200.0,102.34138025655628,0.2,0.8977807323263716,7.309535501469605,-0.09273694652566,-0.0496760733556883,1.3822900307990793,1784332753.6481624,None,None,None, None, 1784332753.6356328,1.088772400118341,apf_waypoint,none,0.0,nan,nan,20.406085782037977,-8.106064553684732,nan,nan,nan,WEBOTS_UNKNOWN,ekf_on_cluster_on,1,1
1784332753.7729151,72.99177885055542,-200.0,90.97798948017294,0.2,0.8862807558241402,7.345994613072726,-0.047045158367438944,-0.09787010683528947,1.3724854822422112,1784332753.7483416,None,None,None, None, 1784332753.720795,1.0910347988378792,apf_waypoint,none,0.0,nan,nan,20.16450539233703,-8.160827026733536,nan,nan,nan,WEBOTS_UNKNOWN,ekf_on_cluster_on,1,1
1784332753.8720725,73.09093618392944,-200.0,147.33629860427243,0.2,0.8959306027299783,7.143943205707972,-0.32063876547580783,-0.027522735277307957,1.3692316894813932,1784332753.8665636,7.140795215104662,-0.32483896919696514,0.9214082549771289, 1784332753.86405, 1784332753.8214839,1.0150625164775386,apf_waypoint,none,0.0,nan,nan,22.08609193954142,-6.639952164742802,nan,nan,nan,WEBOTS_UNKNOWN,ekf_on_cluster_on,1,1
1784332753.9718807,73.19074440002441,-200.0,145.2978240163159,0.2,0.892533148310783,7.166087635899595,-0.2929298065951613,-0.04462292182432838,1.3657164368693595,1784332753.9453404,None,None,None, None, 1784332753.9703755,1.0600436880906063,apf_waypoint,none,0.0,nan,nan,21.908566998277262,-6.738102489449324,nan,nan,nan,WEBOTS_UNKNOWN,ekf_on_cluster_on,1,1
1784332754.0745811,73.29344487190247,-200.0,141.2093239189856,0.2,0.8895677320857478,7.198882633144365,-0.25218392073871243,-0.03489312169511732,1.361766395837927,1784332754.0585444,None,None,None, None, 1784332754.0745811,1.0025672282186646,apf_waypoint,none,0.0,nan,nan,21.634537894141477,-6.928947014431665,nan,nan,nan,WEBOTS_UNKNOWN,ekf_on_cluster_on,1,1
1784332754.1722746,73.3911383152008,-200.0,135.59075907711193,0.2,0.8860995857817575,7.236349204888445,-0.20586866624929456,-0.04188282142657505,1.3585771712633512,1784332754.1346908,None,None,None, None, 1784332754.1537623,1.0297196471268744,apf_waypoint,none,0.0,nan,nan,21.324387218022324,-7.146245619510331,nan,nan,nan,WEBOTS_UNKNOWN,ekf_on_cluster_on,1,1
1784332754.2739732,73.49283695220947,-200.0,128.24435206592452,0.2,0.8829855105133187,7.275046451564261,-0.15835407481779384,-0.03850850232843211,1.355413413857388,1784332754.3034956,None,None,None, None, 1784332754.2659097,1.0914090601018385,apf_waypoint,none,0.0,nan,nan,21.00368619556056,-7.381251330504761,nan,nan,nan,WEBOTS_UNKNOWN,ekf_on_cluster_on,1,1
1784332754.3714006,73.59026432037354,-200.0,123.5922735932074,0.2,0.864918975778311,7.313732797663157,-0.1111097474071947,-0.17569981593145417,1.3401894622066004,1784332754.377409,None,None,None, None, 1784332754.3423545,1.0556358501337764,apf_waypoint,none,0.0,nan,nan,20.797053746652395,-7.306921654026425,nan,nan,nan,WEBOTS_UNKNOWN,ekf_on_cluster_on,1,1
1784332754.4765744,73.69543814659119,-200.0,114.96072271448001,0.2,0.8542753547455616,7.353210602080086,-0.06512154825219696,-0.06750471202742413,1.3295879508819868,1784332754.460544,None,None,None, None, 1784332754.4825895,0.9622485761073721,apf_waypoint,none,0.0,nan,nan,20.548508958261614,-7.386850441455916,nan,nan,nan,WEBOTS_UNKNOWN,ekf_on_cluster_on,1,1
1784332754.5717323,73.79059600830078,-200.0,38.28407437636585,0.2,0.8306607071933889,7.3925474886725695,-0.020101076502147208,-0.19683433149288307,1.3082925266721916,1784332754.5687337,None,None,None, None, 1784332754.4825895,0.9622485761073721,apf_waypoint,none,0.0,nan,nan,20.405001179563413,-7.2027498736527305,nan,nan,nan,WEBOTS_UNKNOWN,ekf_on_cluster_on,1,1
1784332754.6764252,73.89528894424438,-200.0,27.183515671722006,0.2,0.8234721719061839,7.429393747231868,0.019922802286830965,-0.033225998660107836,1.3051473917949807,1784332754.6633925,None,None,None, None, 1784332754.6859393,0.9061622157249977,apf_waypoint,none,0.0,nan,nan,20.180086552035963,-7.327397015315971,nan,nan,nan,WEBOTS_UNKNOWN,ekf_on_cluster_on,1,1
1784332754.776129,73.99499273300171,-200.0,13.891845517831966,0.2,0.8184176901161596,7.464865798985362,0.058330412421033984,-0.05710250850743009,1.300484072364258,1784332754.7450583,None,None,None, None, 1784332754.7946467,1.055259420232388,apf_waypoint,none,0.0,nan,nan,19.952327387963102,-7.487618996056535,nan,nan,nan,WEBOTS_UNKNOWN,ekf_on_cluster_on,1,1
1784332754.8720262,74.0908899307251,-200.0,88.70212170532717,0.2,0.8259126121022178,7.228214146991244,-0.21247433704232827,-0.04333825057211254,1.2968065499968109,1784332754.8299146,7.2246307623436214,-0.21654388933252935,0.8433316699246172, 1784332754.870519, 1784332754.8740368,1.0513671336344723,apf_waypoint,none,0.0,nan,nan,21.760086147197885,-5.8069320267440645,nan,nan,nan,WEBOTS_UNKNOWN,ekf_on_cluster_on,1,1
1784332754.972946,74.19180965423584,-200.0,87.18075887306748,0.2,0.8212450087538098,7.244028699412845,-0.19518231342386883,-0.09964817129853108,1.2885191267080953,1784332754.9130814,None,None,None, None, 1784332754.8740368,1.0513671336344723,apf_waypoint,none,0.0,nan,nan,21.669781345891977,-5.821881764671428,nan,nan,nan,WEBOTS_UNKNOWN,ekf_on_cluster_on,1,1
1784332755.072182,74.29104566574097,-200.0,81.24971262963655,0.2,0.8218976895953266,7.271188855511201,-0.1658894650169307,-0.012311838163002436,1.2873210638564958,1784332755.1050794,None,None,None, None, 1784332755.1050794,0.986219992105379,apf_waypoint,none,0.0,nan,nan,21.46708356390494,-6.033480438806725,nan,nan,nan,WEBOTS_UNKNOWN,ekf_on_cluster_on,1,1
1784332755.1732445,74.39210820198059,-200.0,76.73055415895227,0.2,0.8128718326752541,7.3047502203040136,-0.12946127213099778,-0.12386343365806245,1.2755926611129815,1784332755.1937077,None,None,None, None, 1784332755.1742449,0.9455208434858462,apf_waypoint,none,0.0,nan,nan,21.274866563159183,-6.087686761738595,nan,nan,nan,WEBOTS_UNKNOWN,ekf_on_cluster_on,1,1
1784332755.2773714,74.49623513221741,-200.0,72.09969846425255,0.2,0.8006440754283827,7.341454832112094,-0.09057512553491165,-0.1230325940972196,1.2646884924275128,1784332755.1937077,None,None,None, None, 1784332755.2698555,1.0278299992404842,apf_waypoint,none,0.0,nan,nan,21.087992798346207,-6.0954554653731785,nan,nan,nan,WEBOTS_UNKNOWN,ekf_on_cluster_on,1,1
1784332755.3723538,74.59121751785278,-200.0,77.53341360677024,0.2,0.7587492878482173,7.379457701295877,-0.051403856070436404,-0.37558128656182055,1.199289880107978,1784332755.367834,None,None,None, None, 1784332755.3387659,0.9467391845628803,apf_waypoint,none,0.0,nan,nan,21.074094893662487,-5.488181635152598,nan,nan,nan,WEBOTS_UNKNOWN,ekf_on_cluster_on,1,1
1784332755.472449,74.69131278991699,-200.0,73.6658630597241,0.2,0.7416076929077335,7.419982423212853,-0.013840958410203275,-0.06468796425625702,1.1943699720675323,1784332755.44389,None,None,None, None, 1784332755.4152484,0.9182938018803092,apf_waypoint,none,0.0,nan,nan,20.929328160485245,-5.399387090063288,nan,nan,nan,WEBOTS_UNKNOWN,ekf_on_cluster_on,1,1
1784332755.5716312,74.79049491882324,-200.0,66.22750661733878,0.2,0.7310821863167847,7.4608716509392785,0.02327689952069889,-0.058373048936253925,1.1890465243149353,1784332755.535087,None,None,None, None, 1784332755.5546076,1.0946945774866184,apf_waypoint,none,0.0,nan,nan,20.75426537605885,-5.4515949526774845,nan,nan,nan,WEBOTS_UNKNOWN,ekf_on_cluster_on,1,1
1784332755.671447,74.89031076431274,-200.0,56.057447726167176,0.2,0.723983999440187,7.501642799261113,0.059807088129559816,-0.058934586341657526,1.1841401189464786,1784332755.6183388,None,None,None, None, 1784332755.6183388,0.9950454446320797,apf_waypoint,none,0.0,nan,nan,20.566574427202863,-5.574672091832237,nan,nan,nan,WEBOTS_UNKNOWN,ekf_on_cluster_on,1,1
1784332755.7719913,74.9908549785614,-200.0,43.29541492702056,0.2,0.7189944204138357,7.542010066707503,0.0956315461902566,-0.058224826919355425,1.1795619580480217,1784332755.7770264,None,None,None, None, 1784332755.7770264,1.0614056414118767,apf_waypoint,none,0.0,nan,nan,20.37324825799698,-5.738875979199115,nan,nan,nan,WEBOTS_UNKNOWN,ekf_on_cluster_on,1,1
1784332755.8724473,75.09131097793579,-200.0,29.327427354887103,0.2,0.7117795869368951,7.581765472126229,0.13066945105677163,-0.08959279470184343,1.1657475539035544,1784332755.8511589,None,None,None, None, 1784332755.8511589,0.9579316655810322,apf_waypoint,none,0.0,nan,nan,20.1992628086781,-5.854826898126041,nan,nan,nan,WEBOTS_UNKNOWN,ekf_on_cluster_on,1,1
1784332755.9731972,75.19206094741821,-200.0,106.7428336569726,0.2,0.7210005199421631,7.313370553413002,-0.11989502151170928,-0.06882019535437185,1.1602880500428325,1784332755.9304888,7.310129173159881,-0.12289409751261816,0.747452499034198, 1784332755.870941, 1784332755.9140027,1.0492033705367474,apf_waypoint,none,0.0,nan,nan,21.685198307526584,-4.18117612989115,nan,nan,nan,WEBOTS_UNKNOWN,ekf_on_cluster_on,1,1
1784332756.0733187,75.29218244552612,-200.0,104.38792277889775,0.2,0.7174735178413396,7.334437406144062,-0.10129681642726052,-0.06570795057263645,1.1533698521199878,1784332756.035776,None,None,None, None, 1784332756.0743184,0.9660648778812333,apf_waypoint,none,0.0,nan,nan,21.58736628883464,-4.241845155986346,nan,nan,nan,WEBOTS_UNKNOWN,ekf_on_cluster_on,1,1
1784332756.1721954,75.39105916023254,-200.0,99.65237851008918,0.2,0.713720608317949,7.367832779663289,-0.07204758764779129,-0.055395506045959234,1.1497927293269066,1784332756.1003501,None,None,None, None, 1784332756.146671,1.014828741923355,apf_waypoint,none,0.0,nan,nan,21.42676947320875,-4.377437414263081,nan,nan,nan,WEBOTS_UNKNOWN,ekf_on_cluster_on,1,1
1784332756.2716372,75.49050092697144,-200.0,92.90394744149515,0.2,0.7100978512113603,7.4078029070431475,-0.037280901036703895,-0.05320836828395007,1.1423555910698944,1784332756.240124,None,None,None, None, 1784332756.240124,1.0496595179722468,apf_waypoint,none,0.0,nan,nan,21.233217886564038,-4.558473477428986,nan,nan,nan,WEBOTS_UNKNOWN,ekf_on_cluster_on,1,1
1784332756.37168,75.59054374694824,-200.0,84.68847546029086,0.2,0.7061057800106272,7.450062983080092,-0.0007574670037957532,-0.05810714664994796,1.1377394417177373,1784332756.319566,None,None,None, None, 1784332756.319566,0.9359079117542332,apf_waypoint,none,0.0,nan,nan,21.031796739983537,-4.74683712134701,nan,nan,nan,WEBOTS_UNKNOWN,ekf_on_cluster_on,1,1
1784332756.4723024,75.69116616249084,-200.0,87.11189532999595,0.2,0.6685645404288925,7.492718289485154,0.03582996054599352,-0.3603536402840364,1.0845023820065856,1784332756.4673016,None,None,None, None, 1784332756.4547892,1.0977092684733223,apf_waypoint,none,0.0,nan,nan,20.98502719339764,-4.236388736749864,nan,nan,nan,WEBOTS_UNKNOWN,ekf_on_cluster_on,1,1
1784332756.5716546,75.790518283844,-200.0,81.0007874135019,0.2,0.6538585389278814,7.537332442402315,0.07040247895005747,-0.058294729239739246,1.0803451460630091,1784332756.5386157,None,None,None, None, 1784332756.5266063,1.032388617158614,apf_waypoint,none,0.0,nan,nan,20.850445183999177,-4.196403003751643,nan,nan,nan,WEBOTS_UNKNOWN,ekf_on_cluster_on,1,1
1784332756.674855,75.89371871948242,-200.0,71.48641105927123,0.2,0.644077595802952,7.581971660377077,0.10436997704457074,-0.06044176284955899,1.0745642542667233,1784332756.6342597,None,None,None, None, 1784332756.6798546,1.0878721980505666,apf_waypoint,none,0.0,nan,nan,20.70130698871538,-4.258936444438786,nan,nan,nan,WEBOTS_UNKNOWN,ekf_on_cluster_on,1,1
1784332756.7715418,75.9904055595398,-200.0,58.75680485108983,0.2,0.6372863792849834,7.626240826684636,0.1376047029463905,-0.05921839298198072,1.0695506948944153,1784332756.718922,None,None,None, None, 1784332756.7484841,1.0578888479942221,apf_waypoint,none,0.0,nan,nan,20.54582761449268,-4.380927229851091,nan,nan,nan,WEBOTS_UNKNOWN,ekf_on_cluster_on,1,1
1784332756.8714879,76.09035158157349,-200.0,42.86482166001193,0.2,0.6317404376906793,7.669843314530663,0.17002018871790092,-0.06417974205868329,1.060244939552896,1784332756.863917,None,None,None, None, 1784332756.8368676,0.9010405317479694,apf_waypoint,none,0.0,nan,nan,20.39123270681108,-4.524648825490343,nan,nan,nan,WEBOTS_UNKNOWN,ekf_on_cluster_on,1,1
1784332756.9711375,76.19000124931335,-200.0,116.19300165305096,0.2,0.6329150569607501,7.416429597849567,-0.02787510365450041,-0.07573968541156344,1.0541356241317614,1784332756.9445791,7.41261496943221,-0.03082972333974746,0.646097674644408, 1784332756.878511, 1784332756.9170742,0.9089117698217686,apf_waypoint,none,0.0,nan,nan,21.469976294640894,-2.982586525254545,nan,nan,nan,WEBOTS_UNKNOWN,ekf_on_cluster_on,1,1
1784332757.0715382,76.29040193557739,-200.0,113.28219903491042,0.2,0.6293218245697324,7.441725817863046,-0.009253550615566652,-0.05920213792854703,1.0495563587270882,1784332757.0219288,None,None,None, None, 1784332757.0600238,0.9794423856482213,apf_waypoint,none,0.0,nan,nan,21.38027636119516,-3.0517609746637637,nan,nan,nan,WEBOTS_UNKNOWN,ekf_on_cluster_on,1,1
1784332757.1716213,76.39048504829407,-200.0,107.9119288707352,0.2,0.625195198182955,7.479823242314951,0.0185736304241626,-0.055992321257874504,1.044738297700881,1784332757.1079774,None,None,None, None, 1784332757.1605783,1.043902328226611,apf_waypoint,none,0.0,nan,nan,21.243418542448083,-3.183108041396218,nan,nan,nan,WEBOTS_UNKNOWN,ekf_on_cluster_on,1,1
1784332757.2720754,76.49093914031982,-200.0,99.9761315162783,0.2,0.6221858592471207,7.5242084935083335,0.05072814629823341,-0.04368548401104279,1.0398448261577062,1784332757.2199934,None,None,None, None, 1784332757.2375028,1.0703364505153645,apf_waypoint,none,0.0,nan,nan,21.08068090934386,-3.3739189574177706,nan,nan,nan,WEBOTS_UNKNOWN,ekf_on_cluster_on,1,1
1784332757.3767207,76.59558439254761,-200.0,90.82548658740893,0.2,0.6169088129363283,7.570429134444979,0.08405938198467489,-0.0695564131457009,1.034516186119123,1784332757.4127846,None,None,None, None, 1784332757.32864,1.0954202882872297,apf_waypoint,none,0.0,nan,nan,20.920451003577234,-3.5282673566522122,nan,nan,nan,WEBOTS_UNKNOWN,ekf_on_cluster_on,1,1
1784332757.4769676,76.69583129882812,-200.0,79.23134386562546,0.2,0.6128216711383514,7.6168244254243005,0.11712099345912819,-0.054499768705793795,1.0281842761551794,1784332757.4127846,None,None,None, None, 1784332757.434821,0.986673957730908,apf_waypoint,none,0.0,nan,nan,20.758889297720593,-3.70749312196189,nan,nan,nan,WEBOTS_UNKNOWN,ekf_on_cluster_on,1,1
1784332757.5716217,76.79048538208008,-200.0,66.30796069790601,0.2,0.6056531797270379,7.662661731994568,0.1495527468497979,-0.08686146618919058,1.0214770647467808,1784332757.5716217,None,None,None, None, 1784332757.50552,1.0945312162480914,apf_waypoint,none,0.0,nan,nan,20.613731715553286,-3.8201470384063914,nan,nan,nan,WEBOTS_UNKNOWN,ekf_on_cluster_on,1,1
1784332757.6713645,76.89022827148438,-200.0,49.46697135363418,0.2,0.6011282746356359,7.707850481118303,0.18100061456902772,-0.05808621844175646,1.0115828901734196,1784332757.660338,None,None,None, None, 1784332757.6713645,1.0029367154742728,apf_waypoint,none,0.0,nan,nan,20.465416846586415,-3.98168945203769,nan,nan,nan,WEBOTS_UNKNOWN,ekf_on_cluster_on,1,1
1784332757.772161,76.99102473258972,-200.0,29.23212873160796,0.2,0.5954468784155418,7.752026027191545,0.2115265611656154,-0.07735166721781188,1.0052957656410637,1784332757.7416177,None,None,None, None, 1784332757.763143,0.9646468822372227,apf_waypoint,none,0.0,nan,nan,20.328005364031426,-4.114227172846098,nan,nan,nan,WEBOTS_UNKNOWN,ekf_on_cluster_on,1,1
1784332757.8719423,77.09080600738525,-200.0,159.04123208988975,0.2,0.5912301946469247,7.7951012283273915,0.24094868403194258,-0.06626815127996985,1.0002772096888919,1784332757.8173487,None,None,None, None, 1784332757.8409016,0.9812374891540532,apf_waypoint,none,0.0,nan,nan,20.1917401370104,-4.269501717496353,nan,nan,nan,WEBOTS_UNKNOWN,ekf_on_cluster_on,1,1
1784332757.9712255,77.19008922576904,-200.0,170.87985578083206,0.2,0.5743836601908462,7.5193019159046,0.047826631530497044,-0.07253485725791611,0.9947455738997828,1784332757.98227,7.5149896553398,0.04482555961054985,0.5564242209441135, 1784332757.891083, 1784332757.9246545,0.9958834834907921,apf_waypoint,none,0.0,nan,nan,21.23214190839817,-2.339275771399536,nan,nan,nan,WEBOTS_UNKNOWN,ekf_on_cluster_on,1,1
1784332758.0722592,77.2911229133606,-200.0,171.42214125384794,0.2,0.5694969572115984,7.553641174407188,0.06998310464898516,-0.03717154660073683,0.9888798078771667,1784332758.051413,None,None,None, None, 1784332758.018324,1.0855923889559942,apf_waypoint,none,0.0,nan,nan,21.134273428440757,-2.4163092649270697,nan,nan,nan,WEBOTS_UNKNOWN,ekf_on_cluster_on,1,1
1784332758.185156,77.40401983261108,-200.0,173.6872732950249,0.2,0.5561254985110866,7.602233342175035,0.10101761010231414,-0.12147919500069804,0.9772239795833471,1784332758.1473622,None,None,None, None, 1784332758.214221,0.909234936184299,apf_waypoint,none,0.0,nan,nan,21.014937454476797,-2.389261369520467,nan,nan,nan,WEBOTS_UNKNOWN,ekf_on_cluster_on,1,1
1784332758.2730012,77.49186491966248,-200.0,174.55441740440085,0.2,0.5485089092832444,7.65706414725871,0.13475800815954297,-0.032064292505409604,0.9736566995281396,1784332758.2586162,None,None,None, None, 1784332758.214221,0.909234936184299,apf_waypoint,none,0.0,nan,nan,20.871444566072718,-2.5086916028918873,nan,nan,nan,WEBOTS_UNKNOWN,ekf_on_cluster_on,1,1
1784332758.3722742,77.59113788604736,-200.0,174.78170835846544,0.2,0.5434841223059343,7.713549209805554,0.16906450442792575,-0.023584108974217064,0.9718141460314109,1784332758.336743,None,None,None, None, 1784332758.3687687,1.0685901826676265,apf_waypoint,none,0.0,nan,nan,20.720810447985187,-2.6895881922584257,nan,nan,nan,WEBOTS_UNKNOWN,ekf_on_cluster_on,1,1
1784332758.471508,77.69037175178528,-200.0,175.94051638534225,0.2,0.5342263050133912,7.770458124761076,0.20333821104329175,-0.07196785456690229,0.9650687897207584,1784332758.4304705,None,None,None, None, 1784332758.4524865,0.9251386463575345,apf_waypoint,none,0.0,nan,nan,20.583973659161526,-2.785516472103028,nan,nan,nan,WEBOTS_UNKNOWN,ekf_on_cluster_on,1,1
1784332758.571978,77.79084181785583,-200.0,176.5824380656075,0.2,0.5272649168465571,7.82787906427358,0.23709814607266466,-0.040721864584820584,0.9603266674318738,1784332758.546922,None,None,None, None, 1784332758.5609343,0.9067482038258821,apf_waypoint,none,0.0,nan,nan,20.445827820994772,-2.927436723070496,nan,nan,nan,WEBOTS_UNKNOWN,ekf_on_cluster_on,1,1
1784332758.6711648,77.89002847671509,-200.0,177.21703852613155,0.2,0.5202486329702453,7.885599615771854,0.2705373751015756,-0.04531195096021871,0.955876878851752,1784332758.6451254,None,None,None, None, 1784332758.6606495,0.9479781900541706,apf_waypoint,none,0.0,nan,nan,20.31165614146787,-3.0683571543558426,nan,nan,nan,WEBOTS_UNKNOWN,ekf_on_cluster_on,1,1
1784332758.7713947,77.99025845527649,-200.0,177.32038787468093,0.2,0.515515931253473,7.943622096110141,0.3036159871795654,-0.025670067295879603,0.9532802833018619,1784332758.746278,None,None,None, None, 1784332758.746278,0.9956142843972021,apf_waypoint,none,0.0,nan,nan,20.174088914859848,-3.2550831346615947,nan,nan,nan,WEBOTS_UNKNOWN,ekf_on_cluster_on,1,1
1784332758.8721862,78.09104990959167,-200.0,177.24798384660588,0.2,0.511381116201951,8.001795838034944,0.33648094153974384,-0.02675648473889988,0.9514885389206488,1784332758.813243,None,None,None, None, 1784332758.8142436,0.997971589120009,apf_waypoint,none,0.0,nan,nan,20.036950959901795,-3.454238713369013,nan,nan,nan,WEBOTS_UNKNOWN,ekf_on_cluster_on,1,1
1784332758.9716847,78.19054841995239,-200.0,185.09615655898924,0.2,0.5020026602199005,7.6670366287499725,0.1363502479568561,-0.026591022893141348,0.9493651390717953,1784332758.893097,7.661845530305855,0.13327593293720563,0.49124203329235794, 1784332758.903011, 1784332758.9696841,1.0491350362857852,apf_waypoint,none,0.0,nan,nan,20.959354159954632,-1.547145963455459,nan,nan,nan,WEBOTS_UNKNOWN,ekf_on_cluster_on,1,1
1784332759.071833,78.29069662094116,-200.0,185.5552438738704,0.2,0.4982235249418504,7.703321505773761,0.1562211662107842,-0.029767904066686248,0.944298035276783,1784332759.0633173,None,None,None, None, 1784332759.033356,0.9121332924858261,apf_waypoint,none,0.0,nan,nan,20.87869930925383,-1.6365105622783354,nan,nan,nan,WEBOTS_UNKNOWN,ekf_on_cluster_on,1,1
1784332759.171337,78.3902006149292,-200.0,187.4155481720408,0.2,0.4869922197615947,7.755505140574725,0.18453124646809016,-0.10000229816932195,0.936460678842264,1784332759.141689,None,None,None, None, 1784332759.1718485,0.9326623108777833,apf_waypoint,none,0.0,nan,nan,20.77508698971647,-1.6439627264583105,nan,nan,nan,WEBOTS_UNKNOWN,ekf_on_cluster_on,1,1
1784332759.2716782,78.49054193496704,-200.0,188.30678240195496,0.2,0.4804130847384067,7.8142106503946565,0.21530562677948062,-0.02523895505326402,0.9345228298340857,1784332759.2184691,None,None,None, None, 1784332759.2521493,1.0615746734359155,apf_waypoint,none,0.0,nan,nan,20.655661151033843,-1.7715525254131368,nan,nan,nan,WEBOTS_UNKNOWN,ekf_on_cluster_on,1,1
1784332759.372223,78.59108662605286,-200.0,191.0611409231494,0.2,0.4644769415473397,7.874498666907286,0.2465116798841276,-0.12261273496018911,0.9168643092655762,1784332759.3624878,None,None,None, None, 1784332759.3274226,1.0860107952878995,apf_waypoint,none,0.0,nan,nan,20.553420702198107,-1.7130236446992892,nan,nan,nan,WEBOTS_UNKNOWN,ekf_on_cluster_on,1,1
1784332759.4725196,78.6913833618164,-200.0,192.1833288095889,0.2,0.4570623542854816,7.93587281550483,0.2767965787176552,-0.018117051336111738,0.9154258401727172,1784332759.4418864,None,None,None, None, 1784332759.4092705,1.0379366872261295,apf_waypoint,none,0.0,nan,nan,20.443119225722093,-1.8245881266373587,nan,nan,nan,WEBOTS_UNKNOWN,ekf_on_cluster_on,1,1
1784332759.572355,78.7912187576294,-200.0,193.0074335511596,0.2,0.45116778151011927,7.997584444492065,0.30686587993080927,-0.023886379563442896,0.9136672033816147,1784332759.5155115,None,None,None, None, 1784332759.579357,1.0711851205733582,apf_waypoint,none,0.0,nan,nan,20.33297422119869,-1.9677090797411365,nan,nan,nan,WEBOTS_UNKNOWN,ekf_on_cluster_on,1,1
1784332759.6714573,78.89032101631165,-200.0,193.59905937636967,0.2,0.4464983741815291,8.059551674499975,0.33668718566556954,-0.02100642458332537,0.9119784373031186,1784332759.5959044,None,None,None, None, 1784332759.6619492,1.0188916492854818,apf_waypoint,none,0.0,nan,nan,20.223074092348817,-2.1356265304128677,nan,nan,nan,WEBOTS_UNKNOWN,ekf_on_cluster_on,1,1
1784332759.7721093,78.99097299575806,-200.0,194.04663015104794,0.2,0.4425905306723227,8.12171415522938,0.36629450008198283,-0.019195530670759364,0.9087816337079367,1784332759.7624433,None,None,None, None, 1784332759.7444172,1.085613643216506,apf_waypoint,none,0.0,nan,nan,20.11371098619558,-2.3189379282384426,nan,nan,nan,WEBOTS_UNKNOWN,ekf_on_cluster_on,1,1
1784332759.872885,79.09174871444702,-200.0,194.31799727010224,0.2,0.4396048312561455,8.184036261331364,0.39570978429894765,-0.01409001196257906,0.9076218215412211,1784332759.8447578,None,None,None, None, 1784332759.824735,1.0577283698286029,apf_waypoint,none,0.0,nan,nan,20.003949067935903,-2.520822307460773,nan,nan,nan,WEBOTS_UNKNOWN,ekf_on_cluster_on,1,1
1784332759.983885,79.20274877548218,-200.0,195.87082232468092,0.2,0.44327838078001797,7.80191127634765,0.20689929309900437,-0.01828560461578471,0.9058747224702541,1784332759.9403028,7.796039945432289,0.20401906454186036,0.4563101070575861, 1784332759.914966, 1784332759.9974318,0.956938491245874,apf_waypoint,none,0.0,nan,nan,20.740352280612466,-0.9288784395843948,nan,nan,nan,WEBOTS_UNKNOWN,ekf_on_cluster_on,1,1
1784332760.0722368,79.29110050201416,-200.0,196.2482804290799,0.2,0.4407220973734593,7.838599597527451,0.22426575690924722,-0.013995057402826475,0.9045848847820921,1784332760.0324667,None,None,None, None, 1784332759.9974318,0.956938491245874,apf_waypoint,none,0.0,nan,nan,20.675563453371545,-1.0271210055429867,nan,nan,nan,WEBOTS_UNKNOWN,ekf_on_cluster_on,1,1
1784332760.1769924,79.39585614204407,-200.0,196.57997946230282,0.2,0.4381729411896283,7.893021432346059,0.24986525332001364,-0.01503187284846199,0.9034673528494155,1784332760.2080293,None,None,None, None, 1784332760.2120328,0.9768644554054555,apf_waypoint,none,0.0,nan,nan,20.57947220029856,-1.1981631967182853,nan,nan,nan,WEBOTS_UNKNOWN,ekf_on_cluster_on,1,1
1784332760.2758293,79.49469304084778,-200.0,196.7120280651079,0.2,0.43662789035958643,7.954152248112116,0.2784317127539211,-0.005500412026988746,0.9029106096037304,1784332760.2080293,None,None,None, None, 1784332760.2120328,0.9768644554054555,apf_waypoint,none,0.0,nan,nan,20.47115676908133,-1.4170017037927156,nan,nan,nan,WEBOTS_UNKNOWN,ekf_on_cluster_on,1,1
1784332760.3756378,79.59450149536133,-200.0,197.13993470060237,0.2,0.4334485928345129,8.016698463584806,0.30757156580076384,-0.023774436466133277,0.9005133179521251,1784332760.308864,None,None,None, None, 1784332760.308864,0.9809435770928028,apf_waypoint,none,0.0,nan,nan,20.363487560026343,-1.6088797467902696,nan,nan,nan,WEBOTS_UNKNOWN,ekf_on_cluster_on,1,1
1784332760.4711046,79.68996834754944,-200.0,197.59794304280126,0.2,0.43017300840071304,8.07960445144276,0.33659401263852473,-0.019978198829101353,0.8974420806582574,1784332760.4625936,None,None,None, None, 1784332760.4011648,1.0945441181125937,apf_waypoint,none,0.0,nan,nan,20.257353854787915,-1.7993404872424108,nan,nan,nan,WEBOTS_UNKNOWN,ekf_on_cluster_on,1,1
1784332760.5742521,79.7931158542633,-200.0,198.0433323276052,0.2,0.42703148890093906,8.142690606057013,0.36543728823808763,-0.017478702705433006,0.895990361662859,1784332760.54565,None,None,None, None, 1784332760.5742521,0.9568291560084363,apf_waypoint,none,0.0,nan,nan,20.152570880516503,-1.9925342325096818,nan,nan,nan,WEBOTS_UNKNOWN,ekf_on_cluster_on,1,1
1784332760.6725724,79.8914361000061,-200.0,198.39955943870524,0.2,0.4244425055308897,8.205922890226127,0.39410748084219094,-0.012556072391303899,0.895096948405133,1784332760.616804,None,None,None, None, 1784332760.651023,1.0282486359795298,apf_waypoint,none,0.0,nan,nan,20.04809997746795,-2.1968838641849366,nan,nan,nan,WEBOTS_UNKNOWN,ekf_on_cluster_on,1,1
1784332760.7717054,79.99056911468506,-200.0,198.6901503134629,0.2,0.42225911769898944,8.269267523665095,0.42264519095344255,-0.010390449920836788,0.8937214754178994,1784332760.7491825,None,None,None, None, 1784332760.7291582,1.0331781599418743,apf_waypoint,none,0.0,nan,nan,19.943774904693733,-2.409692515071438,nan,nan,nan,WEBOTS_UNKNOWN,ekf_on_cluster_on,1,1
1784332760.8760486,80.09491229057312,-200.0,198.93516710302205,0.2,0.4203628823357838,8.332704762332206,0.45107143924268556,-0.00919123452235122,0.8928550485019794,1784332760.843449,None,None,None, None, 1784332760.8094163,1.0924930145316893,apf_waypoint,none,0.0,nan,nan,19.839546190673317,-2.6287067311010017,nan,nan,nan,WEBOTS_UNKNOWN,ekf_on_cluster_on,1,1
1784332760.9712136,80.19007730484009,-200.0,198.96571003572555,0.2,0.4233835316055172,7.950678874998409,0.27883719626223114,-0.010614553889266739,0.8918762571340824,1784332760.9356613,7.94479454148929,0.27618835545832815,0.4329278509538499, 1784332760.930633, 1784332760.9266324,1.0184803540944334,apf_waypoint,none,0.0,nan,nan,20.48622884400467,-1.150482374844441,nan,nan,nan,WEBOTS_UNKNOWN,ekf_on_cluster_on,1,1
1784332761.071859,80.29072260856628,-200.0,199.55865289728942,0.2,0.419872296695038,7.989051757459954,0.2960916894109751,-0.02870729856006579,0.8892450550050425,1784332761.0273175,None,None,None, None, 1784332761.028318,0.9949432208393227,apf_waypoint,none,0.0,nan,nan,20.426033358229393,-1.231110799764842,nan,nan,nan,WEBOTS_UNKNOWN,ekf_on_cluster_on,1,1
1784332761.171505,80.39036870002747,-200.0,200.0,0.2,0.4171883803859041,8.045000930181832,0.3209625694002156,-0.011087226722540639,0.8879903938730979,1784332761.1404803,None,None,None, None, 1784332761.1414812,1.0970114907346953,apf_waypoint,none,0.0,nan,nan,20.337158055301263,-1.3969360698880555,nan,nan,nan,WEBOTS_UNKNOWN,ekf_on_cluster_on,1,1
1784332761.2713037,80.49016737937927,-200.0,200.0,0.2,0.41501241203940975,8.107314151133979,0.34848386593110803,-0.009093389947049021,0.8871557184698619,1784332761.2322695,None,None,None, None, 1784332761.2217507,0.9928194862291178,apf_waypoint,none,0.0,nan,nan,20.238307264643723,-1.5978937351768217,nan,nan,nan,WEBOTS_UNKNOWN,ekf_on_cluster_on,1,1
1784332761.3749921,80.59385585784912,-200.0,200.0,0.2,0.41341766271061314,8.170912423993247,0.3764252942536146,-0.00583321906247442,0.8865014745450811,1784332761.3444278,None,None,None, None, 1784332761.2963846,1.0233581572192483,apf_waypoint,none,0.0,nan,nan,20.13731697293215,-1.8156839890685017,nan,nan,nan,WEBOTS_UNKNOWN,ekf_on_cluster_on,1,1
1784332761.4716718,80.69053554534912,-200.0,200.0,0.2,0.411876351434239,8.234725511788362,0.40435932530749596,-0.007477824702800737,0.8857745254175396,1784332761.4416418,None,None,None, None, 1784332761.3835068,1.0833982725543814,apf_waypoint,none,0.0,nan,nan,20.036446501419128,-2.035814768327037,nan,nan,nan,WEBOTS_UNKNOWN,ekf_on_cluster_on,1,1
1784332761.5713642,80.79022789001465,-200.0,200.0,0.2,0.4105374206416873,8.298603526262255,0.4322098872668292,-0.006230201578528308,0.8850193873237142,1784332761.5628479,None,None,None, None, 1784332761.5744617,1.0586681436115775,apf_waypoint,none,0.0,nan,nan,19.935592602815365,-2.2605769014236596,nan,nan,nan,WEBOTS_UNKNOWN,ekf_on_cluster_on,1,1
1784332761.6712112,80.89007496833801,-199.85594375281073,200.0,0.2,0.40726669089470374,8.362519558883708,0.4599819287149174,-0.024030164805723186,0.882767166672379,1784332761.6565726,None,None,None, None, 1784332761.6585739,1.0865877120816667,apf_waypoint,none,0.0,nan,nan,19.839849732780912,-2.447650065872487,nan,nan,nan,WEBOTS_UNKNOWN,ekf_on_cluster_on,1,1
1784332761.771874,80.99073767662048,-199.4625865875064,200.0,0.2,0.40544234753002323,8.426530216576962,0.4874949636985626,-0.005987596873069103,0.8822296639127678,1784332761.746342,None,None,None, None, 1784332761.746342,0.9613507290334715,apf_waypoint,none,0.0,nan,nan,19.74210948011472,-2.662559916686476,nan,nan,nan,WEBOTS_UNKNOWN,ekf_on_cluster_on,1,1
1784332761.8717864,81.09065008163452,-199.1183233748634,200.0,0.2,0.40402710258622243,8.4905392610646,0.5148957596274002,-0.005084135254396976,0.8817419604942911,1784332761.8422685,None,None,None, None, 1784332761.8242402,1.0041666990520386,apf_waypoint,none,0.0,nan,nan,19.643846554871168,-2.88595522535112,nan,nan,nan,WEBOTS_UNKNOWN,ekf_on_cluster_on,1,1
1784332761.9729717,81.19183540344238,-200.0,200.0,0.2,0.40871313883221566,8.090569835883242,0.3429691689880491,-0.0032313722110522422,0.8814118543695317,1784332761.944425,8.084442123519164,0.34033787842943025,0.41969063771542814, 1784332761.940424, 1784332761.9043674,0.9534046222865487,apf_waypoint,none,0.0,nan,nan,20.267764301061177,-1.4220971342765925,nan,nan,nan,WEBOTS_UNKNOWN,ekf_on_cluster_on,1,1
1784332762.07869,81.2975537776947,-200.0,200.0,0.2,0.40754297642024145,8.127846556226336,0.35909141678522616,-0.006795775019989516,0.8806696099106519,1784332762.0536466,None,None,None, None, 1784332762.0019212,0.9000589234248628,apf_waypoint,none,0.0,nan,nan,20.2107142084185,-1.5426113479538897,nan,nan,nan,WEBOTS_UNKNOWN,ekf_on_cluster_on,1,1
1784332762.1722586,81.391122341156,-199.7382495623489,200.0,0.2,0.4057370081803908,8.183467419226176,0.3830677429506082,-0.012546588595870777,0.8794704296360063,1784332762.1492248,None,None,None, None, 1784332762.1642375,0.9717061344576757,apf_waypoint,none,0.0,nan,nan,20.12623504405346,-1.7213737496538348,nan,nan,nan,WEBOTS_UNKNOWN,ekf_on_cluster_on,1,1
1784332762.2783427,81.49720644950867,-199.34841538430274,200.0,0.2,0.4038855531761712,8.24590542645796,0.40982956207096066,-0.010283541302938489,0.8785289212445783,1784332762.2407796,None,None,None, None, 1784332762.2561615,1.0337178220360788,apf_waypoint,none,0.0,nan,nan,20.03200339327205,-1.9254280777158668,nan,nan,nan,WEBOTS_UNKNOWN,ekf_on_cluster_on,1,1
1784332762.3730829,81.59194660186768,-199.06410936162112,200.0,0.2,0.40276023209134554,8.309712590880899,0.437033575133583,-0.003052248818321432,0.8781649753227363,1784332762.3600183,None,None,None, None, 1784332762.2561615,1.0337178220360788,apf_waypoint,none,0.0,nan,nan,19.93491670684002,-2.1492840286025205,nan,nan,nan,WEBOTS_UNKNOWN,ekf_on_cluster_on,1,1
1784332762.478446,81.69730973243713,-198.7699081346099,200.0,0.2,0.40167981670866043,8.37370680290148,0.4642509062575755,-0.004704984736100331,0.8777351611362936,1784332762.4513712,None,None,None, None, 1784332762.4869606,1.09171909011182,apf_waypoint,none,0.0,nan,nan,19.837640812276085,-2.375438077581619,nan,nan,nan,WEBOTS_UNKNOWN,ekf_on_cluster_on,1,1
1784332762.5715759,81.79043960571289,-198.5259670514187,200.0,0.2,0.4009970380134927,8.437721085267793,0.4913991064921106,-0.0015885613429709052,0.8775481929885951,1784332762.5690677,None,None,None, None, 1784332762.5690677,1.008750167418123,apf_waypoint,none,0.0,nan,nan,19.73951147596222,-2.610113775965568,nan,nan,nan,WEBOTS_UNKNOWN,ekf_on_cluster_on,1,1
1784332762.671999,81.89086270332336,-198.2595584188163,200.0,0.2,0.40030296574250623,8.501724062004318,0.5185018625902416,-0.002824012628761023,0.8773211087363979,1784332762.6494796,None,None,None, None, 1784332762.6494796,1.0827632004190935,apf_waypoint,none,0.0,nan,nan,19.641301421921167,-2.8454242458199372,nan,nan,nan,WEBOTS_UNKNOWN,ekf_on_cluster_on,1,1
1784332762.7718453,81.99070906639099,-197.89328196943555,200.0,0.2,0.3992056360600793,8.565714741029787,0.5455482612432121,-0.006514012572883357,0.8767182661250038,1784332762.7420251,None,None,None, None, 1784332762.7610376,1.0894169878301576,apf_waypoint,none,0.0,nan,nan,19.5442469219799,-3.073634456746016,nan,nan,nan,WEBOTS_UNKNOWN,ekf_on_cluster_on,1,1
1784332762.8717,82.09056377410889,-197.56150784325146,200.0,0.2,0.3985043948036217,8.629697739396487,0.5724969654891723,-0.0018270507421152685,0.8765709753004756,1784332762.8226418,None,None,None, None, 1784332762.8546774,0.98988273750394,apf_waypoint,none,0.0,nan,nan,19.446125474985216,-3.310030667237697,nan,nan,nan,WEBOTS_UNKNOWN,ekf_on_cluster_on,1,1
1784332762.9719374,82.19080114364624,-199.498308179231,200.0,0.2,0.4033822546961166,8.246617865201603,0.41228560212374765,9.875884083394238e-05,0.8765852742333483,1784332762.9674282,8.240713761625514,0.4098144913027547,0.41353567382346146, 1784332762.939403, 1784332762.9237957,1.078136901263499,apf_waypoint,none,0.0,nan,nan,20.023632344839683,-1.938723291434128,nan,nan,nan,WEBOTS_UNKNOWN,ekf_on_cluster_on,1,1
1784332763.0716062,82.29046988487244,-199.41696028617105,200.0,0.2,0.40315613926910304,8.285602406637636,0.42891242540233065,0.00042166675268725753,0.8766161109791791,1784332763.0405588,None,None,None, None, 1784332763.058591,0.9292531152411235,apf_waypoint,none,0.0,nan,nan,19.963395000731285,-2.084681941058543,nan,nan,nan,WEBOTS_UNKNOWN,ekf_on_cluster_on,1,1
1784332763.1728399,82.39170360565186,-199.33747962885676,200.0,0.2,0.403071913612747,8.342045213568909,0.4529772118472124,0.0005066962661585916,0.8766607855694584,1784332763.1287272,None,None,None, None, 1784332763.1347277,0.957258777549419,apf_waypoint,none,0.0,nan,nan,19.875394543278933,-2.3015315730798425,nan,nan,nan,WEBOTS_UNKNOWN,ekf_on_cluster_on,1,1
1784332763.2719955,82.49085927009583,-199.29399290906665,200.0,0.2,0.4032631851335309,8.404667367809692,0.4796804863574654,0.0010045373075451944,0.8767314944575106,1784332763.276002,None,None,None, None, 1784332763.276002,0.9267235772945827,apf_waypoint,none,0.0,nan,nan,19.776523440371754,-2.5488286689665216,nan,nan,nan,WEBOTS_UNKNOWN,ekf_on_cluster_on,1,1
1784332763.3711169,82.5899806022644,-199.23598254728964,200.0,0.2,0.40342087544218375,8.46848299722734,0.506907108088426,0.00113671531258464,0.8768996874028198,1784332763.3470807,None,None,None, None, 1784332763.3540888,0.9260549264286604,apf_waypoint,none,0.0,nan,nan,19.67511336831542,-2.801340077674927,nan,nan,nan,WEBOTS_UNKNOWN,ekf_on_cluster_on,1,1
1784332763.4716847,82.69054841995239,-199.1684521749165,200.0,0.2,0.40357541600606606,8.5324618875823,0.5342153103749375,0.0013766419095930674,0.8770016079738853,1784332763.4211164,None,None,None, None, 1784332763.4221184,1.0320192688229344,apf_waypoint,none,0.0,nan,nan,19.5726894253959,-3.055690714514786,nan,nan,nan,WEBOTS_UNKNOWN,ekf_on_cluster_on,1,1
1784332763.5733483,82.79221200942993,-199.09342444929268,200.0,0.2,0.40374647507656486,8.596452363449947,0.5615401492690263,0.0017362184718524513,0.8771398665993491,1784332763.5783484,None,None,None, None, 1784332763.5783484,1.0485457394892548,apf_waypoint,none,0.0,nan,nan,19.469401753237197,-3.3117037715765574,nan,nan,nan,WEBOTS_UNKNOWN,ekf_on_cluster_on,1,1
1784332763.671954,82.89081764221191,-198.99859735281723,200.0,0.2,0.40387670513182466,8.660432625604967,0.5888735677273895,0.001601839655614826,0.8773611786601897,1784332763.6389096,None,None,None, None, 1784332763.6549366,1.0217357551334743,apf_waypoint,none,0.0,nan,nan,19.36544408098564,-3.568223054859234,nan,nan,nan,WEBOTS_UNKNOWN,ekf_on_cluster_on,1,1
1784332763.7769141,82.99577784538269,-198.90193855939046,200.0,0.2,0.40408335909169923,8.724398905766693,0.6162108641301526,0.002305982731737884,0.8776532948179498,1784332763.765587,None,None,None, None, 1784332763.786443,1.0303587001571504,apf_waypoint,none,0.0,nan,nan,19.260388407512522,-3.8275083601970907,nan,nan,nan,WEBOTS_UNKNOWN,ekf_on_cluster_on,1,1
1784332763.8731475,83.09201121330261,-198.7947708052016,200.0,0.2,0.4043329448312874,8.788348273294085,0.64355656307515,0.002944886448059141,0.8778769263733778,1784332763.841526,None,None,None, None, 1784332763.8590481,1.051241519052779,apf_waypoint,none,0.0,nan,nan,19.154263359225027,-4.088973315152786,nan,nan,nan,WEBOTS_UNKNOWN,ekf_on_cluster_on,1,1
1784332763.9713144,83.19017815589905,-200.0,200.0,0.2,0.40864639515915774,8.395948201558273,0.47797188045085726,0.0032714367279245617,0.8781409006388663,1784332763.9222167,8.389921439076842,0.47542359463103967,0.4160456933356844, 1784332763.948777, 1784332763.9357316,0.9736622567654423,apf_waypoint,none,0.0,nan,nan,19.76856586732564,-2.6406955361406848,nan,nan,nan,WEBOTS_UNKNOWN,ekf_on_cluster_on,1,1
1784332764.0764759,83.29533958435059,-200.0,200.0,0.2,0.4101347888154522,8.434040434332406,0.4944762240116347,0.013784512004425705,0.8790596404620525,1784332763.9888668,None,None,None, None, 1784332764.0023828,0.972719358365844,apf_waypoint,none,0.0,nan,nan,19.702431454159996,-2.820802326677102,nan,nan,nan,WEBOTS_UNKNOWN,ekf_on_cluster_on,1,1
1784332764.1721516,83.39101529121399,-200.0,200.0,0.2,0.4111378097908303,8.489973296520159,0.5188399288792738,0.00336135295911423,0.8796639332988581,1784332764.1686435,None,None,None, None, 1784332764.1686435,0.9104164250090507,apf_waypoint,none,0.0,nan,nan,19.60712978627035,-3.0637422307464193,nan,nan,nan,WEBOTS_UNKNOWN,ekf_on_cluster_on,1,1
1784332764.2746484,83.49351215362549,-200.0,200.0,0.2,0.4118836674237203,8.552355617992003,0.5460742936795597,0.0026703520326540413,0.8798439900948755,1784332764.2360716,None,None,None, None, 1784332764.2360716,1.0121485765489708,apf_waypoint,none,0.0,nan,nan,19.50066816557306,-3.3288924459945632,nan,nan,nan,WEBOTS_UNKNOWN,ekf_on_cluster_on,1,1
1784332764.372017,83.59088063240051,-200.0,200.0,0.2,0.4125923717128525,8.615994419833203,0.5739044672834552,0.003405144949673005,0.8801681795889115,1784332764.3312774,None,None,None, None, 1784332764.3322725,0.9087275265847198,apf_waypoint,none,0.0,nan,nan,19.390965161972396,-3.599892459062661,nan,nan,nan,WEBOTS_UNKNOWN,ekf_on_cluster_on,1,1
1784332764.4755356,83.69439935684204,-200.0,200.0,0.2,0.4132925024556059,8.679798197101007,0.6018579785995541,0.003614990165270017,0.8804349834151389,1784332764.4050822,None,None,None, None, 1784332764.418605,1.0376621687826961,apf_waypoint,none,0.0,nan,nan,19.279695626798233,-3.873013975259087,nan,nan,nan,WEBOTS_UNKNOWN,ekf_on_cluster_on,1,1
1784332764.5728893,83.79175305366516,-200.0,199.97344431081765,0.2,0.41434164766206383,8.743607359423855,0.6298663273372966,0.006801408051058893,0.8815523361437418,1784332764.5693648,None,None,None, None, 1784332764.5804093,1.0553500230352808,apf_waypoint,none,0.0,nan,nan,19.165607500772587,-4.154518838632069,nan,nan,nan,WEBOTS_UNKNOWN,ekf_on_cluster_on,1,1
1784332764.6710315,83.88989520072937,-200.0,199.78007752968554,0.2,0.4150023131479925,8.807384150131053,0.6579497969129875,0.002379528325107912,0.8817156317788358,1784332764.63799,None,None,None, None, 1784332764.6539965,0.9099241602620789,apf_waypoint,none,0.0,nan,nan,19.051551841416966,-4.430478320966426,nan,nan,nan,WEBOTS_UNKNOWN,ekf_on_cluster_on,1,1
1784332764.7715695,83.99043321609497,-200.0,199.58347520518967,0.2,0.41555554945276424,8.87112571428067,0.6860600648197135,0.0022404346118646704,0.8819083208300842,1784332764.7239952,None,None,None, None, 1784332764.755546,0.9788867795397893,apf_waypoint,none,0.0,nan,nan,18.936686026178936,-4.705914151020188,nan,nan,nan,WEBOTS_UNKNOWN,ekf_on_cluster_on,1,1
1784332764.8716218,84.09048557281494,-200.0,199.40366889700329,0.2,0.4158600640035344,8.934830623321297,0.7141922031544254,0.00045749002484157824,0.8819618889854993,1784332764.8410866,None,None,None, None, 1784332764.8370852,0.9915095514827069,apf_waypoint,none,0.0,nan,nan,18.82178343824504,-4.97819288351616,nan,nan,nan,WEBOTS_UNKNOWN,ekf_on_cluster_on,1,1
1784332764.9763126,84.19517636299133,-200.0,199.2774904448965,0.2,0.417882884253676,8.538061190372648,0.5410368243556656,0.0036159607217830458,0.8822571210385637,1784332764.9227335,8.531980015052367,0.5383783447725267,0.42065438079904816, 1784332764.956762, 1784332764.9918525,1.0810574653485259,apf_waypoint,none,0.0,nan,nan,19.499745926565172,-3.4000550866797554,nan,nan,nan,WEBOTS_UNKNOWN,ekf_on_cluster_on,1,1
1784332765.0820193,84.30088305473328,-200.0,199.1256062343287,0.2,0.4183977793229129,8.575347988663694,0.5576063893461054,0.0022002529115147883,0.8824246224299533,1784332765.0955443,None,None,None, None, 1784332765.0699744,1.0488250720105798,apf_waypoint,none,0.0,nan,nan,19.43332397841856,-3.5626596622836133,nan,nan,nan,WEBOTS_UNKNOWN,ekf_on_cluster_on,1,1
1784332765.1747775,84.39364123344421,-200.0,198.95167814645168,0.2,0.41879936056968087,8.6306814106064,0.5822289901489484,0.0012430433900148844,0.8825448030328246,1784332765.182777,None,None,None, None, 1784332765.1391065,1.0912500913348666,apf_waypoint,none,0.0,nan,nan,19.335223088481612,-3.7979592730340834,nan,nan,nan,WEBOTS_UNKNOWN,ekf_on_cluster_on,1,1
1784332765.2714708,84.49033451080322,-200.0,198.76760460273886,0.2,0.4190806882973087,8.692654911955422,0.6098333947011838,0.0005190920847098068,0.8826290986406959,1784332765.2579348,None,None,None, None, 1784332765.2078094,0.9796122269659165,apf_waypoint,none,0.0,nan,nan,19.22500744263081,-4.05959503338411,nan,nan,nan,WEBOTS_UNKNOWN,ekf_on_cluster_on,1,1
1784332765.3741488,84.59301257133484,-200.0,198.56695088951744,0.2,0.41930475984609167,8.755939858470448,0.6380401238528179,0.0003945560335155715,0.8826605303612262,1784332765.3375983,None,None,None, None, 1784332765.365627,0.9780058770842703,apf_waypoint,none,0.0,nan,nan,19.11171968309114,-4.326980069991352,nan,nan,nan,WEBOTS_UNKNOWN,ekf_on_cluster_on,1,1
1784332765.471435,84.69029879570007,-200.0,198.38107820348782,0.2,0.41928123689191865,8.81939217087529,0.6663370386938254,-0.0016521565755651482,0.882533955742673,1784332765.41421,None,None,None, None, 1784332765.441376,0.933606338659338,apf_waypoint,none,0.0,nan,nan,18.99825579400393,-4.591820998961605,nan,nan,nan,WEBOTS_UNKNOWN,ekf_on_cluster_on,1,1
1784332765.5715952,84.7904589176178,-200.0,198.19773277461445,0.2,0.4190730195484564,8.882855114207835,0.694623152787476,-0.0009021890778330068,0.8824019062585966,1784332765.5605757,None,None,None, None, 1784332765.5480628,0.9191830155642694,apf_waypoint,none,0.0,nan,nan,18.88487897608635,-4.854474154847328,nan,nan,nan,WEBOTS_UNKNOWN,ekf_on_cluster_on,1,1
1784332765.672252,84.89111566543579,-200.0,198.03455267261972,0.2,0.4185352613929825,8.946306058369895,0.7228880840164463,-0.0038903129913512645,0.8820511384324852,1784332765.6507401,None,None,None, None, 1784332765.632732,0.9769186849723736,apf_waypoint,none,0.0,nan,nan,18.772483499722792,-5.112222174822941,nan,nan,nan,WEBOTS_UNKNOWN,ekf_on_cluster_on,1,1
1784332765.7742922,84.99315595626831,-200.0,197.76777801609288,0.2,0.4183067385228376,9.009753262747203,0.75111046937811,-0.0023308194972571773,0.8818484229590415,1784332765.737712,None,None,None, None, 1784332765.778293,0.9613364897569519,apf_waypoint,none,0.0,nan,nan,18.65795009878155,-5.376922121349912,nan,nan,nan,WEBOTS_UNKNOWN,ekf_on_cluster_on,1,1
1784332765.8749406,85.09380435943604,-200.0,197.4398841139053,0.2,0.41802218960517895,9.07317738917137,0.7793052293931844,-0.002713999624633096,0.8816051292981948,1784332765.8273559,None,None,None, None, 1784332765.861398,1.0516730529838838,apf_waypoint,none,0.0,nan,nan,18.542995473744995,-5.641881240865776,nan,nan,nan,WEBOTS_UNKNOWN,ekf_on_cluster_on,1,1
1784332765.9718885,85.19075226783752,-200.0,198.95894991757015,0.2,0.4176088133999149,8.69520692262279,0.611381865958873,-0.013300268261775373,0.8805925080944447,1784332765.9034913,8.689377760575622,0.6087921687200494,0.4196799385516572, 1784332765.964304, 1784332765.939545,1.0196654946528374,apf_waypoint,none,0.0,nan,nan,19.224777732426425,-4.045873921184292,nan,nan,nan,WEBOTS_UNKNOWN,ekf_on_cluster_on,1,1
1784332766.07203,85.29089379310608,-200.0,199.0124649143741,0.2,0.4168679590194451,8.734033652678253,0.6285863489889181,-0.0021635782311989573,0.8802484756004919,1784332766.0625021,None,None,None, None, 1784332766.0134451,1.0254927159418548,apf_waypoint,none,0.0,nan,nan,19.15970261617579,-4.192099793906537,nan,nan,nan,WEBOTS_UNKNOWN,ekf_on_cluster_on,1,1
1784332766.1748166,85.39368033409119,-200.0,199.25013519243595,0.2,0.4148729477643251,8.79014151348126,0.6534110167981027,-0.01668166112742833,0.8786606429266501,1784332766.1576865,None,None,None, None, 1784332766.1692946,0.932834278066071,apf_waypoint,none,0.0,nan,nan,19.0697439961017,-4.3864854621915,nan,nan,nan,WEBOTS_UNKNOWN,ekf_on_cluster_on,1,1
1784332766.2724206,85.49128437042236,-200.0,199.35890895008197,0.2,0.41360356596093534,8.852456514027097,0.6807964255065784,-0.0047837427999090345,0.878274362593502,1784332766.238435,None,None,None, None, 1784332766.2559025,0.9573172064484137,apf_waypoint,none,0.0,nan,nan,18.96646709226098,-4.620212831638676,nan,nan,nan,WEBOTS_UNKNOWN,ekf_on_cluster_on,1,1
1784332766.37467,85.59353375434875,-200.0,199.40084399216255,0.2,0.41266430345238403,8.916008901975577,0.7086454642056808,-0.0036136143352594355,0.8779880642918819,1784332766.3176627,None,None,None, None, 1784332766.3294857,1.0417693216895503,apf_waypoint,none,0.0,nan,nan,18.859533981850905,-4.866168723676374,nan,nan,nan,WEBOTS_UNKNOWN,ekf_on_cluster_on,1,1
1784332766.4713728,85.69023656845093,-200.0,199.42458991048977,0.2,0.4117579892654482,8.979762324687446,0.7365232869925791,-0.004619390593061867,0.8772872387690668,1784332766.4693766,None,None,None, None, 1784332766.4693766,0.9311977005703311,apf_waypoint,none,0.0,nan,nan,18.751910969631474,-5.114648616282693,nan,nan,nan,WEBOTS_UNKNOWN,ekf_on_cluster_on,1,1
1784332766.5714962,85.79035997390747,-200.0,199.45008920012378,0.2,0.41076208811475423,9.043566508056308,0.7643576995862702,-0.005749527551158857,0.8768353098575772,1784332766.5479794,None,None,None, None, 1784332766.5379753,0.9848091220031483,apf_waypoint,none,0.0,nan,nan,18.64448755800168,-5.362712596176832,nan,nan,nan,WEBOTS_UNKNOWN,ekf_on_cluster_on,1,1
1784332766.6719692,85.89083290100098,-199.36526650985235,197.97252929557894,0.2,0.409842069606236,9.107405224551016,0.792129710271027,-0.004882968970264857,0.8764612542781258,1784332766.6245835,None,None,None, None, 1784332766.6754842,1.0903167504334819,apf_waypoint,none,0.0,nan,nan,18.536447262337127,-5.613310917264517,nan,nan,nan,WEBOTS_UNKNOWN,ekf_on_cluster_on,1,1
1784332766.7743855,85.99324917793274,-166.4840776980225,165.52368648921208,0.2,0.40499927533910207,9.171053698062899,0.8197536139517467,-0.03996761628251016,0.8737462071328359,1784332766.776385,None,None,None, None, 1784332766.758094,0.9111647655444545,apf_waypoint,none,0.0,nan,nan,18.451357708261813,-5.791893172225125,nan,nan,nan,WEBOTS_UNKNOWN,ekf_on_cluster_on,1,1
1784332766.8815799,86.10044360160828,-200.0,134.6982488255306,0.2,0.40286357006539875,9.22853286231879,0.8442738430365466,-0.005239625705463726,0.872939323282699,1784332766.8465111,None,None,None, None, 1784332766.8289545,0.9832370702615036,apf_waypoint,none,0.0,nan,nan,18.36390159111405,-5.992207375767325,nan,nan,nan,WEBOTS_UNKNOWN,ekf_on_cluster_on,1,1
1784332766.973652,86.19251561164856,-200.0,153.71131069650426,0.2,0.40553741910102553,8.844282941905602,0.6775155760649372,-0.007872239941285235,0.8722424609477705,1784332766.9350326,8.83845641210682,0.6749917425887945,0.4103669597133477, 1784332766.965554, 1784332766.9205184,1.051682613295646,apf_waypoint,none,0.0,nan,nan,19.015907863761882,-4.436109559629955,nan,nan,nan,WEBOTS_UNKNOWN,ekf_on_cluster_on,1,1
1784332767.0718257,86.29068946838379,-200.0,152.72331050957078,0.2,0.40518016502866644,8.873190526392824,0.6899982745673174,-0.02876844192062023,0.8698053592864815,1784332767.019747,None,None,None, None, 1784332767.0132382,1.0241295555525043,apf_waypoint,none,0.0,nan,nan,18.96868184045593,-4.54759815098299,nan,nan,nan,WEBOTS_UNKNOWN,ekf_on_cluster_on,1,1
1784332767.1729565,86.39182019233704,-200.0,151.31951848123293,0.2,0.4035654619912902,8.91972493554664,0.710052970877026,-0.03299378267872581,0.8667698444986776,1784332767.1117496,None,None,None, None, 1784332767.1588264,0.9147252199255236,apf_waypoint,none,0.0,nan,nan,18.897530780327873,-4.707718612901008,nan,nan,nan,WEBOTS_UNKNOWN,ekf_on_cluster_on,1,1
1784332767.271866,86.49072980880737,-200.0,156.82946073997158,0.2,0.37421080710961385,8.974795445382226,0.7336604563304405,-0.288325810073709,0.8251061413135165,1784332767.2562518,None,None,None, None, 1784332767.236786,0.9623269018872537,apf_waypoint,none,0.0,nan,nan,18.94127401321177,-4.37916260063141,nan,nan,nan,WEBOTS_UNKNOWN,ekf_on_cluster_on,1,1
1784332767.3715782,86.59044194221497,-200.0,157.86943001673936,0.2,0.36207907623919167,9.033933784970197,0.756253374801215,-0.03405012410173622,0.8226965349436918,1784332767.3270183,None,None,None, None, 1784332767.3750925,0.9120107179639948,apf_waypoint,none,0.0,nan,nan,18.912768993289163,-4.3686045718591116,nan,nan,nan,WEBOTS_UNKNOWN,ekf_on_cluster_on,1,1
1784332767.4733534,86.69221711158752,-200.0,157.79233006752207,0.2,0.35373770632947255,9.09407827429547,0.7787102006822177,-0.03726219066944551,0.8191707513217149,1784332767.4216392,None,None,None, None, 1784332767.4599698,1.0577505529884679,apf_waypoint,none,0.0,nan,nan,18.870066666427032,-4.4305871938641115,nan,nan,nan,WEBOTS_UNKNOWN,ekf_on_cluster_on,1,1
1784332767.5721402,86.79100394248962,-200.0,157.04075744531005,0.2,0.3474413660472255,9.154527133960293,0.8008656385152157,-0.03711932859816146,0.8138823649205922,1784332767.564109,None,None,None, None, 1784332767.5194645,1.0815902389165126,apf_waypoint,none,0.0,nan,nan,18.820948954376274,-4.530191068968716,nan,nan,nan,WEBOTS_UNKNOWN,ekf_on_cluster_on,1,1
1784332767.6712914,86.89015507698059,-200.0,155.98914799816762,0.2,0.34163143931926454,9.215056057086505,0.822705197611107,-0.04246359894394428,0.8100961802896595,1784332767.6532722,None,None,None, None, 1784332767.669785,0.9515918653986997,apf_waypoint,none,0.0,nan,nan,18.772064566121127,-4.637721178677641,nan,nan,nan,WEBOTS_UNKNOWN,ekf_on_cluster_on,1,1
1784332767.771619,86.99048280715942,-200.0,154.3779630895594,0.2,0.33719616112098094,9.275600949376868,0.8441872803566994,-0.0339993360515235,0.8071843571362237,1784332767.7389157,None,None,None, None, 1784332767.7633984,1.0969283284573201,apf_waypoint,none,0.0,nan,nan,18.719137156920105,-4.769295148399694,nan,nan,nan,WEBOTS_UNKNOWN,ekf_on_cluster_on,1,1
1784332767.8713224,87.09018611907959,-200.0,154.97011459013655,0.2,0.3235072964668259,9.336063066109903,0.865384410473264,-0.12087864679976006,0.7984168521936215,1784332767.8114471,None,None,None, None, 1784332767.8425112,1.033121798971303,apf_waypoint,none,0.0,nan,nan,18.7126305918929,-4.726823098374785,nan,nan,nan,WEBOTS_UNKNOWN,ekf_on_cluster_on,1,1
1784332767.9717774,87.19064116477966,-200.0,153.45078784594727,0.2,0.31744663801044876,9.396889383121271,0.8855621688547615,-0.02898900476065649,0.7959281668584126,1784332767.8972964,None,None,None, None, 1784332767.9194646,0.9001998080619299,apf_waypoint,none,0.0,nan,nan,18.674973518237053,-4.8186370325613375,nan,nan,nan,WEBOTS_UNKNOWN,ekf_on_cluster_on,1,1
1784332768.0729148,87.29177856445312,-200.0,170.97154829254754,0.2,0.31735120330354216,8.983215147154766,0.7352541197119303,-0.15317145120540182,0.773093981903006,1784332768.0463724,8.97821561978647,0.7334606270184203,0.3513048448266458, 1784332767.977784, 1784332768.069408,1.0306638383762043,apf_waypoint,none,0.0,nan,nan,19.154744405713135,-3.310783733635354,nan,nan,nan,WEBOTS_UNKNOWN,ekf_on_cluster_on,1,1
1784332768.1725972,87.39146089553833,-200.0,172.4367668630298,0.2,0.30778358790773297,9.017911222381139,0.7464357409407136,-0.03818974380663318,0.7702627645502722,1784332768.120508,None,None,None, None, 1784332768.152545,1.0031646831902454,apf_waypoint,none,0.0,nan,nan,19.152027099790374,-3.237222798977494,nan,nan,nan,WEBOTS_UNKNOWN,ekf_on_cluster_on,1,1
1784332768.2712235,87.4900872707367,-200.0,172.85452885970685,0.2,0.3008535643436853,9.070834296090151,0.7630582423747763,-0.03477188341675887,0.7673029416797829,1784332768.3073037,None,None,None, None, 1784332768.2356653,1.0248736913670287,apf_waypoint,none,0.0,nan,nan,19.125089326038445,-3.2685338952102683,nan,nan,nan,WEBOTS_UNKNOWN,ekf_on_cluster_on,1,1
1784332768.3719172,87.59078097343445,-200.0,174.28966352713059,0.2,0.2885313777749172,9.131669772379446,0.7817877532158128,-0.09664011270454992,0.7513785243045467,1784332768.3704097,None,None,None, None, 1784332768.3398638,0.9257184303742622,apf_waypoint,none,0.0,nan,nan,19.110735156549985,-3.219018628180394,nan,nan,nan,WEBOTS_UNKNOWN,ekf_on_cluster_on,1,1
1784332768.474107,87.69297075271606,-200.0,175.04335611469818,0.2,0.2789771081860607,9.194934186897791,0.8002851489321561,-0.05355850958580566,0.7475678839720611,1784332768.4415588,None,None,None, None, 1784332768.4821062,1.0064096188726468,apf_waypoint,none,0.0,nan,nan,19.08953946759391,-3.2215478715706007,nan,nan,nan,WEBOTS_UNKNOWN,ekf_on_cluster_on,1,1
1784332768.5739877,87.79285144805908,-200.0,175.10080820516924,0.2,0.27219356087672547,9.258853589939479,0.8183620381730545,-0.03411639431285525,0.7446122876435411,1784332768.5281916,None,None,None, None, 1784332768.5769877,0.9260102218397588,apf_waypoint,none,0.0,nan,nan,19.061905557545643,-3.2742313608609916,nan,nan,nan,WEBOTS_UNKNOWN,ekf_on_cluster_on,1,1
1784332768.6716464,87.89051008224487,-200.0,174.94097322315906,0.2,0.26593007306788946,9.322967208946583,0.8361053849912476,-0.038578170295361675,0.7396963280491857,1784332768.65562,None,None,None, None, 1784332768.65562,1.0941982705963664,apf_waypoint,none,0.0,nan,nan,19.03463493894589,-3.3349376800167283,nan,nan,nan,WEBOTS_UNKNOWN,ekf_on_cluster_on,1,1
1784332768.7717905,87.9906542301178,-200.0,174.4299963152337,0.2,0.26070995378966505,9.387183864007062,0.853475680795583,-0.03268934863495331,0.7373231005919633,1784332768.7282195,None,None,None, None, 1784332768.7292197,0.924699151923473,apf_waypoint,none,0.0,nan,nan,19.00591321334328,-3.4131402199070555,nan,nan,nan,WEBOTS_UNKNOWN,ekf_on_cluster_on,1,1
1784332768.8756156,88.09447932243347,-200.0,173.4863680869878,0.2,0.25671393993899266,9.451432361627269,0.8705292264887454,-0.025628623543644473,0.7354460041410127,1784332768.8014617,None,None,None, None, 1784332768.8124657,0.9978087682052984,apf_waypoint,none,0.0,nan,nan,18.97466769987768,-3.512760554234681,nan,nan,nan,WEBOTS_UNKNOWN,ekf_on_cluster_on,1,1
1784332768.971563,88.19042682647705,-200.0,174.05252712430186,0.2,0.24537571213835796,9.51563797224012,0.8873371780251986,-0.09483639875134003,0.7203875775170934,1784332768.960245,None,None,None, None, 1784332768.9755692,1.0157430128818528,apf_waypoint,none,0.0,nan,nan,18.97075153975933,-3.472059802141446,nan,nan,nan,WEBOTS_UNKNOWN,ekf_on_cluster_on,1,1
1784332769.0721939,88.29105758666992,-200.0,180.07999947794536,0.2,0.25951394270591177,9.127573421413425,0.7858828527406297,-0.02953858291158854,0.7184712582322392,1784332769.02512,9.12174454291642,0.7843709283237511,0.2978949667661954, 1784332768.978569, 1784332769.0401475,0.9287361424208767,apf_waypoint,none,0.0,nan,nan,19.18513213345344,-2.7064425398309635,nan,nan,nan,WEBOTS_UNKNOWN,ekf_on_cluster_on,1,1
1784332769.177099,88.39596271514893,-200.0,180.41173466506217,0.2,0.25500515476238045,9.165836176838225,0.7959594331292887,-0.025480160926439035,0.716837693704384,1784332769.1831226,None,None,None, None, 1784332769.1278212,0.9387665828659963,apf_waypoint,none,0.0,nan,nan,19.17185249328739,-2.7209671253893863,nan,nan,nan,WEBOTS_UNKNOWN,ekf_on_cluster_on,1,1
1784332769.2750642,88.49392795562744,-200.0,180.1236470112759,0.2,0.2517577609556586,9.221913356156016,0.8104980639884936,-0.0191327992742551,0.7135856044608293,1784332769.2592058,None,None,None, None, 1784332769.2780654,0.9465616673734242,apf_waypoint,none,0.0,nan,nan,19.144377453276153,-2.8051613856616497,nan,nan,nan,WEBOTS_UNKNOWN,ekf_on_cluster_on,1,1
1784332769.3711507,88.59001445770264,-200.0,179.6996980722806,0.2,0.24818204324515492,9.284996571093751,0.8266769858183096,-0.02746511829485689,0.7118197725003373,1784332769.3234994,None,None,None, None, 1784332769.342099,1.0662586836900234,apf_waypoint,none,0.0,nan,nan,19.11427352490039,-2.9006828153654025,nan,nan,nan,WEBOTS_UNKNOWN,ekf_on_cluster_on,1,1
1784332769.4719038,88.69076752662659,-200.0,180.08471131095675,0.2,0.24037137203431197,9.349728489391039,0.8430332720513931,-0.06567720196961763,0.7023075718503874,1784332769.468332,None,None,None, None, 1784332769.4192245,1.092852677742878,apf_waypoint,none,0.0,nan,nan,19.096865842276966,-2.91835060922849,nan,nan,nan,WEBOTS_UNKNOWN,ekf_on_cluster_on,1,1
1784332769.5711782,88.79004192352295,-200.0,179.73301057521283,0.2,0.23569426181630793,9.414934091997639,0.8588610732203659,-0.024169604869718156,0.7004408501058701,1784332769.5455663,None,None,None, None, 1784332769.5565703,1.0395888993547087,apf_waypoint,none,0.0,nan,nan,19.0725611104726,-2.991651164408414,nan,nan,nan,WEBOTS_UNKNOWN,ekf_on_cluster_on,1,1
1784332769.6733797,88.89224338531494,-200.0,179.1843331014912,0.2,0.2313284428322505,9.4802183722568,0.8744447518421481,-0.028146268078474757,0.6983379112379768,1784332769.620281,None,None,None, None, 1784332769.650827,0.9391779445269968,apf_waypoint,none,0.0,nan,nan,19.04864678813549,-3.069645645225004,nan,nan,nan,WEBOTS_UNKNOWN,ekf_on_cluster_on,1,1
1784332769.771876,88.9907398223877,-200.0,180.06911240019772,0.2,0.21982650583444718,9.545512917119058,0.8897520177761322,-0.09377955784610098,0.6916218005778402,1784332769.7824306,None,None,None, None, 1784332769.7262895,1.0500486885706588,apf_waypoint,none,0.0,nan,nan,19.048050634192354,-3.0101951490277923,nan,nan,nan,WEBOTS_UNKNOWN,ekf_on_cluster_on,1,1
1784332769.8715913,89.09045505523682,-200.0,179.757924836166,0.2,0.21364596097266017,9.611093006317914,0.904159152020279,-0.027191859405978663,0.6870762204218375,1784332769.8590639,None,None,None, None, 1784332769.8104353,1.0647065143364078,apf_waypoint,none,0.0,nan,nan,18.881941627188862,-3.7463022285224756,nan,nan,nan,WEBOTS_UNKNOWN,ekf_on_cluster_on,1,1
1784332769.9712722,89.19013595581055,-200.0,179.71788185010035,0.2,0.20539957250748703,9.676724145925451,0.9182465932027544,-0.05585955018708922,0.6831027287637175,1784332769.9301975,None,None,None, None, 1784332769.9512458,0.960420247447134,apf_waypoint,none,0.0,nan,nan,18.90342498154576,-3.636347613618884,nan,nan,nan,WEBOTS_UNKNOWN,ekf_on_cluster_on,1,1
1784332770.0715666,89.2904303073883,-200.0,185.32408588211712,0.2,0.2173143565461687,9.287010592365098,0.8328935219864376,-0.02805787917021166,0.6808249941378289,1784332770.0113773,9.280996431030685,0.8315879905681509,0.2505411486606972, 1784332769.990819, 1784332770.0294855,1.0237694641350803,apf_waypoint,none,0.0,nan,nan,19.180775276250813,-2.3752679039733344,nan,nan,nan,WEBOTS_UNKNOWN,ekf_on_cluster_on,1,1
1784332770.172508,89.39137172698975,-200.0,185.67199677676643,0.2,0.21296369198341447,9.32681362872536,0.8416039833939042,-0.025371496721971466,0.6783567272604344,1784332770.1086624,None,None,None, None, 1784332770.110661,0.9007925951462051,apf_waypoint,none,0.0,nan,nan,19.17242928831609,-2.3808000505388085,nan,nan,nan,WEBOTS_UNKNOWN,ekf_on_cluster_on,1,1
1784332770.2760034,89.49486708641052,-200.0,186.21580749981766,0.2,0.20631722041497014,9.384571370927123,0.8540057644530847,-0.051590631651532236,0.6702662567698142,1784332770.265483,None,None,None, None, 1784332770.2820544,1.006012316081885,apf_waypoint,none,0.0,nan,nan,19.16218157201649,-2.380726224184705,nan,nan,nan,WEBOTS_UNKNOWN,ekf_on_cluster_on,1,1
1784332770.3744586,89.59332227706909,-200.0,186.22269108616533,0.2,0.2016917855861574,9.44927755020724,0.8673921701107012,-0.023104952858395627,0.6686460416054826,1784332770.335607,None,None,None, None, 1784332770.351163,0.9276116439339988,apf_waypoint,none,0.0,nan,nan,19.14574333135793,-2.4303633677737633,nan,nan,nan,WEBOTS_UNKNOWN,ekf_on_cluster_on,1,1
1784332770.471311,89.69017481803894,-200.0,186.0254594566843,0.2,0.19757023729803305,9.515555357056176,0.8808322313252646,-0.024242101960765535,0.666697260056883,1784332770.4159954,None,None,None, None, 1784332770.4365244,0.9306649226152977,apf_waypoint,none,0.0,nan,nan,19.128579391415958,-2.491233168391605,nan,nan,nan,WEBOTS_UNKNOWN,ekf_on_cluster_on,1,1
1784332770.5714934,89.79035711288452,-200.0,187.21402908448198,0.2,0.1862982008253247,9.582118771190022,0.894067765094487,-0.09101194782978378,0.6585170420334621,1784332770.5875278,None,None,None, None, 1784332770.5324187,0.9834072196628643,apf_waypoint,none,0.0,nan,nan,19.130153962473553,-2.41430689644567,nan,nan,nan,WEBOTS_UNKNOWN,ekf_on_cluster_on,1,1
1784332770.6765234,89.89538717269897,-200.0,188.8660855843542,0.2,0.17288798911790232,9.649016788336489,0.9064094852612268,-0.08924165352654415,0.6440807082159546,1784332770.6676428,None,None,None, None, 1784332770.686037,1.0509344469856905,apf_waypoint,none,0.0,nan,nan,19.018033410034356,-2.979413568945586,nan,nan,nan,WEBOTS_UNKNOWN,ekf_on_cluster_on,1,1
1784332770.772687,89.99155068397522,-200.0,190.20110908201264,0.2,0.16126336066419408,9.716284056681591,0.9177943249995666,-0.062626337576714,0.6385062632375053,1784332770.756654,None,None,None, None, 1784332770.772687,0.9413786298628763,apf_waypoint,none,0.0,nan,nan,19.046019353702487,-2.7949323387857024,nan,nan,nan,WEBOTS_UNKNOWN,ekf_on_cluster_on,1,1
1784332770.8713264,90.09019017219543,-200.0,190.48058476932877,0.2,0.15496746283883844,9.783846297265317,0.9284433969364709,-0.017807833396097136,0.6369987742396997,1784332770.8413072,None,None,None, None, 1784332770.8403046,1.0392669441677513,apf_waypoint,none,0.0,nan,nan,19.058285134496632,-2.710030946728208,nan,nan,nan,WEBOTS_UNKNOWN,ekf_on_cluster_on,1,1
1784332770.9713295,90.19019317626953,-200.0,191.73312619366564,0.2,0.14317758654959312,9.851513545499724,0.9388087780549998,-0.08131446583736336,0.6293560980274033,1784332770.9352963,None,None,None, None, 1784332770.9222748,1.0089645788757755,apf_waypoint,none,0.0,nan,nan,19.084324219502594,-2.5201327514451823,nan,nan,nan,WEBOTS_UNKNOWN,ekf_on_cluster_on,1,1
1784332771.0727534,90.29161715507507,-200.0,193.22473198484187,0.2,0.16245597489882402,9.444629415926913,0.8715602005777656,-0.023355512898418612,0.6270809715452688,1784332771.0327091,9.438358365677702,0.8705468433120046,0.21206170502901323, 1784332770.990881, 1784332771.0327091,1.0966425478504698,apf_waypoint,none,0.0,nan,nan,19.21923238688766,-1.7230119479543,nan,nan,nan,WEBOTS_UNKNOWN,ekf_on_cluster_on,1,1
1784332771.1779447,90.396808385849,-200.0,193.92578316060923,0.2,0.15728672259388546,9.485493600472187,0.8781336108829052,-0.02135128415714121,0.6252958607097278,1784332771.1163158,None,None,None, None, 1784332771.1213312,1.080786888766611,apf_waypoint,none,0.0,nan,nan,19.217522933982547,-1.6917928262396402,nan,nan,nan,WEBOTS_UNKNOWN,ekf_on_cluster_on,1,1
1784332771.273951,90.49281477928162,-200.0,195.29773273356966,0.2,0.14789757296645153,9.54504926628152,0.8874447231155056,-0.07144611999130555,0.6183565502854432,1784332771.2134423,None,None,None, None, 1784332771.2289522,0.9773725886541293,apf_waypoint,none,0.0,nan,nan,19.218710725546806,-1.6083308561566905,nan,nan,nan,WEBOTS_UNKNOWN,ekf_on_cluster_on,1,1
1784332771.3743625,90.59322619438171,-200.0,195.8962581989536,0.2,0.14274488146133005,9.611719590642522,0.89711368461092,-0.014335859055086697,0.6161143335605652,1784332771.3698485,None,None,None, None, 1784332771.3823628,0.9263034914503597,apf_waypoint,none,0.0,nan,nan,19.2127961944672,-1.6104549129501877,nan,nan,nan,WEBOTS_UNKNOWN,ekf_on_cluster_on,1,1
1784332771.476614,90.69547772407532,-200.0,197.38893814668887,0.2,0.13269282506286018,9.679935042243686,0.9067451574811667,-0.07129603702322597,0.611434667617284,1784332771.4354856,None,None,None, None, 1784332771.4595213,0.9786724166091602,apf_waypoint,none,0.0,nan,nan,19.12248326244405,-2.212042919463203,nan,nan,nan,WEBOTS_UNKNOWN,ekf_on_cluster_on,1,1
1784332771.5717988,90.79066252708435,-200.0,198.17091665294652,0.2,0.1270773238711367,9.748648419433293,0.9156299559132357,-0.01774502575530934,0.610189432786771,1784332771.5056593,None,None,None, None, 1784332771.5392404,1.0600486214916256,apf_waypoint,none,0.0,nan,nan,19.1315057344385,-2.132601306655029,nan,nan,nan,WEBOTS_UNKNOWN,ekf_on_cluster_on,1,1
1784332771.673411,90.8922746181488,-200.0,198.74432863345694,0.2,0.12273001252225238,9.817541323503269,0.9242339130700845,-0.016597057201646743,0.6078592862109,1784332771.6460545,None,None,None, None, 1784332771.6804104,0.9300381989076846,apf_waypoint,none,0.0,nan,nan,19.13761194475201,-2.0770914886170044,nan,nan,nan,WEBOTS_UNKNOWN,ekf_on_cluster_on,1,1
1784332771.772063,90.99092674255371,-200.0,199.18860898294017,0.2,0.11921350160043151,9.886548611975545,0.9325967444998202,-0.014709467164178765,0.6062121487017925,1784332771.7580326,None,None,None, None, 1784332771.773073,0.9133055758978472,apf_waypoint,none,0.0,nan,nan,19.14188809913735,-2.037307046103694,nan,nan,nan,WEBOTS_UNKNOWN,ekf_on_cluster_on,1,1
1784332771.8717232,91.09058690071106,-200.0,199.52802680398239,0.2,0.11638704260634869,9.9556424640022,0.9407539079892295,-0.011946469152001489,0.6052788678266751,1784332771.8361545,None,None,None, None, 1784332771.8486836,0.9333689853945516,apf_waypoint,none,0.0,nan,nan,19.144701758187995,-2.0106950514768442,nan,nan,nan,WEBOTS_UNKNOWN,ekf_on_cluster_on,1,1
1784332771.9714024,91.19026613235474,-172.82565246243942,171.54170226872694,0.2,0.11379659191027153,10.02480279623019,0.9487438005840048,-0.012382347910190225,0.6043487918088037,1784332771.9112675,None,None,None, None, 1784332771.9112675,1.0400410733164698,apf_waypoint,none,0.0,nan,nan,19.146997319069083,-1.9887165870383408,nan,nan,nan,WEBOTS_UNKNOWN,ekf_on_cluster_on,1,1
1784332772.0713258,91.29018950462341,-200.0,195.09207207421102,0.2,0.13685545317053763,9.612306400556584,0.9062562964026377,-0.010479114870422834,0.6027187204872475,1784332772.0668218,9.606021737374897,0.9056005271664527,0.18540960972477905, 1784332772.001964, 1784332772.0545447,0.9379266303768791,apf_waypoint,none,0.0,nan,nan,19.112813343649606,-2.294093740632592,nan,nan,nan,WEBOTS_UNKNOWN,ekf_on_cluster_on,1,1
1784332772.172172,91.39103579521179,-200.0,195.1751861922605,0.2,0.13507024447711932,9.649626235966684,0.9113681680004078,-0.010884891100539737,0.6019888757790723,1784332772.133873,None,None,None, None, 1784332772.1811788,1.0148814760665281,apf_waypoint,none,0.0,nan,nan,19.114987274277574,-2.2759089402272674,nan,nan,nan,WEBOTS_UNKNOWN,ekf_on_cluster_on,1,1
1784332772.274875,91.49373865127563,-200.0,195.0928314941464,0.2,0.13328121369546075,9.70762081128618,0.9192120747001411,-0.011506021698017708,0.6011219212022777,1784332772.209221,None,None,None, None, 1784332772.2773902,0.9269270623685046,apf_waypoint,none,0.0,nan,nan,19.116097396368612,-2.2665657573847726,nan,nan,nan,WEBOTS_UNKNOWN,ekf_on_cluster_on,1,1
1784332772.3718777,91.59074139595032,-200.0,194.91153586417587,0.2,0.13141748762215893,9.773920331702978,0.9280604005847977,-0.012190883353519885,0.5999859637823642,1784332772.3024018,None,None,None, None, 1784332772.3520975,0.905929583869246,apf_waypoint,none,0.0,nan,nan,19.116922488706336,-2.2595961056777245,nan,nan,nan,WEBOTS_UNKNOWN,ekf_on_cluster_on,1,1
1784332772.4720511,91.69091486930847,-200.0,194.65199550595864,0.2,0.1294836723394787,9.842039212942996,0.9370219744941792,-0.012610960987803576,0.5980421403783823,1784332772.4565394,None,None,None, None, 1784332772.4244385,0.9561436853574777,apf_waypoint,none,0.0,nan,nan,19.11777625707667,-2.2523612020178945,nan,nan,nan,WEBOTS_UNKNOWN,ekf_on_cluster_on,1,1
1784332772.5720823,91.7909460067749,-200.0,194.78197254685696,0.2,0.12494919727023696,9.910429461983991,0.9458840747140727,-0.03579910551899861,0.5949321627334218,1784332772.5434124,None,None,None, None, 1784332772.512869,1.0510261384456276,apf_waypoint,none,0.0,nan,nan,19.124354043498908,-2.1958101964666676,nan,nan,nan,WEBOTS_UNKNOWN,ekf_on_cluster_on,1,1
1784332772.6720526,91.89091634750366,-196.60169671197042,189.97518955468402,0.2,0.12218508528411154,9.978917304823078,0.9543771844805171,-0.012352323209292249,0.5938839287930168,1784332772.6282737,None,None,None, None, 1784332772.619763,0.9766390681332557,apf_waypoint,none,0.0,nan,nan,19.127013927321002,-2.1725188662169193,nan,nan,nan,WEBOTS_UNKNOWN,ekf_on_cluster_on,1,1
1784332772.7737737,91.99263739585876,-165.09053025986555,155.75946542404935,0.2,0.11958317647680997,10.04653982045026,0.9626073684369487,-0.014769159265780261,0.5927013513696877,1784332772.7083445,None,None,None, None, 1784332772.7747734,1.028113515565283,apf_waypoint,none,0.0,nan,nan,19.1293158547577,-2.1521558793255915,nan,nan,nan,WEBOTS_UNKNOWN,ekf_on_cluster_on,1,1
1784332772.8714054,92.09026908874512,-200.0,178.85468713010448,0.2,0.11599885609938199,10.107328951181403,0.9698598892505856,-0.025236288893007802,0.5904567600103842,1784332772.7972875,None,None,None, None, 1784332772.8904352,0.9433169919361849,apf_waypoint,none,0.0,nan,nan,19.133995549471628,-2.1101455667322755,nan,nan,nan,WEBOTS_UNKNOWN,ekf_on_cluster_on,1,1
1784332772.9715955,92.19045925140381,-200.0,179.9135752223494,0.2,0.10973969955770248,10.172734589395386,0.9774388675337349,-0.0503385331094172,0.5818086651574953,1784332772.9690862,None,None,None, None, 1784332772.961577,0.9901839488646696,apf_waypoint,none,0.0,nan,nan,19.143848541692442,-2.0188023708971783,nan,nan,nan,WEBOTS_UNKNOWN,ekf_on_cluster_on,1,1
1784332773.072247,92.29111075401306,-200.0,178.24039614847453,0.2,0.1251844106536978,9.762761775036422,0.9340257752657218,-0.033592956375650046,0.5784273474650553,1784332773.0697417,9.756468558050706,0.9333570116886539,0.16484495485554618, 1784332773.00564, 1784332773.0562253,1.0891259661125277,apf_waypoint,none,0.0,nan,nan,19.12812190754559,-2.1627418454532368,nan,nan,nan,WEBOTS_UNKNOWN,ekf_on_cluster_on,1,1
1784332773.1718876,92.39075136184692,-200.0,178.8766213709665,0.2,0.12151279665976711,9.801020326461796,0.9387919322562546,-0.025379765678276406,0.5761400000043536,1784332773.1598666,None,None,None, None, 1784332773.1488576,0.9050801069794548,apf_waypoint,none,0.0,nan,nan,19.134203156028445,-2.108262218945059,nan,nan,nan,WEBOTS_UNKNOWN,ekf_on_cluster_on,1,1
1784332773.2716022,92.49046587944031,-200.0,179.33481578666348,0.2,0.11824275121722862,9.857853607560765,0.945682516546519,-0.023960585456768452,0.5741222467685333,1784332773.244078,None,None,None, None, 1784332773.2300777,0.9772170722264318,apf_waypoint,none,0.0,nan,nan,19.138506188400026,-2.0688356330491833,nan,nan,nan,WEBOTS_UNKNOWN,ekf_on_cluster_on,1,1
1784332773.372316,92.5911796092987,-200.0,179.7248099031515,0.2,0.11511812132150194,9.922254146761215,0.9532929742505161,-0.023960585456768452,0.5693301296771796,1784332773.244078,None,None,None, None, 1784332773.4063642,1.0461951436822856,apf_waypoint,none,0.0,nan,nan,19.14211759091574,-2.03514965925219,nan,nan,nan,WEBOTS_UNKNOWN,ekf_on_cluster_on,1,1
1784332773.4725237,92.69138741493225,-200.0,179.65775920298628,0.2,0.11402033118577357,9.988532088013892,0.9609231459399581,-0.005902283100041981,0.5683663682447007,1784332773.4845421,None,None,None, None, 1784332773.4845421,1.057937497733859,apf_waypoint,none,0.0,nan,nan,19.141500062187134,-2.0409496243880763,nan,nan,nan,WEBOTS_UNKNOWN,ekf_on_cluster_on,1,1
1784332773.571211,92.79007482528687,-200.0,179.8913124152727,0.2,0.11152259876797097,10.05514267368852,0.9685712182339046,-0.02480819528411633,0.5643637667432164,1784332773.568706,None,None,None, None, 1784332773.5697045,0.9072729388041108,apf_waypoint,none,0.0,nan,nan,19.143644976063445,-2.020731805668628,nan,nan,nan,WEBOTS_UNKNOWN,ekf_on_cluster_on,1,1
1784332773.6718845,92.8907482624054,-200.0,180.2175431742368,0.2,0.10859926088726789,10.121853929930126,0.9760420288208854,-0.026571711201339204,0.561994937977929,1784332773.6578546,None,None,None, None, 1784332773.6413279,0.9781367881734256,apf_waypoint,none,0.0,nan,nan,19.146612336955467,-1.992419639118412,nan,nan,nan,WEBOTS_UNKNOWN,ekf_on_cluster_on,1,1
1784332773.7714822,92.99034595489502,-200.0,180.50699946034004,0.2,0.10584309896596507,10.18863596107651,0.9833012026215613,-0.021910628071805,0.5601762473579971,1784332773.7408595,None,None,None, None, 1784332773.7408595,0.9578318299111397,apf_waypoint,none,0.0,nan,nan,19.149216995042142,-1.9672286284998257,nan,nan,nan,WEBOTS_UNKNOWN,ekf_on_cluster_on,1,1
1784332773.871798,93.0906617641449,-200.0,180.90725732109226,0.2,0.10257483582126575,10.255475247878254,0.9903825186088397,-0.026637248579159303,0.5575813932778054,1784332773.838274,None,None,None, None, 1784332773.8227334,1.0955411643851987,apf_waypoint,none,0.0,nan,nan,19.152774609115706,-1.9322848579887897,nan,nan,nan,WEBOTS_UNKNOWN,ekf_on_cluster_on,1,1
1784332773.9721599,93.19102358818054,-200.0,181.2376982869005,0.2,0.09962715292659793,10.322386250665978,0.9972375944728782,-0.02232763735812019,0.555597853711069,1784332773.9271119,None,None,None, None, 1784332773.954144,1.094366261445214,apf_waypoint,none,0.0,nan,nan,19.155672759110455,-1.903339472052639,nan,nan,nan,WEBOTS_UNKNOWN,ekf_on_cluster_on,1,1
1784332774.072831,93.29169464111328,-200.0,181.2433026664655,0.2,0.10778535321197305,9.895467219232993,0.955209502244919,-0.026963225549784448,0.5535250308042177,1784332774.08383,9.888944337399236,0.9545663925933136,0.13005559966943991, 1784332774.013498, 1784332774.082834,1.0805472448740918,apf_waypoint,none,0.0,nan,nan,19.15572160712249,-1.9028477896091793,nan,nan,nan,WEBOTS_UNKNOWN,ekf_on_cluster_on,1,1
1784332774.1724575,93.39132118225098,-200.0,181.69687422713224,0.2,0.10497652244146398,9.932730942669748,0.9592221886070931,-0.024617698831009647,0.549656487816012,1784332774.1611326,None,None,None, None, 1784332774.1706483,1.0065317762216812,apf_waypoint,none,0.0,nan,nan,19.159640932827475,-1.86297056474919,nan,nan,nan,WEBOTS_UNKNOWN,ekf_on_cluster_on,1,1
1784332774.2711706,93.49003434181213,-200.0,182.0209356521926,0.2,0.10238993394797045,9.98939870997177,0.965161591558811,-0.020258740446425463,0.5481037442416276,1784332774.2377782,None,None,None, None, 1784332774.2502902,1.048494233819361,apf_waypoint,none,0.0,nan,nan,19.16239969851795,-1.834376677304612,nan,nan,nan,WEBOTS_UNKNOWN,ekf_on_cluster_on,1,1
1784332774.3718634,93.59072709083557,-200.0,182.86399910295026,0.2,0.09723930398531674,10.054112236390111,0.9717846687555607,-0.04488290612328965,0.5449171925672349,1784332774.3087752,None,None,None, None, 1784332774.3243008,0.9514770504484907,apf_waypoint,none,0.0,nan,nan,19.16941250068775,-1.7595807394025023,nan,nan,nan,WEBOTS_UNKNOWN,ekf_on_cluster_on,1,1
1784332774.47423,93.69309377670288,-200.0,183.50522236640552,0.2,0.09301293541308474,10.120887047428294,0.9782071895148299,-0.02741639277823552,0.542788536523846,1784332774.4772296,None,None,None, None, 1784332774.416965,1.003697823730821,apf_waypoint,none,0.0,nan,nan,19.17458479556857,-1.7022919601380524,nan,nan,nan,WEBOTS_UNKNOWN,ekf_on_cluster_on,1,1
1784332774.659647,93.87851071357727,-200.0,185.75531742615223,0.2,0.08116218794003975,10.188114335636797,0.9843984725411978,-0.09709957941751113,0.5254641388263881,1784332774.6556485,None,None,None, None, 1784332774.5893617,1.0051644554647483,apf_waypoint,none,0.0,nan,nan,19.191591255459716,-1.4984408841733479,nan,nan,nan,WEBOTS_UNKNOWN,ekf_on_cluster_on,1,1
1784332774.6976964,93.91656017303467,-200.0,188.5154385633379,0.2,0.06675527924502493,10.255727876990553,0.9896264795632419,-0.09709957941751113,0.5060442229428859,1784332774.6556485,None,None,None, None, 1784332774.6997054,0.9946493766742563,apf_waypoint,none,0.0,nan,nan,19.209886129792523,-1.242084892591835,nan,nan,nan,WEBOTS_UNKNOWN,ekf_on_cluster_on,1,1
1784332774.7778118,93.99667549133301,-200.0,190.16366844130627,0.2,0.057746494773373305,10.32375285701172,0.9937915698225162,-0.036565414698111795,0.5024012674082539,1784332774.755277,None,None,None, None, 1784332774.6997054,0.9946493766742563,apf_waypoint,none,0.0,nan,nan,19.21937092431436,-1.085486652898006,nan,nan,nan,WEBOTS_UNKNOWN,ekf_on_cluster_on,1,1
1784332774.8716724,94.09053611755371,-200.0,192.71026479932007,0.2,0.04409840698214045,10.392037849593635,0.9974601995780041,-0.08933691666820667,0.4955387554917763,1784332774.832093,None,None,None, None, 1784332774.8716724,1.0695915894820565,apf_waypoint,none,0.0,nan,nan,19.23175040686107,-0.8380192648137768,nan,nan,nan,WEBOTS_UNKNOWN,ekf_on_cluster_on,1,1
1784332774.9716504,94.190514087677,-200.0,193.9592225362934,0.2,0.03707848419679793,10.46067659278505,1.0001111252228787,-0.019926479157371606,0.49376103760678347,1784332774.9213068,None,None,None, None, 1784332774.955629,1.057564075688681,apf_waypoint,none,0.0,nan,nan,19.236751456269825,-0.7140682108179208,nan,nan,nan,WEBOTS_UNKNOWN,ekf_on_cluster_on,1,1
1784332775.0718248,94.29068851470947,-200.0,193.47999344780803,0.2,0.04465464220885248,10.059959979342546,0.9749617589107866,-0.10553963448901481,0.4780362182560757,1784332775.0703013,10.053758532387599,0.9745990628042447,0.08807260470953082, 1784332775.025232, 1784332775.0272272,0.9665505047988542,apf_waypoint,none,0.0,nan,nan,19.234918904196935,-0.7618364318982551,nan,nan,nan,WEBOTS_UNKNOWN,ekf_on_cluster_on,1,1
1784332775.171988,94.39085173606873,-200.0,196.44838982055222,0.2,0.02875648510221666,10.102598365110984,0.9766210657654502,-0.10553963448901481,0.45692829135827273,1784332775.173998,None,None,None, None, 1784332775.11387,1.06762415650176,apf_waypoint,none,0.0,nan,nan,19.244464218645856,-0.46162423816286313,nan,nan,nan,WEBOTS_UNKNOWN,ekf_on_cluster_on,1,1
1784332775.2716427,94.49050641059875,-200.0,197.97658992991308,0.2,0.020295014047950664,10.163749935017497,0.9779396376820766,-0.013191646880866869,0.45468114679307614,1784332775.2406473,None,None,None, None, 1784332775.2060275,1.029331710187594,apf_waypoint,none,0.0,nan,nan,19.24761742167864,-0.3028590244533874,nan,nan,nan,WEBOTS_UNKNOWN,ekf_on_cluster_on,1,1
1784332775.3718083,94.5906720161438,-200.0,200.0,0.2,0.0019907435364239848,10.231619566954993,0.9790260352171449,-0.13429454677130942,0.4460125722205676,1784332775.3753262,None,None,None, None, 1784332775.3582716,1.0771571131186666,apf_waypoint,none,0.0,nan,nan,19.24994420004768,0.04634970389046303,nan,nan,nan,WEBOTS_UNKNOWN,ekf_on_cluster_on,1,1
1784332775.4719706,94.69083428382874,-198.82219606107995,200.0,0.2,6.276631809971742,10.30103434027029,0.9786279402720517,-0.014190049317942023,0.44370272548279477,1784332775.4679756,None,None,None, None, 1784332775.4439209,1.0649052301736162,apf_waypoint,none,0.0,nan,nan,19.248813749764714,0.21370359582562726,nan,nan,nan,WEBOTS_UNKNOWN,ekf_on_cluster_on,1,1
1784332775.5713444,94.79020810127258,-197.59081254607835,200.0,0.2,6.270140823624648,10.370542491534245,0.9778429033600391,-0.02054132060486091,0.4420838008204273,1784332775.5467887,None,None,None, None, 1784332775.5144126,0.9197654687764557,apf_waypoint,none,0.0,nan,nan,19.2469400164468,0.3432200508403711,nan,nan,nan,WEBOTS_UNKNOWN,ekf_on_cluster_on,1,1
1784332775.672551,94.89141464233398,-196.67242819460833,200.0,0.2,6.265512313648202,10.439925118357168,0.9766979412128531,-0.014224997820634293,0.440672555404468,1784332775.6459975,None,None,None, None, 1784332775.6765506,0.9188347538465946,apf_waypoint,none,0.0,nan,nan,19.24500422963792,0.4385341505726812,nan,nan,nan,WEBOTS_UNKNOWN,ekf_on_cluster_on,1,1
1784332775.7716625,94.99052619934082,-196.0490568044755,200.0,0.2,6.262572652217758,10.509187791723427,0.975296841516121,-0.0063370910440312105,0.43999677946582905,1784332775.7526357,None,None,None, None, 1784332775.7671473,1.0254085796646535,apf_waypoint,none,0.0,nan,nan,19.243436981703642,0.5026262340950475,nan,nan,nan,WEBOTS_UNKNOWN,ekf_on_cluster_on,1,1
1784332775.871671,95.09053468704224,-195.54271569625845,200.0,0.2,6.260321901519605,10.578364789125603,0.9737477148577973,-0.006254996923617678,0.4395004648803425,1784332775.8319826,None,None,None, None, 1784332775.8450131,1.0213589895153607,apf_waypoint,none,0.0,nan,nan,19.242016875604087,0.5543343386148081,nan,nan,nan,WEBOTS_UNKNOWN,ekf_on_cluster_on,1,1
1784332775.9714375,95.19030117988586,-195.10968900654095,200.0,0.2,6.258515705510088,10.647472800833322,0.9720719134521119,-0.0053812405840901875,0.4390058705429631,1784332775.9238935,None,None,None, None, 1784332775.9539258,1.0559663901216925,apf_waypoint,none,0.0,nan,nan,19.24069971097478,0.5983098128018366,nan,nan,nan,WEBOTS_UNKNOWN,ekf_on_cluster_on,1,1
1784332776.0722973,95.29116106033325,-200.0,200.0,0.2,6.288210627738941,10.23724273333247,0.9889602105433328,-0.005337940834390668,0.43848956083031815,1784332776.020618,10.230912840196826,0.9892068087237719,0.06522045600936188, 1784332776.02815, 1784332776.0321512,0.9019591261034209,apf_waypoint,none,0.0,nan,nan,19.249929449490303,-0.052117076337149564,nan,nan,nan,WEBOTS_UNKNOWN,ekf_on_cluster_on,1,1
1784332776.1721184,95.3909821510315,-200.0,200.0,0.2,0.004051469954061647,10.279923680777786,0.9891461112166695,-0.002695183711728257,0.4382916873818816,1784332776.1806428,None,None,None, None, 1784332776.151098,0.9456463361264954,apf_waypoint,none,0.0,nan,nan,19.24997045743183,-0.03372518349598447,nan,nan,nan,WEBOTS_UNKNOWN,ekf_on_cluster_on,1,1
1784332776.2712774,95.49014115333557,-200.0,200.0,0.2,0.0033312929937146614,10.34148628474777,0.9893668195765599,-0.002557732918773931,0.43784346528484447,1784332776.2692773,None,None,None, None, 1784332776.238727,1.0389455232488776,apf_waypoint,none,0.0,nan,nan,19.24998941327352,-0.0201888300143666,nan,nan,nan,WEBOTS_UNKNOWN,ekf_on_cluster_on,1,1
1784332776.371388,95.59025168418884,-200.0,200.0,0.2,0.002705318002038961,10.409684686647724,0.9895699887630514,-0.0027848662121486636,0.4376419462821248,1784332776.3416395,None,None,None, None, 1784332776.3206081,1.0390478777396905,apf_waypoint,none,0.0,nan,nan,19.249998194214605,-0.008338029407203271,nan,nan,nan,WEBOTS_UNKNOWN,ekf_on_cluster_on,1,1
1784332776.475586,95.69444966316223,-200.0,200.0,0.2,0.001834259762862362,10.479161939762635,0.9897370671996271,-0.0054705666478375315,0.43712842460367235,1784332776.4355094,None,None,None, None, 1784332776.5016215,0.9429918340621021,apf_waypoint,none,0.0,nan,nan,19.249998171368446,0.008390608525869538,nan,nan,nan,WEBOTS_UNKNOWN,ekf_on_cluster_on,1,1
1784332776.5723674,95.79123115539551,-200.0,200.0,0.2,0.001061976464805921,10.548822870219258,0.9898382486444035,-0.0038962135184726437,0.43665370994798713,1784332776.5573494,None,None,None, None, 1784332776.5016215,0.9429918340621021,apf_waypoint,none,0.0,nan,nan,19.249985651707558,0.02350338386554154,nan,nan,nan,WEBOTS_UNKNOWN,ekf_on_cluster_on,1,1
1784332776.6745155,95.89337921142578,-200.0,200.0,0.2,0.00046973714883101123,10.618508609513297,0.9898870756719589,-0.0024521660806474657,0.4364879645390474,1784332776.6249409,None,None,None, None, 1784332776.6409705,0.9553672219795539,apf_waypoint,none,0.0,nan,nan,19.24996747168351,0.03538840384500776,nan,nan,nan,WEBOTS_UNKNOWN,ekf_on_cluster_on,1,1
1784332776.772917,95.99178075790405,-200.0,200.0,0.2,6.282581771857243,10.688197719917913,0.989899469600914,-0.007255544537241289,0.4359137870702969,1784332776.7040772,None,None,None, None, 1784332776.728601,1.058425846395409,apf_waypoint,none,0.0,nan,nan,19.249916461977126,0.05671161170446973,nan,nan,nan,WEBOTS_UNKNOWN,ekf_on_cluster_on,1,1
1784332776.8711882,96.09005188941956,-200.0,200.0,0.2,6.281914709450004,10.757887223577928,0.9898260848581515,-0.002446145904714338,0.43567113287059445,1784332776.8757093,None,None,None, None, 1784332776.821617,0.9717614767524982,apf_waypoint,none,0.0,nan,nan,19.249870439235046,0.07062628876583399,nan,nan,nan,WEBOTS_UNKNOWN,ekf_on_cluster_on,1,1
1784332776.9713535,96.19021725654602,-200.0,200.0,0.2,6.28142551893162,10.827576765368125,0.9897139373735939,-0.0017274853936648695,0.43541279038024044,1784332776.952824,None,None,None, None, 1784332776.9723616,0.9870440520192927,apf_waypoint,none,0.0,nan,nan,19.249828185358528,0.08133163084824839,nan,nan,nan,WEBOTS_UNKNOWN,ekf_on_cluster_on,1,1
1784332777.0733156,96.2921793460846,-200.0,197.28728042454043,0.2,6.302638045716779,10.406513689231451,1.0000953175144536,-0.002058551454245257,0.4352076014425453,1784332777.0525005,10.400032266161485,1.0002342757600982,0.06111892095567306, 1784332777.031971, 1784332777.0525005,0.9099711519588657,apf_waypoint,none,0.0,nan,nan,19.246350153849598,-0.3748409734988837,nan,nan,nan,WEBOTS_UNKNOWN,ekf_on_cluster_on,1,1
1784332777.1714542,96.39031791687012,-200.0,197.3413301115068,0.2,0.01898175315009653,10.448318530864766,1.000908638760293,-0.005114599343439984,0.4348322055977809,1784332777.1258974,None,None,None, None, 1784332777.1233914,1.0892009151139477,apf_waypoint,none,0.0,nan,nan,19.246458827116697,-0.3692189270632803,nan,nan,nan,WEBOTS_UNKNOWN,ekf_on_cluster_on,1,1
1784332777.271922,96.49078583717346,-200.0,197.34612557694587,0.2,0.0186959156421866,10.509162997060397,1.0020637121284888,-0.0038003182381649305,0.4345057380681627,1784332777.2118027,None,None,None, None, 1784332777.271922,0.9505753466757907,apf_waypoint,none,0.0,nan,nan,19.246468393082388,-0.36871993990112695,nan,nan,nan,WEBOTS_UNKNOWN,ekf_on_cluster_on,1,1
1784332777.3723686,96.59123229980469,-200.0,197.56597645745373,0.2,0.017212351655373204,10.576886595431972,1.0033300143540047,-0.014920930280573766,0.4321397680788453,1784332777.37037,None,None,None, None, 1784332777.363854,0.9008643567980084,apf_waypoint,none,0.0,nan,nan,19.246893623829067,-0.34581184625186917,nan,nan,nan,WEBOTS_UNKNOWN,ekf_on_cluster_on,1,1
1784332777.4715962,96.69045996665955,-200.0,197.88208334029926,0.2,0.015218960288265275,10.646012626668982,1.004481387753593,-0.013593270058727298,0.4311584822473482,1784332777.442559,None,None,None, None, 1784332777.4300475,1.0562827033415683,apf_waypoint,none,0.0,nan,nan,19.2474590109456,-0.3127644832282037,nan,nan,nan,WEBOTS_UNKNOWN,ekf_on_cluster_on,1,1
1784332777.5756795,96.79454326629639,-200.0,198.03748284631814,0.2,0.014121661866951402,10.715383939934814,1.0054843621065004,-0.00378667559393328,0.43078154032628013,1784332777.5421033,None,None,None, None, 1784332777.5205605,1.0710317407923384,apf_waypoint,none,0.0,nan,nan,19.24771688394708,-0.29647049670824477,nan,nan,nan,WEBOTS_UNKNOWN,ekf_on_cluster_on,1,1
1784332777.6714063,96.89026999473572,-200.0,198.20306129189214,0.2,0.012972089911710848,10.784807115878829,1.006431485407461,-0.006489993275513101,0.4302121241501035,1784332777.6298409,None,None,None, None, 1784332777.6258438,0.942280865361014,apf_waypoint,none,0.0,nan,nan,19.247976972151868,-0.27907432614160715,nan,nan,nan,WEBOTS_UNKNOWN,ekf_on_cluster_on,1,1
1784332777.7733207,96.99218440055847,-200.0,198.35850459558253,0.2,0.011886498168468441,10.85425670373055,1.0073014905813409,-0.006178223342914241,0.4296145488344206,1784332777.7265637,None,None,None, None, 1784332777.7265637,0.9974559995834438,apf_waypoint,none,0.0,nan,nan,19.248207278551636,-0.26271003390037034,nan,nan,nan,WEBOTS_UNKNOWN,ekf_on_cluster_on,1,1
1784332777.873947,97.09281063079834,-200.0,198.50994385981355,0.2,0.010831199757587673,10.923727900700575,1.0080980429556377,-0.006093795442659887,0.4290885256142193,1784332777.8128848,None,None,None, None, 1784332777.8018863,1.0421457125045324,apf_waypoint,none,0.0,nan,nan,19.24841866607354,-0.24673640905173602,nan,nan,nan,WEBOTS_UNKNOWN,ekf_on_cluster_on,1,1
1784332777.9748936,97.19375729560852,-200.0,198.67743385384563,0.2,0.009696340800540215,10.993219512042035,1.0088222060437602,-0.006871538027357202,0.4284317252941229,1784332777.9084675,None,None,None, None, 1784332777.9748936,1.086628070330084,apf_waypoint,none,0.0,nan,nan,19.248637442114113,-0.22903410672337807,nan,nan,nan,WEBOTS_UNKNOWN,ekf_on_cluster_on,1,1
1784332778.0719373,97.29080104827881,-200.0,196.10081197492852,0.2,0.023473679837267718,10.578427080014858,1.0104533773104316,-0.007318553482280469,0.42729402571902686,1784332778.0639217,10.572030797051877,1.0104664253180842,0.052308685038519265, 1784332778.047914, 1784332778.0609226,1.0907489374617845,apf_waypoint,none,0.0,nan,nan,19.243574759680346,-0.4973233038915203,nan,nan,nan,WEBOTS_UNKNOWN,ekf_on_cluster_on,1,1
1784332778.1743257,97.39318943023682,-200.0,196.24319679657785,0.2,0.02246886435076312,10.620571860064697,1.0114302764384462,-0.007451923654194257,0.42658241681386233,1784332778.159415,None,None,None, None, 1784332778.1584141,0.9875550449337028,apf_waypoint,none,0.0,nan,nan,19.243946685225556,-0.48271728392132235,nan,nan,nan,WEBOTS_UNKNOWN,ekf_on_cluster_on,1,1
1784332778.271629,97.49049282073975,-200.0,196.37740671725302,0.2,0.021402990956181762,10.681456468323038,1.0127797281680415,-0.007532894397143806,0.4258955668538784,1784332778.250595,None,None,None, None, 1784332778.2285619,1.0956985916493576,apf_waypoint,none,0.0,nan,nan,19.244287659797067,-0.4689269313894093,nan,nan,nan,WEBOTS_UNKNOWN,ekf_on_cluster_on,1,1
1784332778.3720098,97.59087347984314,-200.0,196.54783269065985,0.2,0.020108887613671494,10.749081303658034,1.0142054900939996,-0.009323384957389725,0.4252766425482938,1784332778.3169792,None,None,None, None, 1784332778.3790157,1.0703363661134369,apf_waypoint,none,0.0,nan,nan,19.24470715064176,-0.4513830812490589,nan,nan,nan,WEBOTS_UNKNOWN,ekf_on_cluster_on,1,1
1784332778.4713686,97.6902322769165,-200.0,196.7284111209306,0.2,0.01876074209636753,10.818076528100189,1.01556481035027,-0.008924136673066841,0.4239123103113194,1784332778.4698603,None,None,None, None, 1784332778.4578288,0.9504662958427992,apf_waypoint,none,0.0,nan,nan,19.24513506003863,-0.4327545734846133,nan,nan,nan,WEBOTS_UNKNOWN,ekf_on_cluster_on,1,1
1784332778.5715747,97.79043841362,-200.0,196.8791444866707,0.2,0.017580228671025003,10.887298616609062,1.0168326456432055,-0.007041877683164058,0.42340414991042363,1784332778.542023,None,None,None, None, 1784332778.542023,0.935464250445672,apf_waypoint,none,0.0,nan,nan,19.245479111444467,-0.41717355016193536,nan,nan,nan,WEBOTS_UNKNOWN,ekf_on_cluster_on,1,1
1784332778.6717372,97.89060091972351,-200.0,197.10115907020048,0.2,0.01602056145384405,10.95657029561557,1.0180230630780045,-0.010786789153370904,0.4225182931220184,1784332778.6241472,None,None,None, None, 1784332778.623146,1.0219446958470593,apf_waypoint,none,0.0,nan,nan,19.245963950463658,-0.3941720657951928,nan,nan,nan,WEBOTS_UNKNOWN,ekf_on_cluster_on,1,1
1784332778.773373,97.9922366142273,-200.0,197.38659949427574,0.2,0.014131367961696381,11.025875027812956,1.0190966424793828,-0.012637802010563368,0.4214858529043986,1784332778.7803717,None,None,None, None, 1784332778.7203555,1.0090146815002414,apf_waypoint,none,0.0,nan,nan,19.246548636910482,-0.3645072935337506,nan,nan,nan,WEBOTS_UNKNOWN,ekf_on_cluster_on,1,1
1784332778.8721974,98.09106111526489,-200.0,197.6438803193817,0.2,0.012413426761040462,11.095217548596578,1.0200288273827098,-0.009893166089482614,0.41997381541987194,1784332778.8586783,None,None,None, None, 1784332778.859677,1.0887092087788548,apf_waypoint,none,0.0,nan,nan,19.247038021440563,-0.3376794355915446,nan,nan,nan,WEBOTS_UNKNOWN,ekf_on_cluster_on,1,1
1784332778.9769247,98.19578838348389,-200.0,197.8518205592466,0.2,0.010978463190460004,11.164594879534029,1.0208434299427651,-0.007519651399199824,0.4193520190273054,1784332778.9413679,None,None,None, None, 1784332778.9413679,0.9149182287395972,apf_waypoint,none,0.0,nan,nan,19.247407247533616,-0.3159339291536028,nan,nan,nan,WEBOTS_UNKNOWN,ekf_on_cluster_on,1,1
1784332779.0889373,98.30780100822449,-200.0,196.61790671348717,0.2,0.018783411108299272,10.736112196689206,1.0183000168814766,-0.013894791176708924,0.4180294261896405,1784332779.036554,10.729536527366912,1.0182568897187512,0.03778666067560277, 1784332779.049561, 1784332779.0375643,1.0325442451649616,apf_waypoint,none,0.0,nan,nan,19.244875232524837,-0.444159075728688,nan,nan,nan,WEBOTS_UNKNOWN,ekf_on_cluster_on,1,1
1784332779.1720867,98.39095044136047,-200.0,197.6359379047467,0.2,0.013077674987655559,10.77689632588273,1.0190383435541115,-0.054340904748059415,0.4122433425582255,1784332779.1430316,None,None,None, None, 1784332779.1430316,1.0706734757887504,apf_waypoint,none,0.0,nan,nan,19.2470234509191,-0.338508906485721,nan,nan,nan,WEBOTS_UNKNOWN,ekf_on_cluster_on,1,1
1784332779.2720256,98.49088931083679,-200.0,198.26456238963428,0.2,0.009434246363971497,10.83728460799681,1.0196791929957616,-0.01189491651606364,0.41097710504537704,1784332779.2494836,None,None,None, None, 1784332779.2434847,0.9825350506406564,apf_waypoint,none,0.0,nan,nan,19.248069702291506,-0.2726036238346219,nan,nan,nan,WEBOTS_UNKNOWN,ekf_on_cluster_on,1,1
1784332779.3716698,98.59053349494934,-200.0,199.79118649723375,0.2,0.0007994141860902032,10.905005402352986,1.02020122427108,-0.06596931997898829,0.4049974054683193,1784332779.3401272,None,None,None, None, 1784332779.3491402,1.0521415908464808,apf_waypoint,none,0.0,nan,nan,19.249683705675142,-0.1103504937227315,nan,nan,nan,WEBOTS_UNKNOWN,ekf_on_cluster_on,1,1
1784332779.4713364,98.69020009040833,-200.0,200.0,0.2,6.279308736164374,10.9743824111882,1.0200080788566126,-0.013091212678332305,0.40363360535068726,1784332779.444304,None,None,None, None, 1784332779.444304,1.0718412286009085,apf_waypoint,none,0.0,nan,nan,19.249988489367166,-0.02105134749910181,nan,nan,nan,WEBOTS_UNKNOWN,ekf_on_cluster_on,1,1
1784332779.5717015,98.79056525230408,-200.0,200.0,0.2,6.273792195032626,11.044025722541763,1.0195681579917082,-0.030118570811735718,0.4005954262305848,1784332779.545178,None,None,None, None, 1784332779.5461795,0.9168675795254665,apf_waypoint,none,0.0,nan,nan,19.249809686411297,0.0855981129802163,nan,nan,nan,WEBOTS_UNKNOWN,ekf_on_cluster_on,1,1
1784332779.6719773,98.89084100723267,-199.461308032764,200.0,0.2,6.27079588751815,11.11370150057442,1.018738024508874,-0.006997249780299897,0.3997783121269357,1784332779.6619544,None,None,None, None, 1784332779.6609526,0.961683791284127,apf_waypoint,none,0.0,nan,nan,19.249448749493663,0.1456806116710187,nan,nan,nan,WEBOTS_UNKNOWN,ekf_on_cluster_on,1,1
1784332779.7716484,98.99051213264465,-199.0707150994846,200.0,0.2,6.268800902736481,11.18332141649772,1.017760627909091,-0.004948302674359394,0.39930982771481743,1784332779.7566302,None,None,None, None, 1784332779.7556314,1.096910565044021,apf_waypoint,none,0.0,nan,nan,19.24908859079451,0.18731904266398774,nan,nan,nan,WEBOTS_UNKNOWN,ekf_on_cluster_on,1,1
1784332779.871792,99.09065580368042,-198.70182518993585,200.0,0.2,6.266969272012827,11.252890048239928,1.0166821359454197,-0.0076161143699612745,0.39859285538504924,1784332779.850769,None,None,None, None, 1784332779.8517678,0.9031240861811334,apf_waypoint,none,0.0,nan,nan,19.24866798081087,0.22645300728059486,nan,nan,nan,WEBOTS_UNKNOWN,ekf_on_cluster_on,1,1
1784332779.9714243,99.19028806686401,-198.4294751894836,200.0,0.2,6.265714844620478,11.32240956014386,1.015488188203129,-0.0037561926368039583,0.3982167215405733,1784332779.950906,None,None,None, None, 1784332779.950906,0.9505796424852867,apf_waypoint,none,0.0,nan,nan,19.248307943700393,0.25522794611962457,nan,nan,nan,WEBOTS_UNKNOWN,ekf_on_cluster_on,1,1
1784332780.0741131,99.29297685623169,-198.18494337176043,200.0,0.2,6.264646306778057,11.391891572580837,1.014223737455417,-0.0038828597767675567,0.3978919504343909,1784332780.0345483,None,None,None, None, 1784332780.0345483,0.9232684096616446,apf_waypoint,none,0.0,nan,nan,19.247949253329704,0.2809796100155505,nan,nan,nan,WEBOTS_UNKNOWN,ekf_on_cluster_on,1,1
1784332780.1717546,99.39061832427979,-200.0,200.0,0.2,6.278412038891386,10.895133933943583,1.0236741297744365,-0.007996107166159177,0.39712703352076417,1784332780.1302094,10.889167514318993,1.023787734648149,0.023488380549548715, 1784332780.076112, 1784332780.1206942,0.9481507526132691,apf_waypoint,none,0.0,nan,nan,19.24999049013841,-0.01913451281981619,nan,nan,nan,WEBOTS_UNKNOWN,ekf_on_cluster_on,1,1
1784332780.274702,99.49356579780579,-200.0,200.0,0.2,6.277359886323205,10.93362851082033,1.0234681355611812,-0.004638152965658077,0.3967812352907284,1784332780.2047646,None,None,None, None, 1784332780.2832034,1.0355080497559097,apf_waypoint,none,0.0,nan,nan,19.24999997171163,0.0010436006023058935,nan,nan,nan,WEBOTS_UNKNOWN,ekf_on_cluster_on,1,1
1784332780.3710628,99.58992648124695,-200.0,200.0,0.2,6.27640711162646,10.993119957329355,1.0230920618160368,-0.004570634758723028,0.3963495562873034,1784332780.3775775,None,None,None, None, 1784332780.359186,0.9585561372598542,apf_waypoint,none,0.0,nan,nan,19.24999008102717,0.019541759272974385,nan,nan,nan,WEBOTS_UNKNOWN,ekf_on_cluster_on,1,1
1784332780.4716244,99.69048810005188,-200.0,200.0,0.2,6.273965602098507,11.060806764015418,1.022602834330371,-0.019012487943532486,0.3936165709801014,1784332780.4429576,None,None,None, None, 1784332780.4207559,1.0881286247156285,apf_waypoint,none,0.0,nan,nan,19.24988331468244,0.06702515282054201,nan,nan,nan,WEBOTS_UNKNOWN,ekf_on_cluster_on,1,1
1784332780.571902,99.7907657623291,-199.93156579959316,200.0,0.2,6.272578882514311,11.130201938593796,1.0218929403961923,-0.004315851097381078,0.3932827341502534,1784332780.520309,None,None,None, None, 1784332780.5825663,1.078497635372176,apf_waypoint,none,0.0,nan,nan,19.24976424973882,0.09526977210607528,nan,nan,nan,WEBOTS_UNKNOWN,ekf_on_cluster_on,1,1
1784332780.6716707,99.89053440093994,-199.72226381364186,200.0,0.2,6.271515151272878,11.199840207215649,1.0211044515054652,-0.0038516830131211585,0.3928906614223898,1784332780.6221015,None,None,None, None, 1784332780.6631556,1.0707375264839414,apf_waypoint,none,0.0,nan,nan,19.249639897843053,0.1177446532496182,nan,nan,nan,WEBOTS_UNKNOWN,ekf_on_cluster_on,1,1
1784332780.7714853,99.99034905433655,-199.5364312588985,200.0,0.2,6.270605627191192,11.269487409929013,1.0202533940027294,-0.0038129319336271277,0.3923611604706409,1784332780.7609713,None,None,None, None, 1784332780.7312114,1.086102136843585,apf_waypoint,none,0.0,nan,nan,19.24950786337354,0.1376481671511487,nan,nan,nan,WEBOTS_UNKNOWN,ekf_on_cluster_on,1,1
1784332780.8729272,100.09179091453552,-199.3904048727744,200.0,0.2,6.269939743294752,11.339114552318419,1.0193450225410885,-0.002303507562800108,0.39217976223771295,1784332780.83972,None,None,None, None, 1784332780.8066676,0.9892177290432219,apf_waypoint,none,0.0,nan,nan,19.24938993846481,0.1532546799604835,nan,nan,nan,WEBOTS_UNKNOWN,ekf_on_cluster_on,1,1
1784332780.9720783,100.19094204902649,-199.2441095488603,200.0,0.2,6.26929044751458,11.408722403946864,1.018397466298282,-0.002926465671692752,0.39196095396486486,1784332780.9144888,None,None,None, None, 1784332780.9836073,0.9835236452772519,apf_waypoint,none,0.0,nan,nan,19.249259366025605,0.1688604733962304,nan,nan,nan,WEBOTS_UNKNOWN,ekf_on_cluster_on,1,1
1784332781.0712435,100.29010725021362,-199.10829340534394,200.0,0.2,6.2687193181041785,11.47831090892947,1.0174064990036413,-0.0024048781746462628,0.3915972324704599,1784332781.065732,None,None,None, None, 1784332781.0542274,1.0953118562159538,apf_waypoint,none,0.0,nan,nan,19.24912707075962,0.18332215836917326,nan,nan,nan,WEBOTS_UNKNOWN,ekf_on_cluster_on,1,1
1784332781.1723795,100.39124321937561,-200.0,200.0,0.2,6.279247323971705,11.063325713012391,1.0273995062478105,-0.0023166800768866444,0.39141623963009486,1784332781.143858,11.057084344739872,1.0275414706365251,0.017035470920258255, 1784332781.07976, 1784332781.1333277,0.9477468528270112,apf_waypoint,none,0.0,nan,nan,19.249912101727546,-0.05817280948440948,nan,nan,nan,WEBOTS_UNKNOWN,ekf_on_cluster_on,1,1
1784332781.27459,100.49345374107361,-200.0,200.0,0.2,6.278060329295388,11.106038661768597,1.0272224543418105,-0.010548832723839057,0.3905868883402229,1784332781.2224782,None,None,None, None, 1784332781.2700672,0.9110774141329925,apf_waypoint,none,0.0,nan,nan,19.249966491595355,-0.035917578648901806,nan,nan,nan,WEBOTS_UNKNOWN,ekf_on_cluster_on,1,1
1784332781.371293,100.59015679359436,-200.0,200.0,0.2,6.277342071387501,11.167616527565041,1.0268737857665542,-0.0018394589810641297,0.39044034048501824,1784332781.3021472,None,None,None, None, 1784332781.3515778,0.9865074445201446,apf_waypoint,none,0.0,nan,nan,19.24998684820974,-0.02250208328002209,nan,nan,nan,WEBOTS_UNKNOWN,ekf_on_cluster_on,1,1
1784332781.4724565,100.69132018089294,-200.0,200.0,0.2,6.2767857456470875,11.235818137511169,1.026450649301097,-0.0020530122400383767,0.39015335272148693,1784332781.4419358,None,None,None, None, 1784332781.4263868,1.0838806630018372,apf_waypoint,none,0.0,nan,nan,19.249996213059536,-0.012074650866595536,nan,nan,nan,WEBOTS_UNKNOWN,ekf_on_cluster_on,1,1
1784332781.5721667,100.7910304069519,-200.0,200.0,0.2,6.276323651458901,11.305294915111537,1.0259868800224154,-0.0019428675602487717,0.3900024666847082,1784332781.5195973,None,None,None, None, 1784332781.5100825,1.0618699703614256,apf_waypoint,none,0.0,nan,nan,19.249999715999152,-0.0033066648617025092,nan,nan,nan,WEBOTS_UNKNOWN,ekf_on_cluster_on,1,1
1784332781.6718154,100.89067912101746,-200.0,200.0,0.2,6.2758942130815605,11.374954438282725,1.025493181207679,-0.002060919578467664,0.3898415226937223,1784332781.5976906,None,None,None, None, 1784332781.6653018,1.0495847708460249,apf_waypoint,none,0.0,nan,nan,19.24999935585664,0.004979911533396838,nan,nan,nan,WEBOTS_UNKNOWN,ekf_on_cluster_on,1,1
1784332781.7724557,100.99131941795349,-200.0,200.0,0.2,6.275513901417202,11.444638367468137,1.0249709055847518,-0.0017958564116393357,0.3896724396962064,1784332781.7784631,None,None,None, None, 1784332781.7288451,1.015021587732782,apf_waypoint,none,0.0,nan,nan,19.249995957538633,0.012475365579406678,nan,nan,nan,WEBOTS_UNKNOWN,ekf_on_cluster_on,1,1
1784332781.871704,101.09056782722473,-200.0,200.0,0.2,6.2751481556213164,11.51432540176609,1.0244236622325786,-0.0018408356062983892,0.38938373034255347,1784332781.8486784,None,None,None, None, 1784332781.8646848,0.9252389670472198,apf_waypoint,none,0.0,nan,nan,19.17167072382629,0.01975446010219289,nan,nan,nan,WEBOTS_UNKNOWN,ekf_on_cluster_on,1,1
1784332781.9717588,101.1906225681305,-200.0,200.0,0.2,6.274803466779466,11.584012685880811,1.0238516317924677,-0.0017322351863300175,0.3892449901779589,1784332781.9287715,None,None,None, None, 1784332781.943286,1.025451267103701,apf_waypoint,none,0.0,nan,nan,18.788369806431366,0.026296221983081,nan,nan,nan,WEBOTS_UNKNOWN,ekf_on_cluster_on,1,1
1784332782.0714073,101.29027104377747,-200.0,200.0,0.2,6.274241865677285,11.653699840270576,1.0232562623332058,-0.0037200818562705996,0.38888199362327047,1784332782.026349,None,None,None, None, 1784332782.0323486,1.094176327696724,apf_waypoint,none,0.0,nan,nan,18.40505876944476,0.036694396800602616,nan,nan,nan,WEBOTS_UNKNOWN,ekf_on_cluster_on,1,1
1784332782.1761844,101.39504814147949,-200.0,199.6297180165591,0.2,6.281760658292417,11.237981411463885,1.0303094624046147,-0.0017856867481137347,0.38874229739137484,1784332782.1045802,11.231571787333323,1.0304110454656343,0.013725688279714987, 1784332782.095573, 1784332782.1125798,1.0002303081089412,apf_waypoint,none,0.0,nan,nan,19.249576676578307,-0.12766272961369507,nan,nan,nan,WEBOTS_UNKNOWN,ekf_on_cluster_on,1,1
1784332782.2731285,101.49199223518372,-200.0,199.67544429123453,0.2,6.281431894902375,11.280553390519966,1.0302427200551847,-0.0018973061556662458,0.3885789079264909,1784332782.2871625,None,None,None, None, 1784332782.3016648,1.0270363906429314,apf_waypoint,none,0.0,nan,nan,19.2496085429933,-0.1227637630543477,nan,nan,nan,WEBOTS_UNKNOWN,ekf_on_cluster_on,1,1
1784332782.3722575,101.59112119674683,-200.0,199.70727687889246,0.2,6.281149811554861,11.342030058065403,1.0301263265407954,-0.0014218170755646129,0.38844175116782653,1784332782.2871625,None,None,None, None, 1784332782.3832767,0.946355101531333,apf_waypoint,none,0.0,nan,nan,19.249630001503615,-0.11935160330730518,nan,nan,nan,WEBOTS_UNKNOWN,ekf_on_cluster_on,1,1
1784332782.4718902,101.69075393676758,-200.0,199.75366773116218,0.2,6.280775943158245,11.410176526261212,1.0299794214478197,-0.0024564333855798827,0.3880286094873023,1784332782.4553502,None,None,None, None, 1784332782.4553502,1.0848119003522272,apf_waypoint,none,0.0,nan,nan,19.24966020579469,-0.11437640248021594,nan,nan,nan,WEBOTS_UNKNOWN,ekf_on_cluster_on,1,1
1784332782.5725527,101.79141640663147,-200.0,199.80233534588285,0.2,6.28039046375449,11.479618771795456,1.0298014468390022,-0.0022512977856268953,0.38783575316399593,1784332782.5410147,None,None,None, None, 1784332782.5410147,1.061671916002264,apf_waypoint,none,0.0,nan,nan,19.24969052862811,-0.10915379995700852,nan,nan,nan,WEBOTS_UNKNOWN,ekf_on_cluster_on,1,1
1784332782.6751423,101.89400601387024,-200.0,199.86734449666915,0.2,6.279916696418872,11.549252922199443,1.0295953413929908,-0.002942052287947872,0.3876251219772164,1784332782.6781478,None,None,None, None, 1784332782.6136084,0.9338109632287803,apf_waypoint,none,0.0,nan,nan,18.97953958847163,-0.10073829892819919,nan,nan,nan,WEBOTS_UNKNOWN,ekf_on_cluster_on,1,1
1784332782.7728338,101.99169754981995,-200.0,199.91092786858556,0.2,6.279568174742025,11.618920064922705,1.0293535733889314,-0.001528258830507625,0.3874055204690492,1784332782.7563019,None,None,None, None, 1784332782.7798345,1.072062643268929,apf_waypoint,none,0.0,nan,nan,18.59640195712229,-0.09417976768473224,nan,nan,nan,WEBOTS_UNKNOWN,ekf_on_cluster_on,1,1
1784332782.8721707,102.09103441238403,-200.0,199.9860353431074,0.2,6.279045471740022,11.688596407215963,1.0290899926590669,-0.003351278358990905,0.38710779606958495,1784332782.845141,None,None,None, None, 1784332782.8631492,1.012109496203639,apf_waypoint,none,0.0,nan,nan,18.213226044489097,-0.08459614126008277,nan,nan,nan,WEBOTS_UNKNOWN,ekf_on_cluster_on,1,1
1784332782.9755974,102.19446110725403,-200.0,200.0,0.2,6.27847539531687,11.758282178092525,1.0287859252229055,-0.0033219336883986103,0.38689491547093585,1784332782.9092243,None,None,None, None, 1784332782.939039,0.9251931918814246,apf_waypoint,none,0.0,nan,nan,17.829995945811007,-0.07434601440896209,nan,nan,nan,WEBOTS_UNKNOWN,ekf_on_cluster_on,1,1
1784332783.072306,102.2911696434021,-200.0,200.0,0.2,6.277816434573668,11.827970581175357,1.0284400154978073,-0.0038736419784312056,0.3865952056037349,1784332783.082312,None,None,None, None, 1784332783.0121648,0.9984909883128503,apf_waypoint,none,0.0,nan,nan,17.44675015861383,-0.06275206065389602,nan,nan,nan,WEBOTS_UNKNOWN,ekf_on_cluster_on,1,1
1784332783.171578,102.39044165611267,-200.0,199.33602168123866,0.2,6.282368426178099,11.412304902605218,1.0325764426011512,-0.0021675179010171896,0.3862368644837656,1784332783.1519191,11.405894776597833,1.0326362832041802,0.00887184054789003, 1784332783.107348, 1784332783.109351,1.0246747894697683,apf_waypoint,none,0.0,nan,nan,19.249342849163302,-0.1590593454205823,nan,nan,nan,WEBOTS_UNKNOWN,ekf_on_cluster_on,1,1
1784332783.2713196,102.49018335342407,-200.0,199.4012187957608,0.2,6.28191001633994,11.454850927612856,1.0325335743918203,-0.0027503686453829424,0.3859953086025903,1784332783.2397459,None,None,None, None, 1784332783.2778409,1.0344677678814886,apf_waypoint,none,0.0,nan,nan,19.249399097207238,-0.15209995541497856,nan,nan,nan,WEBOTS_UNKNOWN,ekf_on_cluster_on,1,1
1784332783.3720846,102.59094834327698,-200.0,199.4837498624114,0.2,6.281315915563279,11.516285100682277,1.0324436400740638,-0.0040350850681183945,0.3855300038894671,1784332783.3550606,None,None,None, None, 1784332783.3640592,1.0723656747465486,apf_waypoint,none,0.0,nan,nan,19.160732041078713,-0.14262137863375887,nan,nan,nan,WEBOTS_UNKNOWN,ekf_on_cluster_on,1,1
1784332783.4718277,102.69069147109985,-200.0,199.56646757927396,0.2,6.280712717028517,11.584396780370092,1.0322997661065472,-0.003532167782609724,0.3852253836571242,1784332783.4413023,None,None,None, None, 1784332783.4543104,0.9570565540489513,apf_waypoint,none,0.0,nan,nan,18.786199534559575,-0.13119859002598086,nan,nan,nan,WEBOTS_UNKNOWN,ekf_on_cluster_on,1,1
1784332783.5716949,102.79055857658386,-200.0,199.66620541477855,0.2,6.280018289710176,11.653812896007096,1.0321104338149496,-0.004234870500006249,0.3848682021585771,1784332783.5256453,None,None,None, None, 1784332783.533158,1.0162887366568625,apf_waypoint,none,0.0,nan,nan,18.404496093577166,-0.11832071615302665,nan,nan,nan,WEBOTS_UNKNOWN,ekf_on_cluster_on,1,1
1784332783.6718755,102.89073920249939,-200.0,200.0,0.2,6.277345972310862,11.7234282262891,1.0318695062230319,-0.021670361593577714,0.38315297837352025,1784332783.604796,None,None,None, None, 1784332783.6278272,0.9352679897582933,apf_waypoint,none,0.0,nan,nan,18.021861041439895,-0.07004839494430085,nan,nan,nan,WEBOTS_UNKNOWN,ekf_on_cluster_on,1,1
1784332783.7716577,102.99052143096924,-200.0,200.0,0.2,6.275950169437789,11.793106155452806,1.031390547102042,-0.004350619212593769,0.382431371457613,1784332783.770659,None,None,None, None, 1784332783.7044652,1.0984266839523993,apf_waypoint,none,0.0,nan,nan,17.638703620329714,-0.045031850831217086,nan,nan,nan,WEBOTS_UNKNOWN,ekf_on_cluster_on,1,1
1784332783.8716848,103.09054851531982,-200.0,200.0,0.2,6.274825972152518,11.862792092715967,1.030835648037879,-0.004343839800139019,0.38209040164114777,1784332783.849154,None,None,None, None, 1784332783.8531592,0.910104650188064,apf_waypoint,none,0.0,nan,nan,17.255458323233494,-0.025354472820950234,nan,nan,nan,WEBOTS_UNKNOWN,ekf_on_cluster_on,1,1
1784332783.971232,103.19009566307068,-200.0,200.0,0.2,6.2738875088562365,11.93247865814427,1.0302138150569107,-0.003967829082016775,0.3817725281573345,1784332783.9292667,None,None,None, None, 1784332783.9562197,1.028030527573638,apf_waypoint,none,0.0,nan,nan,16.87218317710096,-0.009304488797558647,nan,nan,nan,WEBOTS_UNKNOWN,ekf_on_cluster_on,1,1
1784332784.0709755,103.28983926773071,-200.0,200.0,0.2,6.272997218994696,12.002164883647492,1.0295337282474009,-0.0043290782230331545,0.38145424011399265,1784332784.00279,None,None,None, None, 1784332784.0198777,1.0809069120008887,apf_waypoint,none,0.0,nan,nan,16.488892317501357,0.005552165651258659,nan,nan,nan,WEBOTS_UNKNOWN,ekf_on_cluster_on,1,1
1784332784.1719143,103.39077806472778,-200.0,200.0,0.2,6.276402764600201,11.582004148368709,1.0338349456051141,-0.00887136241969353,0.3807361813918336,1784332784.1780357,11.575534693804345,1.0339015167840158,0.002394567228532374, 1784332784.11077, 1784332784.1780357,0.957174798707557,apf_waypoint,none,0.0,nan,nan,18.79980695064641,-0.05858403485272005,nan,nan,nan,WEBOTS_UNKNOWN,ekf_on_cluster_on,1,1
1784332784.2766855,103.49554920196533,-200.0,200.0,0.2,6.275459591297107,11.624187705179043,1.0335252304543232,-0.003671247774415061,0.38038996597988733,1784332784.2766855,None,None,None, None, 1784332784.1780357,0.957174798707557,apf_waypoint,none,0.0,nan,nan,18.567838044947745,-0.04094157504234937,nan,nan,nan,WEBOTS_UNKNOWN,ekf_on_cluster_on,1,1
1784332784.3738172,103.59268093109131,-200.0,200.0,0.2,6.273658837797949,11.685515773961392,1.0330240037289684,-0.01345421951900309,0.37800540568154045,1784332784.3552709,None,None,None, None, 1784332784.3788173,0.9870316843816892,apf_waypoint,none,0.0,nan,nan,18.230566331223386,-0.007962076731855564,nan,nan,nan,WEBOTS_UNKNOWN,ekf_on_cluster_on,1,1
1784332784.47395,103.69281363487244,-200.0,200.0,0.2,6.272630407240179,11.753656807693591,1.032321476237449,-0.002777118029814924,0.3777564882672651,1784332784.4449024,None,None,None, None, 1784332784.4539044,0.969109317604932,apf_waypoint,none,0.0,nan,nan,17.855769286769036,0.010694835236436395,nan,nan,nan,WEBOTS_UNKNOWN,ekf_on_cluster_on,1,1
1784332784.571592,103.79045581817627,-200.0,200.0,0.2,6.271879241852883,11.82312211194405,1.0315514381913005,-0.0024811846816262437,0.3775639051463735,1784332784.5225198,None,None,None, None, 1784332784.5350358,1.0744470622944535,apf_waypoint,none,0.0,nan,nan,17.473673578216662,0.024022911432232636,nan,nan,nan,WEBOTS_UNKNOWN,ekf_on_cluster_on,1,1
1784332784.6724389,103.8913025856018,-200.0,200.0,0.2,6.270666221087355,11.892777454392622,1.0307372018372405,-0.007847419362062071,0.3770048797195634,1784332784.6969624,None,None,None, None, 1784332784.611763,0.9217484901555995,apf_waypoint,none,0.0,nan,nan,17.09050115726595,0.04490077499692087,nan,nan,nan,WEBOTS_UNKNOWN,ekf_on_cluster_on,1,1
1784332784.7722454,103.99110913276672,-200.0,200.0,0.2,6.269855824328655,11.96245720039721,1.029828452947271,-0.0031400692456662648,0.37645541341900374,1784332784.768742,None,None,None, None, 1784332784.7129705,0.9494876826504551,apf_waypoint,none,0.0,nan,nan,16.707187979879496,0.058640299243532874,nan,nan,nan,WEBOTS_UNKNOWN,ekf_on_cluster_on,1,1
1784332784.8722334,104.09109711647034,-200.0,200.0,0.2,6.269255406089094,12.03213972770337,1.028871312514056,-0.002190238350694548,0.37627662950292,1784332784.8503697,None,None,None, None, 1784332784.8687267,0.9198343871946427,apf_waypoint,none,0.0,nan,nan,16.323859714185698,0.0685968338426461,nan,nan,nan,WEBOTS_UNKNOWN,ekf_on_cluster_on,1,1
1784332784.9715526,104.19041633605957,-199.946427170614,200.0,0.2,6.268699917223157,12.101822251175761,1.0278793374942694,-0.002570186068153382,0.376017903323049,1784332784.951034,None,None,None, None, 1784332784.9720576,0.9875340757304515,apf_waypoint,none,0.0,nan,nan,15.940526391980269,0.07756844759153798,nan,nan,nan,WEBOTS_UNKNOWN,ekf_on_cluster_on,1,1
1784332785.0718925,104.29075622558594,-199.82591089630128,200.0,0.2,6.268153622047748,12.171498365908777,1.0268512532752254,-0.0027652378721226578,0.37574790605270136,1784332785.0486739,None,None,None, None, 1784332785.0496747,1.053997896491007,apf_waypoint,none,0.0,nan,nan,15.557221307747891,0.08617028777309478,nan,nan,nan,WEBOTS_UNKNOWN,ekf_on_cluster_on,1,1
1784332785.1745617,104.39342546463013,-200.0,200.0,0.2,6.272060723814752,11.739271637354872,1.0340209219068324,-0.0025702314665333706,0.3755105745750444,1784332785.1410124,11.732643146676743,1.0341296844759995,6.280569153028346, 1784332785.122982, 1784332785.1274898,0.9598402000294114,apf_waypoint,none,0.0,nan,nan,17.93497781665217,0.012400737438896782,nan,nan,nan,WEBOTS_UNKNOWN,ekf_on_cluster_on,1,1
1784332785.2722905,104.49115419387817,-200.0,200.0,0.2,6.27161443679305,11.78025326127525,1.0335559299550283,-0.0022535698357071207,0.37530972481097286,1784332785.2301376,None,None,None, None, 1784332785.198111,0.9477651320222528,apf_waypoint,none,0.0,nan,nan,17.709557062004272,0.020354164680620096,nan,nan,nan,WEBOTS_UNKNOWN,ekf_on_cluster_on,1,1
1784332785.371208,104.59007167816162,-200.0,200.0,0.2,6.271188555732275,11.84099992353438,1.032840295602739,-0.0021659088002987104,0.37512296150771796,1784332785.3163662,None,None,None, None, 1784332785.365687,1.0885278753868137,apf_waypoint,none,0.0,nan,nan,17.375416969512454,0.027823935055214705,nan,nan,nan,WEBOTS_UNKNOWN,ekf_on_cluster_on,1,1
1784332785.4719832,104.69084692001343,-200.0,200.0,0.2,6.270101230192746,11.909000373753495,1.0320109213439252,-0.008466207105215777,0.37381821856510944,1784332785.470478,None,None,None, None, 1784332785.4338338,0.9733636210564699,apf_waypoint,none,0.0,nan,nan,17.00134629914342,0.04638447991947234,nan,nan,nan,WEBOTS_UNKNOWN,ekf_on_cluster_on,1,1
1784332785.571791,104.79065465927124,-200.0,200.0,0.2,6.269492848369205,11.978442360457406,1.0310710922089896,-0.0018446149417236356,0.37366407948062247,1784332785.5540397,None,None,None, None, 1784332785.5219722,0.9035458825343673,apf_waypoint,none,0.0,nan,nan,16.619349033825866,0.05666694637818312,nan,nan,nan,WEBOTS_UNKNOWN,ekf_on_cluster_on,1,1
1784332785.6714966,104.8903603553772,-200.0,200.0,0.2,6.268970056578099,12.04809278445016,1.0300954668259408,-0.002194006855998181,0.3735030633944289,1784332785.6274288,None,None,None, None, 1784332785.669992,1.0218182909680755,apf_waypoint,none,0.0,nan,nan,16.236202234325916,0.06527543807050305,nan,nan,nan,WEBOTS_UNKNOWN,ekf_on_cluster_on,1,1
1784332785.7710252,104.98988890647888,-199.85449350419157,200.0,0.2,6.267714391559855,12.117770856378012,1.0290870488750272,-0.00918001467069114,0.37287320769920457,1784332785.6960404,None,None,None, None, 1784332785.7511458,0.9961255143486694,apf_waypoint,none,0.0,nan,nan,15.852838133914197,0.08527957428837526,nan,nan,nan,WEBOTS_UNKNOWN,ekf_on_cluster_on,1,1
1784332785.8731148,105.09197854995728,-199.70802828617647,200.0,0.2,6.267043846183252,12.187434820852195,1.0279733541402862,-0.001970105749040319,0.37255287359155576,1784332785.8586378,None,None,None, None, 1784332785.8271196,1.0186718985298664,apf_waypoint,none,0.0,nan,nan,15.469576627582015,0.09584976337942558,nan,nan,nan,WEBOTS_UNKNOWN,ekf_on_cluster_on,1,1
1784332785.9725273,105.19139099121094,-199.59471273505912,200.0,0.2,6.266579803001061,12.25708026447133,1.0268235914865755,-0.0012940973974817133,0.37243687761532934,1784332785.9482725,None,None,None, None, 1784332785.9840493,1.0941606139507236,apf_waypoint,none,0.0,nan,nan,15.086428350771035,0.10299068206566186,nan,nan,nan,WEBOTS_UNKNOWN,ekf_on_cluster_on,1,1
1784332786.0711749,105.29003858566284,-199.49302149429195,200.0,0.2,6.266199317953657,12.326710322837496,1.0256488628084526,-0.0013397772207048384,0.3723238714131539,1784332786.0326195,None,None,None, None, 1784332786.060661,1.0147471206663639,apf_waypoint,none,0.0,nan,nan,14.703368255972842,0.1086861785421046,nan,nan,nan,WEBOTS_UNKNOWN,ekf_on_cluster_on,1,1
1784332786.1717007,105.39056444168091,-200.0,200.0,0.2,6.269786424735161,11.908776460822304,1.033451717531787,-0.0009654277422480875,0.37219346110787555,1784332786.1676998,11.902337331708656,1.0335705878761152,6.277253821774005, 1784332786.134662, 1784332786.1396618,1.0956900482664949,apf_waypoint,none,0.0,nan,nan,17.00266843984028,0.04382942693513847,nan,nan,nan,WEBOTS_UNKNOWN,ekf_on_cluster_on,1,1
1784332786.2719893,105.49085307121277,-200.0,200.0,0.2,6.269368121120043,11.951121491381231,1.032878627468932,-0.002983855148750731,0.37194200096202684,1784332786.2519734,None,None,None, None, 1784332786.2249413,0.9504619112203526,apf_waypoint,none,0.0,nan,nan,16.769729631325323,0.050875507017625235,nan,nan,nan,WEBOTS_UNKNOWN,ekf_on_cluster_on,1,1
1784332786.372252,105.5911157131195,-200.0,200.0,0.2,6.269131006953798,12.012523440989849,1.0320183646938972,-0.00046236060792344545,0.3718921845008627,1784332786.3597171,None,None,None, None, 1784332786.3752604,0.9747115326092151,apf_waypoint,none,0.0,nan,nan,16.431973231116636,0.054836692355311537,nan,nan,nan,WEBOTS_UNKNOWN,ekf_on_cluster_on,1,1
1784332786.4750197,105.69388341903687,-200.0,200.0,0.2,6.268937262551578,12.080679780006431,1.0310521486542257,-0.0007545909995434139,0.3718309341075752,1784332786.4408875,None,None,None, None, 1784332786.451901,0.9122716139620901,apf_waypoint,none,0.0,nan,nan,16.05706476849417,0.0579931035851319,nan,nan,nan,WEBOTS_UNKNOWN,ekf_on_cluster_on,1,1
1784332786.5734138,105.79227757453918,-200.0,200.0,0.2,6.268944343412892,12.150145226970649,1.0300623348852345,-0.0008870771282740848,0.371745060309808,1784332786.5376928,None,None,None, None, 1784332786.5486996,0.9973189621391361,apf_waypoint,none,0.0,nan,nan,15.674966436778448,0.057882111323140875,nan,nan,nan,WEBOTS_UNKNOWN,ekf_on_cluster_on,1,1
1784332786.6720302,105.89089393615723,-200.0,200.0,0.2,6.268932258009539,12.219798747296243,1.0290703345642571,-0.0009751684704894769,0.37165507929004593,1784332786.629965,None,None,None, None, 1784332786.6464865,0.9642858680532413,apf_waypoint,none,0.0,nan,nan,15.291832524323965,0.05806691929144891,nan,nan,nan,WEBOTS_UNKNOWN,ekf_on_cluster_on,1,1
1784332786.7753136,105.99417734146118,-200.0,200.0,0.2,6.26886636865802,12.289477520817027,1.0280771323220959,-0.0014436044310566572,0.3715148557094802,1784332786.7270994,None,None,None, None, 1784332786.7678602,0.9393888804494318,apf_waypoint,none,0.0,nan,nan,14.908556481505805,0.05904923453756502,nan,nan,nan,WEBOTS_UNKNOWN,ekf_on_cluster_on,1,1
1784332786.8723996,106.09126329421997,-200.0,200.0,0.2,6.268621641650528,12.359159485088565,1.027072033620641,-0.001364239769502263,0.3713848694106796,1784332786.8223805,None,None,None, None, 1784332786.8708887,1.0603590294273986,apf_waypoint,none,0.0,nan,nan,14.525250917999394,0.06264387655479278,nan,nan,nan,WEBOTS_UNKNOWN,ekf_on_cluster_on,1,1
1784332786.9817855,106.20064926147461,-199.9585946180171,200.0,0.2,6.268256168617382,12.428841639114747,1.0260494138659055,-0.0023791997667208143,0.3712003626248763,1784332786.8999305,None,None,None, None, 1784332786.9601958,0.9897955811975845,apf_waypoint,none,0.0,nan,nan,14.141933950313659,0.06785483424974638,nan,nan,nan,WEBOTS_UNKNOWN,ekf_on_cluster_on,1,1
1784332787.0733397,106.29220342636108,-199.89204824304588,200.0,0.2,6.268022510990753,12.498518812395634,1.0249981673432274,-0.0008606132287725081,0.3710918798690949,1784332787.0259833,None,None,None, None, 1784332787.079854,1.0636952395737558,apf_waypoint,none,0.0,nan,nan,13.75864964347814,0.07112986270339883,nan,nan,nan,WEBOTS_UNKNOWN,ekf_on_cluster_on,1,1
1784332787.1721983,106.3910620212555,-200.0,200.0,0.2,6.270482075971374,12.062889570155756,1.0325206360765888,-0.002144322951232151,0.3709194891062445,1784332787.1063774,12.0562160419007,1.032634052074581,6.275885116896778, 1784332787.152168, 1784332787.1551714,0.9260641190203105,apf_waypoint,none,0.0,nan,nan,16.155076053958407,0.026354774848877164,nan,nan,nan,WEBOTS_UNKNOWN,ekf_on_cluster_on,1,1
1784332787.272278,106.49114179611206,-200.0,200.0,0.2,6.270273579495836,12.103537873414101,1.0319986317508665,-0.0006407335935290485,0.3708692070801816,1784332787.2822914,None,None,None, None, 1784332787.2762856,1.0920535276381007,apf_waypoint,none,0.0,nan,nan,15.931486106536108,0.029707296329383615,nan,nan,nan,WEBOTS_UNKNOWN,ekf_on_cluster_on,1,1
1784332787.3741026,106.5929663181305,-200.0,200.0,0.2,6.270314126103645,12.164120046201788,1.0312163677617419,-0.0005939791599857774,0.3708113307395592,1784332787.3766103,None,None,None, None, 1784332787.370583,1.077716184580151,apf_waypoint,none,0.0,nan,nan,15.598257571482138,0.02907483992120102,nan,nan,nan,WEBOTS_UNKNOWN,ekf_on_cluster_on,1,1
1784332787.4721062,106.69096994400024,-200.0,200.0,0.2,6.270353923609932,12.232079847668352,1.030341596543651,-0.00039732837851921544,0.37074005657789,1784332787.461675,None,None,None, None, 1784332787.4506764,0.9064131379788952,apf_waypoint,none,0.0,nan,nan,15.224448844856573,0.028468944845288648,nan,nan,nan,WEBOTS_UNKNOWN,ekf_on_cluster_on,1,1
1784332787.5713427,106.79020643234253,-200.0,200.0,0.2,6.2703344894939566,12.301516378286468,1.0294505808847598,-0.0007495101866613359,0.3706683580975977,1784332787.5573354,12.124424019491357,1.0321480348458283,6.275591950095809, 1784332787.572351, 1784332787.5508242,0.9947353722707489,apf_waypoint,none,0.0,nan,nan,14.842515929303739,0.028757396026633988,nan,nan,nan,WEBOTS_UNKNOWN,ekf_on_cluster_on,1,1
1784332787.6720016,106.89086532592773,-200.0,200.0,0.2,6.270356125784658,12.371167108023064,1.0285554627803846,-0.00041409592280283595,0.37063211577932664,1784332787.644857,None,None,None, None, 1784332787.6191034,1.0246267164670595,apf_waypoint,none,0.0,nan,nan,14.459405900887258,0.028444548123876368,nan,nan,nan,WEBOTS_UNKNOWN,ekf_on_cluster_on,1,1
1784332787.7716043,106.99046802520752,-200.0,200.0,0.2,6.270359380548375,12.440846679753186,1.0276614818684542,-0.00046306754997723433,0.37059181636589417,1784332787.731884,None,None,None, None, 1784332787.7706034,0.918001506383741,apf_waypoint,none,0.0,nan,nan,14.076136808575688,0.028398733624663716,nan,nan,nan,WEBOTS_UNKNOWN,ekf_on_cluster_on,1,1
1784332787.8715358,107.09039950370789,-200.0,200.0,0.2,6.270363033157595,12.510530088995413,1.0267676785620394,-0.00041746482733542596,0.3705544835420869,1784332787.8213115,None,None,None, None, 1784332787.8540194,0.9293727622614956,apf_waypoint,none,0.0,nan,nan,13.692846635346408,0.028348719006991104,nan,nan,nan,WEBOTS_UNKNOWN,ekf_on_cluster_on,1,1
1784332787.9771023,107.19596600532532,-200.0,200.0,0.2,6.270362074238366,12.580214010958315,1.0258741232491457,-0.00041731874409883807,0.37052219611823545,1784332787.9891095,None,None,None, None, 1784332787.9449031,0.9080604180595,apf_waypoint,none,0.0,nan,nan,13.309553529048046,0.028361481793805737,nan,nan,nan,WEBOTS_UNKNOWN,ekf_on_cluster_on,1,1
1784332788.0731742,107.29203796386719,-200.0,200.0,0.2,6.270365397311077,12.649897999749609,1.0249805002470083,-0.0003576418022579004,0.3704656281756076,1784332788.0568495,None,None,None, None, 1784332788.0312989,1.0515379841281949,apf_waypoint,none,0.0,nan,nan,12.926260171816228,0.028318526891526828,nan,nan,nan,WEBOTS_UNKNOWN,ekf_on_cluster_on,1,1
1784332788.1719863,107.39085006713867,-200.0,200.0,0.2,6.272010540589477,12.226157688432494,1.031332021351855,-0.00042636745416526993,0.3704357396859777,1784332788.1269498,12.2196409798314,1.0314277057019632,6.2751911614998335, 1784332788.157478, 1784332788.118446,0.9478577758950115,apf_waypoint,none,0.0,nan,nan,15.257105829693774,-0.0018351839394939399,nan,nan,nan,WEBOTS_UNKNOWN,ekf_on_cluster_on,1,1
1784332788.273967,107.49283075332642,-200.0,200.0,0.2,6.271998023980413,12.267989314115908,1.030864543239756,-0.00041219209197219513,0.3703973187771668,1784332788.220161,None,None,None, None, 1784332788.2834826,1.0321030706508987,apf_waypoint,none,0.0,nan,nan,15.027017544191999,-0.0016470966356313173,nan,nan,nan,WEBOTS_UNKNOWN,ekf_on_cluster_on,1,1
1784332788.3722413,107.59110498428345,-200.0,200.0,0.2,6.271985443864921,12.329148391017572,1.0301803107809115,-0.0004381860538010261,0.37035641204869546,1784332788.3135157,None,None,None, None, 1784332788.3592093,0.9910661211152588,apf_waypoint,none,0.0,nan,nan,14.6906215901402,-0.0014622869194924842,nan,nan,nan,WEBOTS_UNKNOWN,ekf_on_cluster_on,1,1
1784332788.4713836,107.69024729728699,-200.0,200.0,0.2,6.271981082845177,12.39724914856675,1.0294175597120827,-0.0003855772242105628,0.3703017182892155,1784332788.4553647,None,None,None, None, 1784332788.424809,0.9559511467162612,apf_waypoint,none,0.0,nan,nan,14.316043937168864,-0.0013998543692470158,nan,nan,nan,WEBOTS_UNKNOWN,ekf_on_cluster_on,1,1
1784332788.5740173,107.79288101196289,-200.0,200.0,0.2,6.27198433062943,12.466708448905724,1.0286392895620793,-0.000310190271867517,0.3702753934451882,1784332788.5402315,None,None,None, None, 1784332788.5071766,1.0566771915106088,apf_waypoint,none,0.0,nan,nan,13.933993800672011,-0.0014451089749024683,nan,nan,nan,WEBOTS_UNKNOWN,ekf_on_cluster_on,1,1
1784332788.674906,107.89376974105835,-200.0,200.0,0.2,6.271971748761146,12.536363467968838,1.0278590526966862,-0.0004198292159173121,0.37024334520102326,1784332788.6165679,None,None,None, None, 1784332788.6779072,0.9919611766173363,apf_waypoint,none,0.0,nan,nan,13.550867179292412,-0.00127461374902239,nan,nan,nan,WEBOTS_UNKNOWN,ekf_on_cluster_on,1,1
1784332788.7725704,107.99143409729004,-200.0,200.0,0.2,6.271960562223241,12.606044780307831,1.0270776444773877,-0.00043318175265001115,0.37020896810012077,1784332788.7755702,None,None,None, None, 1784332788.7595463,1.0037294419318454,apf_waypoint,none,0.0,nan,nan,13.167595878101606,-0.001127313938689216,nan,nan,nan,WEBOTS_UNKNOWN,ekf_on_cluster_on,1,1
1784332788.8712258,108.09008955955505,-200.0,200.0,0.2,6.2719090295387465,12.675729582757576,1.0262954174900765,-0.0008098107646618127,0.3701444725254814,1784332788.8822334,None,None,None, None, 1784332788.8697197,0.9246044146486937,apf_waypoint,none,0.0,nan,nan,12.784305359672203,-0.00046850436501773106,nan,nan,nan,WEBOTS_UNKNOWN,ekf_on_cluster_on,1,1
1784332788.9724915,108.19135522842407,-200.0,200.0,0.2,6.27190916311258,12.745414809496634,1.0255095942186476,-0.0005151460605442543,0.3700895253842455,1784332788.9724915,None,None,None, None, 1784332788.9424663,1.0608025036586466,apf_waypoint,none,0.0,nan,nan,12.401012244092673,-0.00047016081576583055,nan,nan,nan,WEBOTS_UNKNOWN,ekf_on_cluster_on,1,1
1784332789.0711424,108.29000616073608,-200.0,200.0,0.2,6.271914147035366,12.815100098237151,1.0247237795573583,-0.0004399038036618514,0.37004934810818635,1784332789.0638235,None,None,None, None, 1784332789.0262167,0.9355133350627434,apf_waypoint,none,0.0,nan,nan,12.017718785630967,-0.0005300561982584714,nan,nan,nan,WEBOTS_UNKNOWN,ekf_on_cluster_on,1,1
1784332789.1715324,108.39039611816406,-200.0,200.0,0.2,6.272786328577073,12.40060305452396,1.029925757953512,-0.0004885747080792776,0.370003084694844,1784332789.158514,12.39420840559286,1.0300048348025417,6.274475338322605, 1784332789.170025, 1784332789.148509,1.0230617483858777,apf_waypoint,none,0.0,nan,nan,14.297621748709801,-0.015914546270342573,nan,nan,nan,WEBOTS_UNKNOWN,ekf_on_cluster_on,1,1
1784332789.2714114,108.49027514457703,-200.0,200.0,0.2,6.2727914041724055,12.443330694941968,1.029481418118168,-0.00032982101389895284,0.36997708985711913,1784332789.237329,None,None,None, None, 1784332789.2179534,1.0618937935541974,apf_waypoint,none,0.0,nan,nan,14.062606938468102,-0.015985922372686992,nan,nan,nan,WEBOTS_UNKNOWN,ekf_on_cluster_on,1,1
1784332789.372275,108.59113883972168,-200.0,200.0,0.2,6.2727542507849545,12.504914719759753,1.0288412966857943,-0.000707107951786809,0.36992177084675754,1784332789.3155618,None,None,None, None, 1784332789.3867867,0.9585359854202041,apf_waypoint,none,0.0,nan,nan,13.723877089524468,-0.015476033860648277,nan,nan,nan,WEBOTS_UNKNOWN,ekf_on_cluster_on,1,1
1784332789.47181,108.690673828125,-200.0,200.0,0.2,6.272764216804583,12.573116324863177,1.0281298560933447,-0.000373402341374468,0.3698858374379621,1784332789.4117942,None,None,None, None, 1784332789.3867867,0.9585359854202041,apf_waypoint,none,0.0,nan,nan,13.348747698411634,-0.015609067742995093,nan,nan,nan,WEBOTS_UNKNOWN,ekf_on_cluster_on,1,1
1784332789.572743,108.79160666465759,-200.0,200.0,0.2,6.272750166527247,12.642591448079447,1.0274058233455294,-0.0005284780827371637,0.36984433084949947,1784332789.5807383,None,None,None, None, 1784332789.562711,1.090504679436911,apf_waypoint,none,0.0,nan,nan,12.966613989236805,-0.01542688322187405,nan,nan,nan,WEBOTS_UNKNOWN,ekf_on_cluster_on,1,1
1784332789.671803,108.89066672325134,-200.0,200.0,0.2,6.272774713343075,12.712249109563281,1.0266789094651667,-0.00020680506346505096,0.3698103201441459,1784332789.6547918,None,None,None, None, 1784332789.6377714,0.9498009620385731,apf_waypoint,none,0.0,nan,nan,12.583475608430893,-0.015735767484819446,nan,nan,nan,WEBOTS_UNKNOWN,ekf_on_cluster_on,1,1
1784332789.7718198,108.99068355560303,-200.0,200.0,0.2,6.2727626232729525,12.781931302356082,1.0259534502496386,-0.00041919699195521533,0.3697833438644843,1784332789.719144,None,None,None, None, 1784332789.7637694,0.9202738095660302,apf_waypoint,none,0.0,nan,nan,12.200202967969386,-0.015588266176567079,nan,nan,nan,WEBOTS_UNKNOWN,ekf_on_cluster_on,1,1
1784332789.873968,109.0928316116333,-200.0,200.0,0.2,6.272754813550529,12.851616746536953,1.0252271145906768,-0.00040504142990349304,0.36975065599096596,1784332789.902526,None,None,None, None, 1784332789.8318844,1.0945436666379638,apf_waypoint,none,0.0,nan,nan,11.816912327656585,-0.015495979371859907,nan,nan,nan,WEBOTS_UNKNOWN,ekf_on_cluster_on,1,1
1784332789.9714596,109.19032335281372,-200.0,200.0,0.2,6.272750966191646,12.92130261809242,1.0245002301906805,-0.00037706149465557316,0.3696878350329706,1784332789.9664533,None,None,None, None, 1784332789.928376,1.0327160302807201,apf_waypoint,none,0.0,nan,nan,11.433619243597919,-0.01545199013541249,nan,nan,nan,WEBOTS_UNKNOWN,ekf_on_cluster_on,1,1
1784332790.0719612,109.29082489013672,-200.0,200.0,0.2,6.2727456810191455,12.990988544375641,1.0237730770838769,-0.00038220129366278103,0.3696605222873632,1784332790.037915,None,None,None, None, 1784332790.014092,1.0155560350045794,apf_waypoint,none,0.0,nan,nan,11.05032586511346,-0.015393587257243976,nan,nan,nan,WEBOTS_UNKNOWN,ekf_on_cluster_on,1,1
1784332790.1712215,109.39008522033691,-200.0,200.0,0.2,6.272548626612818,13.060674474458661,1.0230455555951397,-0.0020700155937842745,0.3695143899761961,1784332790.1085098,None,None,None, None, 1784332790.1762996,1.0183247047989057,apf_waypoint,none,0.0,nan,nan,10.667035189344555,-0.01329160124239635,nan,nan,nan,WEBOTS_UNKNOWN,ekf_on_cluster_on,1,1
1784332790.2719398,109.49080348014832,-200.0,200.0,0.2,6.272915006128129,12.569921380596186,1.028436708736311,-0.00019953648878918675,0.3694829782445022,1784332790.2659333,12.564015739173403,1.0285014037989333,6.273801269552064, 1784332790.171221, 1784332790.2484212,1.0887018416291703,apf_waypoint,none,0.0,nan,nan,13.366333792474904,-0.01912904817826786,nan,nan,nan,WEBOTS_UNKNOWN,ekf_on_cluster_on,1,1
1784332790.374507,109.59337067604065,-200.0,200.0,0.2,6.272929394467385,12.609169205513115,1.0280336075857863,-0.0004406027033735953,0.3694494788987955,1784332790.341964,None,None,None, None, 1784332790.3165267,0.9111915539868437,apf_waypoint,none,0.0,nan,nan,13.150459093817288,-0.019318261447075352,nan,nan,nan,WEBOTS_UNKNOWN,ekf_on_cluster_on,1,1
1784332790.47156,109.69042372703552,-200.0,200.0,0.2,6.272935327997271,12.669048431784336,1.0274194699352908,-0.00043883747628415375,0.36940546451388545,1784332790.4422617,None,None,None, None, 1784332790.4700532,1.0945551181875226,apf_waypoint,none,0.0,nan,nan,12.82110591333169,-0.019394335862514434,nan,nan,nan,WEBOTS_UNKNOWN,ekf_on_cluster_on,1,1
1784332790.5711925,109.7900562286377,-200.0,200.0,0.2,6.272941653377206,12.736833788914197,1.0267246471024976,-0.0003835430277324656,0.3693688699004194,1784332790.5376737,None,None,None, None, 1784332790.5456727,0.9919548427365339,apf_waypoint,none,0.0,nan,nan,12.448266740741591,-0.01947307587957535,nan,nan,nan,WEBOTS_UNKNOWN,ekf_on_cluster_on,1,1
1784332790.674182,109.89304566383362,-200.0,200.0,0.2,6.2728502758351485,12.806244978371113,1.0260135980368101,-0.0012265164270133212,0.36927551607325854,1784332790.6137867,None,None,None, None, 1784332790.6273685,1.0312810451077008,apf_waypoint,none,0.0,nan,nan,12.066486897292222,-0.018370470043861515,nan,nan,nan,WEBOTS_UNKNOWN,ekf_on_cluster_on,1,1
1784332790.7755167,109.99438047409058,-200.0,200.0,0.2,6.2728914177627,12.875894011755586,1.02529374746372,-0.00033567035930866744,0.36924595201238625,1784332790.7795177,None,None,None, None, 1784332790.7795177,1.0189685145611218,apf_waypoint,none,0.0,nan,nan,11.68339598869582,-0.018851147491007095,nan,nan,nan,WEBOTS_UNKNOWN,ekf_on_cluster_on,1,1
1784332790.8711264,110.08999013900757,-200.0,200.0,0.2,6.272907535296544,12.945575129893323,1.0245764324024238,-0.00036841957333302834,0.3691891234154702,1784332790.856111,None,None,None, None, 1784332790.8425846,1.0125217640908148,apf_waypoint,none,0.0,nan,nan,11.30012922756193,-0.01903327770873358,nan,nan,nan,WEBOTS_UNKNOWN,ekf_on_cluster_on,1,1
1784332790.9723394,110.1912031173706,-200.0,200.0,0.2,6.272883290799855,13.015260524707115,1.023860196591488,-0.0006369266658367834,0.36913774413637507,1784332790.9367785,None,None,None, None, 1784332790.923261,0.9132763474658165,apf_waypoint,none,0.0,nan,nan,10.916839770553905,-0.018768604428600615,nan,nan,nan,WEBOTS_UNKNOWN,ekf_on_cluster_on,1,1
1784332791.0721695,110.29103326797485,-200.0,200.0,0.2,6.2728951638394905,13.084946468646583,1.0231422654570275,-0.00037808397107062173,0.3691089025848214,1784332791.013062,None,None,None, None, 1784332791.0080624,0.9986399697154568,apf_waypoint,none,0.0,nan,nan,10.53354651574376,-0.018893669645217496,nan,nan,nan,WEBOTS_UNKNOWN,ekf_on_cluster_on,1,1
1784332791.175454,110.39431762695312,-200.0,200.0,0.2,6.272896084595274,13.15463249635929,1.0224251609321888,-0.0004024419734338114,0.369071220473238,1784332791.1834624,None,None,None, None, 1784332791.1634164,0.9407422335514602,apf_waypoint,none,0.0,nan,nan,10.150253053196085,-0.018903015549428904,nan,nan,nan,WEBOTS_UNKNOWN,ekf_on_cluster_on,1,1
1784332791.2753873,110.49425101280212,-200.0,200.0,0.2,6.273005330148205,12.73379011292804,1.026880061966912,-0.00019350231244271207,0.36904192337543956,1784332791.2581,12.727471810839038,1.0269466796944942,6.273171882655283, 1784332791.173454, 1784332791.231056,0.9294386553792716,apf_waypoint,none,0.0,nan,nan,12.465013527550934,-0.02095006664289317,nan,nan,nan,WEBOTS_UNKNOWN,ekf_on_cluster_on,1,1
1784332791.371838,110.59070181846619,-200.0,200.0,0.2,6.272997124813316,12.776024141030922,1.026450105678379,-0.00036747439242866244,0.3690181585996871,1784332791.3227706,None,None,None, None, 1784332791.3663332,0.951018358103502,apf_waypoint,none,0.0,nan,nan,12.232714507772505,-0.02084969312445968,nan,nan,nan,WEBOTS_UNKNOWN,ekf_on_cluster_on,1,1
1784332791.4713254,110.69018912315369,-200.0,200.0,0.2,6.272986949385789,12.837375593361429,1.0258250242658296,-0.0003976037901701679,0.3689633284228954,1784332791.4606721,None,None,None, None, 1784332791.435969,1.0018417439851637,apf_waypoint,none,0.0,nan,nan,11.895264218122534,-0.020728653726565703,nan,nan,nan,WEBOTS_UNKNOWN,ekf_on_cluster_on,1,1
1784332791.5719984,110.79086208343506,-200.0,200.0,0.2,6.272985747068269,12.905522665528132,1.02513001194584,-0.00033046795824223223,0.36894176383929944,1784332791.5259268,None,None,None, None, 1784332791.5093868,0.9188334281727123,apf_waypoint,none,0.0,nan,nan,11.520435853993973,-0.0207148025047126,nan,nan,nan,WEBOTS_UNKNOWN,ekf_on_cluster_on,1,1
1784332791.6720603,110.8909239768982,-200.0,200.0,0.2,6.272856485670828,12.974989656375874,1.0244214546261172,-0.0014846305968825694,0.36873376107189837,1784332791.666031,None,None,None, None, 1784332791.65352,0.9921624496579059,apf_waypoint,none,0.0,nan,nan,11.138350114555136,-0.01927504396875766,nan,nan,nan,WEBOTS_UNKNOWN,ekf_on_cluster_on,1,1
1784332791.772227,110.99109077453613,-200.0,200.0,0.2,6.272900343076556,13.044646271526116,1.0237019582947624,-0.0003692593887052214,0.3687047089615324,1784332791.7447076,None,None,None, None, 1784332791.7447076,0.9891253138843203,apf_waypoint,none,0.0,nan,nan,10.755217438589758,-0.019746739922499177,nan,nan,nan,WEBOTS_UNKNOWN,ekf_on_cluster_on,1,1
1784332791.8714619,111.09032559394836,-200.0,200.0,0.2,6.272920049679838,13.11432840541558,1.0229852547778262,-0.00038094190446270876,0.36867438404216624,1784332791.8243127,None,None,None, None, 1784332791.8243127,1.082089163842798,apf_waypoint,none,0.0,nan,nan,10.371945039871516,-0.019951135732519575,nan,nan,nan,WEBOTS_UNKNOWN,ekf_on_cluster_on,1,1
1784332791.975735,111.19459867477417,-200.0,200.0,0.2,6.272926556827209,13.184013943280712,1.0222698896601339,-0.0003932188283372718,0.36863670602115645,1784332791.9201322,None,None,None, None, 1784332791.990759,1.0223296226106695,apf_waypoint,none,0.0,nan,nan,9.98865425702987,-0.02001613337823287,nan,nan,nan,WEBOTS_UNKNOWN,ekf_on_cluster_on,1,1
1784332792.0760086,111.29487228393555,-200.0,200.0,0.2,6.272927582439924,13.253699936046432,1.0215549733773868,-0.0003905229458090395,0.3685954400297738,1784332792.0258007,None,None,None, None, 1784332792.0770154,0.9339312609859481,apf_waypoint,none,0.0,nan,nan,9.605361107201587,-0.020025984758724347,nan,nan,nan,WEBOTS_UNKNOWN,ekf_on_cluster_on,1,1
1784332792.172248,111.39111161231995,-200.0,200.0,0.2,6.27293063512073,13.32338598933702,1.0208401279521322,-0.0003442335978663942,0.36856919096059826,1784332792.1020544,None,None,None, None, 1784332792.1532211,1.0134307431768506,apf_waypoint,none,0.0,nan,nan,9.222067587859721,-0.02005413678753375,nan,nan,nan,WEBOTS_UNKNOWN,ekf_on_cluster_on,1,1
1784332792.2729504,111.49181413650513,-200.0,200.0,0.2,6.272759666083702,12.899038836272133,1.0252060248542645,-0.000898251294514859,0.36850074142034045,1784332792.2759516,12.89251528177639,1.0252731116636657,6.272554565505316, 1784332792.176256, 1784332792.2549224,1.0774945692891023,apf_waypoint,none,0.0,nan,nan,11.556103724230303,-0.018156516105681912,nan,nan,nan,WEBOTS_UNKNOWN,ekf_on_cluster_on,1,1
1784332792.3714094,111.59027314186096,-200.0,200.0,0.2,6.272789800631454,12.940813848602225,1.0247704777883706,-0.00021892002839757108,0.36846406526513703,1784332792.3457897,None,None,None, None, 1784332792.3457897,1.0611820022587635,apf_waypoint,none,0.0,nan,nan,11.326328116662797,-0.018497829889518147,nan,nan,nan,WEBOTS_UNKNOWN,ekf_on_cluster_on,1,1
1784332792.4712343,111.69009804725647,-200.0,200.0,0.2,6.272794339425986,13.001946144284442,1.0241349537151727,-0.000336537446778296,0.36843546967915725,1784332792.4307597,None,None,None, None, 1784332792.4307597,0.9776288594086385,apf_waypoint,none,0.0,nan,nan,10.99008223804061,-0.01854771161487928,nan,nan,nan,WEBOTS_UNKNOWN,ekf_on_cluster_on,1,1
1784332792.5737872,111.79265093803406,-200.0,200.0,0.2,6.272790803717428,13.07004098034188,1.0234273570024026,-0.0003729108219317402,0.36840725587234524,1784332792.5938132,None,None,None, None, 1784332792.5084233,1.0761660876950527,apf_waypoint,none,0.0,nan,nan,10.615540485365505,-0.018510178157653337,nan,nan,nan,WEBOTS_UNKNOWN,ekf_on_cluster_on,1,1
1784332792.674415,111.89327883720398,-200.0,200.0,0.2,6.272787466847675,13.13949989838798,1.0227053400344972,-0.0003625646364889183,0.3683501648116049,1784332792.6638825,None,None,None, None, 1784332792.6774132,1.0449975137773608,apf_waypoint,none,0.0,nan,nan,10.233495858863552,-0.018476030314957568,nan,nan,nan,WEBOTS_UNKNOWN,ekf_on_cluster_on,1,1
1784332792.7715344,111.99039816856384,-200.0,200.0,0.2,6.272752433141089,13.209155388808297,1.0219810472643531,-0.0006386764334536727,0.36829611635795234,1784332792.7485082,None,None,None, None, 1784332792.7535093,1.0286589731710631,apf_waypoint,none,0.0,nan,nan,9.850370592132474,-0.018130935333062183,nan,nan,nan,WEBOTS_UNKNOWN,ekf_on_cluster_on,1,1
1784332792.8711936,112.09005737304688,-200.0,200.0,0.2,6.272779780405698,13.2788372727702,1.0212540385689686,-0.00018780020258874318,0.368275238868037,1784332792.8596768,None,None,None, None, 1784332792.8596768,1.0997147484387964,apf_waypoint,none,0.0,nan,nan,9.467098872608332,-0.01838983459785799,nan,nan,nan,WEBOTS_UNKNOWN,ekf_on_cluster_on,1,1
1784332792.977036,112.19589972496033,-200.0,200.0,0.2,6.272772725336774,13.348522690589133,1.0205288989164196,-0.00036845806743856266,0.3682492951157147,1784332792.9300885,None,None,None, None, 1784332792.9456003,1.094934306896885,apf_waypoint,none,0.0,nan,nan,9.083808453917266,-0.018325747703582567,nan,nan,nan,WEBOTS_UNKNOWN,ekf_on_cluster_on,1,1
1784332793.0727906,112.29165434837341,-200.0,200.0,0.2,6.272769009181682,13.418208570027518,1.019803262768349,-0.00034514826557935564,0.36821127642413193,1784332793.0402403,None,None,None, None, 1784332793.040745,1.0803765948822552,apf_waypoint,none,0.0,nan,nan,8.70051540655876,-0.018293415239076957,nan,nan,nan,WEBOTS_UNKNOWN,ekf_on_cluster_on,1,1
1784332793.1710653,112.3899290561676,-200.0,200.0,0.2,6.272764707433459,13.48789450875033,1.0190773670111068,-0.00034420952991999064,0.3681797611308871,1784332793.1317987,None,None,None, None, 1784332793.1327987,1.0442142859556425,apf_waypoint,none,0.0,nan,nan,8.317222028859067,-0.018257636644159286,nan,nan,nan,WEBOTS_UNKNOWN,ekf_on_cluster_on,1,1
1784332793.2716308,112.4904944896698,-200.0,200.0,0.2,6.27247752609356,13.067208125452122,1.0233964869331065,-0.00037845394773231575,0.36815146973343577,1784332793.206554,13.060731724397774,1.0234631209682092,6.271943129194265, 1784332793.189519, 1784332793.2751412,0.9244320935509214,apf_waypoint,none,0.0,nan,nan,10.631123753967524,-0.014847958799736603,nan,nan,nan,WEBOTS_UNKNOWN,ekf_on_cluster_on,1,1
1784332793.37215,112.59101366996765,-200.0,200.0,0.2,6.2724780598256755,13.109339296261114,1.0229453383366696,-0.0003229950524130207,0.36812510988769237,1784332793.2881646,None,None,None, None, 1784332793.353756,0.906544480798527,apf_waypoint,none,0.0,nan,nan,10.399389021763705,-0.014853509287639902,nan,nan,nan,WEBOTS_UNKNOWN,ekf_on_cluster_on,1,1
1784332793.4731157,112.69197940826416,-200.0,200.0,0.2,6.272395352500091,13.170641663658733,1.0222889336408338,-0.0011256605395943626,0.3679302851605173,1784332793.4612405,None,None,None, None, 1784332793.4271867,0.9871825174865868,apf_waypoint,none,0.0,nan,nan,10.06220786718043,-0.014021291034373403,nan,nan,nan,WEBOTS_UNKNOWN,ekf_on_cluster_on,1,1
1784332793.5740554,112.79291915893555,-200.0,200.0,0.2,6.272421442994628,13.238776767633505,1.0215537304250906,-0.00037375545765409575,0.3678986354291978,1784332793.5459208,None,None,None, None, 1784332793.4991596,0.9901687912861855,apf_waypoint,none,0.0,nan,nan,9.687442610762139,-0.014274041207718824,nan,nan,nan,WEBOTS_UNKNOWN,ekf_on_cluster_on,1,1
1784332793.6714058,112.89026951789856,-200.0,200.0,0.2,6.272438447532031,13.308241592628244,1.0208059916051266,-0.0003260333542197439,0.3678704671474673,1784332793.6323178,None,None,None, None, 1784332793.6000955,1.0331921246885,apf_waypoint,none,0.0,nan,nan,9.305363695471023,-0.014432274614806931,nan,nan,nan,WEBOTS_UNKNOWN,ekf_on_cluster_on,1,1
1784332793.773103,112.99196672439575,-200.0,200.0,0.2,6.272441485806313,13.377897663682333,1.0200573787653415,-0.0003612877219715362,0.36784133132705615,1784332793.7129622,None,None,None, None, 1784332793.7540612,0.9079515936528105,apf_waypoint,none,0.0,nan,nan,8.922233136168126,-0.014459382806348455,nan,nan,nan,WEBOTS_UNKNOWN,ekf_on_cluster_on,1,1
1784332793.8751159,113.09397959709167,-200.0,200.0,0.2,6.272445469212469,13.447579429796352,1.019308701510487,-0.00031798299596840537,0.3677918405653545,1784332793.8686018,None,None,None, None, 1784332793.8490615,1.0464356193153403,apf_waypoint,none,0.0,nan,nan,8.538961244612496,-0.014493396957251515,nan,nan,nan,WEBOTS_UNKNOWN,ekf_on_cluster_on,1,1
1784332793.9718132,113.19067692756653,-200.0,200.0,0.2,6.272442058219153,13.51726461611722,1.018560265124559,-0.00034740721907370405,0.36775981250456746,1784332793.9607935,None,None,None, None, 1784332793.9447658,1.0197789890461026,apf_waypoint,none,0.0,nan,nan,8.155670664289524,-0.014465578019210166,nan,nan,nan,WEBOTS_UNKNOWN,ekf_on_cluster_on,1,1
1784332794.071515,113.29037880897522,-200.0,200.0,0.2,6.272279797256919,13.586950253770217,1.0178115861665389,-0.0017432048052091894,0.3676388526679633,1784332794.0301828,None,None,None, None, 1784332794.020002,1.0003457408382972,apf_waypoint,none,0.0,nan,nan,7.772379782943704,-0.013204424376145612,nan,nan,nan,WEBOTS_UNKNOWN,ekf_on_cluster_on,1,1
1784332794.1714926,113.39035630226135,-200.0,200.0,0.2,6.27235985658381,13.656635828790952,1.0170515993079952,-0.00016518701628357246,0.3676212705052873,1784332794.1366208,None,None,None, None, 1784332794.1376228,0.9241345145892104,apf_waypoint,none,0.0,nan,nan,7.38908524716466,-0.013795989610951902,nan,nan,nan,WEBOTS_UNKNOWN,ekf_on_cluster_on,1,1
1784332794.2730973,113.49196100234985,-200.0,200.0,0.2,6.272039111799204,13.236994857057317,1.0214641199626049,-0.00016518701628357246,0.3675882331020306,1784332794.2730973,13.230532267474587,1.0215323601482136,6.271343070161159, 1784332794.19074, 1784332794.246317,0.9004874432410391,apf_waypoint,none,0.0,nan,nan,9.697241766138365,-0.009968165695485885,nan,nan,nan,WEBOTS_UNKNOWN,ekf_on_cluster_on,1,1
1784332794.3719254,113.59078907966614,-200.0,200.0,0.2,6.2720413566186854,13.279227057779524,1.0209933721069777,-0.0003439954025824435,0.3675100502708881,1784332794.3638995,None,None,None, None, 1784332794.336382,0.9773171647770605,apf_waypoint,none,0.0,nan,nan,9.464950210235425,-0.00998941280013366,nan,nan,nan,WEBOTS_UNKNOWN,ekf_on_cluster_on,1,1
1784332794.4731503,113.69201397895813,-200.0,200.0,0.2,6.2719372194002245,13.34057722435656,1.020309660580667,-0.0013675760831146626,0.3673729833662852,1784332794.4641256,None,None,None, None, 1784332794.4290793,1.0746337919473585,apf_waypoint,none,0.0,nan,nan,9.127504331692187,-0.009038899938271002,nan,nan,nan,WEBOTS_UNKNOWN,ekf_on_cluster_on,1,1
1784332794.5721035,113.79096722602844,-200.0,200.0,0.2,6.27199579508492,13.40872337364141,1.0195431143837377,-0.000182247383455778,0.3673537615715009,1784332794.5695965,None,None,None, None, 1784332794.5415654,0.9425061753037496,apf_waypoint,none,0.0,nan,nan,8.75267625490806,-0.009551593958913912,nan,nan,nan,WEBOTS_UNKNOWN,ekf_on_cluster_on,1,1
1784332794.672126,113.89098978042603,-200.0,200.0,0.2,6.271927119156959,13.478189605377832,1.018765788701547,-0.0010914567721925414,0.3672566391081041,1784332794.6585808,None,None,None, None, 1784332794.6390538,0.9607721638876289,apf_waypoint,none,0.0,nan,nan,8.37058869712171,-0.008976736034177315,nan,nan,nan,WEBOTS_UNKNOWN,ekf_on_cluster_on,1,1
1784332794.7722888,113.99115252494812,-200.0,200.0,0.2,6.271966044194037,13.547845519179655,1.017981556193812,-0.00033987616032450305,0.3672181642526384,1784332794.7717834,None,None,None, None, 1784332794.7267172,0.9717933935299744,apf_waypoint,none,0.0,nan,nan,7.9874565356324965,-0.009287648082943311,nan,nan,nan,WEBOTS_UNKNOWN,ekf_on_cluster_on,1,1
1784332794.8734362,114.0922999382019,-200.0,200.0,0.2,6.271984612374483,13.617526952706653,1.0171997490630809,-0.00033987616032450305,0.3671501890205735,1784332794.8859527,None,None,None, None, 1784332794.835884,0.9017030832490031,apf_waypoint,none,0.0,nan,nan,7.6041843561409275,-0.009428843951834815,nan,nan,nan,WEBOTS_UNKNOWN,ekf_on_cluster_on,1,1
1784332794.9729297,114.19179344177246,-200.0,200.0,0.2,6.2719922568869855,13.687211790840122,1.0164191978168329,-0.0003392117821480617,0.36711146142877016,1784332794.977038,None,None,None, None, 1784332794.9082625,1.018308796215274,apf_waypoint,none,0.0,nan,nan,7.220893631395788,-0.009484044163753081,nan,nan,nan,WEBOTS_UNKNOWN,ekf_on_cluster_on,1,1
1784332795.0753422,114.29420590400696,-200.0,200.0,0.2,6.271985336135813,13.756897085225132,1.0156391742369324,-0.0004154289857236838,0.3670373625495822,1784332795.0643198,None,None,None, None, 1784332795.0110462,1.0987594999377064,apf_waypoint,none,0.0,nan,nan,6.837600567681832,-0.009436722831835555,nan,nan,nan,WEBOTS_UNKNOWN,ekf_on_cluster_on,1,1
1784332795.1754336,114.3942973613739,-200.0,200.0,0.2,6.272000383602377,13.826582434018054,1.0148586677125928,-0.00022439603247452377,0.3670156957778814,1784332795.1608758,None,None,None, None, 1784332795.1799536,1.0708396463329206,apf_waypoint,none,0.0,nan,nan,6.4543069668011865,-0.009533843801184456,nan,nan,nan,WEBOTS_UNKNOWN,ekf_on_cluster_on,1,1
1784332795.271145,114.49000883102417,-200.0,200.0,0.2,6.2715732452028945,13.400533438408605,1.0195063879268595,-0.00041280102862463404,0.3669747587061166,1784332795.2600448,13.393986220703098,1.0195780652605981,6.270780784654313, 1784332795.192462, 1784332795.271145,1.0163732314673437,apf_waypoint,none,0.0,nan,nan,8.79771877091801,-0.005128119562446307,nan,nan,nan,WEBOTS_UNKNOWN,ekf_on_cluster_on,1,1
1784332795.3717642,114.59062790870667,-200.0,200.0,0.2,6.27157455183318,13.442141228045966,1.0190232139776263,-0.0003238914197698959,0.3669493702083722,1784332795.3384306,None,None,None, None, 1784332795.3464406,1.0467839852496574,apf_waypoint,none,0.0,nan,nan,8.568860491755208,-0.005139315895083156,nan,nan,nan,WEBOTS_UNKNOWN,ekf_on_cluster_on,1,1
1784332795.4737015,114.69256520271301,-200.0,200.0,0.2,6.271566035312154,13.50319250648911,1.0183143306649833,-0.0003958331949107961,0.3669201091759304,1784332795.4123533,None,None,None, None, 1784332795.4228745,0.9916675923589408,apf_waypoint,none,0.0,nan,nan,8.233055869189686,-0.005069198901848183,nan,nan,nan,WEBOTS_UNKNOWN,ekf_on_cluster_on,1,1
1784332795.5712306,114.79009437561035,-200.0,200.0,0.2,6.271562979385884,13.571267194907328,1.017523316755043,-0.00035504533660052394,0.36686547797384633,1784332795.5662243,None,None,None, None, 1784332795.567231,1.0664261727775723,apf_waypoint,none,0.0,nan,nan,7.858619822793933,-0.005045183539107356,nan,nan,nan,WEBOTS_UNKNOWN,ekf_on_cluster_on,1,1
1784332795.6714911,114.89035487174988,-200.0,200.0,0.2,6.271568675221765,13.640722237790998,1.0167160511313187,-0.000265734113691909,0.36684411403079226,1784332795.6466203,None,None,None, None, 1784332795.6476276,0.9663338739375887,apf_waypoint,none,0.0,nan,nan,7.476591256444832,-0.005087768975937396,nan,nan,nan,WEBOTS_UNKNOWN,ekf_on_cluster_on,1,1
1784332795.7714224,114.99028611183167,-200.0,200.0,0.2,6.271402303021725,13.71037639542484,1.0159068680187149,-0.0017718985961274487,0.3667170450737181,1784332795.7183337,None,None,None, None, 1784332795.7243345,0.9941248241812347,apf_waypoint,none,0.0,nan,nan,7.093468287507141,-0.003907613110558006,nan,nan,nan,WEBOTS_UNKNOWN,ekf_on_cluster_on,1,1
1784332795.8715823,115.09044599533081,-200.0,200.0,0.2,6.271462411361673,13.780057180885743,1.0150857810338711,-0.0003301743122162051,0.3666907507291408,1784332795.7979715,None,None,None, None, 1784332795.7969744,1.084430918177704,apf_waypoint,none,0.0,nan,nan,6.71019711426596,-0.00431095192736576,nan,nan,nan,WEBOTS_UNKNOWN,ekf_on_cluster_on,1,1
1784332795.972225,115.19108867645264,-200.0,200.0,0.2,6.271489856710153,13.849741575880815,1.0142688407078417,-0.0003518207137069731,0.3666357849497881,1784332795.9542038,None,None,None, None, 1784332795.9542038,0.9121935678010656,apf_waypoint,none,0.0,nan,nan,6.3269064843006,-0.004484596082295843,nan,nan,nan,WEBOTS_UNKNOWN,ekf_on_cluster_on,1,1
1784332796.0722845,115.29114818572998,-200.0,200.0,0.2,6.271508846019497,13.919426466137908,1.0134538073639785,-0.00029185725849149505,0.36661284826021334,1784332796.0327926,None,None,None, None, 1784332796.0327926,0.9521985536971833,apf_waypoint,none,0.0,nan,nan,5.943613287855999,-0.004597461194459492,nan,nan,nan,WEBOTS_UNKNOWN,ekf_on_cluster_on,1,1
1784332796.1735373,115.39240097999573,-200.0,200.0,0.2,6.27151160978599,13.989111434644315,1.0126400965550604,-0.0003388018216097306,0.3665865844598116,1784332796.1103122,None,None,None, None, 1784332796.1193545,0.9486190338470848,apf_waypoint,none,0.0,nan,nan,5.560319819574048,-0.00461282862008429,nan,nan,nan,WEBOTS_UNKNOWN,ekf_on_cluster_on,1,1
1784332796.2737198,115.49258351325989,-200.0,200.0,0.2,6.27105676103686,13.573370212619459,1.0173375817674961,-0.0004189480205393597,0.3665259098209832,1784332796.2551384,13.566959135940357,1.017410366190959,6.270201312095893, 1784332796.200076, 1784332796.2747188,0.9827631294698613,apf_waypoint,none,0.0,nan,nan,7.847043233629861,-0.0001858207842553566,nan,nan,nan,WEBOTS_UNKNOWN,ekf_on_cluster_on,1,1
1784332796.3735313,115.59239506721497,-200.0,200.0,0.2,6.270971129206643,13.615977998774902,1.016820785926318,-0.001306091695375717,0.3664328573768382,1784332796.3263834,None,None,None, None, 1784332796.3458965,1.0628538978545627,apf_waypoint,none,0.0,nan,nan,7.612683160613546,0.000466067208561639,nan,nan,nan,WEBOTS_UNKNOWN,ekf_on_cluster_on,1,1
1784332796.4714847,115.69034838676453,-200.0,200.0,0.2,6.271010395391817,13.677504939837087,1.0160692475446444,-0.00033603251680428675,0.36639860729742957,1784332796.4283082,None,None,None, None, 1784332796.4365928,1.0559186242155785,apf_waypoint,none,0.0,nan,nan,7.274259753735773,0.00018043477828298855,nan,nan,nan,WEBOTS_UNKNOWN,ekf_on_cluster_on,1,1
1784332796.5736349,115.79249858856201,-200.0,200.0,0.2,6.270955291434102,13.745692145503003,1.015239033309738,-0.0010404814164751543,0.3662573345998797,1784332796.5640845,None,None,None, None, 1784332796.5165293,0.9563674854172259,apf_waypoint,none,0.0,nan,nan,6.89920230540372,0.0005606081310463992,nan,nan,nan,WEBOTS_UNKNOWN,ekf_on_cluster_on,1,1
1784332796.6710548,115.88991856575012,-200.0,200.0,0.2,6.27099658868288,13.81516387092108,1.014389350650311,-0.00032292337423924433,0.3662312763260107,1784332796.6447794,None,None,None, None, 1784332796.6537898,1.0425799340819195,apf_waypoint,none,0.0,nan,nan,6.517079255853521,0.00029147068803664876,nan,nan,nan,WEBOTS_UNKNOWN,ekf_on_cluster_on,1,1
1784332796.773759,115.99262261390686,-200.0,200.0,0.2,6.271015547959084,13.884819883742749,1.0135402910712028,-0.0003335265693126366,0.3662071421714908,1784332796.71714,None,None,None, None, 1784332796.7286518,0.986484567395998,apf_waypoint,none,0.0,nan,nan,6.1339427297980915,0.00017517557364057825,nan,nan,nan,WEBOTS_UNKNOWN,ekf_on_cluster_on,1,1
1784332796.8719516,116.09081530570984,-200.0,200.0,0.2,6.271022339961625,13.954500657023988,1.0126922509718863,-0.0003431725601093421,0.3661593468696038,1784332796.8564148,None,None,None, None, 1784332796.8108613,0.9165034459853815,apf_waypoint,none,0.0,nan,nan,5.75067009623764,0.0001361170077331282,nan,nan,nan,WEBOTS_UNKNOWN,ekf_on_cluster_on,1,1
1784332796.9717128,116.19057655334473,-200.0,200.0,0.2,6.271024905546548,14.024184726978252,1.0118446441153164,-0.0003314146866046873,0.3661385645502459,1784332796.9191227,None,None,None, None, 1784332796.949175,1.0158229126591216,apf_waypoint,none,0.0,nan,nan,5.367379360581598,0.00012234654017408836,nan,nan,nan,WEBOTS_UNKNOWN,ekf_on_cluster_on,1,1
1784332797.0771034,116.29596710205078,-200.0,200.0,0.2,6.2710213774177666,14.093869236221735,1.0109972107233944,-0.0003541636877160533,0.3660885495214097,1784332797.0603428,None,None,None, None, 1784332797.0298033,1.0112578145815385,apf_waypoint,none,0.0,nan,nan,4.98408621982193,0.0001399310382146201,nan,nan,nan,WEBOTS_UNKNOWN,ekf_on_cluster_on,1,1
1784332797.1725132,116.39137697219849,-200.0,200.0,0.2,6.2709412071583435,14.163553800529797,1.0101495307693449,-0.001022682670779638,0.3660042908684422,1784332797.1427326,None,None,None, None, 1784332797.210346,1.0231659524330567,apf_waypoint,none,0.0,nan,nan,4.600792734195969,0.0005087777865071573,nan,nan,nan,WEBOTS_UNKNOWN,ekf_on_cluster_on,1,1
1784332797.27196,116.49082374572754,-200.0,200.0,0.2,6.270519620167825,13.743228056937841,1.015108764887864,-0.00030013328376118735,0.3659770870534062,1784332797.2333717,13.736756438261715,1.0151855312185472,6.269647169029249, 1784332797.201344, 1784332797.2849948,1.0766330264236685,apf_waypoint,none,0.0,nan,nan,6.912743732054236,0.004454458010694973,nan,nan,nan,WEBOTS_UNKNOWN,ekf_on_cluster_on,1,1
1784332797.3719301,116.59079384803772,-200.0,200.0,0.2,6.270527909840396,13.785392558200446,1.0145746939530726,-0.0003645074266068479,0.3659478707807627,1784332797.3135245,None,None,None, None, 1784332797.3864503,0.9119076402139937,apf_waypoint,none,0.0,nan,nan,6.680820409525599,0.0043990761971428585,nan,nan,nan,WEBOTS_UNKNOWN,ekf_on_cluster_on,1,1
1784332797.4756088,116.69447255134583,-200.0,200.0,0.2,6.270464471339142,13.84670983494325,1.0137985353677592,-0.001018826658094109,0.36585726250709066,1784332797.4902081,None,None,None, None, 1784332797.4505434,1.0304060732287,apf_waypoint,none,0.0,nan,nan,6.34354807883812,0.004801501389288276,nan,nan,nan,WEBOTS_UNKNOWN,ekf_on_cluster_on,1,1
1784332797.5722268,116.79109048843384,-200.0,200.0,0.2,6.270501498149298,13.91484725720488,1.0129317236483464,-0.0002726574719468484,0.3658333368903751,1784332797.5767496,None,None,None, None, 1784332797.5431926,1.021730948867125,apf_waypoint,none,0.0,nan,nan,5.968762106616618,0.004580497171092389,nan,nan,nan,WEBOTS_UNKNOWN,ekf_on_cluster_on,1,1
1784332797.6738737,116.89273738861084,-200.0,200.0,0.2,6.270508798094151,13.984311106138717,1.0120506102025673,-0.0003745844432933183,0.36580091982289237,1784332797.676875,None,None,None, None, 1784332797.6298435,1.0356536024588385,apf_waypoint,none,0.0,nan,nan,5.5866802367016195,0.0045397147135742555,nan,nan,nan,WEBOTS_UNKNOWN,ekf_on_cluster_on,1,1
1784332797.7720428,116.99090647697449,-200.0,200.0,0.2,6.270537583582266,14.053965682546762,1.011167586032521,-0.00012825547522878427,0.3657880781727376,1784332797.7840703,None,None,None, None, 1784332797.7259393,0.9573559226023615,apf_waypoint,none,0.0,nan,nan,5.203549411991451,0.004389928005659132,nan,nan,nan,WEBOTS_UNKNOWN,ekf_on_cluster_on,1,1
1784332797.87192,117.0907838344574,-200.0,200.0,0.2,6.270532242653138,14.123645907495826,1.0102862428120014,-0.0003057126232016043,0.3657553072656205,1784332797.9039686,None,None,None, None, 1784332797.8110867,1.0691241176843405,apf_waypoint,none,0.0,nan,nan,4.820277496637935,0.004415672766210377,nan,nan,nan,WEBOTS_UNKNOWN,ekf_on_cluster_on,1,1
1784332797.9736152,117.19247889518738,-200.0,200.0,0.2,6.270448034604944,14.19332953574103,1.0094044843103511,-0.001007467128604232,0.3656345136502069,1784332797.9039686,None,None,None, None, 1784332797.9049695,0.9433043412399429,apf_waypoint,none,0.0,nan,nan,4.4369864717085985,0.0047893027533951376,nan,nan,nan,WEBOTS_UNKNOWN,ekf_on_cluster_on,1,1
1784332798.0718017,117.2906653881073,-200.0,200.0,0.2,6.270491390140616,14.263013542066926,1.0085168521245758,-0.00016445461157048828,0.3656078194335406,1784332798.0662882,None,None,None, None, 1784332798.0131402,1.09264369587728,apf_waypoint,none,0.0,nan,nan,4.05369354879272,0.00461355270252866,nan,nan,nan,WEBOTS_UNKNOWN,ekf_on_cluster_on,1,1
1784332798.175141,117.39400482177734,-200.0,200.0,0.2,6.270502139937473,14.332697647008821,1.0076322403628697,-0.000263574065887003,0.3655828319848915,1784332798.1610906,None,None,None, None, 1784332798.0993276,1.0093181022262205,apf_waypoint,none,0.0,nan,nan,3.6704001403124433,0.004574096646900978,nan,nan,nan,WEBOTS_UNKNOWN,ekf_on_cluster_on,1,1
1784332798.2719555,117.49081921577454,-200.0,200.0,0.2,6.2700476901365505,13.891090670990426,1.013091865560206,-0.00031234670418323486,0.3655497715814772,1784332798.2669358,13.884337993796864,1.0131756446963467,6.2691768037240365, 1784332798.203658, 1784332798.2211704,1.0316427675033792,apf_waypoint,none,0.0,nan,nan,6.099420932841308,0.008124991917071006,nan,nan,nan,WEBOTS_UNKNOWN,ekf_on_cluster_on,1,1
1784332798.3751583,117.59402203559875,-200.0,200.0,0.2,6.270048416974864,13.931153457746436,1.012565505727074,-0.0003004511066298463,0.36552670234817014,1784332798.3437178,None,None,None, None, 1784332798.315582,0.9595500372120482,apf_waypoint,none,0.0,nan,nan,5.879056594750466,0.008120718793495879,nan,nan,nan,WEBOTS_UNKNOWN,ekf_on_cluster_on,1,1
1784332798.471831,117.69069480895996,-200.0,200.0,0.2,6.269910052800207,13.991444114532516,1.0117734284229718,-0.0016568544811694178,0.36539163346225395,1784332798.425239,None,None,None, None, 1784332798.405202,0.9641352064774642,apf_waypoint,none,0.0,nan,nan,5.547428190357573,0.008888284199153261,nan,nan,nan,WEBOTS_UNKNOWN,ekf_on_cluster_on,1,1
1784332798.575251,117.79411482810974,-200.0,200.0,0.2,6.269961238616262,14.059331357704881,1.0108721550556052,-0.00034234807494837793,0.3653617990186831,1784332798.5123856,None,None,None, None, 1784332798.5033777,0.9179536934328076,apf_waypoint,none,0.0,nan,nan,5.174015897861152,0.008623447984552458,nan,nan,nan,WEBOTS_UNKNOWN,ekf_on_cluster_on,1,1
1784332798.67274,117.89160370826721,-200.0,200.0,0.2,6.269888942457551,14.128756369430647,1.0099540204200093,-0.0012376459259809565,0.36523957750584396,1784332798.6111388,None,None,None, None, 1784332798.666222,0.9587208557509741,apf_waypoint,none,0.0,nan,nan,4.7921443078597825,0.008969901633140027,nan,nan,nan,WEBOTS_UNKNOWN,ekf_on_cluster_on,1,1
1784332798.7738414,117.99270510673523,-200.0,200.0,0.2,6.269943594768291,14.19840517804931,1.009027889879621,-0.00031809175522400513,0.36519207378621127,1784332798.7604785,None,None,None, None, 1784332798.7484727,0.9989147714934085,apf_waypoint,none,0.0,nan,nan,4.409042479633467,0.008728937286632559,nan,nan,nan,WEBOTS_UNKNOWN,ekf_on_cluster_on,1,1
1784332798.8714154,118.09027910232544,-200.0,200.0,0.2,6.269828419730901,14.268084173696746,1.0081051667265202,-0.0015856911885508984,0.36509844615082543,1784332798.8195238,None,None,None, None, 1784332798.8099008,1.0302414409637064,apf_waypoint,none,0.0,nan,nan,4.025773370329153,0.009192605945029946,nan,nan,nan,WEBOTS_UNKNOWN,ekf_on_cluster_on,1,1
1784332798.9714386,118.19030237197876,-200.0,200.0,0.2,6.269898799380821,14.337767071774392,1.0071743647454505,-0.0003173449943001981,0.36505246502880706,1784332798.964417,None,None,None, None, 1784332798.9479432,0.9796725763609881,apf_waypoint,none,0.0,nan,nan,3.642483878647455,0.008936249227156606,nan,nan,nan,WEBOTS_UNKNOWN,ekf_on_cluster_on,1,1
1784332799.0718522,118.29071593284607,-200.0,200.0,0.2,6.269935467371936,14.407450567912127,1.0062484599462074,-0.0003060602571933971,0.3650284026575267,1784332799.0430367,None,None,None, None, 1784332799.0305269,1.0675997861015545,apf_waypoint,none,0.0,nan,nan,3.2591911442617985,0.008816741241188869,nan,nan,nan,WEBOTS_UNKNOWN,ekf_on_cluster_on,1,1
1784332799.172905,118.39176869392395,-194.81876538699296,195.4436293022541,0.2,6.269710684390516,14.477134168649378,1.0053251093646471,-0.002442229995884629,0.36485806334796395,1784332799.1127841,None,None,None, None, 1784332799.1127841,1.0614626984487399,apf_waypoint,none,0.0,nan,nan,2.875895641025479,0.009463193871263941,nan,nan,nan,WEBOTS_UNKNOWN,ekf_on_cluster_on,1,1
1784332799.2714791,118.49034285545349,-200.0,200.0,0.2,6.269236301202667,14.063667213429378,1.0106495105516822,-0.000313729342027318,0.36483668993515517,1784332799.2779899,14.057300400420667,1.0107321753057803,6.2686394494142474, 1784332799.214413, 1784332799.2644656,1.079225957242967,apf_waypoint,none,0.0,nan,nan,5.150146319721955,0.013266074695199082,nan,nan,nan,WEBOTS_UNKNOWN,ekf_on_cluster_on,1,1
1784332799.3781586,118.59702229499817,-200.0,200.0,0.2,6.269286592900863,14.105698118874857,1.0100631831717433,-0.000383911976037569,0.36476769971086553,1784332799.3606143,None,None,None, None, 1784332799.3516138,0.9226114367559494,apf_waypoint,none,0.0,nan,nan,4.9189545089785565,0.013018692136161115,nan,nan,nan,WEBOTS_UNKNOWN,ekf_on_cluster_on,1,1
1784332799.4729156,118.6917793750763,-200.0,200.0,0.2,6.269340526918085,14.166951122605374,1.0092117903510809,-0.00011952154600577271,0.3647568522496923,1784332799.4513717,None,None,None, None, 1784332799.43381,1.018651640317784,apf_waypoint,none,0.0,nan,nan,4.5820311419426645,0.01277156480833464,nan,nan,nan,WEBOTS_UNKNOWN,ekf_on_cluster_on,1,1
1784332799.571857,118.79072070121765,-200.0,200.0,0.2,6.26931481389171,14.235072513869971,1.0082686043944975,-0.000638636485477104,0.3646901641870461,1784332799.5557942,None,None,None, None, 1784332799.5262644,0.948045606887041,apf_waypoint,none,0.0,nan,nan,4.207327249570966,0.012879747929115778,nan,nan,nan,WEBOTS_UNKNOWN,ekf_on_cluster_on,1,1
1784332799.6720047,118.89086842536926,-200.0,200.0,0.2,6.26935364173598,14.30453298418153,1.0073050916162136,-0.00011574797744117166,0.3646797265128175,1784332799.64597,None,None,None, None, 1784332799.660491,0.954536369234791,apf_waypoint,none,0.0,nan,nan,3.825258407384329,0.012731221401017644,nan,nan,nan,WEBOTS_UNKNOWN,ekf_on_cluster_on,1,1
1784332799.772143,118.99100661277771,-200.0,200.0,0.2,6.2693766434880205,14.374186184358,1.0063416104107201,-9.084629318491537e-05,0.36467190043582387,1784332799.7321165,None,None,None, None, 1784332799.7616315,1.0096420287741943,apf_waypoint,none,0.0,nan,nan,3.442129449747601,0.012652046396275967,nan,nan,nan,WEBOTS_UNKNOWN,ekf_on_cluster_on,1,1
1784332799.8717802,119.09064388275146,-200.0,200.0,0.2,6.269385995410963,14.44386529788155,1.0053793738054697,-0.00011208967382602261,0.3646620008342872,1784332799.820435,None,None,None, None, 1784332799.8254366,0.9829813966915909,apf_waypoint,none,0.0,nan,nan,3.0588579031700562,0.012623440193425454,nan,nan,nan,WEBOTS_UNKNOWN,ekf_on_cluster_on,1,1
1784332799.9716718,119.19053554534912,-177.7269167705853,178.78321088894566,0.2,6.269388061530815,14.513547864115564,1.0044177413100517,-0.00013122153359183095,0.3646499930883518,1784332799.9119425,None,None,None, None, 1784332799.928969,1.0733562045068155,apf_waypoint,none,0.0,nan,nan,2.675567322246542,0.012617912150692703,nan,nan,nan,WEBOTS_UNKNOWN,ekf_on_cluster_on,1,1
1784332800.0716865,119.2905502319336,-144.59241390869082,146.0964964942581,0.2,6.26943495510447,14.578558389605124,1.0035207181990953,-0.00011891545681379286,0.3646366516220612,1784332800.0241354,None,None,None, None, 1784332800.0606637,0.9392156072005491,apf_waypoint,none,0.0,nan,nan,2.317975985431807,0.012509213986885058,nan,nan,nan,WEBOTS_UNKNOWN,ekf_on_cluster_on,1,1
1784332800.1785338,119.39739751815796,-114.17604789488645,116.13858778960187,0.2,6.269572177216025,14.63638295946481,1.0027255598901952,0.00037255329050451776,0.36466692662209665,1784332800.105399,None,None,None, None, 1784332800.1454723,1.018079153395882,apf_waypoint,none,0.0,nan,nan,1.9999124807480353,0.012234781889401906,nan,nan,nan,WEBOTS_UNKNOWN,ekf_on_cluster_on,1,1
1784332800.2810798,119.49994349479675,-200.0,200.0,0.2,6.269436720249761,14.231174662666456,1.0082059804190904,0.0016983357926148505,0.3648362259567624,1784332800.2050843,14.225150611806086,1.0082875152464867,6.268613905392718, 1784332800.220412, 1784332800.2450469,1.0801726829314715,apf_waypoint,none,0.0,nan,nan,4.228760208618651,0.013005982623006864,nan,nan,nan,WEBOTS_UNKNOWN,ekf_on_cluster_on,1,1
1784332800.3836637,119.60252737998962,-200.0,200.0,0.2,6.269475249730523,14.259560842333046,1.0078156859684024,0.0006201666978339471,0.36489890719478885,1784332800.306156,None,None,None, None, 1784332800.3537176,0.9071335814906596,apf_waypoint,none,0.0,nan,nan,4.0726219618185135,0.012849066623053117,nan,nan,nan,WEBOTS_UNKNOWN,ekf_on_cluster_on,1,1
1784332800.471712,119.69057583808899,-200.0,200.0,0.2,6.269535485601091,14.313147926764838,1.007080957927187,0.0009534780462978527,0.36505485434446433,1784332800.469712,None,None,None, None, 1784332800.4426823,1.035518599447146,apf_waypoint,none,0.0,nan,nan,3.7778660629306806,0.012621503594898754,nan,nan,nan,WEBOTS_UNKNOWN,ekf_on_cluster_on,1,1
1784332800.5955234,119.81438708305359,-200.0,200.0,0.2,6.26959869043902,14.379081540008338,1.0061809199720475,0.0011702433884169723,0.36515101325494015,1784332800.551882,None,None,None, None, 1784332800.523851,1.0951582034384764,apf_waypoint,none,0.0,nan,nan,3.4151981957522213,0.012405646571364778,nan,nan,nan,WEBOTS_UNKNOWN,ekf_on_cluster_on,1,1
1784332800.671762,119.89062571525574,-200.0,200.0,0.2,6.26959915331818,14.448179420605054,1.0052420557798438,0.0007853692719021186,0.3652222624685526,1784332800.6426027,None,None,None, None, 1784332800.6366048,0.9604941493532928,apf_waypoint,none,0.0,nan,nan,3.035124778705774,0.012404241675357797,nan,nan,nan,WEBOTS_UNKNOWN,ekf_on_cluster_on,1,1
1784332800.7714615,119.99032521247864,-175.66764601845452,176.7308142514775,0.2,6.269608596462443,14.517782845080358,1.0042963547579664,0.0008193100433095804,0.36528615425312183,1784332800.720585,None,None,None, None, 1784332800.704008,0.9398675292594968,apf_waypoint,none,0.0,nan,nan,2.652270727356015,0.012379195900807482,nan,nan,nan,WEBOTS_UNKNOWN,ekf_on_cluster_on,1,1
1784332800.8730688,120.09193253517151,-142.61340295768255,144.11140201444056,0.2,6.269679356946789,14.582358694726429,1.003419573255823,0.0009533529197229047,0.36536211510835503,1784332800.8002627,None,None,None, None, 1784332800.865541,0.9493379885567682,apf_waypoint,none,0.0,nan,nan,2.2970716885326636,0.012216654026270004,nan,nan,nan,WEBOTS_UNKNOWN,ekf_on_cluster_on,1,1
1784332800.9722233,120.19108700752258,-112.49252487529894,114.35569427376288,0.2,6.270077381521364,14.639736689835237,1.0026445817866094,0.0035853321258101506,0.365689513241993,1784332800.9742308,None,None,None, None, 1784332800.936645,1.068427753904721,apf_waypoint,none,0.0,nan,nan,1.9814686363301823,0.011427981741314262,nan,nan,nan,WEBOTS_UNKNOWN,ekf_on_cluster_on,1,1
1784332801.0733743,120.29223799705505,-107.03971185008696,109.2390258141454,0.2,6.270116976281945,14.69024420315407,1.001982495137005,0.0012853649306001152,0.36587359118853635,1784332801.0347893,None,None,None, None, 1784332801.0157666,1.0984393459091064,apf_waypoint,none,0.0,nan,nan,1.7036538977855324,0.011360525982042008,nan,nan,nan,WEBOTS_UNKNOWN,ekf_on_cluster_on,1,1
1784332801.2017093,120.42057299613953,-106.86899530708236,109.40557650503636,0.2,6.270299545779582,14.737653513528866,1.0013628993092087,0.001997439285985967,0.3660316174732951,1784332801.1139038,None,None,None, None, 1784332801.0878944,1.0711231650174664,apf_waypoint,none,0.0,nan,nan,1.4428824734669112,0.011097099840117133,nan,nan,nan,WEBOTS_UNKNOWN,ekf_on_cluster_on,1,1
1784332801.276814,120.49567770957947,-200.0,200.0,0.2,6.270310626052482,14.368941504477194,1.0062448326509397,0.0011177481131749115,0.3661666763762743,1784332801.234735,14.363461733607311,1.0063171715743633,6.270150501671504, 1784332801.227733, 1784332801.2337348,0.9561773123005024,apf_waypoint,none,0.0,nan,nan,3.4709762611754584,0.010340755455770964,nan,nan,nan,WEBOTS_UNKNOWN,ekf_on_cluster_on,1,1
1784332801.3711803,120.59004402160645,-200.0,200.0,0.2,6.270443637400954,14.397378990877188,1.00587868885091,0.0020571353979121345,0.3663500551843426,1784332801.3238778,None,None,None, None, 1784332801.3238778,1.0281086819399547,apf_waypoint,none,0.0,nan,nan,3.3145584684557936,0.00989988165316906,nan,nan,nan,WEBOTS_UNKNOWN,ekf_on_cluster_on,1,1
1784332801.4718337,120.69069743156433,-200.0,200.0,0.2,6.270620072569689,14.45099979260918,1.005201616101516,0.000616518866945647,0.3664406521948697,1784332801.470827,None,None,None, None, 1784332801.470827,1.0475742017730136,apf_waypoint,none,0.0,nan,nan,3.019622244571922,0.009333111736129846,nan,nan,nan,WEBOTS_UNKNOWN,ekf_on_cluster_on,1,1
1784332801.5740495,120.79291319847107,-176.20717682865103,177.01068803942078,0.2,6.270593709499836,14.516945313131483,1.004372951552955,0.000616518866945647,0.36656395596825886,1784332801.5835605,None,None,None, None, 1784332801.5835605,1.0240706036776392,apf_waypoint,none,0.0,nan,nan,2.656893000347463,0.009403155595150875,nan,nan,nan,WEBOTS_UNKNOWN,ekf_on_cluster_on,1,1
1784332801.6763947,120.89525842666626,-143.49484089212228,144.6180111982519,0.2,6.270672032963672,14.581033460686305,1.0035659367321688,0.001122726867023678,0.3667851918127314,1784332801.6678793,None,None,None, None, 1784332801.676901,0.9756374081306797,apf_waypoint,none,0.0,nan,nan,2.3043809734299097,0.009222668523785685,nan,nan,nan,WEBOTS_UNKNOWN,ekf_on_cluster_on,1,1
1784332801.771395,120.99025869369507,-113.43647169971781,114.75632145850987,0.2,6.271213166284277,14.638441328647161,1.002847538841765,0.005158765599486078,0.3672080716965966,1784332801.7498524,None,None,None, None, 1784332801.7558692,1.056517186405802,apf_waypoint,none,0.0,nan,nan,1.9886176777056126,0.008146562481712827,nan,nan,nan,WEBOTS_UNKNOWN,ekf_on_cluster_on,1,1
1784332801.8735967,121.09246039390564,-107.4332356265778,108.85286146197141,0.2,6.271642207720993,14.689066131399386,1.002250831427034,0.00236928083579632,0.367479849296132,1784332801.8645613,None,None,None, None, 1784332801.8590448,1.0118129171344699,apf_waypoint,none,0.0,nan,nan,1.710165242067639,0.007361086652335066,nan,nan,nan,WEBOTS_UNKNOWN,ekf_on_cluster_on,1,1
1784332801.9733245,121.19218826293945,-107.44808099452419,108.83823210328022,0.2,6.272479047808009,14.73651990440424,1.0017103625716288,0.006223584833386809,0.36872456626280936,1784332801.9733245,None,None,None, None, 1784332801.9512038,0.9905133074806521,apf_waypoint,none,0.0,nan,nan,1.4491581852308162,0.0061081229248873305,nan,nan,nan,WEBOTS_UNKNOWN,ekf_on_cluster_on,1,1
1784332802.0715148,121.29037857055664,-107.46900023463492,108.81760961266497,0.2,6.273439055934992,14.782738241991655,1.0012291243911875,0.006223584833386809,0.36996928322948675,1784332802.0785215,None,None,None, None, 1784332802.0339315,1.0380149666979384,apf_waypoint,none,0.0,nan,nan,1.1949488015962015,0.004886134779083217,nan,nan,nan,WEBOTS_UNKNOWN,ekf_on_cluster_on,1,1
1784332802.171165,121.39002871513367,0.0,0.0,0.2,6.273861436764395,14.828441468783323,1.0008005977922707,0.0008969007268022248,0.3700636344529282,1784332802.2184808,None,None,None, None, 1784332802.2194798,0.9862075147909374,arrived,none,0.0,nan,nan,0.0,0.0,nan,nan,nan,WEBOTS_UNKNOWN,ekf_on_cluster_on,1,1
1784332802.2745805,121.49344420433044,0.0,0.0,0.2,6.273658130551504,14.457092598396988,1.0051134725287647,0.0007870624815815326,0.37017379119471133,1784332802.2184808,14.451756195337191,1.0051743598382445,6.272706495307972, 1784332802.231488, 1784332802.2194798,0.9862075147909374,arrived,none,0.0,nan,nan,0.0,0.0,nan,nan,nan,WEBOTS_UNKNOWN,ekf_on_cluster_on,1,1
1784332802.3719878,121.59085154533386,0.0,0.0,0.2,6.274087897215582,14.44428321348828,1.0052335423157928,0.0028743130222211983,0.37047102803208537,1784332802.3218923,None,None,None, None, 1784332802.322898,1.0229352299241272,arrived,none,0.0,nan,nan,0.0,0.0,nan,nan,nan,WEBOTS_UNKNOWN,ekf_on_cluster_on,1,1
1784332802.472022,121.69088578224182,0.0,0.0,0.2,6.27451927102284,14.432494730277662,1.005338451392916,0.0023269193774118455,0.3707248779785088,1784332802.430985,None,None,None, None, 1784332802.4335046,1.0985290738834543,arrived,none,0.0,nan,nan,0.0,0.0,nan,nan,nan,WEBOTS_UNKNOWN,ekf_on_cluster_on,1,1
1784332802.571314,121.79017782211304,0.0,0.0,0.2,6.276318377985667,14.421570905291478,1.0054309354079685,0.015148907716128073,0.3723725580475898,1784332802.5397506,None,None,None, None, 1784332802.5176506,0.9831504020675931,arrived,none,0.0,nan,nan,0.0,0.0,nan,nan,nan,WEBOTS_UNKNOWN,ekf_on_cluster_on,1,1
1784332802.672135,121.89099884033203,0.0,0.0,0.2,6.27714136017283,14.411389473586535,1.005493518886496,0.0015647277155464933,0.3725428794091287,1784332802.648601,None,None,None, None, 1784332802.6135373,1.0051757329606763,arrived,none,0.0,nan,nan,0.0,0.0,nan,nan,nan,WEBOTS_UNKNOWN,ekf_on_cluster_on,1,1
1784332802.7733195,121.99218320846558,0.0,0.0,0.2,6.2777122114721955,14.401853045567705,1.0055468923010142,0.0015647277155464933,0.372855824952238,1784332802.7908318,None,None,None, None, 1784332802.7086995,1.0326504661633584,arrived,none,0.0,nan,nan,0.0,0.0,nan,nan,nan,WEBOTS_UNKNOWN,ekf_on_cluster_on,1,1
1784332802.8813827,122.10024642944336,0.0,0.0,0.2,6.278061633883887,14.392882488069318,1.0055932827772764,0.0007552060405799957,0.3729632384731374,1784332802.8973897,None,None,None, None, 1784332802.820352,1.0151811250459137,arrived,none,0.0,nan,nan,0.0,0.0,nan,nan,nan,WEBOTS_UNKNOWN,ekf_on_cluster_on,1,1
1784332802.9738872,122.19275093078613,0.0,0.0,0.2,6.279361217621702,14.384412638870332,1.00563505876082,0.010036265511104989,0.3740326813085807,1784332802.8973897,None,None,None, None, 1784332802.9538724,1.0909195901656288,arrived,none,0.0,nan,nan,0.0,0.0,nan,nan,nan,WEBOTS_UNKNOWN,ekf_on_cluster_on,1,1
1784332803.071796,122.2906596660614,0.0,0.0,0.2,6.2800454169018485,14.376389178220217,1.0056616607145719,0.0021444145218480534,0.3743841352930679,1784332803.0612824,None,None,None, None, 1784332803.0289652,0.9952448309341106,arrived,none,0.0,nan,nan,0.0,0.0,nan,nan,nan,WEBOTS_UNKNOWN,ekf_on_cluster_on,1,1
1784332803.1794722,122.3983359336853,0.0,0.0,0.2,6.280598570334129,14.36876630470336,1.0056828674237934,0.0021444145218480534,0.3748130181974375,1784332803.0612824,None,None,None, None, 1784332803.123894,1.0237447197804208,arrived,none,0.0,nan,nan,0.0,0.0,nan,nan,nan,WEBOTS_UNKNOWN,ekf_on_cluster_on,1,1
