epoch [s],elapsed [s],x [m],y [m],z [m],roll [deg],pitch [deg],yaw [deg],broadcast
1784378550.8634834,0.21676349639892578,4.8,4.67,0.12,0.0,0.0,269.9997895408503,False
1784378550.9489832,0.3022632598876953,4.8,4.67,0.12,0.0,0.0,269.9997895408503,False
1784378551.039454,0.3927340507507324,-4.367680355166892e-05,1.0000000006737149,0.026568300145269706,0.0,0.0,359.99999990815405,False
1784378551.146309,0.4995889663696289,-3.9621031887504904e-05,1.0000000005642085,0.026477098593341804,0.0,0.0,359.9999999081696,False
1784378551.2404838,0.5937638282775879,-4.829156167396397e-05,1.000000000382192,0.02808235944954296,0.0,0.0,359.9999999081941,False
1784378551.350192,0.7034721374511719,-5.5807645742266824e-05,1.0000000004477372,0.028783724476846545,0.0,0.0,359.9999999081905,False
1784378551.4317188,0.784998893737793,-6.0895398917972e-05,1.0000000005671097,0.029088636042172062,0.0,0.0,359.99999990820504,False
1784378551.52025,0.8735301494598389,-5.7058867021242305e-05,1.0000000007646683,0.02824977480554235,0.0,0.0,359.99999990823613,False
1784378551.6090853,0.9623653888702393,-5.206885630636826e-05,1.0000000007695684,0.0276766831885563,0.0,0.0,359.99999990823227,False
1784378551.6887527,1.0420327186584473,-4.3959532239439964e-05,1.000000000692476,0.026872681195185603,0.0,0.0,359.9999999082305,False
1784378551.782393,1.1356730461120605,-4.054195278446961e-05,1.000000000453063,0.026735613950207595,0.0,0.0,359.9999999082687,False
1784378551.8622534,1.2155334949493408,-4.379690299203776e-05,1.0000000003987257,0.027131241180506877,0.0,0.0,359.99999990827445,False
1784378551.9452803,1.298560380935669,-5.169104829044268e-05,1.0000000003955742,0.02799608429292765,0.0,0.0,359.9999999082691,False
1784378552.0309105,1.384190559387207,-6.095448816078279e-05,1.0000000005791232,0.02898040794308435,0.0,0.0,359.99999990828746,False
1784378552.1284661,1.4817461967468262,-6.071610405854122e-05,1.0000000006663747,0.02897092869841181,0.0,0.0,359.99999990830315,False
1784378552.232378,1.585658073425293,-5.184086196725082e-05,1.000000000767772,0.028076064886245634,0.0,0.0,359.99999990831094,False
1784378552.3355792,1.688859224319458,-4.2114785395983686e-05,1.0000000006643128,0.026977190918062843,0.0,0.0,359.9999999083139,False
1784378552.4501958,1.8034758567810059,-4.280123960180384e-05,1.0000000004345355,0.026769447813328406,0.0,0.0,359.9999999083508,False
1784378552.540264,1.8935439586639404,-4.978721284730616e-05,1.0000000003880227,0.02739962616559395,0.0,0.0,359.99999990835045,False
1784378552.6226106,1.9758906364440918,-6.019604891502271e-05,1.0000000005380538,0.028712482860815496,0.0,0.0,359.9999999083624,False
1784378552.7662282,2.1195082664489746,-5.9374761660505877e-05,1.0000000006749514,0.028928289754898136,0.0,0.0,359.9999999083857,False
1784378552.851261,2.204540967941284,-4.971336361168956e-05,1.0000000007624987,0.02821815639510445,0.0,0.0,359.9999999083899,False
1784378552.932185,2.2854650020599365,-4.154124060890463e-05,1.0000000006514607,0.027150797553677608,0.0,0.0,359.999999908398,False
1784378553.0224502,2.375730276107788,-4.1686623696304476e-05,1.0000000004975818,0.026707021761263355,0.0,0.0,359.999999908424,False
1784378553.1286173,2.4818973541259766,-5.363707404045763e-05,1.0000000004000005,0.027458961836166175,0.0,0.0,359.9999999084295,False
1784378553.2373986,2.5906786918640137,-5.862784066411522e-05,1.0000000004706122,0.028142023217763247,0.0,0.0,359.999999908435,False
1784378553.3216867,2.674966812133789,-5.9273375797873925e-05,1.0000000006370047,0.02881227215324797,0.0,0.0,359.9999999084625,False
1784378553.4166756,2.769955635070801,-5.145469111821154e-05,1.0000000007566998,0.028630452341004087,0.0,0.0,359.9999999084727,False
1784378553.5856633,2.938943386077881,-4.537690160375826e-05,1.0000000007399654,0.02806722231112785,0.0,0.0,359.9999999084707,False
1784378553.7336488,3.0869288444519043,-4.313630492968182e-05,1.0000000004880774,0.02679702404170539,0.0,0.0,359.9999999085082,False
1784378553.8787863,3.2320663928985596,-5.5194912586170586e-05,1.0000000004076406,0.027336314972326123,0.0,0.0,359.9999999085118,False
1784378554.0813146,3.4345946311950684,-5.936612798194916e-05,1.0000000005811496,0.028472970694485386,0.0,0.0,359.9999999085372,False
1784378554.2289975,3.582277536392212,4.8,4.67,0.12,0.0,0.0,269.9997895408503,False
1784378554.786122,4.139402151107788,-5.893628941925771e-05,1.000000000481576,0.027735415888364298,0.0,0.0,359.99999990860465,False
1784378555.035955,4.389235019683838,-4.386029843023264e-05,1.0000000007295644,0.028371887463054517,0.0,0.0,359.9999999086382,False
1784378555.2275145,4.5807945728302,0.0007245138972993494,1.0000000004976015,0.027113599860453128,0.0,0.0,359.99999990868395,False
1784378555.3670413,4.720321416854858,0.004506026697282375,1.0000000004088558,0.026877325921128778,0.0,0.0,359.9999999087211,False
1784378555.4845016,4.837781667709351,0.011994295628766301,1.0000000004126879,0.027164300830751987,0.0,0.0,359.99999990810994,False
1784378555.6632354,5.016515493392944,0.02838925513823648,1.0000000005726797,0.028082808807775566,0.0,0.0,359.9999999045277,False
1784378555.8824997,5.235779762268066,0.0569776992953589,1.000000000615624,0.028198662609810642,0.0,0.0,359.99999990519484,False
1784378556.054233,5.40751314163208,0.07849536495525256,1.0000000003981566,0.027634618462108098,0.0,0.0,359.9999999139872,False
1784378556.208011,5.561290979385376,0.09259194681281967,1.0000000002845342,0.02745120926284508,0.0,0.0,359.9999999186723,False
1784378556.3911548,5.744434833526611,0.11151844316897735,1.0000000002884633,0.027561340904873024,0.0,0.0,359.99999991896794,False
1784378556.5404932,5.893773317337036,0.14156208304728943,1.0000000004759921,0.027949020657818426,0.0,0.0,359.9999999120823,False
1784378556.7112272,6.064507246017456,0.16214280125665662,1.000000000437008,0.027939963462039048,0.0,0.0,359.9999999139519,False
1784378556.8443584,6.197638511657715,0.1827674655993072,1.000000000245694,0.027775940842500946,0.0,0.0,359.9999999217874,False
1784378556.9953196,6.348599672317505,0.2129592218817344,1.0000000001256224,0.027689352393766475,0.0,0.0,359.99999992711287,False
1784378557.1269333,6.480213403701782,0.2304204193351903,1.0000000002251785,0.027757512730012757,0.0,0.0,359.9999999234534,False
1784378557.2480378,6.601317882537842,0.2526118308010082,1.0000000003280074,0.027836418142832692,0.0,0.0,359.99999991971447,False
1784378557.3982272,6.75150728225708,0.2779815606541867,1.0000000001948304,0.02782112154996456,0.0,0.0,359.999999925313,False
1784378557.616227,6.9695069789886475,0.3081651864955636,0.9999999999818371,0.02775992855834909,0.0,0.0,359.99999993420613,False
1784378557.7326436,7.085923671722412,0.32881303956740593,1.0000000000414182,0.027761825308458384,0.0,0.0,359.99999993220615,False
1784378557.892909,7.246189117431641,0.35894021496475376,1.000000000184604,0.027795829513781175,0.0,0.0,359.99999992698326,False
1784378558.0404158,7.393695831298828,0.38272893712669626,1.0000000000615084,0.027800663525834605,0.0,0.0,359.9999999321529,False
1784378558.1634765,7.516756534576416,0.40178718938816455,0.9999999999028951,0.02779030193294258,0.0,0.0,359.9999999386862,False
1784378558.3081172,7.661397218704224,0.4287927643504815,0.9999999998887238,0.02777796496698112,0.0,0.0,359.9999999397262,False
1784378558.4913719,7.844651937484741,4.8,4.175600000003348,0.12,0.0,0.0,269.9997895408503,False
1784378558.5895638,7.942843914031982,0.4795411873229547,0.9999999999999889,0.027789609443798616,0.0,0.0,359.9999999360613,False
1784378558.7859826,8.139262676239014,0.5033564802271724,0.9999999998101808,0.02779248403352693,0.0,0.0,359.999999943881,False
1784378558.9545455,8.307825565338135,4.8,4.108400000003803,0.12,0.0,0.0,269.9997895408503,False
1784378559.1588044,8.512084484100342,0.5478148472047774,0.9999999998591078,0.027781267271726404,0.0,0.0,359.9999999427092,False
1784378559.3553941,8.708674192428589,0.5604994263311165,0.9999999999230258,0.027780532617212042,0.0,0.0,359.99999994038063,False
1784378559.5643413,8.917621374130249,0.5700119677253767,0.9999999999366298,0.027781799186223297,0.0,0.0,359.9999999399865,False
1784378559.7138834,9.067163467407227,0.5842866333945356,0.9999999998868369,0.027785763357216775,0.0,0.0,359.99999994215256,False
1784378559.9231298,9.27640986442566,0.6033377161833015,0.9999999997412754,0.02779088454863137,0.0,0.0,359.99999994816534,False
1784378560.0834503,9.43673038482666,0.6255768761211169,0.9999999996436133,0.02779027206437406,0.0,0.0,359.9999999524267,False
1784378560.262305,9.615585088729858,0.6398655113348922,0.9999999996807498,0.027786301445005518,0.0,0.0,359.9999999512134,False
1784378560.4514058,9.804685831069946,0.6509708159780737,0.9999999997443659,0.027783095027396003,0.0,0.0,359.999999948885,False
1784378560.6124976,9.96577763557434,0.6652418113146908,0.9999999998162229,0.027781063558714573,0.0,0.0,359.99999994627984,False
1784378560.7413063,10.094586372375488,0.6826855680400156,0.9999999998144952,0.027783233612846663,0.0,0.0,359.99999994661835,False
1784378560.9387026,10.291982650756836,0.7112609729653716,0.9999999996245243,0.02779057574320111,0.0,0.0,359.9999999545516,False
1784378561.0940664,10.447346448898315,0.7319094263757073,0.999999999553785,0.02778979993006816,0.0,0.0,359.9999999577431,False
1784378561.2571046,10.610384702682495,0.7509546379244525,0.9999999996223605,0.027784761222112726,0.0,0.0,359.99999995538207,False
1784378561.4270499,10.780329942703247,0.7731557831707727,0.9999999997286163,0.027781606080989084,0.0,0.0,359.9999999515704,False
1784378561.6222,10.975480079650879,0.7937772546293103,0.9999999996928335,0.02778514124663563,0.0,0.0,359.99999995331575,False
1784378561.7741811,11.127461194992065,0.8048897350663367,0.999999999620052,0.02778810508785717,0.0,0.0,359.99999995636273,False
1784378562.006243,11.359523057937622,0.8239490608685893,0.9999999994982355,0.027790636877444912,0.0,0.0,359.99999996152303,False
1784378562.2392893,11.592569351196289,0.8477646093092633,0.9999999995001172,0.02778670013732204,0.0,0.0,359.9999999619269,False
1784378562.411562,11.76484203338623,0.865213025211707,0.9999999995920471,0.027782771844987588,0.0,0.0,359.99999995862396,False
1784378562.5802948,11.933574914932251,4.8,3.743600000006273,0.12,0.0,0.0,269.9997895408503,True
1784378562.7429218,12.09620189666748,0.8969354374094426,0.9999999996184858,0.027785167443120096,0.0,0.0,359.99999995814204,False
1784378562.9265206,12.279800653457642,0.9064599859354096,0.9999999995638753,0.027787518066634743,0.0,0.0,359.99999996045796,False
1784378563.1486464,12.50192642211914,0.9302826458278695,0.9999999994203783,0.02779016501736591,0.0,0.0,359.9999999665872,False
1784378563.323769,12.677049160003662,0.9493340656327901,0.9999999994166218,0.027787048243282715,0.0,0.0,359.99999996714007,False
1784378563.450545,12.80382513999939,0.969955645674272,0.9999999995161827,0.027782848346530633,0.0,0.0,359.99999996362226,False
1784378563.659178,13.012458086013794,1.001680627302626,0.9999999995453943,0.027785632556348742,0.0,0.0,359.9999999630703,False
1784378563.89425,13.247529983520508,1.035027713753214,0.9999999993578214,0.027789775661412035,0.0,0.0,359.9999999711449,False
1784378564.0543165,13.407596588134766,1.0588373633593071,0.999999999370398,0.027785538626151914,0.0,0.0,359.9999999711776,False
1784378564.2418118,13.595091819763184,1.0731125549471208,0.9999999994411813,0.027783059052590514,0.0,0.0,359.99999996868627,False
1784378564.391377,13.744657039642334,1.08897203070991,0.9999999995010623,0.027783003724150348,0.0,0.0,359.9999999666516,False
1784378564.593366,13.946645975112915,1.1111882280533347,0.999999999459757,0.027787082473203148,0.0,0.0,359.9999999687227,False
1784378564.7690392,14.122319221496582,1.13818468094649,0.999999999309445,0.027789537165307455,0.0,0.0,359.99999997524264,False
1784378564.9039178,14.257197856903076,1.152472991618251,0.9999999992874656,0.027787504632382068,0.0,0.0,359.9999999764502,False
1784378565.0622735,14.415553569793701,4.8,3.446000000008288,0.12,0.0,0.0,269.9997895408503,False
1784378565.2404654,14.593745470046997,1.2079964846667959,0.9999999994358927,0.027785792952620583,0.0,0.0,359.9999999718257,False
1784378565.3808906,14.73417067527771,1.2222850406061834,0.9999999993724925,0.02778847330211377,0.0,0.0,359.99999997463243,False
1784378565.5240123,14.877292394638062,1.246105101685066,0.9999999992532023,0.027788887257100138,0.0,0.0,359.9999999799102,False
1784378565.729154,15.082434177398682,1.2635639942160473,0.9999999992523118,0.027785839129239095,0.0,0.0,359.99999998037913,False
1784378565.853582,15.206861972808838,1.2873564556047663,0.9999999993548329,0.02778301858025324,0.0,0.0,359.9999999769021,False
1784378566.006913,15.360193014144897,1.298459853039838,0.9999999993912153,0.02778374570901481,0.0,0.0,359.9999999757259,False
1784378566.151356,15.50463604927063,1.3079801039401917,0.999999999395936,0.02778525841301073,0.0,0.0,359.99999997575804,False
1784378566.2868357,15.640115737915039,1.3206791807307816,0.9999999993603294,0.027787640949731997,0.0,0.0,359.9999999774511,False
1784378566.4829853,15.836265325546265,1.325442677408756,0.9999999993374349,0.02778838418760275,0.0,0.0,359.9999999784645,False
1784378566.6047688,15.958048820495605,1.3302066243279351,0.9999999993117679,0.02778894323114775,0.0,0.0,359.99999997959026,False
1784378566.7671504,16.12043046951294,1.3460865248231246,0.9999999992311043,0.027789036953021266,0.0,0.0,359.99999998317617,False
1784378566.947978,16.301258087158203,1.3603733998984493,0.9999999992028683,0.027787004777032862,0.0,0.0,359.99999998466734,False
1784378567.0719023,16.425182342529297,1.3746528292107516,0.9999999992334266,0.027784451626851628,0.0,0.0,359.9999999838294,False
1784378567.1955178,16.548797845840454,1.3809974295297378,0.9999999992605509,0.027783646258930553,0.0,0.0,359.99999998291975,False
1784378567.388832,16.742112159729004,1.393685946579291,0.9999999993186199,0.0277832537537055,0.0,0.0,359.9999999809468,False
1784378567.5587568,16.912036895751953,1.4095508852727887,0.9999999993555384,0.027785069749127776,0.0,0.0,359.99999997988135,False
1784378567.7540908,17.107370853424072,4.8,3.1980000000099675,0.12,0.0,0.0,269.9997895408503,False
1784378567.9503503,17.303630352020264,1.4587687121504365,0.9999999991777532,0.02778772105817643,0.0,0.0,359.9999999881661,False
1784378568.1118371,17.46511721611023,1.4762233610816184,0.9999999991901037,0.027784742876615025,0.0,0.0,359.9999999881562,False
1784378568.3040411,17.657321214675903,1.4889126893304685,0.9999999992410756,0.02778342390694458,0.0,0.0,359.99999998648445,False
1784378568.4615057,17.814785718917847,1.5095348841355438,0.9999999993163442,0.027784663594355056,0.0,0.0,359.999999984058,False
1784378568.6022656,17.955545663833618,1.5317578358519164,0.9999999992865543,0.027788231196567585,0.0,0.0,359.99999998580836,False
1784378568.72168,18.074959993362427,1.550812790594319,0.9999999991960847,0.02778885421727878,0.0,0.0,359.9999999899013,False
1784378568.8502882,18.20356822013855,1.5714475194904929,0.9999999991489943,0.02778605545049079,0.0,0.0,359.9999999923577,False
1784378569.0288804,18.382160425186157,1.59365594621223,0.9999999992139487,0.0277834921104512,0.0,0.0,359.99999999042427,False
1784378569.2503445,18.60362458229065,1.6158662135847923,0.9999999992914703,0.027785239011986086,0.0,0.0,359.99999998798324,False
1784378569.4808273,18.834107398986816,1.6396789771403755,0.999999999251786,0.02778862461238882,0.0,0.0,359.9999999902039,False
1784378569.6355984,18.98887848854065,1.6634951290812525,0.9999999991495293,0.027787752149653948,0.0,0.0,359.9999999949431,False
1784378569.8487465,19.20202660560608,4.8,2.9356000000117444,0.12,0.0,0.0,269.9997895408503,False
1784378569.9812822,19.334562301635742,1.714263313255236,0.9999999992568398,0.027784642811291015,0.0,0.0,359.99999999222166,False
1784378570.194595,19.54787516593933,1.731722093815124,0.9999999992728625,0.027787286394658387,0.0,0.0,359.9999999920961,False
1784378570.381561,19.734841108322144,1.7555392206740488,0.9999999991890428,0.02778869400159317,0.0,0.0,359.99999999611174,False
1784378570.5154362,19.8687162399292,4.8,2.8428000000123728,0.12,0.0,0.0,269.9997895408503,False
1784378570.6619768,20.015256881713867,1.7904530181687202,0.9999999991353917,0.02778429686446174,0.0,0.0,359.99999999933095,False
1784378570.8491087,20.202388763427734,1.812660955617958,0.9999999992206405,0.027784210378141782,0.0,0.0,359.9999999966564,False
1784378570.9844806,20.33776068687439,1.8396426127846228,0.9999999992574797,0.02778787484675727,0.0,0.0,359.999999996029,False
1784378571.156409,20.50968909263611,1.8602840451554548,0.9999999991843175,0.02778849898992772,0.0,0.0,359.999999999564,False
1784378571.2888124,20.64209246635437,1.8825047894413178,0.999999999119007,0.027785752875692828,0.0,0.0,2.8752723209179225e-09,False
1784378571.4368849,20.790164947509766,1.9063000099867349,0.9999999991674735,0.02778380116382059,0.0,0.0,1.7410101881956773e-09,False
1784378571.5868418,20.94012188911438,1.9237520088407452,0.9999999992362956,0.027785220071821375,0.0,0.0,359.9999999995912,False
1784378571.756864,21.11014413833618,1.9428000997680832,0.9999999992565726,0.027787831576370565,0.0,0.0,359.9999999994028,False
1784378571.9761655,21.329445600509644,4.8,2.654000000013651,0.12,0.0,0.0,269.9997895408503,False
1784378572.147328,21.50060796737671,2.0015259127588108,0.99999999913557,0.02778406183720487,0.0,0.0,6.161116084556608e-09,False
1784378572.3447459,21.698025941848755,2.020562423336187,0.9999999992066317,0.02778454596034257,0.0,0.0,4.004394677274922e-09,False
1784378572.6080587,21.961338758468628,2.0554841374302573,0.9999999992446336,0.027788459739907824,0.0,0.0,3.682675210135525e-09,False
1784378572.7662022,22.119482278823853,2.087231931832687,0.9999999991370201,0.027785952897466413,0.0,0.0,9.049924846198839e-09,False
1784378572.9671378,22.320417881011963,2.118960138880975,0.9999999991864058,0.027784237543623247,0.0,0.0,8.230919293503257e-09,False
1784378573.098374,22.451653957366943,2.149115018659451,0.9999999992700694,0.0277877540911233,0.0,0.0,5.994607685872629e-09,False
1784378573.217969,22.57124900817871,2.1618169765284745,0.9999999992515753,0.02778844231763437,0.0,0.0,7.172023584512972e-09,False
1784378573.4232976,22.776577711105347,2.1872152523969968,0.999999999163242,0.027786362040840125,0.0,0.0,1.1589686814878538e-08,False
1784378573.6019225,22.95520257949829,2.21418541899304,0.9999999991647051,0.027784049301203814,0.0,0.0,1.253250500021413e-08,False
1784378573.7603757,23.11365580558777,2.2304261048662095,0.9999998109398535,0.02778791277173591,0.0,0.0,359.8262755581145,False
1784378573.8803384,23.23361849784851,2.243806884119374,0.9999946973365488,0.027798315056351615,0.0,0.0,359.2187922127009,False
1784378574.0489135,23.402193546295166,2.2690651594191027,0.9998898546681922,0.027805199568930527,0.0,0.0,357.37324187223686,False
1784378574.2143803,23.567660331726074,4.8,2.2988000000160564,0.12,0.0,0.0,269.9997895408503,False
1784378574.3703218,23.723601818084717,2.293649458337776,0.9994530187769021,0.027792975139351007,0.0,0.0,355.22557528445,False
1784378574.5456696,23.89894962310791,2.309412198587342,0.9988754945839287,0.027800459034583756,0.0,0.0,353.76671090712404,False
1784378574.683358,24.036638021469116,2.3175549008280405,0.9984630234158944,0.027803555448676284,0.0,0.0,352.9988472580269,False
1784378574.86026,24.213540077209473,2.3336464456189865,0.9973910985483855,0.02779967132454973,0.0,0.0,351.4630908393275,False
1784378575.0679739,24.42125391960144,2.3495692310485703,0.9959670376439413,0.02779570045680281,0.0,0.0,349.9273633345271,False
1784378575.2430995,24.59637951850891,2.3598568209590733,0.9948427670171056,0.027798359212851596,0.0,0.0,348.9291520768152,False
1784378575.5017703,24.855050325393677,2.3677433234035163,0.9938682995250541,0.0278009117203248,0.0,0.0,348.16129013113783,False
1784378575.7756026,25.12888264656067,2.3708918791742484,0.9934514379357148,0.027801529118486722,0.0,0.0,347.85414270938514,False
1784378576.0653324,25.418612480163574,2.379533395710241,0.9922244532373752,0.027801422844325963,0.0,0.0,347.0094817959539,False
1784378576.2969465,25.650226593017578,2.3881504808787835,0.9908781857796563,0.027799374508883142,0.0,0.0,346.1648200956998,False
1784378576.5375264,25.890806436538696,2.4037549290764106,0.9881215360601439,0.0277971829967909,0.0,0.0,344.62908947236576,True
1784378576.730645,26.083925008773804,2.4146277248724997,0.9859528754128418,0.027798917737262358,0.0,0.0,343.5540848273104,False
1784378576.9531662,26.306446313858032,2.4254564093776603,0.9835863808006433,0.02780059512647593,0.0,0.0,342.47907224933175,False
1784378577.1116548,26.464934825897217,2.4377742565406484,0.9806390632883005,0.02779984237056426,0.0,0.0,341.250477940861,False
1784378577.3529732,26.70625329017639,2.449262044182015,0.977640747488775,0.027798216504950717,0.0,0.0,340.09867477709844,False
1784378577.5185075,26.871787548065186,2.4622055608477145,0.973967919987341,0.027798421391822162,0.0,0.0,338.7933064217682,False
1784378577.6705594,27.023839473724365,2.470534890916131,0.9714362357330935,0.02779940974650273,0.0,0.0,337.94865573310597,False
1784378577.963139,27.31641912460327,2.4803293593346494,0.968287611949417,0.027800029216863593,0.0,0.0,336.9504276908973,False
1784378578.1170084,27.470288515090942,2.4937975801994314,0.9636490715740272,0.027799170313323487,0.0,0.0,335.5682623984793,False
1784378578.2905738,27.643853902816772,2.5041934061649678,0.9598186276214229,0.02779849298604202,0.0,0.0,334.49324857469054,False
1784378578.4251635,27.778443574905396,2.5181837136614806,0.9543107294703869,0.027799055230679635,0.0,0.0,333.0343050723917,False
1784378578.6838925,28.037172555923462,2.536370437117652,0.946525610836501,0.027799553181321195,0.0,0.0,331.11463623235477,False
1784378578.8244607,28.177740812301636,2.544288073452485,0.9429083880549247,0.027799145011693997,0.0,0.0,330.26998092032835,False
1784378579.093317,28.4465970993042,2.5492984986018112,0.9405460007244141,0.027798895350694283,0.0,0.0,329.73247368831477,False
1784378579.3041568,28.657436847686768,2.552863709097872,0.9388298963322128,0.02779878784364494,0.0,0.0,329.34854035407204,False
1784378579.4769654,28.83024549484253,2.559959262296188,0.9353263031400124,0.02779881091718509,0.0,0.0,328.5806743867199,False
1784378579.699078,29.052358150482178,2.564897931276166,0.9328174222574781,0.027798981786055915,0.0,0.0,328.0431683281355,False
1784378579.8610077,29.214287757873535,2.5760964926561387,0.9269098008320833,0.02779940070109054,0.0,0.0,326.8145816684588,False
1784378580.1011426,29.45442271232605,2.5878533322126698,0.9203716078281514,0.027799298445235262,0.0,0.0,325.5092062224214,False
1784378580.2874944,29.640774488449097,2.5940164213581522,0.916802310743262,0.027799091556561236,0.0,0.0,324.81812527021026,False
1784378580.5297563,29.883036375045776,2.6122412317777473,0.9056523041249912,0.027799057371476883,0.0,0.0,322.7448853457798,False
1784378580.6890025,30.042282581329346,2.6221882290368237,0.8991752485582069,0.027799287132589185,0.0,0.0,321.59308507166764,False
1784378580.8648803,30.218160390853882,4.8,1.561200000021051,0.12,0.0,0.0,269.9997895408503,False
1784378581.0125976,30.365877628326416,2.6403992421880926,0.8865554769747024,0.02779909764571515,0.0,0.0,319.4430560067252,False
1784378581.2036667,30.556946754455566,4.8,1.5132000000213761,0.12,0.0,0.0,269.9997895408503,False
1784378581.3426127,30.695892810821533,2.6624763439451273,0.8698348193112915,0.027799187576203293,0.0,0.0,316.7555220605102,False
1784378581.477326,30.83060598373413,2.668637717756198,0.8648690868224834,0.027799241329236248,0.0,0.0,315.9876548592495,False
1784378581.5925388,30.94581890106201,2.6747319958830453,0.8598212348524309,0.027799217341344645,0.0,0.0,315.2197874394481,False
1784378581.7386565,31.091936588287354,2.6849873229110996,0.8510004033041447,0.027799054131527667,0.0,0.0,313.92205001981523,False
1784378581.9982185,31.3514986038208,2.698290441084782,0.8388860736066752,0.02779882210387111,0.0,0.0,312.269409204618,False
1784378582.1718135,31.52509355545044,2.7066904916374903,0.8308410660914625,0.02779885785659888,0.0,0.0,311.21985665821126,False
1784378582.390587,31.74386715888977,2.7197884433844126,0.817648389459839,0.02779886458132991,0.0,0.0,309.58357010872356,False
1784378582.6277964,31.98107647895813,2.725092215829499,0.8120738867292647,0.027798797329360705,0.0,0.0,308.91597464423774,False
1784378582.8816476,32.23492765426636,2.727435961775961,0.809566641933173,0.02779876485447979,0.0,0.0,308.6194714353861,False
1784378583.0670202,32.420300245285034,2.735793602988754,0.8003641832584635,0.0277984372329251,0.0,0.0,307.61713086405894,False
1784378583.2869725,32.64025259017944,2.744919956658904,0.789863539971855,0.027797959053796818,0.0,0.0,306.5674170987411,False
1784378583.5306442,32.88392424583435,2.755239707048427,0.7774476984411588,0.02779786693948431,0.0,0.0,305.3788955120831,False
1784378583.7289803,33.08226037025452,2.76124130622053,0.7699608918388384,0.027798035314662718,0.0,0.0,304.67925314554526,False
1784378583.924366,33.2776460647583,2.767207266260549,0.7623127454860968,0.027798145204838278,0.0,0.0,303.9865587006297,False
1784378584.123098,33.476377964019775,2.7769147480292546,0.7493751299397671,0.027797555939866447,0.0,0.0,302.92559740197316,False
1784378584.2911122,33.644392251968384,2.783604569895118,0.7401155826134199,0.027796981096230095,0.0,0.0,302.20516831625025,False
1784378584.4231687,33.77644872665405,2.7932280224804127,0.7263072950471511,0.027796782002528657,0.0,0.0,301.15773371825566,False
1784378584.6488545,34.002134561538696,2.80149223101546,0.7139750693634137,0.027797187148298368,0.0,0.0,300.2414496873462,False
1784378584.8345494,34.18782949447632,2.8125175436729912,0.6967840916876885,0.027797258296202807,0.0,0.0,299.0153214636081,False
1784378584.9727042,34.32598423957825,2.818790904135056,0.686603891374164,0.02779689862532691,0.0,0.0,298.31197802290654,False
1784378585.2169867,34.57026672363281,2.8290356498438927,0.6692859557227266,0.027796037641170446,0.0,0.0,297.20420994764015,False
1784378585.4369323,34.79021239280701,2.8391218396742626,0.651378513034221,0.02779583310051538,0.0,0.0,296.1130202249633,False
1784378585.6211705,34.97445058822632,2.8511786591821293,0.6287751561384598,0.02779592459369904,0.0,0.0,294.807227480238,False
1784378585.7622356,35.11551570892334,2.8602572675732616,0.6108277964049651,0.027795570356885554,0.0,0.0,293.815394450624,False
1784378585.9244285,35.277708530426025,2.8702854389293027,0.5899665425709614,0.0277946672401513,0.0,0.0,292.7598926648447,False
1784378586.0845056,35.437785625457764,2.8785293497815374,0.5719698814621681,0.02779438537440559,0.0,0.0,291.8839571727932,False
1784378586.2525632,35.60584330558777,2.885562484185388,0.5559705456084786,0.02779454404253009,0.0,0.0,291.1265632716369,False
1784378586.461675,35.81495499610901,2.893991246825266,0.5359246243798234,0.027794046220937146,0.0,0.0,290.2536182667645,False
1784378586.7673867,36.12066674232483,2.9012462660738922,0.5178811891410633,0.027793362771778983,0.0,0.0,289.4979275445428,False
1784378587.029402,36.38268208503723,2.903617312597875,0.5118191221981815,0.027793245244877016,0.0,0.0,289.24693631304626,False
1784378587.3272283,36.68050837516785,2.9107888336635996,0.4929083222879177,0.027792288259322687,0.0,0.0,288.57093895592544,False
1784378587.5888956,36.94217562675476,4.8,0.7724000000263924,0.12,0.0,0.0,269.9997895408503,False
1784378587.8153973,37.16867733001709,2.920768172110002,0.4651988016934657,0.027790270688696325,0.0,0.0,287.72832859919174,False
1784378588.006846,37.36012601852417,2.928173423103237,0.4436062658922404,0.027789942201685326,0.0,0.0,287.1182089895421,False
1784378588.17395,37.52723002433777,2.937736189737043,0.4143625179075869,0.027789683818342754,0.0,0.0,286.4104096981457,False
1784378588.3868246,37.74010467529297,2.943509019851006,0.395975843689706,0.027789170099308338,0.0,0.0,285.9995541499661,False
1784378588.6438873,37.997167348861694,2.9504327849757757,0.37319059369484564,0.027788795827925445,0.0,0.0,285.5069085983013,False
1784378588.859135,38.21241497993469,2.9538187153331625,0.36175032536483687,0.027788889837423583,0.0,0.0,285.264159470176,False
1784378589.002519,38.355798959732056,2.959322205805473,0.3427042445056875,0.027788340292621644,0.0,0.0,284.9421965746875,False
1784378589.1737704,38.527050495147705,2.9664671704729058,0.3171977598333965,0.027786266814827907,0.0,0.0,284.63814119760195,False
1784378589.3769393,38.73021936416626,2.9718406688739147,0.29750342385567174,0.027785082792604405,0.0,0.0,284.46241466405775,False
1784378589.5970652,38.950345277786255,4.8,0.5468000000279201,0.12,0.0,0.0,269.9997895408503,False
1784378589.7626832,39.11596322059631,4.8,0.5228000000280826,0.12,0.0,0.0,269.9997895408503,False
1784378589.993639,39.34691905975342,2.9897480703616393,0.22941381345583456,0.02778893392726956,0.0,0.0,284.1737816132561,False
1784378590.1956446,39.548924684524536,2.995048431815829,0.20877244082070068,0.027789253818571443,0.0,0.0,284.29040735436564,False
1784378590.3921537,39.74543380737305,4.8,0.44600000002860074,0.12,0.0,0.0,269.9997895408503,False
1784378590.5814533,39.934733390808105,3.0051779538621592,0.16930178158457834,0.027789124207129954,0.0,0.0,284.7895576082691,False
1784378590.8657482,40.21902823448181,3.009233992275394,0.1536490729777938,0.027789764757853348,0.0,0.0,285.1092502776387,False
1784378591.1187263,40.47200632095337,3.01401314672352,0.13544102931930949,0.027790949072441264,0.0,0.0,285.55212003964505,False
1784378591.4132578,40.76653790473938,3.016963446443663,0.12436523165909766,0.02779164494813393,0.0,0.0,285.84919830112676,False
1784378591.5680866,40.921366691589355,3.0244062983449758,0.09710148806103065,0.027792356297485582,0.0,0.0,286.65251071580224,False
1784378591.794645,41.14792513847351,3.029742720706117,0.07822351819342287,0.02779185909025025,0.0,0.0,287.2366750474192,False
1784378591.9579165,41.31119656562805,3.0344199494344406,0.06215562523362776,0.027791522142733917,0.0,0.0,287.74618262599745,False
1784378592.1057096,41.45898962020874,3.037598685006916,0.05148948460532794,0.027791548048019244,0.0,0.0,288.0884534415553,False
1784378592.2873478,41.64062786102295,3.042041846585002,0.03691455973279136,0.02779192813037825,0.0,0.0,288.566337970874,False
1784378592.4577036,41.810983657836914,3.047415296598862,0.019794323228671834,0.02779244586466396,0.0,0.0,289.13716561292387,True
1784378592.7136056,42.06688570976257,3.0516312772858276,0.006731320311427571,0.02779267400711926,0.0,0.0,289.58448494890257,False
1784378592.8706217,42.22390174865723,3.05765911325217,-0.011407091885758775,0.02779270749699572,0.0,0.0,290.22066129792887,False
1784378593.0969682,42.45024824142456,3.0674424751483076,-0.03958067321655127,0.027792735581141564,0.0,0.0,291.2398123726066,False
1784378593.2873938,42.640673875808716,3.0752866705062063,-0.061123458997009585,0.027792939173130395,0.0,0.0,292.037285511962,False
1784378593.5051858,42.858465909957886,3.0809472807283282,-0.07614182905051911,0.027793196161550963,0.0,0.0,292.61374267926305,False
1784378593.7169945,43.07027459144592,3.08575437211817,-0.08856555122464815,0.02779336586119039,0.0,0.0,293.09817710939933,False
1784378593.9268425,43.28012251853943,3.0886827622334434,-0.09599068661491346,0.027793412368970434,0.0,0.0,293.3892933337874,False
1784378594.1631093,43.5163893699646,3.0931414340437855,-0.1070957000973862,0.02779339266938198,0.0,0.0,293.82584119859456,False
1784378594.3260946,43.67937469482422,3.0976261075463047,-0.11804118200621244,0.027793518542770748,0.0,0.0,294.278626370634,False
1784378594.590411,43.94369101524353,3.102564429903334,-0.12985253135892463,0.02779419411330362,0.0,0.0,294.81656176302675,False
1784378594.8443472,44.1976273059845,3.107013420945345,-0.14026989230480397,0.027794983273529094,0.0,0.0,295.31474674186927,False
1784378595.0053134,44.358593463897705,3.111494431472255,-0.1505456927181329,0.02779559073974969,0.0,0.0,295.81875534103176,False
1784378595.187818,44.54109811782837,3.1228219901470444,-0.17555103059119131,0.027794964649234456,0.0,0.0,297.0273024056468,False
1784378595.3313644,44.6846444606781,3.129234085464617,-0.18913144801204823,0.02779420595512528,0.0,0.0,297.68036005591074,False
1784378595.4853823,44.83866238594055,3.136902535488771,-0.204876403791075,0.027794125028483153,0.0,0.0,298.44363109060873,False
1784378595.7079923,45.061272382736206,3.1459134786239367,-0.22273591843836257,0.0277948166591343,0.0,0.0,299.31706633134627,False
1784378595.8604965,45.21377658843994,3.1522584574822554,-0.23492437698158972,0.02779511630788583,0.0,0.0,299.91862100180197,False
1784378596.055508,45.408787965774536,3.165870286553598,-0.2600857610172223,0.027794836677090002,0.0,0.0,301.1885413681275,False
1784378596.2463496,45.599629640579224,4.8,-0.15239999996736311,0.12,0.0,0.0,269.9997895408503,False
1784378596.3987358,45.752015829086304,4.8,-0.16519999996727666,0.12,0.0,0.0,269.9997895408503,False
1784378596.5545304,45.90781044960022,3.1914386295940136,-0.3040811847725811,0.027794787583784727,0.0,0.0,303.4499718603945,False
1784378596.748819,46.10209918022156,3.2038845391864608,-0.3241464641671394,0.02779474940063349,0.0,0.0,304.50052999051826,False
1784378596.9038208,46.25710082054138,4.8,-0.2547999999666716,0.12,0.0,0.0,269.9997895408503,False
1784378597.0233612,46.376641273498535,4.8,-0.27559999996653145,0.12,0.0,0.0,269.9997895408503,False
1784378597.3268216,46.6801016330719,3.2483942959759524,-0.38985888086723774,0.02779470942369604,0.0,0.0,308.18735278708857,False
1784378597.5751894,46.92846941947937,3.2585597192950897,-0.4036789407325144,0.027794900745537372,0.0,0.0,308.9757658907594,False
1784378597.7167675,47.07004761695862,3.269509273892044,-0.418144566659787,0.02779562363938549,0.0,0.0,309.8447433596087,False
1784378597.9373126,47.290592670440674,3.279826586682921,-0.43138484225792706,0.02779600807645624,0.0,0.0,310.6639877953897,False
1784378598.2265246,47.57980465888977,3.295661519066493,-0.4509861354908706,0.02779545243685883,0.0,0.0,311.8814482244578,False
1784378598.4224946,47.77577471733093,3.305721865736822,-0.4630089697617236,0.027795055710122182,0.0,0.0,312.6279380046042,False
1784378598.658165,48.01144504547119,3.3127287795062434,-0.4712019106875937,0.027795158774675314,0.0,0.0,313.1541358155267,False
1784378598.8879645,48.24124455451965,3.3269140294832256,-0.48734139848238817,0.02779581425024893,0.0,0.0,314.2060403779376,False
1784378599.0822604,48.435540437698364,3.339356463151224,-0.5009967435652919,0.027795095121606904,0.0,0.0,315.0248618944284,False
1784378599.2576127,48.61089277267456,3.34796087554851,-0.5101914940115624,0.027794125895285172,0.0,0.0,315.54929289592167,False
1784378599.5242546,48.87753462791443,3.3578547905086196,-0.5205253953708905,0.027792853613231028,0.0,0.0,316.0853038874988,False
1784378599.7241347,49.077414751052856,3.366186087748886,-0.529053347438489,0.027792142768576698,0.0,0.0,316.5096257232111,False
1784378599.934492,49.2877721786499,3.378473347550093,-0.5413715847278928,0.027792018884687207,0.0,0.0,317.1145538081105,False
1784378600.1014578,49.45473790168762,3.3961507861341196,-0.5586316517797009,0.027794400062702306,0.0,0.0,318.0945290798814,False
1784378600.2522986,49.605578660964966,4.8,-0.6371999999640907,0.12,0.0,0.0,269.9997895408503,False
1784378600.4113083,49.764588356018066,3.4254919455378787,-0.5860575970561683,0.02779538858562373,0.0,0.0,319.85579419428836,False
1784378600.589002,49.94228196144104,3.4394241712669715,-0.5985294103523672,0.027794154288583266,0.0,0.0,320.6815334978598,False
1784378600.741723,50.09500312805176,3.456349176011422,-0.613215130101392,0.02779432545353281,0.0,0.0,321.67222099520757,False
1784378600.875218,50.22849798202515,3.4687405841285903,-0.6236513161315804,0.0277950236323644,0.0,0.0,322.38467226820006,False
1784378601.0180242,50.37130427360535,3.482273944441816,-0.6347530279111288,0.027795135094959657,0.0,0.0,323.1465124635759,False
1784378601.236182,50.58946204185486,3.4961009366138427,-0.6457822967277825,0.02779438854970311,0.0,0.0,323.8892049177852,False
1784378601.4155605,50.76884055137634,3.5123863919421936,-0.6583835449824181,0.027793320777778584,0.0,0.0,324.7055234768601,False
1784378601.6193893,50.97266936302185,3.530052646915861,-0.6716190764284006,0.027793280072101023,0.0,0.0,325.5631285404271,False
1784378601.782502,51.13578200340271,3.5493767642025493,-0.6856005285505203,0.027793252362301755,0.0,0.0,326.421557991026,False
1784378601.9920018,51.34528183937073,3.57394156446391,-0.702668509818471,0.027789344489428103,0.0,0.0,327.20217732476044,False
1784378602.2542467,51.607526779174805,4.8,-0.9283999999621189,0.12,0.0,0.0,269.9997895408503,False
1784378602.4906707,51.8439507484436,3.6109620463854,-0.7272912364142118,0.02778786026170382,0.0,0.0,328.13793200001976,False
1784378602.716329,52.06960916519165,3.6147553928285716,-0.7297524487675954,0.027788101664436227,0.0,0.0,328.2219202388864,False
1784378602.8865907,52.23987078666687,3.622390588048296,-0.7346754689786925,0.027788542673376316,0.0,0.0,328.3840905166681,False
1784378603.143208,52.496488094329834,3.6430274021267484,-0.7477908785316252,0.027788611086773937,0.0,0.0,328.7818052572088,False
1784378603.3425252,52.695805311203,3.6640519925433344,-0.7608979689103826,0.02778698210181641,0.0,0.0,329.1231127436188,False
1784378603.4863663,52.839646339416504,4.8,-1.035599999961393,0.12,0.0,0.0,269.9997895408503,False
1784378603.7201614,53.07344150543213,3.6984894562681996,-0.7819106024408933,0.027786793973474805,0.0,0.0,329.6343335785064,False
1784378603.908863,53.2621431350708,3.7143272732932355,-0.79140878512399,0.027788254012728626,0.0,0.0,329.88761020761433,False
1784378604.0736818,53.42696189880371,3.735480494134246,-0.8039391950247029,0.027789176258961035,0.0,0.0,330.2350102187306,False
1784378604.3454814,53.69876146316528,3.7500914458351944,-0.8124914008938467,0.02778852053124785,0.0,0.0,330.4726469445477,False
1784378604.7170725,54.07035255432129,3.767609381412371,-0.8226348016049899,0.02778674180280319,0.0,0.0,330.71896198502003,False
1784378605.0888786,54.442158699035645,3.7771239591600136,-0.8280965880847098,0.027785884253286052,0.0,0.0,330.8376399642328,False
1784378605.5192287,54.87250876426697,3.7894233921808937,-0.8351108104081457,0.02778527363254572,0.0,0.0,330.9770603936434,False
1784378605.7078767,55.06115674972534,3.804532736939345,-0.8436612637402174,0.027785406718028444,0.0,0.0,331.1298945790326,False
1784378605.8649418,55.21822190284729,3.8155058298709896,-0.849829357606279,0.027786076276123006,0.0,0.0,331.2395818633145,False
1784378606.1479423,55.501222372055054,3.8331539743068808,-0.8596816886097718,0.027787874709234838,0.0,0.0,331.44983959943437,False
1784378606.2710032,55.62428331375122,3.842612739983472,-0.8649272352259741,0.027788708853670983,0.0,0.0,331.5760265899522,False
1784378606.516832,55.87011218070984,3.860230339573634,-0.8746291984414486,0.02778908586477405,0.0,0.0,331.8157501173767,False
1784378606.7969508,56.150230884552,3.87799769148049,-0.8843216113712697,0.027787733040626473,0.0,0.0,332.04259686717654,False
1784378606.9411254,56.294405460357666,3.8862286111662594,-0.8887808279270991,0.027786869229532107,0.0,0.0,332.1439965828872,False
1784378607.2003512,56.55363130569458,3.8961902240067423,-0.8941633878996411,0.027788619801385604,0.0,0.0,332.0955433363466,False
1784378607.5851727,56.93845272064209,3.9144861929290045,-0.9040344115209097,0.027801819395468975,0.0,0.0,331.12558846803665,False
1784378607.8153923,57.16867232322693,3.9215877309742004,-0.9078740956610464,0.027805613969313032,0.0,0.0,330.5421508114406,False
1784378608.057577,57.41085696220398,3.9331407930160074,-0.9141639289435056,0.02780363957852837,0.0,0.0,329.48026202657377,False
1784378608.2171857,57.57046580314636,3.9432979580456666,-0.9197766160343015,0.027796730859893773,0.0,0.0,328.4950150900516,False
1784378608.419413,57.772693157196045,3.9532584349967728,-0.9253977222015384,0.027793683567224402,0.0,0.0,327.5232924893963,False
1784378608.5755413,57.928821325302124,3.974432960030309,-0.9378620555597116,0.027801940996608876,0.0,0.0,325.4598076059719,False
1784378608.6928723,58.04615235328674,3.9860043821537006,-0.9450420734010442,0.02780072094579367,0.0,0.0,324.3850842065224,False
1784378608.8263347,58.179614782333374,3.997632683613301,-0.9525351567740865,0.02779647870527478,0.0,0.0,323.31455244421375,False
1784378609.0132997,58.36657977104187,4.8,-1.5267999999580668,0.12,0.0,0.0,269.9997895408503,True
1784378609.1829574,58.536237478256226,4.8,-1.5539999999578826,0.12,0.0,0.0,269.9997895408503,False
1784378609.4484437,58.80172371864319,4.8,-1.6035999999575468,0.12,0.0,0.0,269.9997895408503,False
1784378609.6361437,58.989423751831055,4.0764096903898785,-1.0117260210524885,0.027789532430631137,0.0,0.0,319.40616353198317,False
1784378609.8683674,59.22164750099182,4.095418010081336,-1.027605573747007,0.027792512518284178,0.0,0.0,320.17140352727597,False
1784378610.0389447,59.39222478866577,4.116612448929767,-1.0452775425955945,0.02779612024970816,0.0,0.0,321.1693521035221,False
1784378610.2213423,59.57462239265442,4.132890115860778,-1.0586690652491115,0.02779395946904934,0.0,0.0,321.95271114618805,False
1784378610.4106467,59.76392674446106,4.1503123384810365,-1.0727401517494806,0.027791756279417854,0.0,0.0,322.7909677160177,False
1784378610.5761774,59.92945742607117,4.166844385351147,-1.0857981037143474,0.027792903164536358,0.0,0.0,323.5822355030649,False
1784378610.8351743,60.188454389572144,4.178292902907403,-1.0946601567274208,0.027794178208812748,0.0,0.0,324.12705286389587,False
1784378610.941358,60.29463815689087,4.203299698884007,-1.1134893971685995,0.027794250321175298,0.0,0.0,325.3456158401321,False
1784378611.0673518,60.420631885528564,4.219019784085051,-1.1249423093254138,0.027793476470319146,0.0,0.0,326.11511164842693,False
1784378611.210223,60.56350302696228,4.230662564434649,-1.133229141639958,0.027793382280357836,0.0,0.0,326.6740183517864,False
1784378611.4153733,60.76865339279175,4.2536580364346825,-1.1491006786183677,0.027792937395010434,0.0,0.0,327.67130952113877,False
1784378611.6087677,60.962047815322876,4.277265422164596,-1.1647705124152514,0.02779227832418648,0.0,0.0,328.64065233136967,False
1784378611.7705889,61.12386894226074,4.8,-1.982799999954979,0.12,0.0,0.0,269.9997895408503,False
1784378611.917811,61.27109098434448,4.8,-2.0131999999547734,0.12,0.0,0.0,269.9997895408503,False
1784378612.121571,61.47485113143921,4.350823118124578,-1.2099736652090802,0.027792782796462828,0.0,0.0,331.6251057099947,False
1784378612.2635806,61.61686062812805,4.374463318137921,-1.2233978615109597,0.02779223556489001,0.0,0.0,332.5348407190566,False
1784378612.4213283,61.77460837364197,4.388804053819532,-1.2312959115281237,0.027792211920575214,0.0,0.0,333.07596210051804,False
1784378612.635391,61.98867106437683,4.41769622782059,-1.2466702922598178,0.02779260169054717,0.0,0.0,334.1628040202043,False
1784378612.9052238,62.258503913879395,4.449489214375959,-1.262777664646008,0.027792183161805102,0.0,0.0,335.3186528590727,False
1784378613.028974,62.382254123687744,4.4720299019440395,-1.2737014217290363,0.02779133708851945,0.0,0.0,336.07923680833306,False
1784378613.210447,62.563727140426636,4.4987271946965715,-1.2861446124000024,0.027791214133754308,0.0,0.0,336.9441954189637,False
1784378613.3876758,62.74095582962036,4.5103102923523455,-1.2913835892645114,0.02779127603060907,0.0,0.0,337.30565141421107,False
1784378613.7516787,63.1049587726593,4.5598285056402315,-1.3127635820206494,0.02779096597079978,0.0,0.0,338.8068698233111,False
1784378614.0380924,63.39137244224548,4.598112344543205,-1.3282264478462285,0.027791080263741396,0.0,0.0,339.94098072736466,False
1784378614.3583837,63.71166372299194,4.8,-2.432399999951935,0.12,0.0,0.0,269.9997895408503,False
1784378614.7083285,64.06160855293274,4.69027198555768,-1.3618656582759012,0.027790919749628502,0.0,0.0,342.6549513684007,False
1784378614.9637694,64.31704950332642,4.698457495338244,-1.3646135355754923,0.02779070546567648,0.0,0.0,342.8782015046689,False
1784378615.2215393,64.57481932640076,4.714935163704055,-1.3700317843755714,0.027790224799105874,0.0,0.0,343.3155995570213,False
1784378615.3533697,64.70664978027344,4.73709467569939,-1.3770877092064293,0.027789826105183185,0.0,0.0,343.8833627820961,False
1784378615.6253924,64.97867250442505,4.753852211723065,-1.3822541425648471,0.027789804936151,0.0,0.0,344.2975018175083,False
1784378615.9890537,65.34233379364014,4.791858632880169,-1.3934593640904624,0.02778990847849809,0.0,0.0,345.20787843320426,False
1784378616.5867383,65.94001841545105,4.807403666574293,-1.3978461455283813,0.02778988391049681,0.0,0.0,345.5775668583778,False
1784378616.815281,66.16856098175049,4.818716005399149,-1.4009688598443997,0.027789895809607723,0.0,0.0,345.84795753470513,False
1784378617.0527856,66.40606570243835,4.8371366909294276,-1.4059290636459187,0.027789941332412145,0.0,0.0,346.2865566857493,False
1784378617.2741401,66.62742018699646,4.854319655309141,-1.4104160271314417,0.027789660695953206,0.0,0.0,346.67176671339683,False
1784378617.5104494,66.86372947692871,4.86873922889546,-1.4140808424614275,0.0277892411331535,0.0,0.0,346.98178715967384,False
1784378617.6760378,67.02931785583496,4.890543746124586,-1.4194544759604975,0.02778857712670836,0.0,0.0,347.4265127084916,False
1784378617.845284,67.19856405258179,4.91837354031888,-1.4260346584069648,0.027788416022001414,0.0,0.0,347.9653541174681,False
1784378618.0019608,67.35524082183838,4.9389525177841715,-1.4307106111798533,0.027788760991037068,0.0,0.0,348.3555955982883,False
1784378618.3068993,67.66017937660217,4.961032622435473,-1.4355553995026844,0.027789032242561615,0.0,0.0,348.77328126879263,False
1784378618.5104105,67.86369061470032,4.992035405563645,-1.4420642371660726,0.027788764503545886,0.0,0.0,349.3531807773013,False
1784378618.6494696,68.00274968147278,5.021879253775474,-1.4480124379745762,0.02778796824093712,0.0,0.0,349.86663178652003,False
1784378618.8180442,68.17132425308228,5.0443632923573745,-1.4522996322532433,0.027787777165578658,0.0,0.0,350.23762351259546,False
1784378618.9668775,68.32015752792358,5.068378710085101,-1.456703021436398,0.027788147536695715,0.0,0.0,350.63000827273476,False
1784378619.1359134,68.48919343948364,5.102922040076392,-1.462728146281776,0.027788594105468353,0.0,0.0,351.196720565067,False
1784378619.3017018,68.65498185157776,5.118042862121581,-1.465251729769297,0.027788270036965674,0.0,0.0,351.4316138420791,False
1784378619.4243467,68.7776267528534,5.1471143300541815,-1.469915457117952,0.027786842964522464,0.0,0.0,351.82514740418605,False
1784378619.587684,68.94096398353577,5.162497967320414,-1.4722904114080693,0.027786371584992538,0.0,0.0,352.01495968070225,False
1784378619.7725282,69.12580823898315,5.199543899369146,-1.4777692019315958,0.027787025898195688,0.0,0.0,352.4386329465107,False
1784378620.0623205,69.41560053825378,5.2274038167774455,-1.481683608952522,0.02778755251002709,0.0,0.0,352.7360955434935,False
1784378620.3042693,69.6575493812561,5.25071579734942,-1.4848333250605008,0.02778696365082814,0.0,0.0,352.96311201186126,False
1784378620.437709,69.79098916053772,5.274187804926578,-1.487897562902015,0.027785958606536713,0.0,0.0,353.14916807496905,False
1784378620.5703585,69.92363858222961,5.302064371364723,-1.4914168186483543,0.027786680293656812,0.0,0.0,353.3306227937692,False
1784378620.6854923,70.03877234458923,5.3126810646016525,-1.492727277968601,0.027787882620401588,0.0,0.0,353.39492437163636,False
1784378620.8436713,70.19695138931274,5.340382318690817,-1.4960908983347163,0.02780073109941855,0.0,0.0,354.45691142547025,False
1784378620.972593,70.32587313652039,5.349042683876586,-1.497107638935593,0.027803677977979776,0.0,0.0,355.01181944664495,False
1784378621.105696,70.45897603034973,5.3621970407637125,-1.4985901548447103,0.027802343721563552,0.0,0.0,355.9572442828364,False
1784378621.2381818,70.59146189689636,5.376550679912828,-1.5000813440743466,0.0277964079091911,0.0,0.0,357.0570997930287,False
1784378621.4137487,70.76702880859375,4.8,-3.26599999994629,0.12,0.0,0.0,269.9997895408503,False
1784378621.5626812,70.91596126556396,5.408077744001926,-1.5026526001510423,0.02779915541237775,0.0,0.0,359.3950540701409,False
1784378621.7011242,71.05440425872803,5.420468643652107,-1.5033711478288079,0.027800867662925968,0.0,0.0,0.31772611702797127,False
1784378621.837164,71.19044399261475,5.436559630325777,-1.5040449398939857,0.02779846423014937,0.0,0.0,1.5317371007660074,False
1784378621.9567432,71.3100233078003,4.8,-3.3571999999456725,0.12,0.0,0.0,269.9997895408503,False
1784378622.0643818,71.4176619052887,5.4598516038899705,-1.5044841192173384,0.027797107229821923,0.0,0.0,3.3394705684382866,False
1784378622.1523366,71.50561666488647,5.465345864897114,-1.504493259922154,0.02779797124442596,0.0,0.0,3.7780836005582854,False
1784378622.2517684,71.60504841804504,5.478585038805571,-1.5043291208103124,0.027799422122665545,0.0,0.0,4.754551061595147,False
1784378622.3810208,71.7343008518219,5.48834143319364,-1.504049309710567,0.027799066962484877,0.0,0.0,5.436295283508536,False
1784378622.4590611,71.81234121322632,5.4952478250278,-1.5037760901394595,0.02779827421257486,0.0,0.0,5.91344026862151,False
1784378622.5449388,71.89821887016296,5.510005974487792,-1.50289983879075,0.027794974011756696,0.0,0.0,6.494602744116856,False
1784378622.650139,72.0034191608429,5.522948115094225,-1.501894253496278,0.027791412248113788,0.0,0.0,6.71509662837378,False
1784378622.7490456,72.1023256778717,5.53654880762138,-1.5006883640954036,0.02778824707493661,0.0,0.0,6.802754969888047,False
1784378622.844376,72.19765615463257,5.5532396075561525,-1.4990652253196144,0.027786590886948657,0.0,0.0,6.746697287806084,False
1784378623.0111978,72.36447787284851,5.574155300371663,-1.4968948638070954,0.02778955791301657,0.0,0.0,6.428779128138379,False
1784378623.1479325,72.50121259689331,5.5936124410292205,-1.4948198057805406,0.027794479209563325,0.0,0.0,5.958556973846024,False
1784378623.3787928,72.7320728302002,5.603402274644337,-1.493778616728109,0.027795593724907565,0.0,0.0,5.699753885348888,False
1784378623.5580614,72.91134142875671,5.624576338581155,-1.4915763246785827,0.027793035141825954,0.0,0.0,5.136722746084544,False
1784378623.6933482,73.04662823677063,5.640187136476746,-1.4900205934509463,0.02778942583165289,0.0,0.0,4.719699906338258,False
1784378623.7972894,73.15056943893433,5.664359695039579,-1.4877629530017102,0.027788095683554826,0.0,0.0,4.070133844007606,True
1784378623.9329522,73.28623223304749,5.677145414646033,-1.4866539053597898,0.027789872591908488,0.0,0.0,3.7215087122262216,False
1784378624.0989325,73.45221257209778,4.8,-3.681999999943473,0.12,0.0,0.0,269.9997895408503,False
1784378624.223186,73.57646608352661,5.720862713394277,-1.4833661991365417,0.027792937271001947,0.0,0.0,2.4729597909598486,False
1784378624.3168237,73.67010378837585,5.743400629346147,-1.482006993548442,0.027790705760436327,0.0,0.0,1.8238529957546286,False
1784378624.4137385,73.76701855659485,5.751882218956007,-1.4815582549605488,0.027790182574038407,0.0,0.0,1.5838676100348676,False
1784378624.5313492,73.88462924957275,5.776097456674039,-1.4804693873224266,0.02779027828751494,0.0,0.0,0.9250638743105013,False
1784378624.6276999,73.9809799194336,5.78611521624678,-1.4801010467384352,0.02779068598597956,0.0,0.0,0.6586737862937558,False
1784378624.730997,74.08427715301514,5.8047233626037835,-1.479541958732497,0.02779123610799564,0.0,0.0,0.16361892453248533,False
1784378624.8454943,74.19877433776855,5.8215008767567875,-1.4791692071874107,0.027791968749942043,0.0,0.0,359.6856529677735,False
1784378624.948066,74.30134606361389,5.829504627809743,-1.479030951192685,0.027792878386872753,0.0,0.0,359.5005647871557,False
1784378625.0349352,74.38821530342102,5.847749457542579,-1.478765859442872,0.027799361028074097,0.0,0.0,359.87241690718093,False
1784378625.1577199,74.51099991798401,5.8558244289308705,-1.478668492519807,0.027802186832735484,0.0,0.0,0.37149475866710374,False
1784378625.266449,74.61972904205322,5.869053945294375,-1.4785132866638862,0.0278025776082761,0.0,0.0,1.3879778407769134,False
1784378625.4166634,74.76994347572327,5.8798037997647645,-1.47836455662623,0.027799161800835297,0.0,0.0,2.294975837492222,False
1784378625.5994196,74.95269966125488,5.890174192498014,-1.4781760510022945,0.027796303602545664,0.0,0.0,3.210526649066783,False
1784378625.7479563,75.10123634338379,5.906083825084118,-1.4777491118091055,0.027798165043242652,0.0,0.0,4.665128445791823,False
1784378625.893282,75.24656200408936,5.9183600268972025,-1.4772665639409355,0.027801118151906043,0.0,0.0,5.815781763095196,False
1784378626.0093713,75.36265134811401,5.928064262225148,-1.4767706330638788,0.02780094219748161,0.0,0.0,6.73645326702592,False
1784378626.1330001,75.4862802028656,5.938663328696934,-1.4760899119922442,0.02779871285154246,0.0,0.0,7.719145505624463,False
1784378626.225203,75.57848310470581,5.94793034635167,-1.475356561890235,0.027797163629665177,0.0,0.0,8.525528009118478,False
1784378626.3627336,75.71601366996765,5.960263184569338,-1.474173206509208,0.027797279816714565,0.0,0.0,9.52190486670091,False
1784378626.5156293,75.86890935897827,5.973302781337059,-1.4726674147104362,0.027798467474207597,0.0,0.0,10.484686754128816,False
1784378626.716744,76.07002401351929,5.98876278029677,-1.4705757931917647,0.027798529434386512,0.0,0.0,11.572763470461036,False
1784378626.901812,76.25509214401245,6.007763346080727,-1.4675226588649588,0.02779594284256968,0.0,0.0,12.359594146905668,False
1784378627.0451899,76.39846992492676,6.014780044462536,-1.466269464984698,0.027794556665957475,0.0,0.0,12.41926215302114,False
1784378627.1641784,76.51745843887329,6.032947695054959,-1.4628365638214214,0.027791733435265416,0.0,0.0,12.226276169008047,False
1784378627.3281722,76.68145227432251,6.0490525883577515,-1.4596548795776751,0.027791379319867568,0.0,0.0,11.757349404122,False
1784378627.484287,76.83756709098816,6.0766463882340975,-1.4541293953914527,0.02779506302817381,0.0,0.0,10.710607193471136,False
1784378627.6870522,77.0403323173523,6.098046953627731,-1.4499341263217014,0.02779579217720937,0.0,0.0,9.836585328510289,False
1784378627.7935338,77.14681386947632,6.118069894768558,-1.4461683039685462,0.027794051581975975,0.0,0.0,8.988686459515543,False
1784378628.063375,77.41665506362915,6.151529014084927,-1.4403507500857082,0.0277944309834506,0.0,0.0,7.518938989149061,False
1784378628.162388,77.51566815376282,6.162575661520463,-1.4385819445627843,0.02779531803421017,0.0,0.0,7.018069460342691,False
1784378628.2622104,77.61549043655396,6.1809061425171405,-1.4358316913968594,0.027795857499234924,0.0,0.0,6.178516844312342,False
1784378628.4302268,77.78350687026978,4.8,-4.37799999993876,0.12,0.0,0.0,269.9997895408503,False
1784378628.5874212,77.9407012462616,6.222091594318839,-1.430544587907498,0.02779499515683372,0.0,0.0,4.23827375286025,False
1784378628.6942933,78.04757332801819,6.230444512945931,-1.4296287872206475,0.027795364367124122,0.0,0.0,3.828232917611549,False
1784378628.8073878,78.16066789627075,6.238707704568158,-1.428775120881624,0.02779586295423986,0.0,0.0,3.409447578194428,False
1784378628.9687512,78.32203125953674,6.261716155632887,-1.426678928543011,0.02779704053738948,0.0,0.0,2.166085235257979,False
1784378629.1171062,78.47038626670837,6.278092302415747,-1.425440299230425,0.027797539536647875,0.0,0.0,1.2677748120404682,False
1784378629.2335453,78.58682537078857,6.293043701383261,-1.4245112779583855,0.027797575531676322,0.0,0.0,1.2034081223475588,False
1784378629.3922133,78.74549341201782,6.310016690603585,-1.4236395389300267,0.02779736169631753,0.0,0.0,1.8807109206816708,False
1784378629.5118098,78.86508989334106,6.32266140174566,-1.423051387080923,0.0277972975519893,0.0,0.0,2.6164844935043097,False
1784378629.7054377,79.05871772766113,6.343707573041226,-1.4220553759552652,0.027797325370831034,0.0,0.0,3.92590189271301,False
1784378629.9033024,79.25658249855042,4.8,-4.630799999937048,0.12,0.0,0.0,269.9997895408503,False
1784378630.0619223,79.41520237922668,6.382416561410505,-1.4197163187162067,0.027797457721633573,0.0,0.0,6.391986798365305,False
1784378630.2157795,79.56905961036682,6.3907205015164905,-1.419079979444378,0.027797484539526622,0.0,0.0,6.929065950859359,False
1784378630.4870644,79.84034442901611,6.411502694375989,-1.4172233009038007,0.027797426504271083,0.0,0.0,8.263190086016944,False
1784378630.680207,80.03348708152771,6.426104360260205,-1.4156741285671053,0.027797297344455515,0.0,0.0,9.19117666664147,False
1784378630.8915951,80.24487519264221,6.43655308375156,-1.414435015513183,0.027797235351839995,0.0,0.0,9.852508243489568,False
1784378631.2238138,80.57709383964539,6.455315737537627,-1.4119297863283087,0.027797311235299063,0.0,0.0,11.046699947206921,False
1784378631.373564,80.72684407234192,6.476123409791813,-1.4087134188008463,0.027797388253462948,0.0,0.0,12.371370433346113,False
1784378631.493439,80.84671902656555,6.4895987423293935,-1.406378781957289,0.02779735144447218,0.0,0.0,13.23460862849719,False
1784378631.6025496,80.95582962036133,6.502964982034088,-1.4038660517629649,0.02779738685898524,0.0,0.0,14.104353429220053,False
1784378631.6982052,81.05148530006409,6.509085527080573,-1.402649217780409,0.02779744796437845,0.0,0.0,14.508368417375054,False
1784378631.7968566,81.15013670921326,6.5261100021143665,-1.3990476097427693,0.02779782671995678,0.0,0.0,15.67378804781713,False
1784378631.9094272,81.26270723342896,6.532996832403255,-1.3974966952729668,0.027797984056562107,0.0,0.0,16.15884070249558,False
1784378632.013698,81.36697816848755,6.549398789986056,-1.3935780307430328,0.027798199067383064,0.0,0.0,17.35116788231075,False
1784378632.1003785,81.45365858078003,6.556018985481895,-1.3919038741387437,0.02779822662451177,0.0,0.0,17.84718782076036,False
1784378632.179626,81.53290605545044,6.560697749047493,-1.390687824860259,0.027798241609495563,0.0,0.0,18.203626047711754,False
1784378632.2452831,81.5985631942749,6.566379422998297,-1.3891661303018248,0.027798158213509474,0.0,0.0,18.618756261139858,False
1784378632.3315537,81.68483376502991,6.581048534258626,-1.385005777084966,0.02779742053000543,0.0,0.0,19.611805789831763,False
1784378632.4283688,81.78164887428284,6.587026015681392,-1.3832218629671842,0.027797085340284407,0.0,0.0,20.003756997188486,False
1784378632.5340881,81.88736820220947,6.596037286160458,-1.380441339989628,0.02779676649815123,0.0,0.0,20.592439086867355,False
1784378632.6400301,81.99331021308899,6.61005302627578,-1.375905350359017,0.027796923213119225,0.0,0.0,21.514047913188527,False
1784378632.75162,82.10490012168884,6.617026070544366,-1.3735542107015632,0.027797216481644217,0.0,0.0,21.978215484767876,False
1784378632.838057,82.19133710861206,6.633771751588027,-1.3676528066067422,0.027797838058379966,0.0,0.0,23.117203566982212,False
1784378632.9293125,82.28259253501892,6.639602291638764,-1.3655128455638936,0.02779790084844382,0.0,0.0,23.52337202697585,False
1784378633.0285144,82.38179445266724,6.649195857410723,-1.3618954961260774,0.027797858808866104,0.0,0.0,24.20722929881818,False
1784378633.150497,82.50377702713013,6.663332723280938,-1.3563380118243866,0.027797725971506967,0.0,0.0,25.240259871209233,False
1784378633.2564652,82.60974526405334,6.669032129565315,-1.354010514801064,0.02779760359949004,0.0,0.0,25.640774417913683,False
1784378633.3350613,82.68834137916565,6.683905576988236,-1.34767344869553,0.02779666536254655,0.0,0.0,26.57659115528878,False
1784378633.4295166,82.78279662132263,6.691036975847091,-1.3445130170302066,0.027796130474011777,0.0,0.0,27.00149145114165,False
1784378633.5672617,82.92054176330566,6.697199719871208,-1.3417227291010738,0.02779576232703222,0.0,0.0,27.36417411454042,False
1784378633.716786,83.07006597518921,6.720930860729401,-1.3304916968756673,0.027795865264208793,0.0,0.0,28.757655178366328,False
1784378633.8271434,83.18042349815369,6.7281355140219965,-1.3269323584147583,0.027796192622866967,0.0,0.0,29.183108755371602,False
1784378633.9343603,83.28764033317566,6.745613595340241,-1.3180050265980578,0.02779647870469933,0.0,0.0,30.210224431525013,False
1784378634.0166948,83.36997485160828,6.750735753321816,-1.315310556123669,0.027796381517614693,0.0,0.0,30.512165755690653,False
1784378634.123501,83.47678112983704,6.760922891712395,-1.3098470052881868,0.027796100325317267,0.0,0.0,31.11905571236573,False
1784378634.2379332,83.59121322631836,6.776044962608856,-1.3014759631557118,0.027795923784758158,0.0,0.0,32.0336241888752,False
1784378634.3494666,83.70274662971497,6.784251563318633,-1.296787977295258,0.027795707893534326,0.0,0.0,32.4953849657576,True
1784378634.4275563,83.78083634376526,6.800915779022292,-1.2869640471861996,0.027794950493130046,0.0,0.0,33.39013081630866,False
1784378634.537531,83.8908109664917,6.808238051736521,-1.282524199718844,0.02779466412637548,0.0,0.0,33.77831470852716,False
1784378634.668132,84.02141213417053,6.8186658147517845,-1.2760755679452718,0.027794529737721226,0.0,0.0,34.335338959444435,False
1784378634.7532885,84.1065685749054,6.833176469355428,-1.266855470253079,0.027794858235048882,0.0,0.0,35.11716337146269,False
1784378634.8292303,84.18251037597656,6.838345354968479,-1.2635005864203008,0.027795003948537025,0.0,0.0,35.39478393846626,False
1784378634.9398966,84.29317665100098,4.8,-5.401999999931826,0.12,0.0,0.0,269.9997895408503,False
1784378635.0333068,84.38658690452576,6.8619012845048415,-1.247742008109803,0.027795186669947507,0.0,0.0,36.67735834332189,False
1784378635.1314688,84.48474884033203,6.873988685111186,-1.239353067228248,0.027795087544603483,0.0,0.0,37.35498804535675,False
1784378635.2072175,84.56049752235413,6.884940975090075,-1.2315686155971886,0.0277950994922965,0.0,0.0,37.97939405092935,False
1784378635.3165567,84.66983675956726,6.891993049653172,-1.226453542390916,0.027794916713523233,0.0,0.0,38.35699142209395,False
1784378635.4066265,84.75990653038025,6.8981027970242,-1.2219566941522022,0.027794592463170686,0.0,0.0,38.669661966657586,False
1784378635.5041995,84.85747957229614,6.915520442318924,-1.2088217305243418,0.02779345700900334,0.0,0.0,39.53618354664145,False
1784378635.623165,84.9764449596405,6.922684326356311,-1.203287615714102,0.027793195395945436,0.0,0.0,39.89085697458219,False
1784378635.6993768,85.05265688896179,6.9287987196656795,-1.1985046428385369,0.027793172499783844,0.0,0.0,40.1962350175309,False
1784378635.78057,85.13385009765625,6.938910558425903,-1.1904745696381083,0.02779353573202995,0.0,0.0,40.71018279583256,False
1784378635.8541307,85.20741081237793,6.949899750186552,-1.1815763305857538,0.027794222197980892,0.0,0.0,41.283492569624514,False
1784378635.9484458,85.3017258644104,6.95583139867985,-1.1766977252658257,0.02779455118364662,0.0,0.0,41.599494248502324,False
1784378636.0543013,85.4075813293457,6.966564279755639,-1.167733499092669,0.027794902620270772,0.0,0.0,42.188161225295175,False
1784378636.1493118,85.50259184837341,6.978071506702008,-1.1579197271683854,0.027794901811365014,0.0,0.0,42.84083941852274,False
1784378636.2310467,85.58432674407959,6.98761607554512,-1.1496069574474077,0.02779457341645198,0.0,0.0,43.37364671340123,False
1784378636.3227165,85.67599654197693,6.99929011618006,-1.139207275499827,0.02779350867496473,0.0,0.0,43.96500603021762,False
1784378636.4472048,85.80048489570618,7.006140946519654,-1.1329911606083478,0.027792852339683795,0.0,0.0,44.30015862080495,False
1784378636.5968566,85.95013666152954,7.025618130143024,-1.1148792127903553,0.027792318606916597,0.0,0.0,45.25445658227845,False
1784378636.7513552,86.10463523864746,7.0342932398927775,-1.1066037272654912,0.027792772279178004,0.0,0.0,45.68576242835496,False
1784378636.8680272,86.22130727767944,7.054155767078796,-1.0871679754160792,0.027793987936552435,0.0,0.0,46.71602018347239,False
1784378636.9920537,86.34533381462097,7.0597227491905015,-1.081595243980609,0.027794102917604854,0.0,0.0,47.01700457130145,False
1784378637.0900617,86.44334173202515,7.068861102921278,-1.0723253280694138,0.027794138682704174,0.0,0.0,47.52980347090112,False
1784378637.2268276,86.58010768890381,7.085896305184708,-1.0546088215326868,0.027793968910977112,0.0,0.0,48.511821599564925,False
1784378637.3435018,86.696781873703,7.092182898193444,-1.0479128004087956,0.027793704425664503,0.0,0.0,48.855853224764736,False
1784378637.4481914,86.8014714717865,7.102289876943538,-1.0369534856005866,0.027792566089733073,0.0,0.0,49.34491459170925,False
1784378637.5665488,86.91982889175415,7.114391334282807,-1.0235401964303503,0.027790853290068442,0.0,0.0,49.882809834409045,False
1784378637.6642447,87.01752471923828,7.121857367577375,-1.015115028756307,0.02779011786030956,0.0,0.0,50.20258198140787,False
1784378637.809966,87.16324615478516,7.137680262576514,-0.996895805583606,0.02779014101857184,0.0,0.0,50.865435700532316,False
1784378637.9441738,87.29745388031006,7.149672485779792,-0.9827665820672349,0.027791062095902753,0.0,0.0,51.367745180818986,False
1784378638.0447924,87.3980724811554,7.162469409082691,-0.967385163418514,0.027791552257602156,0.0,0.0,51.90476464421166,False
1784378638.143254,87.4965341091156,7.168833389192692,-0.9596178118972049,0.027791364562073484,0.0,0.0,52.169199939272424,False
1784378638.2576551,87.61093521118164,7.1852296578573025,-0.9392357892835685,0.02778979894496117,0.0,0.0,52.80721292689963,False
1784378638.3517342,87.7050142288208,7.191632801072417,-0.9311328129024911,0.027789087421358365,0.0,0.0,53.0357171291469,False
1784378638.432015,87.78529500961304,7.1962027621437406,-0.9253022539040588,0.027788693918290742,0.0,0.0,53.194783502535536,False
1784378638.5256517,87.87893176078796,7.212571188407058,-0.9041041646446818,0.02778847781274669,0.0,0.0,53.75120604500032,False
1784378638.6344407,87.98772072792053,7.218886021189343,-0.8957973684155739,0.027788816237771092,0.0,0.0,53.964497827695745,False
1784378638.7341585,88.08743858337402,4.8,-6.021199999927633,0.12,0.0,0.0,269.9997895408503,False
1784378638.8553421,88.20862221717834,7.2411468109579005,-0.8659508308129903,0.027789865144819827,0.0,0.0,54.72965385921833,False
1784378638.957872,88.31115198135376,7.246414888564917,-0.8587584291536738,0.02778984952675192,0.0,0.0,54.91612234315791,False
1784378639.0373595,88.39063954353333,7.254250033450408,-0.8479686773149477,0.02778972822485327,0.0,0.0,55.20109375011392,False
1784378639.1330645,88.48634457588196,7.2662787851837365,-0.8311826169891808,0.027789656253976242,0.0,0.0,55.65721100604269,False
1784378639.241638,88.59491801261902,7.272242195477202,-0.8227568984847452,0.02778969289033817,0.0,0.0,55.88607141730846,False
1784378639.3234024,88.676682472229,7.283370468543372,-0.8068372919581415,0.02778928066869105,0.0,0.0,56.27781239353493,False
1784378639.424799,88.77807903289795,7.291939945464004,-0.7944068251562294,0.027788586139856755,0.0,0.0,56.55652349954225,False
1784378639.5275745,88.88085460662842,7.298778680245491,-0.7843826231812226,0.02778798614062679,0.0,0.0,56.770069321491604,False
1784378639.6363597,88.98963975906372,7.313218224469339,-0.7629209279707364,0.027787460026913645,0.0,0.0,57.20716746675105,False
1784378639.7342577,89.08753776550293,7.318274670554097,-0.7553121827316276,0.02778764833923669,0.0,0.0,57.35909336524752,False
1784378639.8276782,89.18095827102661,7.333295630261189,-0.7324270479860538,0.027788764025909525,0.0,0.0,57.817126950180736,False
1784378639.9363616,89.28964161872864,7.33825385601468,-0.7247798924003978,0.02778901626540893,0.0,0.0,57.97109438161888,False
1784378640.1245859,89.47786593437195,7.357787459398452,-0.6941957408942945,0.027788863181016733,0.0,0.0,58.611120512406515,False
1784378640.2274446,89.58072471618652,7.3625970525146895,-0.6865496799500473,0.027788758202492797,0.0,0.0,58.77695381466351,False
1784378640.3294215,89.682701587677,7.374580769378638,-0.6672856414064009,0.027788504849342782,0.0,0.0,59.17796209992541,False
1784378640.4223943,89.77567434310913,7.381763148924023,-0.6555911436544399,0.027788234807751354,0.0,0.0,59.40341488004038,False
1784378640.5272217,89.88050174713135,4.8,-6.3315999999255315,0.12,0.0,0.0,269.9997895408503,False
1784378640.6208532,89.97413325309753,4.8,-6.345999999925434,0.12,0.0,0.0,269.9997895408503,False
1784378640.7869763,90.14025640487671,7.406440531947803,-0.6145734841018687,0.02778669222429351,0.0,0.0,60.07779052638932,False
1784378640.8792386,90.23251867294312,7.41591342194823,-0.5985004305233412,0.027786709142949145,0.0,0.0,60.30870251131037,False
1784378640.996325,90.34960508346558,7.425319460830705,-0.5823712752125292,0.027787176695312495,0.0,0.0,60.53164091970845,False
1784378641.0999987,90.45327877998352,7.435790016037805,-0.5642396971605204,0.027789621500055952,0.0,0.0,60.79323077746357,False
1784378641.273075,90.62635517120361,7.444119448805728,-0.5496908888399198,0.027793502811504545,0.0,0.0,60.8570140055163,False
1784378641.420195,90.7734751701355,7.455154791877377,-0.5302908514127331,0.02779819103193431,0.0,0.0,60.36932212819801,False
1784378641.5216205,90.87490057945251,7.461064219429505,-0.5198942208012131,0.027797652242556044,0.0,0.0,60.00617506089469,False
1784378641.6302865,90.98356652259827,7.469015080846995,-0.50596891767124,0.027793989796210228,0.0,0.0,59.47715966545041,False
1784378641.7705739,91.12385392189026,7.4783712076995155,-0.48974958748234937,0.027789948757907048,0.0,0.0,58.82842012270811,False
1784378641.9177768,91.27105689048767,7.490459814694074,-0.46916301626629253,0.02779168111902571,0.0,0.0,57.95424312192009,False
1784378642.0485418,91.40182185173035,7.496533347407443,-0.45900645740678064,0.027794206858904085,0.0,0.0,57.505077260714884,False
1784378642.192999,91.54627895355225,4.8,-6.595599999923744,0.12,0.0,0.0,269.9997895408503,False
1784378642.3226519,91.67593193054199,7.515634889755726,-0.42797185648101316,0.027794915865010844,0.0,0.0,56.07416506313964,False
1784378642.5015457,91.85482573509216,7.519783707635084,-0.42142126841774713,0.027793927653069265,0.0,0.0,55.76385581814201,False
1784378642.6545937,92.00787377357483,7.52829664892242,-0.4082069603943942,0.02779229560482496,0.0,0.0,55.16953981519923,False
1784378642.7994432,92.15272331237793,7.534842097883804,-0.3982437662809201,0.027791958266855255,0.0,0.0,54.73597793532103,False
1784378642.9445882,92.29786825180054,7.549719613936353,-0.3761860969089272,0.027793248351342736,0.0,0.0,53.77676023790221,False
1784378643.0885682,92.44184827804565,7.56491900324564,-0.3544360730415455,0.02779385648557639,0.0,0.0,52.803461731119036,False
1784378643.2089407,92.56222081184387,7.5718475843906585,-0.34477107981929234,0.027793628670561683,0.0,0.0,52.36030580952751,False
1784378643.3284743,92.68175435066223,7.581980190528284,-0.3309103504256447,0.02779323817162682,0.0,0.0,51.72131163203398,True
1784378643.473568,92.82684803009033,7.59325191627458,-0.31587115278434247,0.02779264410994859,0.0,0.0,51.06774363097832,False
1784378643.5968213,92.95010137557983,7.603937166098881,-0.30194978264355055,0.027792361248344964,0.0,0.0,50.46666965932318,False
1784378643.7281613,93.0814414024353,7.617230042662877,-0.28505013343431035,0.02779275562484301,0.0,0.0,49.71186118769615,False
1784378643.8428133,93.19609332084656,7.624751487558563,-0.27568471827396773,0.027793208576920355,0.0,0.0,49.277856905039314,False
1784378643.95834,93.31161999702454,7.638122952831669,-0.2593723722528572,0.0277940137333141,0.0,0.0,48.47962127272619,False
1784378644.058574,93.41185402870178,7.643982835605794,-0.2523590591445723,0.027794206220523546,0.0,0.0,48.12285603733829,False
1784378644.2075355,93.56081557273865,7.657355055044993,-0.23665778746229787,0.02779439851469996,0.0,0.0,47.283970398630146,False
1784378644.3819895,93.73526954650879,4.8,-6.933199999921458,0.12,0.0,0.0,269.9997895408503,False
1784378644.5797045,93.9329845905304,7.681272567353185,-0.20965412257197877,0.027793770997484164,0.0,0.0,45.84034366125376,False
1784378644.7363582,94.08963823318481,7.695089168307897,-0.19468862607401224,0.027791820418273917,0.0,0.0,45.17770988989662,False
1784378644.9465132,94.2997932434082,7.711275014469772,-0.17764266797253914,0.027790531024185543,0.0,0.0,44.45512992507754,False
1784378645.132695,94.48597502708435,7.731703817848012,-0.15678266924223092,0.02779183039917285,0.0,0.0,43.56584304358511,False
1784378645.2493074,94.60258746147156,7.750426896159345,-0.13824760351414087,0.027792773677001004,0.0,0.0,42.747287112142104,False
1784378645.3633144,94.71659445762634,7.756388916675932,-0.13245739849570262,0.027792645879095593,0.0,0.0,42.48767504770867,False
1784378645.4996078,94.85288786888123,7.776721937458915,-0.11311120250825496,0.02779104246382576,0.0,0.0,41.665971140628784,False
1784378645.6313872,94.98466730117798,7.784990834232739,-0.10540921345420794,0.027790584162725326,0.0,0.0,41.34460737694931,False
1784378645.7712562,95.12453627586365,7.8033236003647195,-0.08863457682654992,0.027791992090257064,0.0,0.0,40.54858205392528,False
1784378646.0125475,95.3658275604248,7.825931290989641,-0.06850306970269786,0.027797582309288298,0.0,0.0,39.199549087691786,False
1784378646.1864896,95.53976964950562,7.842374593596491,-0.0543385175734253,0.027796789790531518,0.0,0.0,38.1347442382212,False
1784378646.3333297,95.68660974502563,7.85335572243409,-0.04513239913688664,0.027795014075325676,0.0,0.0,37.42746443142729,False
1784378646.4936159,95.84689593315125,7.8751870021277135,-0.02747112175941891,0.027794132546771013,0.0,0.0,36.14163861632026,False
1784378646.6096966,95.96297669410706,7.887799677433088,-0.017628034221468792,0.02779506255968085,0.0,0.0,35.41819762546138,False
1784378646.7292228,96.08250284194946,7.899526315702279,-0.008700044407028996,0.027795641271168278,0.0,0.0,34.74486669156687,False
1784378646.8346598,96.18793988227844,7.908371379655466,-0.0021057118318341954,0.02779561584284889,0.0,0.0,34.2375994977132,False
1784378647.007498,96.36077809333801,4.8,-7.360399999918565,0.12,0.0,0.0,269.9997895408503,False
1784378647.1393797,96.4926598072052,7.9429121014072415,0.02253613319442505,0.027795294346534483,0.0,0.0,32.22337001236795,False
1784378647.2628386,96.61611866950989,7.9537824516620335,0.029933148194321243,0.02779573629734695,0.0,0.0,31.577179981000093,False
1784378647.3696992,96.72297930717468,7.9691352414880585,0.04006802019495835,0.027795319329657467,0.0,0.0,30.750939488435893,False
1784378647.484244,96.83752417564392,7.979654526916174,0.0468166174915778,0.027794485378073334,0.0,0.0,30.215977639296224,False
1784378647.6491795,97.00245952606201,7.995652353437976,0.056802278448630575,0.027793693043197752,0.0,0.0,29.413974794888592,False
1784378647.7642124,97.11749243736267,8.011834122291603,0.06657901295751678,0.02779412697659479,0.0,0.0,28.610151984628445,False
1784378647.9475112,97.30079126358032,8.029177701130743,0.07671433707679265,0.02779504643811368,0.0,0.0,27.740758401827918,False
1784378648.1281135,97.48139357566833,8.04981044375953,0.08832231639199924,0.027795184400047298,0.0,0.0,26.692969644909347,False
1784378648.2850096,97.6382896900177,8.066149666760344,0.09717310174591938,0.027794813248395514,0.0,0.0,25.857615593591834,False
1784378648.4562154,97.80949544906616,8.081327273030906,0.10513170069600795,0.027794993224619053,0.0,0.0,25.060336535410887,False
1784378648.592208,97.94548797607422,8.10269850794322,0.11587535053792246,0.02779443945983011,0.0,0.0,24.05869570305839,False
1784378648.717247,98.07052707672119,8.116752413401343,0.1226630634026693,0.02779327592783093,0.0,0.0,23.46671252405205,False
1784378648.8784993,98.23177933692932,8.140544511916206,0.13371625257352654,0.027792593827035188,0.0,0.0,22.48221087337875,False
1784378649.0116496,98.36492967605591,4.8,-7.691599999916322,0.12,0.0,0.0,269.9997895408503,False
1784378649.1378725,98.49115252494812,8.173967751760049,0.14838577870876443,0.027794555702051003,0.0,0.0,21.063615664480192,False
1784378649.3012452,98.65452527999878,8.189245264522285,0.15477423223010744,0.027794983740853416,0.0,0.0,20.375399435474073,False
1784378649.4845726,98.83785271644592,8.21342741767695,0.16447809823193105,0.027795248344706126,0.0,0.0,19.231614217855267,False
1784378649.6209683,98.97424840927124,8.229637207439199,0.17068140479679486,0.02779502127702973,0.0,0.0,18.485076943954272,False
1784378649.7526832,99.10596323013306,8.246414201281793,0.1768350669333269,0.02779395005191755,0.0,0.0,17.789276827424914,False
1784378649.8973498,99.25062990188599,8.27462653220079,0.18657546304877412,0.027788435786584652,0.0,0.0,17.055162113370503,False
1784378650.0314257,99.38470578193665,4.8,-7.865999999915141,0.12,0.0,0.0,269.9997895408503,False
1784378650.1773977,99.53067779541016,4.8,-7.893199999914957,0.12,0.0,0.0,269.9997895408503,False
1784378650.3026955,99.65597558021545,4.8,-7.910799999914838,0.12,0.0,0.0,269.9997895408503,False
1784378650.448219,99.80149912834167,8.359104543065804,0.21310463117848805,0.027788770678606696,0.0,0.0,16.034069954875033,False
1784378650.5886445,99.94192457199097,8.372614610856687,0.21712516613022873,0.027788962748947037,0.0,0.0,15.959563163443672,False
1784378650.7197173,100.07299733161926,8.3995964057185,0.22504400244674644,0.027786816298808283,0.0,0.0,15.875719978231624,False
1784378650.8545718,100.20785188674927,8.411575999343214,0.2285230666318914,0.02778598785111357,0.0,0.0,15.865015708023318,False
1784378651.014838,100.36811804771423,8.444471737393137,0.23800307487278843,0.027787137080089962,0.0,0.0,15.924333512829874,False
1784378651.137134,100.49041414260864,8.456420340345934,0.2414317789331174,0.027788081627711462,0.0,0.0,15.978185007956267,False
1784378651.2621412,100.61542129516602,8.472837719634652,0.24614117072927072,0.027788653828213467,0.0,0.0,16.0780223508231,False
1784378651.4267125,100.77999258041382,8.498174450246076,0.25342672074816547,0.027787546861874245,0.0,0.0,16.28361774174396,False
1784378651.6507978,101.00407791137695,8.526349537055184,0.26158993047350215,0.027786858376493338,0.0,0.0,16.58361422251515,False
1784378651.796368,101.1496479511261,8.549932117761873,0.2685035812729669,0.027788222402244114,0.0,0.0,16.88985806795066,False
1784378651.939274,101.29255414009094,8.571984786282657,0.275059079298788,0.02778900178892482,0.0,0.0,17.20305989135407,False
1784378652.0873656,101.44064569473267,8.593995805552414,0.28170638381405494,0.027788265106078146,0.0,0.0,17.530844227521932,False
1784378652.2929876,101.6462676525116,4.8,-8.229199999912682,0.12,0.0,0.0,269.9997895408503,False
1784378652.4239905,101.77727055549622,8.643743632735642,0.29717603567492756,0.027787836322798614,0.0,0.0,18.298996248494987,False
1784378652.5628898,101.91616988182068,8.659758105331438,0.30229901962201833,0.027788443318639375,0.0,0.0,18.556553386564108,False
1784378652.7086098,102.06188988685608,4.8,-8.296399999912227,0.12,0.0,0.0,269.9997895408503,False
1784378652.8753114,102.22859144210815,8.707433378337482,0.3179995327857965,0.02778852503053015,0.0,0.0,19.376333300749426,False
1784378653.038871,102.39215111732483,8.72756104482978,0.32484340829017444,0.02778831172554666,0.0,0.0,19.73381019710131,False
1784378653.2073534,102.56063342094421,8.760493662957353,0.336332688629488,0.027788538283922533,0.0,0.0,20.33076656226933,False
1784378653.324429,102.67770910263062,8.771914663000997,0.34040418030505354,0.027788638085039858,0.0,0.0,20.540112602045852,False
1784378653.411839,102.76511907577515,4.8,-8.414799999911425,0.12,0.0,0.0,269.9997895408503,False
1784378653.5166023,102.86988234519958,4.8,-8.429199999911328,0.12,0.0,0.0,269.9997895408503,False
1784378653.6600454,103.01332545280457,8.818861183597617,0.35762637617970483,0.027788528945769008,0.0,0.0,21.407303468720723,False
1784378653.7742345,103.12751460075378,8.842942042564326,0.3667704598079086,0.027788484017937824,0.0,0.0,21.85502223756802,False
1784378653.9552124,103.30849242210388,8.875437024186656,0.37945032538550166,0.02778851558582939,0.0,0.0,22.45647494599882,False
1784378654.072161,103.42544102668762,8.885308387773335,0.38338040981128374,0.02778849442314627,0.0,0.0,22.638127256746145,False
1784378654.2502687,103.6035487651825,8.899397502294253,0.3890531172259239,0.027788431355377383,0.0,0.0,22.89603048780979,False
1784378654.381122,103.73440217971802,8.930292987057467,0.4017537866892481,0.0277884044565535,0.0,0.0,23.463796671682324,False
1784378654.505492,103.85877203941345,4.8,-8.585999999910266,0.12,0.0,0.0,269.9997895408503,False
1784378654.6959028,104.0491828918457,8.97095414750901,0.4190208185850235,0.027788207772536058,0.0,0.0,24.19044401098965,False
1784378654.8504262,104.20370626449585,9.001703275431776,0.4324918411508123,0.027788076074537902,0.0,0.0,24.729352122832942,False
1784378655.0358608,104.38914084434509,9.021207753048683,0.4412197473372934,0.027788195828099,0.0,0.0,25.070363369230186,True
1784378655.15562,104.50890016555786,9.0448224061035,0.45197699521806084,0.027788316669403658,0.0,0.0,25.48350617741059,False
1784378655.29262,104.64590001106262,9.06282182649415,0.4603164028545154,0.027788279446198865,0.0,0.0,25.799990344359504,False
1784378655.4424598,104.7957398891449,9.087644275073119,0.4720170131088163,0.027788233020443212,0.0,0.0,26.241939518516517,False
1784378655.6116922,104.96497225761414,9.113815460099453,0.4846085257518656,0.027788117025258893,0.0,0.0,26.698308552630277,False
1784378655.7510016,105.10428166389465,9.130334765753634,0.492691161091048,0.02778794075451524,0.0,0.0,26.97828828048294,False
1784378655.8718011,105.22508120536804,9.153665243141301,0.504282065492968,0.027787835987055205,0.0,0.0,27.37275559743143,False
1784378656.0019712,105.35525131225586,9.175545699708168,0.5153390984950111,0.02778801816844947,0.0,0.0,27.74318997587592,False
1784378656.1579704,105.51125049591064,9.189182463454008,0.5223217043252244,0.027788156500486477,0.0,0.0,27.97470590071507,False
1784378656.322024,105.67530417442322,9.220391841254735,0.5385675161652755,0.027788210590121543,0.0,0.0,28.51477300400279,False
1784378656.4509025,105.80418252944946,9.231224049138037,0.5442938705451777,0.02778811279936378,0.0,0.0,28.70127735405302,False
1784378656.6098278,105.96310782432556,9.258372946157461,0.5588467199871393,0.02778754630860613,0.0,0.0,29.140882841136,False
1784378656.7410011,106.09428119659424,4.8,-8.968399999907676,0.12,0.0,0.0,269.9997895408503,False
1784378656.8860767,106.23935675621033,9.297655419063432,0.5803960720935275,0.027787394757038328,0.0,0.0,29.743864447557115,False
1784378657.0076897,106.36096978187561,9.308453103376674,0.586418638024059,0.02778757718202726,0.0,0.0,29.907304456894106,False
1784378657.1484487,106.50172877311707,9.335350843918482,0.6016041245180233,0.027787904338632333,0.0,0.0,30.317134019088893,False
1784378657.2855117,106.63879179954529,9.346070555979017,0.6077286240303961,0.02778787259120073,0.0,0.0,30.48216455131327,False
1784378657.487264,106.84054398536682,9.378093962310688,0.6262722368616027,0.02778763464539796,0.0,0.0,30.983026079575353,False
1784378657.6611233,107.01440334320068,9.395472867155382,0.6364939919044669,0.02778738911928962,0.0,0.0,31.238087576888432,False
1784378657.841593,107.19487309455872,9.418243401620735,0.6500522289356773,0.027786880675285147,0.0,0.0,31.544656253770572,False
1784378657.9994912,107.35277128219604,9.446322602923685,0.6670166418070722,0.027786696304104755,0.0,0.0,31.898297554497812,False
1784378658.1834157,107.53669571876526,4.8,-9.20999999990604,0.12,0.0,0.0,269.9997895408503,False
1784378658.3586686,107.71194863319397,9.492904752444717,0.6957198535313172,0.02778731701401301,0.0,0.0,32.45725924182189,False
1784378658.6034083,107.95668840408325,9.522003206188945,0.7139872504824198,0.027786949939672713,0.0,0.0,32.80624508744554,False
1784378658.828256,108.18153595924377,9.548401913975727,0.7307806321174368,0.027786887819662768,0.0,0.0,33.115090896964254,False
1784378658.946959,108.30023908615112,9.570875095234307,0.7452398388664336,0.02778667345714554,0.0,0.0,33.35228950472211,False
1784378659.1064246,108.45970463752747,9.59727025555156,0.7624036336828545,0.027786356462465363,0.0,0.0,33.61089144409997,False
1784378659.2715986,108.62487864494324,9.620964673537548,0.777968793650834,0.027786607462470688,0.0,0.0,33.831082676260515,False
1784378659.4178207,108.77110075950623,9.635140309415887,0.787346524335614,0.027787609534066046,0.0,0.0,33.961970250668344,False
1784378659.5596108,108.9128909111023,9.659448387829668,0.8035335033620776,0.027792600114444392,0.0,0.0,34.19716527269635,False
1784378659.6866908,109.03997087478638,9.672294867658621,0.8121443914954741,0.02779477543551941,0.0,0.0,34.19446061326305,False
1784378659.8129919,109.16627192497253,9.689333947597092,0.8236042824810874,0.027795042405674483,0.0,0.0,33.845095806147306,False
1784378659.9656017,109.31888175010681,9.71157567731631,0.8385238599274174,0.02779235625042114,0.0,0.0,33.015176580522365,False
1784378660.1052094,109.45848941802979,9.721494772232363,0.8451203516509675,0.02779195816117365,0.0,0.0,32.5867248392847,False
1784378660.2582648,109.6115448474884,9.740087969381799,0.8573285586752786,0.027793648790123707,0.0,0.0,31.73438378416689,False
1784378660.352308,109.7055881023407,9.752066288794431,0.8650580091125865,0.027794936490957427,0.0,0.0,31.16761300090312,False
1784378660.4766264,109.82990646362305,9.766190277630848,0.8740136417568154,0.027795201389168318,0.0,0.0,30.487470852871294,False
1784378660.614776,109.96805596351624,9.788153912715044,0.8875583953454678,0.027793550551980142,0.0,0.0,29.45613739727542,False
1784378660.7243989,110.0776789188385,9.795905175994019,0.8922238357503668,0.0277931804793369,0.0,0.0,29.0965290036692,False
1784378660.9004962,110.25377631187439,9.820374359294966,0.9065553240013225,0.02779396847529975,0.0,0.0,27.95780545337961,False
1784378661.0321717,110.38545179367065,9.829329510112046,0.9116480939885415,0.027794408297980765,0.0,0.0,27.543228909021007,False
1784378661.1680183,110.5212984085083,9.85189498242698,0.9241185791163231,0.027794300940003278,0.0,0.0,26.510189034532367,False
1784378661.3569908,110.71027088165283,4.8,-9.737999999902465,0.12,0.0,0.0,269.9997895408503,False
1784378661.4913275,110.84460759162903,9.888390588223537,0.9432099168079637,0.027793831575977042,0.0,0.0,24.850410521802285,False
1784378661.6423717,110.99565172195435,9.903429267852559,0.9506936183694189,0.02779404814271658,0.0,0.0,24.18396463978819,False
1784378661.8444052,111.19768524169922,9.926722870213803,0.9618595701476564,0.0277940352954894,0.0,0.0,23.15475019247169,False
1784378661.959488,111.31276798248291,9.946658685253341,0.9710133721845436,0.02779389215709354,0.0,0.0,22.2774777346167,False
1784378662.1553795,111.50865960121155,9.967805591318085,0.9803280459571142,0.027794135270951155,0.0,0.0,21.336314789753686,False
1784378662.3643355,111.71761560440063,9.992575111671536,0.9907245784401286,0.027794389129935183,0.0,0.0,20.23224581532258,False
1784378662.5679064,111.92118644714355,10.019709057697021,1.0014885883593618,0.02779445228268223,0.0,0.0,19.00225975219547,False
1784378662.741716,112.09499597549438,10.04825907137639,1.0121044964914094,0.02779433631014815,0.0,0.0,17.727889194470603,False
1784378662.9768608,112.3301408290863,10.065180181402756,1.0180550185497075,0.027793976214340706,0.0,0.0,17.000102152287763,False
1784378663.1149738,112.46825385093689,10.096773776214832,1.0285190743723556,0.02779410312455344,0.0,0.0,15.639238028657596,False
1784378663.2495944,112.6028745174408,10.113860884361863,1.0338340856479713,0.027794365399032017,0.0,0.0,14.903167847214343,False
1784378663.3830578,112.73633790016174,10.128484314842975,1.0381951724281757,0.02779450425880366,0.0,0.0,14.264227763709014,False
1784378663.5109115,112.86419153213501,10.148124323437,1.0437748726013092,0.027794290234264572,0.0,0.0,13.423889770291783,False
1784378663.6586034,113.01188349723816,10.161817087591995,1.0474769924966978,0.02779386398988179,0.0,0.0,12.860610194335845,False
1784378663.8497474,113.20302748680115,10.189353951628423,1.0544782127603416,0.02779364440975802,0.0,0.0,11.731462533771387,False
1784378664.0256772,113.37895727157593,10.21063693906898,1.0594942310601265,0.027794188142642597,0.0,0.0,10.846481933036673,False
1784378664.2141569,113.56743693351746,10.233102067893487,1.0644190946796406,0.02779458000072938,0.0,0.0,9.896178850930431,False
1784378664.442017,113.7952971458435,10.264051378016406,1.0705833216932021,0.027794622071825068,0.0,0.0,8.542920171658986,False
1784378664.6395774,113.99285745620728,10.284071703729381,1.0741709074744321,0.027794294851990607,0.0,0.0,7.701719825300998,False
1784378664.7400284,114.0933084487915,10.302034129711384,1.0771195339846338,0.027793434967779373,0.0,0.0,7.003503119379454,False
1784378664.8425257,114.19580578804016,10.321545259845742,1.0800517750731424,0.027792784155686943,0.0,0.0,6.270414831036624,False
1784378664.9648874,114.31816744804382,10.33465993638878,1.081870804440477,0.027792775228013114,0.0,0.0,5.786790073428754,False
1784378665.112507,114.4657871723175,10.362232840660043,1.0853148065932137,0.027793517193461306,0.0,0.0,4.762047933605759,False
1784378665.2449408,114.59822082519531,10.374024714202314,1.0866332280405366,0.02779375211956304,0.0,0.0,4.316900696728231,False
1784378665.436136,114.78941607475281,10.401625047728595,1.0893527658632551,0.027793445614064282,0.0,0.0,3.2900124710106793,False
1784378665.5662618,114.91954183578491,10.419915184826836,1.090849224291235,0.02779098442885148,0.0,0.0,2.7904439093309397,False
1784378665.7418687,115.09514880180359,10.441776027172333,1.0923731144993898,0.027787809506234648,0.0,0.0,2.289079686173027,False
1784378665.912715,115.26599502563477,10.473285159472985,1.0941447586706712,0.027786860540548713,0.0,0.0,1.6923614453125082,False
1784378666.0421898,115.39546990394592,4.8,-10.53319999989708,0.12,0.0,0.0,269.9997895408503,False
1784378666.204367,115.55764698982239,10.520689928651134,1.096052491297511,0.02778863582217844,0.0,0.0,0.9409241779999028,False
1784378666.4230137,115.77629375457764,10.557751463740761,1.0970272790042095,0.027786908890641736,0.0,0.0,0.4282344106742005,False
1784378666.5977442,115.95102429389954,10.577907155794625,1.0973936549706,0.02778669473148711,0.0,0.0,0.16959569604117777,False
1784378666.8706157,116.22389578819275,10.621490544375144,1.0978343841931895,0.027787501265011574,0.0,0.0,359.65418046426726,False
1784378666.998247,116.35152697563171,10.649604563250264,1.0978865117489358,0.02778703857710633,0.0,0.0,359.3496859727751,False
1784378667.2020786,116.55535864830017,10.679324735603515,1.097761534763248,0.02778664267159562,0.0,0.0,359.04493273361606,False
1784378667.34117,116.69445013999939,10.701245516666086,1.0975580838165329,0.0277868381308026,0.0,0.0,358.82954580403776,False
1784378667.5108929,116.86417293548584,10.73256983061707,1.097112624538554,0.027787095895648112,0.0,0.0,358.53030102279286,False
1784378667.6320856,116.98536562919617,10.748246498665997,1.096823844988762,0.027786990448794596,0.0,0.0,358.3851569347997,True
1784378667.805833,117.15911316871643,10.778113391810106,1.0961569137165499,0.027786526199881294,0.0,0.0,358.127873860121,False
1784378667.9491622,117.3024423122406,10.809591267253083,1.0952976271503452,0.02778642256862917,0.0,0.0,357.87550167780967,False
1784378668.0809064,117.43418645858765,10.823762996160024,1.0948611963197072,0.02778653734777455,0.0,0.0,357.7667432830515,False
1784378668.2065392,117.55981922149658,10.850559186455442,1.0939559393659979,0.02778669230088233,0.0,0.0,357.5713573642111,False
1784378668.3291616,117.68244171142578,10.864762367235068,1.0934353392140546,0.027786625695599417,0.0,0.0,357.4738677856262,False
1784378668.502962,117.8562421798706,10.899504133460729,1.0920501178232405,0.02778625372394234,0.0,0.0,357.2505271464637,False
1784378668.642803,117.99608302116394,10.918483825499845,1.091229972946876,0.027786174366607998,0.0,0.0,357.1397797072501,False
1784378668.7719367,118.1252167224884,10.943824897154846,1.0900703189467507,0.027786239220495248,0.0,0.0,357.0067577172649,False
1784378668.9302619,118.2835419178009,10.967594339835747,1.0889206938577822,0.027786266029471256,0.0,0.0,356.8944410735398,False
1784378669.2021644,118.55544447898865,11.00721317778676,1.086885341725971,0.02778617838221978,0.0,0.0,356.7282935772295,False
1784378669.310913,118.66419315338135,11.030983250457137,1.08560006162851,0.027786237941057078,0.0,0.0,356.63884342901383,False
1784378669.4422843,118.79556441307068,11.053167177728225,1.0843614256517076,0.027786282797320223,0.0,0.0,356.56109141385963,False
1784378669.586629,118.93990898132324,11.08327066426991,1.0826252061041397,0.027786206648589027,0.0,0.0,356.4631837409256,False
1784378669.7553923,119.10867238044739,11.103851144666287,1.0814043340353707,0.027786204733130124,0.0,0.0,356.4027682378228,False
1784378669.9261658,119.27944588661194,11.1370278549327,1.0793842015419244,0.027786512647244244,0.0,0.0,356.3275267908952,False
1784378670.0985038,119.45178389549255,11.163838297435246,1.0777115552942078,0.027786689974809105,0.0,0.0,356.2898545617384,False
1784378670.2556722,119.60895228385925,11.18905064308238,1.0761131690489039,0.027786561727420098,0.0,0.0,356.27445057760065,False
1784378670.4063685,119.75964856147766,11.218980070705326,1.0741939779965506,0.027786387380929214,0.0,0.0,356.28067973501805,False
1784378670.5390086,119.89228868484497,11.233155050535222,1.0732802633669714,0.02778642995422336,0.0,0.0,356.29288738331724,False
1784378670.7098777,120.06315779685974,11.266197539111388,1.0711486653771807,0.0277867279126043,0.0,0.0,356.3497761859649,False
1784378670.8445652,120.1978452205658,11.288213468389804,1.0697348396025947,0.027786764759807944,0.0,0.0,356.40919964915633,False
1784378670.9657214,120.31900143623352,11.310226727091639,1.0683335153301476,0.027786628622063037,0.0,0.0,356.48399395767944,False
1784378671.0727105,120.42599058151245,11.321233043008387,1.0676393999359075,0.027786556511713387,0.0,0.0,356.52659064712634,False
1784378671.2086833,120.56196331977844,11.351107955805599,1.065784242387959,0.02778654738074401,0.0,0.0,356.6574250740771,False
1784378671.3899045,120.7431845664978,11.374695464090628,1.0643562040367585,0.02778667480979347,0.0,0.0,356.7740886115919,False
1784378671.5100749,120.86335492134094,11.39828284284172,1.0629670156964808,0.02778671506366533,0.0,0.0,356.90062505371793,False
1784378671.6545634,121.00784349441528,11.417138194353836,1.061887943876747,0.027786690804357445,0.0,0.0,357.010249368768,False
1784378671.7909656,121.14424562454224,11.442267888028152,1.060498028363349,0.0277866956084326,0.0,0.0,357.16672386053324,False
1784378671.8977363,121.25101637840271,11.461122019776148,1.0594946052399787,0.02778673026646873,0.0,0.0,357.28900199024633,False
1784378672.0624325,121.41571259498596,11.484710005340936,1.0582902149502817,0.0277866873455128,0.0,0.0,357.4436218335451,False
1784378672.190751,121.54403114318848,11.51460197541302,1.0568492422613245,0.02778653245156096,0.0,0.0,357.6415996781773,False
1784378672.3376682,121.69094824790955,11.53980368870797,1.0557111137823378,0.02778649713471903,0.0,0.0,357.80611869179467,False
1784378672.4343877,121.78766775131226,11.557161029091377,1.054968641899525,0.02778648909973691,0.0,0.0,357.9139134392966,False
1784378672.5545478,121.9078278541565,11.56979242741783,1.0544493410607076,0.027786463936222642,0.0,0.0,357.9899984024401,False
1784378672.7089393,122.0622193813324,11.601384700108026,1.0532264350317126,0.02778633913572599,0.0,0.0,358.17322906606216,False
1784378672.8385649,122.19184494018555,11.61403234480299,1.0527666041872206,0.027786312408026103,0.0,0.0,358.2430470075476,False
1784378672.989439,122.34271907806396,11.64410947230098,1.0517388325506114,0.02778632357370816,0.0,0.0,358.39745760153545,False
1784378673.1624699,122.51574993133545,11.677403095042932,1.0507027994286802,0.027786191423640826,0.0,0.0,358.5476522629409,False
1784378673.3319516,122.68523168563843,11.691677325722045,1.0502889045979082,0.027786119705634185,0.0,0.0,358.60656136306574,False
1784378673.5565205,122.90980052947998,11.73768122355427,1.0490669190077224,0.0277862979474876,0.0,0.0,358.7784583080525,False
1784378673.6620553,123.01533532142639,11.748787168022702,1.0487956133286571,0.02778635037376892,0.0,0.0,358.81643432345834,False
1784378673.7855387,123.13881874084473,11.774173142105823,1.0482071413981928,0.027786282722211963,0.0,0.0,358.89888565459916,False
1784378673.931743,123.28502297401428,11.794792229420857,1.047759736492248,0.027786154927250818,0.0,0.0,358.9607802841836,False
1784378674.0793068,123.43258690834045,11.82489987696607,1.0471516450538403,0.027786276249498677,0.0,0.0,359.0389017067642,False
1784378674.2023776,123.55565762519836,11.837570560323096,1.0469104764180235,0.02778641088274327,0.0,0.0,359.06737530038384,False
1784378674.3525915,123.70587158203125,4.8,-11.931599999887611,0.12,0.0,0.0,269.9997895408503,False
1784378674.4681325,123.82141256332397,11.883448146247332,1.0460997524041735,0.027786488233650333,0.0,0.0,359.1404498361081,False
1784378674.6056266,123.95890665054321,11.9119091411086,1.0456364074235167,0.02778630959914312,0.0,0.0,359.16357217169457,False
1784378674.7220547,124.07533478736877,11.921395502895493,1.0454870227188704,0.027786313689912145,0.0,0.0,359.16767483410877,False
1784378674.82569,124.17897009849548,11.951435454719054,1.045026034143591,0.027786483862782534,0.0,0.0,359.16897526967045,False
1784378674.9333346,124.28661465644836,11.962502862487636,1.0448594976557473,0.027786525321943083,0.0,0.0,359.1649941165347,False
1784378675.110957,124.46423697471619,11.99886667116675,1.0443171816928525,0.02778639841960918,0.0,0.0,359.1352826395463,False
1784378675.1992464,124.55252647399902,12.008352676128583,1.04417553151273,0.02778635613836218,0.0,0.0,359.1234433938228,False
1784378675.3161693,124.66944932937622,12.027324628379626,1.0438900493135108,0.02778635166270703,0.0,0.0,359.09489936397824,False
1784378675.4032767,124.75655674934387,4.8,-12.110799999886398,0.12,0.0,0.0,269.9997895408503,False
1784378675.5263193,124.87959933280945,12.057363903603445,1.043427383446957,0.02778648670509245,0.0,0.0,359.03710880874377,False
1784378675.6126745,124.96595454216003,12.079498115932836,1.0430737798572993,0.02778649471404731,0.0,0.0,358.9853807744248,False
1784378675.752031,125.10531115531921,12.096896130923826,1.0427858639179273,0.027786405646522808,0.0,0.0,358.94084473849347,False
1784378675.9015372,125.25481724739075,12.128556507582388,1.0422347362646431,0.02778624250899498,0.0,0.0,358.85669657868596,False
1784378676.05074,125.40402007102966,12.142808278675721,1.0419738972028312,0.027786247830317887,0.0,0.0,358.81763182915205,False
1784378676.250609,125.60388898849487,12.182400569640986,1.0412035140396356,0.027786376338907626,0.0,0.0,358.7057004154741,False
1784378676.4220643,125.77534437179565,12.214075403203555,1.0405354331810217,0.027786355793932953,0.0,0.0,358.6129989731112,False
1784378676.532799,125.88607907295227,12.228328868501347,1.04021904000018,0.02778631781086526,0.0,0.0,358.57048956363025,False
1784378676.7517266,126.1050066947937,12.261613476261099,1.0394408963088366,0.027786221771254144,0.0,0.0,358.4745369276933,False
1784378676.8947449,126.24802494049072,12.285404667791951,1.0388509302341735,0.027786184891429307,0.0,0.0,358.41049815186534,False
1784378677.014247,126.36752700805664,12.31078561942336,1.0381912354275402,0.027786194628991068,0.0,0.0,358.3458266448828,False
1784378677.1191611,126.47244119644165,12.326649296551674,1.0377634889021912,0.027786226502432686,0.0,0.0,358.30714031501043,False
1784378677.2431245,126.59640455245972,12.350439202873687,1.037100576337203,0.027786286911309906,0.0,0.0,358.25226718768266,False
1784378677.3506553,126.70393538475037,12.371038277589491,1.036506692478111,0.027786337514364295,0.0,0.0,358.21058982170035,False
1784378677.4679005,126.82118058204651,12.390044891637642,1.0359434142553317,0.027786356112333918,0.0,0.0,358.1769662109487,False
1784378677.5864217,126.939701795578,12.402713947590316,1.0355603690612973,0.02778635633011554,0.0,0.0,358.15700076783776,False
1784378677.7827096,127.13598966598511,12.434358007393921,1.034579927505127,0.02778639445604556,0.0,0.0,358.1197651701636,False
1784378677.942482,127.29576206207275,12.464394467017978,1.033623458829258,0.027786463255331795,0.0,0.0,358.103231025655,False
1784378678.056875,127.4101550579071,12.481780569318552,1.033061387667872,0.02778647913190244,0.0,0.0,358.1018115604202,False
1784378678.1679335,127.52121353149414,12.507067748053586,1.0322368865092182,0.027786436647179388,0.0,0.0,358.11032988162225,False
1784378678.2901728,127.64345288276672,12.518130455474147,1.0318747265070092,0.027786404425635475,0.0,0.0,358.11796582404554,False
1784378678.449273,127.80255317687988,12.552898105523884,1.0307369414541956,0.027786388575697,0.0,0.0,358.1570175658845,False
1784378678.5781932,127.93147325515747,12.56554094162106,1.0303252724703442,0.027786426994430038,0.0,0.0,358.17667620839944,False
1784378678.716967,128.07024717330933,12.595568359177891,1.0293573351673064,0.027786487617340053,0.0,0.0,358.23428212451785,False
1784378678.8335524,128.18683242797852,12.612952929874806,1.0288058316586635,0.027786451602588292,0.0,0.0,358.27421152518707,True
1784378678.9544659,128.30774593353271,12.635078853415221,1.0281163845152195,0.02778638180392461,0.0,0.0,358.33141512019864,False
1784378679.052494,128.4057741165161,4.8,-12.717199999882292,0.12,0.0,0.0,269.9997895408503,False
1784378679.2509418,128.6042218208313,12.679332236940223,1.0267907822267717,0.02778645014256463,0.0,0.0,358.46475287719977,False
1784378679.3922803,128.74556040763855,12.704621355239041,1.02607203440201,0.027786478768688193,0.0,0.0,358.5506406662169,False
1784378679.561998,128.91527795791626,12.731491835415623,1.0253443204413,0.027786409433325915,0.0,0.0,358.64832341180795,False
1784378679.6825764,129.03585648536682,12.759943857888251,1.0246182843553344,0.027786387679988114,0.0,0.0,358.75786600379143,False
1784378679.8262582,129.17953824996948,12.772589649133307,1.024311302905413,0.02778641568369548,0.0,0.0,358.80829131200744,False
1784378679.947424,129.30070400238037,12.804205399076693,1.023588675833719,0.027786469776903442,0.0,0.0,358.93832749932454,False
1784378680.089077,129.44235706329346,12.816852100896288,1.0233182587549763,0.027786455635024205,0.0,0.0,358.9917332443889,False
1784378680.264998,129.6182780265808,12.850050537529418,1.022661323961346,0.027786394479058122,0.0,0.0,359.13506483520933,False
1784378680.4333344,129.78661441802979,12.870608570201536,1.022294157589415,0.027786394503035723,0.0,0.0,359.22487350578274,False
1784378680.5885627,129.94184279441833,12.900685374544597,1.0218130113227593,0.02778634717593821,0.0,0.0,359.3520178200801,False
1784378680.722786,130.07606601715088,12.922856441473066,1.0215009291294397,0.02778627669932181,0.0,0.0,359.4428472712545,False
1784378680.866459,130.2197389602661,12.946614061010687,1.0212061760368554,0.027786265710908004,0.0,0.0,359.5379165784411,False
1784378681.0147114,130.36799144744873,12.97672493663745,1.0208905781495232,0.027786338018046742,0.0,0.0,359.65305845947995,False
1784378681.1129282,130.4662082195282,12.994173257160899,1.020736598831826,0.02778630560624841,0.0,0.0,359.71501834190394,False
1784378681.2208927,130.57417273521423,13.016386329598227,1.0205699645870319,0.027786175733688634,0.0,0.0,359.78942287889265,False
1784378681.3942864,130.7475664615631,13.049689003857917,1.020378450538838,0.027786186144616937,0.0,0.0,359.88927303285664,False
1784378681.5490823,130.90236234664917,13.065535818059296,1.020310254319391,0.027786346933538358,0.0,0.0,359.93042317257414,False
1784378681.6755822,131.0288622379303,13.095639255775225,1.0202175167886378,0.027786525975570825,0.0,0.0,359.99839884992065,False
1784378681.8208075,131.17408752441406,13.106729130461835,1.0201944957703186,0.027786465635492186,0.0,0.0,0.020311740891976505,False
1784378681.9310222,131.28430223464966,13.132075786260538,1.0201619949520908,0.027786201060676412,0.0,0.0,0.06453088819640292,False
1784378682.0771492,131.43042922019958,13.15266701548152,1.0201541215900274,0.027786146735161343,0.0,0.0,0.09452943528065236,False
1784378682.1982775,131.55155754089355,13.173240830843216,1.0201606567439214,0.027786372043156645,0.0,0.0,0.11651250611239654,False
1784378682.3427472,131.69602727890015,13.193804494349594,1.0201793039451414,0.027786628592580652,0.0,0.0,0.129918219644194,False
1784378682.4843981,131.83767819404602,13.227015090032978,1.0202284414891538,0.027786495589445948,0.0,0.0,0.13391070862471513,False
1784378682.6586697,132.01194977760315,13.24599009607962,1.0202632884655851,0.02778626816657025,0.0,0.0,0.12648782778934833,False
1784378682.79895,132.15223002433777,13.274451103214531,1.0203188954515003,0.02778629421934627,0.0,0.0,0.1023402805884166,False
1784378682.931972,132.2852520942688,4.8,-13.374799999877839,0.12,0.0,0.0,269.9997895408503,False
1784378683.044617,132.39789700508118,13.31556298260721,1.0203923639421504,0.027786625496953012,0.0,0.0,0.04114294664877838,False
1784378683.1804872,132.53376722335815,13.33453772186481,1.0204180561688705,0.02778647866269393,0.0,0.0,0.003131914471747447,False
1784378683.2972906,132.65057063102722,13.356674081398868,1.020437562577495,0.027786265155417156,0.0,0.0,359.95165431027334,False
1784378683.397269,132.75054907798767,13.37564788900602,1.0204429855932917,0.02778628230557171,0.0,0.0,359.9018804829492,False
1784378683.5144043,132.86768436431885,13.393040961467484,1.0204370463688872,0.02778644601473617,0.0,0.0,359.8520511931444,False
1784378683.6229742,132.97625422477722,13.41359695551021,1.0204145961070912,0.027786590438391576,0.0,0.0,359.78843555229145,False
1784378683.7475955,133.1008756160736,13.434152848281162,1.020373385077656,0.027786513129687614,0.0,0.0,359.7201989357436,False
1784378683.9093876,133.26266765594482,4.8,-13.541199999876712,0.12,0.0,0.0,269.9997895408503,False
1784378684.063426,133.41670608520508,4.8,-13.566799999876539,0.12,0.0,0.0,269.9997895408503,False
1784378684.2846231,133.63790321350098,13.524300538176282,1.0199250631958776,0.02778649733817906,0.0,0.0,359.38203085165793,False
1784378684.4299085,133.78318858146667,13.5496367546351,1.0197098009230083,0.027786271950089345,0.0,0.0,359.2855645262785,False
1784378684.5577388,133.9110188484192,13.568642079764718,1.0195210565927357,0.027786153223786636,0.0,0.0,359.21420180199215,False
1784378684.8421988,134.1954789161682,13.62249556682248,1.0188587868499646,0.027786485758597896,0.0,0.0,359.0157448251583,False
1784378684.9765213,134.32980132102966,13.635170908160553,1.0186756249548412,0.02778645202653311,0.0,0.0,358.9702278225303,False
1784378685.1065767,134.45985674858093,13.663714336920386,1.0182256750545202,0.027786145631366572,0.0,0.0,358.8737945556344,False
1784378685.220303,134.57358312606812,13.67640501136232,1.0180093596314685,0.02778605241374643,0.0,0.0,358.83335233498065,False
1784378685.3475614,134.70084142684937,13.704962636049009,1.0174874783764138,0.027786156921854235,0.0,0.0,358.74714621094483,False
1784378685.4936404,134.8469204902649,13.719242453638852,1.0172089621383413,0.027786289594187805,0.0,0.0,358.7063035497997,False
1784378685.6708212,135.02410125732422,13.749389449460978,1.0165845130319806,0.027786351566328804,0.0,0.0,358.62447440255596,False
1784378685.8283212,135.18160128593445,4.8,-13.865999999874512,0.12,0.0,0.0,269.9997895408503,False
1784378685.9642339,135.3175139427185,13.800160796636877,1.0154287270744375,0.027786112663325476,0.0,0.0,358.49834547788487,False
1784378686.1157117,135.4689917564392,13.812853177679411,1.0151207487543907,0.027786175100888252,0.0,0.0,358.4688164231676,False
1784378686.2668078,135.62008786201477,13.849309206348877,1.0141969888956817,0.02778641725576819,0.0,0.0,358.3943332815309,False
1784378686.372749,135.72602915763855,13.873068373605214,1.0135661394193318,0.027786392811157464,0.0,0.0,358.35489842217606,False
1784378686.4923463,135.84562635421753,13.887321710281139,1.0131779247467498,0.027786334157180587,0.0,0.0,358.3344539454258,False
1784378686.6375473,135.99082732200623,13.911075471311934,1.0125164087409748,0.027786272864729927,0.0,0.0,358.30547607917555,False
1784378686.7472324,136.10051250457764,13.931660405711387,1.011930123004532,0.02778629230050846,0.0,0.0,358.28538588479614,False
1784378686.88339,136.23667001724243,13.95381019545639,1.0112878274298902,0.027786389015935664,0.0,0.0,358.2718520205657,False
1784378687.0342867,136.38756680488586,13.975946001820885,1.0106365406296791,0.02778649172408209,0.0,0.0,358.26801900522696,False
1784378687.1692536,136.52253365516663,13.993334678992047,1.010120250769249,0.027786523911212384,0.0,0.0,358.2717558706942,False
1784378687.3407557,136.6940357685089,4.8,-14.112399999872844,0.12,0.0,0.0,269.9997895408503,False
1784378687.5609336,136.91421365737915,14.05813788097441,1.0081878687678658,0.027786331853541422,0.0,0.0,358.33673243133904,False
1784378687.7465742,137.09985423088074,14.092909096195893,1.0071669655799407,0.027786493359013252,0.0,0.0,358.40255044349857,False
1784378687.8801396,137.23341965675354,14.11345655539851,1.0065760818584375,0.027786525645808916,0.0,0.0,358.4504993478177,False
1784378688.0409505,137.39423060417175,14.140311260125715,1.005822878373726,0.027786435808499658,0.0,0.0,358.5248121034646,False
1784378688.1708336,137.52411365509033,14.165564806888606,1.0051392141165059,0.027786458982394055,0.0,0.0,358.60892445619396,False
1784378688.3167803,137.67006039619446,14.184500882484143,1.0046455664732719,0.0277865778209694,0.0,0.0,358.6799481969414,False
1784378688.4486163,137.80189633369446,14.211325861855425,1.0039789587360284,0.0277866445253078,0.0,0.0,358.7905853908094,False
1784378688.6525369,138.00581693649292,14.250773269026936,1.0030796972309726,0.027786412487565033,0.0,0.0,358.970764450627,False
1784378688.7835588,138.13683891296387,14.263396508751086,1.00281469793099,0.027786409884740595,0.0,0.0,359.03200516966314,False
1784378688.9055831,138.2588632106781,14.293378156915619,1.0022337572979523,0.02778658846574584,0.0,0.0,359.1830041515075,False
1784378689.0506148,138.40389490127563,14.307580711701611,1.001983600204256,0.027786640360443933,0.0,0.0,359.25684787185884,False
1784378689.175561,138.52884101867676,14.339142610643629,1.0014885296098899,0.02778651495419754,0.0,0.0,359.4252102021109,False
1784378689.316038,138.66931796073914,14.35177215400717,1.0013147626869427,0.02778643978312379,0.0,0.0,359.493270158559,False
1784378689.533298,138.88657808303833,14.391277851609857,1.0008638564043486,0.027786404097195055,0.0,0.0,359.7014660823045,False
1784378689.6845033,139.03778338432312,14.41657264284644,1.000649391283764,0.02778644024421984,0.0,0.0,359.83187628166513,False
1784378689.8462477,139.19952774047852,14.441869788328798,1.0004927140088387,0.027786428380435935,0.0,0.0,359.9605962967642,False
1784378689.9891312,139.34241127967834,14.471934843732786,1.0003811021698819,0.027786375135658667,0.0,0.0,0.10782274929693565,False
1784378690.156425,139.5097050666809,14.48934887395828,1.0003528111399373,0.027786334170849365,0.0,0.0,0.18837483585712014,False
1784378690.3078203,139.66110038757324,14.519405417911958,1.0003643066683479,0.02778635786783826,0.0,0.0,0.31587853662712134,False
1784378690.4556572,139.80893731117249,14.539242593848721,1.0004094249819213,0.027788176471989667,0.0,0.0,0.39573478894498787,True
1784378690.5888765,139.94215655326843,14.562377413605214,1.000497276014532,0.027793059706336488,0.0,0.0,0.48676650610742395,False
1784378690.782767,140.13604712486267,14.587557227611764,1.000633188400122,0.02779815866136111,0.0,0.0,0.5819944793500076,False
1784378691.099302,140.45258212089539,4.8,-14.726799999868684,0.12,0.0,0.0,269.9997895408503,False
1784378691.369687,140.72296714782715,14.655519975785529,1.001223008876455,0.027791392956505987,0.0,0.0,0.7699596187126596,False
1784378691.5353343,140.88861441612244,14.675628267341283,1.0014508469104058,0.027794976628443768,0.0,0.0,0.7981781376754977,False
1784378691.6650705,141.0183506011963,14.691203884487894,1.001638237052507,0.027798655175544994,0.0,0.0,0.810104954140812,False
1784378691.7856917,141.1389718055725,14.709502466382633,1.0018682962488772,0.027799615706813864,0.0,0.0,0.8084329407034563,False
1784378691.903125,141.25640511512756,14.720430280195188,1.0020094608334862,0.02779817938645354,0.0,0.0,0.7962154738840442,False
1784378692.0321827,141.3854627609253,14.740640811754465,1.0022747529572773,0.027795579540322805,0.0,0.0,0.7473939076309721,False
1784378692.1680202,141.52130031585693,14.750070586494058,1.0023986761146242,0.02779595472687669,0.0,0.0,0.7118821996799739,False
1784378692.332338,141.68561816215515,14.772922673905208,1.0026919267080503,0.027799033148086724,0.0,0.0,0.5906965606722177,False
1784378692.4617896,141.81506967544556,14.784266992807698,1.0028325125096196,0.02779997763380267,0.0,0.0,0.5129939427245718,False
1784378692.600796,141.95407605171204,14.796160065685019,1.0029800437282408,0.027800813814145762,0.0,0.0,0.4172527761306563,False
1784378692.7231276,142.07640767097473,14.807356477782964,1.003118794423002,0.027799949172496674,0.0,0.0,0.3136037703904472,False
1784378692.865507,142.21878695487976,14.811904463066588,1.0031749991049164,0.02779945535245026,0.0,0.0,0.26768423852372486,False
1784378693.1188295,142.47210955619812,14.823795432752014,1.0033223359757393,0.02780020056242378,0.0,0.0,0.13601160785577338,False
1784378693.252137,142.60541701316833,14.830462466820117,1.0034052141041883,0.02780050532155661,0.0,0.0,0.054912005379289704,False
1784378693.3993058,142.75258588790894,14.832404300764793,1.003429232092951,0.027800280558481286,0.0,0.0,0.030464842979149788,False
1784378693.5223024,142.87558245658875,14.8386744367883,1.0035065322323318,0.027799471749742708,0.0,0.0,359.9489683579564,False
1784378693.6646748,143.01795482635498,14.840858237466863,1.0035335771305967,0.027799558556737804,0.0,0.0,359.919438420333,False
1784378693.887873,143.24115300178528,14.847086132981902,1.0036111916979098,0.027800469431194304,0.0,0.0,359.83191286969196,False
1784378694.019473,143.37275314331055,4.8,-15.23239999986526,0.12,0.0,0.0,269.9997895408503,False
1784378694.200444,143.55372405052185,14.853706820653656,1.0036928114551777,0.027799640172898602,0.0,0.0,359.7352636770056,False
1784378694.3326242,143.68590426445007,14.857462738944564,1.003739460203095,0.02779978877745607,0.0,0.0,359.6781298123274,False
1784378694.5995128,143.9527928829193,14.860941144427263,1.0037828844000733,0.027800401612107475,0.0,0.0,359.62381722849995,False
1784378694.814493,144.16777300834656,14.864721233177805,1.0038293750724834,0.027799952955303513,0.0,0.0,359.5640433285001,False
1784378695.0102453,144.363525390625,14.86821739056057,1.0038726836794967,0.02779966484274667,0.0,0.0,359.50733155895665,False
1784378695.2185502,144.57183027267456,14.871894861787563,1.0039185919188742,0.02780036429771198,0.0,0.0,359.4462145163226,False
1784378695.4431179,144.79639792442322,14.874680073943937,1.0039527358370781,0.027800010949370266,0.0,0.0,359.39961133737506,False
1784378695.5768583,144.93013834953308,14.877426948967855,1.0039868251194772,0.027799658323321454,0.0,0.0,359.35269240291115,False
1784378695.717769,145.07104897499084,14.879411001759795,1.0040117053595796,0.027800075757597117,0.0,0.0,359.3182306684902,False
1784378695.834503,145.1877830028534,14.880858916149736,1.0040296097832144,0.027800336622942675,0.0,0.0,359.2930591034407,False
1784378695.9713035,145.32458353042603,14.882505888654766,1.00404974159821,0.027800176830035408,0.0,0.0,359.26438995537484,False
1784378696.1018245,145.45510458946228,14.883982099150941,1.004067926111239,0.02779979587379937,0.0,0.0,359.2384215832352,False
1784378696.2178862,145.57116627693176,14.885188344562401,1.0040830222173693,0.027799668153657427,0.0,0.0,359.2168973524778,False
1784378696.3008077,145.65408778190613,14.886679551619471,1.0041017521678666,0.027799933181307877,0.0,0.0,359.1901023891479,False
1784378696.3861318,145.7394118309021,14.887203741219844,1.0041082747851118,0.027800081478871565,0.0,0.0,359.180686805285,False
1784378696.4845107,145.83779072761536,14.888344039111875,1.0041222984281057,0.027800307351925648,0.0,0.0,359.16023773463104,False
1784378696.567869,145.92114901542664,14.889462948332245,1.0041359464087947,0.02780024451262814,0.0,0.0,359.1401600371636,False
1784378696.6618555,146.0151355266571,14.890455412434095,1.0041481407390416,0.027799986031313156,0.0,0.0,359.1222208115186,False
1784378696.7990744,146.15235447883606,14.891517088648985,1.0041613915191412,0.027799728868092677,0.0,0.0,359.1028043402073,False
1784378696.8942451,146.24752521514893,14.893016343742133,1.0041802533189303,0.02779981938253996,0.0,0.0,359.07515786380924,False
1784378697.003155,146.3564350605011,14.893661338709354,1.0041882795054042,0.027800004118010938,0.0,0.0,359.06327537750803,False
1784378697.0835385,146.43681859970093,14.894210141029085,1.0041950361475598,0.027800162418007705,0.0,0.0,359.05318599802365,False
1784378697.2311873,146.58446741104126,14.895915651484348,1.004215844818447,0.027800221924773473,0.0,0.0,359.0218284470928,False
1784378697.3629394,146.71621942520142,14.897127568312415,1.0042308731471354,0.027799872889846058,0.0,0.0,358.9992722416967,False
1784378697.4452322,146.7985122203827,14.898053130683444,1.0042425346088966,0.027799709662027466,0.0,0.0,358.9818595176454,False
1784378697.5462167,146.89949679374695,14.898798450515091,1.0042519022492107,0.027799778672334324,0.0,0.0,358.96781718308597,False
1784378697.6566162,147.00989627838135,14.899944285680352,1.0042660509567825,0.0278001159449827,0.0,0.0,358.9463106835699,False
1784378697.7636306,147.11691069602966,14.900510668330794,1.0042729468521028,0.027800248643870415,0.0,0.0,358.9357087069077,False
1784378697.8445594,147.1978394985199,14.90154454727863,1.0042855709228207,0.027800219929696,0.0,0.0,358.9162889577394,False
1784378697.9499848,147.3032648563385,14.902319972084799,1.004295207677156,0.027799993815929683,0.0,0.0,358.9015725670799,False
1784378698.082073,147.4353530406952,14.903528850700582,1.0043104508262939,0.027799724191288327,0.0,0.0,358.8784200721453,False
1784378698.2007964,147.55407643318176,14.904272240684127,1.0043197405156665,0.027799814627634187,0.0,0.0,358.86419259946103,False
1784378698.2781577,147.6314377784729,14.904936279981055,1.004327898022513,0.027800023021587777,0.0,0.0,358.8515356279842,False
1784378698.3599815,147.71326160430908,14.905739254981718,1.0043376594672577,0.027800240273202482,0.0,0.0,358.8362586305002,False
1784378698.4430094,147.79628944396973,14.906171280093417,1.0043429298520608,0.027800268710839713,0.0,0.0,358.8280151466879,False
1784378698.534245,147.88752508163452,14.907158568065407,1.004355181383795,0.027800057762327066,0.0,0.0,358.8090079965689,False
1784378698.6131673,147.96644735336304,14.907573172945877,1.0043604098888446,0.027799913761881245,0.0,0.0,358.800957837996,False
1784378698.695046,148.0483260154724,14.907983879386823,1.0043656034898878,0.027799796084688997,0.0,0.0,358.7929667245773,False
1784378698.7781832,148.13146328926086,14.909000203795037,1.004378311147794,0.027799796606045896,0.0,0.0,358.77323723538717,False
1784378698.8635926,148.21687269210815,14.909336709567507,1.0043824410910882,0.027799891042744187,0.0,0.0,358.7667349059143,False
1784378698.9511821,148.30446219444275,14.909938783856484,1.00438976246559,0.027800099629145283,0.0,0.0,358.7551247402698,False
1784378699.047308,148.4005880355835,14.910859950070334,1.0044010046495497,0.027800255450726778,0.0,0.0,358.737305569029,False
1784378699.133525,148.4868049621582,14.911247155310992,1.004405812078305,0.02780020302382348,0.0,0.0,358.72975310790986,False
1784378699.2136147,148.56689476966858,14.911566298750955,1.004409816352389,0.027800112998152052,0.0,0.0,358.72349676205295,False
1784378699.2945237,148.64780378341675,14.912571303579826,1.0044225142576297,0.027799786525455072,0.0,0.0,358.70371138589775,False
1784378699.3776522,148.73093223571777,14.912882268612204,1.0044264058931591,0.02779974943019983,0.0,0.0,358.69760037145903,False
1784378699.463399,148.8166790008545,14.9132543397342,1.0044310107343066,0.027799773098152566,0.0,0.0,358.6903093771329,False
1784378699.5642822,148.91756224632263,14.914177904027964,1.0044422528584138,0.027800060337242027,0.0,0.0,358.6722836472176,False
1784378699.6619425,149.01522254943848,14.914542776253436,1.0044466884210261,0.02780017662337812,0.0,0.0,358.66515562150755,False
1784378699.7395148,149.09279489517212,14.915437718822407,1.0044577692854355,0.02780020294113177,0.0,0.0,358.6475284665359,False
1784378699.8244367,149.17771673202515,14.915788843345352,1.0044622008698663,0.0278001008131683,0.0,0.0,358.6405527116472,False
1784378699.9163666,149.26964664459229,14.916137008334038,1.0044666117770633,0.0277999697485418,0.0,0.0,358.63362109853637,False
1784378700.0303042,149.38358426094055,14.917114722035615,1.0044788368246629,0.0277997600159218,0.0,0.0,358.61421304868503,False
1784378700.1086466,149.4619266986847,14.917400785290917,1.0044823360389605,0.02779979712592013,0.0,0.0,358.6085663704366,False
1784378700.2073855,149.5606656074524,14.917969705848568,1.0044892352074901,0.02779997920975351,0.0,0.0,358.59735817747287,False
