EpochTime(s),TimeFromStart(s),right_prop_rate(rad/s),left_prop_rate(rad/s),LastDT(s),Yaw(rad),North(m),East(m),IMUSensedYawRate(rad/s),IMUIntegratedYaw(rad),IMUSensedTimeStamp(s),ARUCOSensedNorth(m),ARUCOSensedEast(m),ARUCOSensedYaw(rad),ArucoSensedTimeStamp(s),DepthTimeStamp(s),Depth(m),NavigationMode,APFEncounter,APFSide,APFDCPA(m),APFTCPA(s),APFForceX,APFForceY,NearestObstacleNorth(m),NearestObstacleEast(m),NearestObstacleDistance(m),WebotsEnvironment,SwitchCombination,EKFPredictionEnabled,ClusterSizeAPFEnabled
1784378555.090303,4.443583011627197,-200.0,200.0,0.2,6.28318530558354,-4.626139056401726e-05,1.0000000007504084,1.0170885681223999e-13,6.283185305583558,1784378555.0344489,-4.626139056401726e-05,1.0000000007504084,6.283185305583538, 1784378554.271837, 1784378555.0634875,1.0887584575730098,track,none,0.0,nan,nan,0.0,0.0,nan,nan,nan,WEBOTS_UNKNOWN,ekf_on_cluster_on,1,1
1784378555.2194629,4.572742938995361,-200.0,200.0,0.2,6.283185305583696,0.030171401655339103,1.0000000007021796,1.6963398327933315e-12,6.283185305583784,1784378555.1672046,None,None,None, None, 1784378555.2184558,0.9887598053878162,track,none,0.0,nan,nan,0.0,0.0,nan,nan,nan,WEBOTS_UNKNOWN,ekf_on_cluster_on,1,1
1784378555.341949,4.6952290534973145,-200.0,200.0,0.2,6.2831853055856035,0.014113686302105688,1.0000000004684995,1.1758468421963375e-11,6.283185305585087,1784378555.2780404,0.002239096155155669,1.0000000004439662,6.283185305586391, 1784378555.27804, 1784378555.3188007,0.9517153242798593,track,none,0.0,nan,nan,0.0,0.0,nan,nan,nan,WEBOTS_UNKNOWN,ekf_on_cluster_on,1,1
1784378555.4804933,4.833773374557495,-200.0,200.0,0.2,6.283185305583298,0.0673739669943575,1.0000000003836034,-2.144791434596853e-11,6.283185305581234,1784378555.4576812,None,None,None, None, 1784378555.4586825,1.0489665474726673,track,none,0.0,nan,nan,0.0,0.0,nan,nan,nan,WEBOTS_UNKNOWN,ekf_on_cluster_on,1,1
1784378555.5553932,4.908673286437988,-200.0,200.0,0.2,6.28318530558178,0.13320249931852454,1.000000000278522,-2.144791434596853e-11,6.283185305576944,1784378555.6126778,None,None,None, None, 1784378555.5991228,1.0788106364132368,track,none,0.0,nan,nan,0.0,0.0,nan,nan,nan,WEBOTS_UNKNOWN,ekf_on_cluster_on,1,1
1784378555.9081278,5.261407852172852,-200.0,200.0,0.2,6.283185305586803,0.20228672166963912,1.0000000001681388,3.592284016183866e-11,6.283185305588865,1784378555.7895339,None,None,None, None, 1784378555.9066167,0.9653808323044786,track,none,0.0,nan,nan,0.0,0.0,nan,nan,nan,WEBOTS_UNKNOWN,ekf_on_cluster_on,1,1
1784378556.0587456,5.412025690078735,-200.0,200.0,0.2,6.2831853056402815,0.2718937614628543,1.00000000005727,4.998410651797731e-10,6.283185305673397,1784378556.063263,None,None,None, None, 1784378556.0184731,0.9592964981365131,track,none,0.0,nan,nan,0.0,0.0,nan,nan,nan,WEBOTS_UNKNOWN,ekf_on_cluster_on,1,1
1784378556.1305914,5.4838714599609375,-200.0,200.0,0.2,6.283185305703475,0.3415724671071041,0.9999999999500132,7.769213827373519e-10,6.283185305754672,1784378556.063263,None,None,None, None, 1784378556.0184731,0.9592964981365131,track,none,0.0,nan,nan,0.0,0.0,nan,nan,nan,WEBOTS_UNKNOWN,ekf_on_cluster_on,1,1
1784378556.2140605,5.567340612411499,-200.0,200.0,0.2,6.283185305670749,0.4112607313580558,0.9999999998471456,1.331834446855822e-10,6.283185305767734,1784378556.1613383,None,None,None, None, 1784378556.1613383,1.0879920792867446,track,none,0.0,nan,nan,0.0,0.0,nan,nan,nan,WEBOTS_UNKNOWN,ekf_on_cluster_on,1,1
1784378556.4332652,5.786545276641846,-200.0,200.0,0.2,6.28318530557433,0.11083324921452647,1.0000000002510567,-1.6527364207959394e-09,6.283185305319962,1784378556.4322665,0.10204436309453507,1.000000000263145,6.283185305778829, 1784378556.290426, 1784378556.343248,1.0954991811171384,track,none,0.0,nan,nan,0.0,0.0,nan,nan,nan,WEBOTS_UNKNOWN,ekf_on_cluster_on,1,1
1784378556.5803885,5.933668613433838,-200.0,200.0,0.2,6.283185305609727,0.1553889487032951,1.0000000001795335,-1.174800539543459e-10,6.28318530530412,1784378556.5671077,None,None,None, None, 1784378556.5839028,1.0522849027504446,track,none,0.0,nan,nan,0.0,0.0,nan,nan,nan,WEBOTS_UNKNOWN,ekf_on_cluster_on,1,1
1784378556.6282146,5.981494665145874,-200.0,200.0,0.2,6.283185305630123,0.2178105224372308,1.0000000000815403,-1.174800539543459e-10,6.283185305280624,1784378556.5671077,None,None,None, None, 1784378556.5839028,1.0522849027504446,track,none,0.0,nan,nan,0.0,0.0,nan,nan,nan,WEBOTS_UNKNOWN,ekf_on_cluster_on,1,1
1784378556.7390501,6.09233021736145,-200.0,200.0,0.2,6.283185305708099,0.2862064024753932,0.9999999999755634,5.185229383046265e-10,6.283185305350163,1784378556.7012181,None,None,None, None, 1784378556.7152307,0.9930541873120552,track,none,0.0,nan,nan,0.0,0.0,nan,nan,nan,WEBOTS_UNKNOWN,ekf_on_cluster_on,1,1
1784378556.8523884,6.2056684494018555,-200.0,200.0,0.2,6.283185305780656,0.3557138997350887,0.999999999873284,7.581172714671114e-10,6.2831853054409885,1784378556.8210218,None,None,None, None, 1784378556.8295484,1.0416909245121209,track,none,0.0,nan,nan,0.0,0.0,nan,nan,nan,WEBOTS_UNKNOWN,ekf_on_cluster_on,1,1
1784378556.9782493,6.331529378890991,-200.0,200.0,0.2,6.283185305763036,0.4253792226155919,0.9999999997758271,1.9809317054798794e-10,6.283185305471636,1784378556.9757352,None,None,None, None, 1784378556.9752297,0.972023804974347,track,none,0.0,nan,nan,0.0,0.0,nan,nan,nan,WEBOTS_UNKNOWN,ekf_on_cluster_on,1,1
1784378557.1389782,6.492258310317993,-200.0,200.0,0.2,6.2831853056103295,0.4950657067609856,0.9999999996771126,-1.09102756626381e-09,6.283185305311597,1784378557.122422,None,None,None, None, 1784378557.0988283,1.065687208050875,track,none,0.0,nan,nan,0.0,0.0,nan,nan,nan,WEBOTS_UNKNOWN,ekf_on_cluster_on,1,1
1784378557.2590806,6.612360715866089,-200.0,200.0,0.2,6.28318530564062,0.5647550046435181,0.9999999995677522,-2.935558049738173e-11,6.283185305307585,1784378557.2590806,None,None,None, None, 1784378557.2103457,0.9625839386816555,track,none,0.0,nan,nan,0.0,0.0,nan,nan,nan,WEBOTS_UNKNOWN,ekf_on_cluster_on,1,1
1784378557.4162948,6.769574880599976,-200.0,200.0,0.2,6.283185305753507,0.2707312274248384,1.0000000002896543,6.448520990366641e-10,6.283185305404116,1784378557.4087756,0.26212084926533397,1.0000000003092833,6.283185305793614, 1784378557.294054, 1784378557.3982272,1.0631729272705592,track,none,0.0,nan,nan,0.0,0.0,nan,nan,nan,WEBOTS_UNKNOWN,ekf_on_cluster_on,1,1
1784378557.4942174,6.847497463226318,-200.0,200.0,0.2,6.283185305796789,0.31816665157440255,1.0000000002220077,6.448520990366641e-10,6.283185305533086,1784378557.4087756,None,None,None, None, 1784378557.498731,1.0819148092584363,track,none,0.0,nan,nan,0.0,0.0,nan,nan,nan,WEBOTS_UNKNOWN,ekf_on_cluster_on,1,1
1784378557.7080054,7.061285495758057,-200.0,200.0,0.2,6.283185305655695,0.38181971086262007,1.0000000001339884,-1.0451944215049542e-09,6.283185305247945,1784378557.6815877,None,None,None, None, 1784378557.7326436,0.923237680071181,track,none,0.0,nan,nan,0.0,0.0,nan,nan,nan,WEBOTS_UNKNOWN,ekf_on_cluster_on,1,1
1784378557.8452992,7.19857931137085,-200.0,200.0,0.2,6.283185305586274,0.4504810692638977,1.0000000000293559,-8.877221594065314e-10,6.283185305112861,1784378557.8337564,None,None,None, None, 1784378557.8423014,0.927563351080219,track,none,0.0,nan,nan,0.0,0.0,nan,nan,nan,WEBOTS_UNKNOWN,ekf_on_cluster_on,1,1
1784378558.070412,7.423691987991333,-200.0,200.0,0.2,6.283185305670393,0.520027656349604,0.9999999999185464,2.8296475346423043e-10,6.283185305148618,1784378557.960124,None,None,None, None, 1784378558.0940576,0.905526644505401,track,none,0.0,nan,nan,0.0,0.0,nan,nan,nan,WEBOTS_UNKNOWN,ekf_on_cluster_on,1,1
1784378558.164476,7.51775598526001,-200.0,200.0,0.2,6.283185305745841,0.589698249273486,0.9999999998133999,5.340142861574553e-10,6.283185305229001,1784378558.1106496,None,None,None, None, 1784378558.0940576,0.905526644505401,track,none,0.0,nan,nan,0.0,0.0,nan,nan,nan,WEBOTS_UNKNOWN,ekf_on_cluster_on,1,1
1784378558.3112285,7.664508581161499,-200.0,200.0,0.2,6.283185305851943,0.4398580122354643,0.9999999998892098,1.3540563508017844e-11,6.283185305230865,1784378558.248313,0.4303802059961513,0.9999999998967964,6.283185306122471, 1784378558.299021, 1784378558.321785,1.0661922703918802,track,none,0.0,nan,nan,0.0,0.0,nan,nan,nan,WEBOTS_UNKNOWN,ekf_on_cluster_on,1,1
1784378558.3858454,7.739125490188599,-200.0,200.0,0.2,6.283185305766675,0.4961569870215584,0.9999999998144649,-8.287764258248207e-10,6.2831853051445234,1784378558.3524928,None,None,None, None, 1784378558.321785,1.0661922703918802,track,none,0.0,nan,nan,0.0,0.0,nan,nan,nan,WEBOTS_UNKNOWN,ekf_on_cluster_on,1,1
1784378558.560427,7.91370701789856,-200.0,200.0,0.2,6.283185305788794,0.5629528353458608,0.9999999997200882,-7.174971933593721e-11,6.283185305132578,1784378558.518975,None,None,None, None, 1784378558.569483,0.9905161153155353,track,none,0.0,nan,nan,0.0,0.0,nan,nan,nan,WEBOTS_UNKNOWN,ekf_on_cluster_on,1,1
1784378558.6604621,8.013742208480835,-200.0,200.0,0.2,6.283185306064712,0.6322061675554017,0.9999999996237712,2.3964151350599e-09,6.2831853053897735,1784378558.6263,None,None,None, None, 1784378558.569483,0.9905161153155353,track,none,0.0,nan,nan,0.0,0.0,nan,nan,nan,WEBOTS_UNKNOWN,ekf_on_cluster_on,1,1
1784378558.8412242,8.194504261016846,-200.0,200.0,0.2,6.283185306028968,0.7018367604586981,0.9999999995461418,5.476873649516877e-10,6.283185305454239,1784378558.8643062,None,None,None, None, 1784378558.7940025,0.9032900195713542,track,none,0.0,nan,nan,0.0,0.0,nan,nan,nan,WEBOTS_UNKNOWN,ekf_on_cluster_on,1,1
1784378558.9932604,8.346540451049805,-200.0,200.0,0.2,6.283185305893969,0.7715186146068224,0.9999999994659646,-5.238330737798339e-10,6.283185305329192,1784378558.9827218,None,None,None, None, 1784378558.9115834,1.0785721189791269,track,none,0.0,nan,nan,0.0,0.0,nan,nan,nan,WEBOTS_UNKNOWN,ekf_on_cluster_on,1,1
1784378559.1668372,8.520117282867432,-200.0,200.0,0.2,6.283185305859754,0.8412072973315248,0.9999999993763716,-1.5037016706588772e-10,6.283185305302864,1784378559.1578045,None,None,None, None, 1784378559.2070038,0.906766730291634,track,none,0.0,nan,nan,0.0,0.0,nan,nan,nan,WEBOTS_UNKNOWN,ekf_on_cluster_on,1,1
1784378559.5688696,8.922149658203125,-200.0,200.0,0.2,6.283185305941028,0.5698621456396218,0.9999999998976838,-2.8763122572588904e-11,6.283185305293237,1784378559.626987,0.5589140535249053,0.9999999999173721,6.283185306142505, 1784378559.308181, 1784378559.563341,0.9747479114022973,track,none,0.0,nan,nan,0.0,0.0,nan,nan,nan,WEBOTS_UNKNOWN,ekf_on_cluster_on,1,1
1784378559.7552686,9.108548641204834,-200.0,200.0,0.2,6.283185305982858,0.6162294284436914,0.9999999998402552,4.5110808615797015e-10,6.283185305400907,1784378559.7311869,None,None,None, None, 1784378559.7073917,1.0512523030999883,track,none,0.0,nan,nan,0.0,0.0,nan,nan,nan,WEBOTS_UNKNOWN,ekf_on_cluster_on,1,1
1784378560.0075822,9.360862255096436,-200.0,200.0,0.2,6.283185305990773,0.6794377472827101,0.9999999997646121,2.6245980692079357e-10,6.283185305443774,1784378559.8945136,None,None,None, None, 1784378560.0413036,1.061401350299214,track,none,0.0,nan,nan,0.0,0.0,nan,nan,nan,WEBOTS_UNKNOWN,ekf_on_cluster_on,1,1
1784378560.1594677,9.512747764587402,-200.0,200.0,0.2,6.283185305975236,0.7480054074773045,0.9999999996830979,5.999195699342026e-11,6.283185305455109,1784378560.0834503,None,None,None, None, 1784378560.1904888,0.9704177576898843,track,none,0.0,nan,nan,0.0,0.0,nan,nan,nan,WEBOTS_UNKNOWN,ekf_on_cluster_on,1,1
1784378560.3469446,9.70022463798523,-200.0,200.0,0.2,6.283185306050246,0.6599069919130942,0.9999999996968274,-6.66330085011853e-11,6.283185305443191,1784378560.3926425,0.6446257680370098,0.9999999997062766,6.283185306311889, 1784378560.316021, 1784378560.3236094,0.920207493591042,track,none,0.0,nan,nan,0.0,0.0,nan,nan,nan,WEBOTS_UNKNOWN,ekf_on_cluster_on,1,1
1784378560.492882,9.84616208076477,-200.0,200.0,0.2,6.2831853060144205,0.7180949127408891,0.9999999996311134,-3.281371020977163e-10,6.283185305400423,1784378560.3926425,None,None,None, None, 1784378560.440335,0.9027692253268353,track,none,0.0,nan,nan,0.0,0.0,nan,nan,nan,WEBOTS_UNKNOWN,ekf_on_cluster_on,1,1
1784378560.6011608,9.954440832138062,-200.0,200.0,0.2,6.283185306001422,0.7854341607750354,0.9999999995526521,-2.3207294281445675e-10,6.283185305366891,1784378560.5371292,None,None,None, None, 1784378560.5356143,0.9966793946785536,track,none,0.0,nan,nan,0.0,0.0,nan,nan,nan,WEBOTS_UNKNOWN,ekf_on_cluster_on,1,1
1784378560.7277117,10.080991744995117,-200.0,200.0,0.2,6.283185306028396,0.8547773844854033,0.9999999994709543,1.0087484418637963e-10,6.283185305386116,1784378560.7277117,None,None,None, None, 1784378560.7387915,1.0162647680058852,track,none,0.0,nan,nan,0.0,0.0,nan,nan,nan,WEBOTS_UNKNOWN,ekf_on_cluster_on,1,1
1784378560.8806703,10.23395037651062,-200.0,200.0,0.2,6.283185306104862,0.9244203523468038,0.999999999390782,6.553095682391548e-10,6.283185305483394,1784378560.8761573,None,None,None, None, 1784378560.8771632,1.091329589528975,track,none,0.0,nan,nan,0.0,0.0,nan,nan,nan,WEBOTS_UNKNOWN,ekf_on_cluster_on,1,1
1784378561.04895,10.402230024337769,-200.0,200.0,0.2,6.2831853060956435,0.9941038579731484,0.9999999993158915,1.619735325217029e-10,6.283185305502331,1784378560.993071,None,None,None, None, 1784378561.0136487,1.0723789246123347,track,none,0.0,nan,nan,0.0,0.0,nan,nan,nan,WEBOTS_UNKNOWN,ekf_on_cluster_on,1,1
1784378561.295789,10.64906907081604,-200.0,200.0,0.2,6.283185306072252,1.0637927601496997,0.9999999992403527,-1.2002795689312848e-11,6.283185305500708,1784378561.1282985,None,None,None, None, 1784378561.2937806,1.0323184361710178,track,none,0.0,nan,nan,0.0,0.0,nan,nan,nan,WEBOTS_UNKNOWN,ekf_on_cluster_on,1,1
1784378561.4054565,10.758736610412598,-200.0,200.0,0.2,6.28318530610696,0.7752045009968429,0.9999999996772229,-4.60794241052955e-10,6.2831853054131255,1784378561.4270499,0.7636419879815199,0.9999999996938121,6.283185306355472, 1784378561.335943, 1784378561.4144843,0.9753123737155279,track,none,0.0,nan,nan,0.0,0.0,nan,nan,nan,WEBOTS_UNKNOWN,ekf_on_cluster_on,1,1
1784378561.5110815,10.86436152458191,-200.0,200.0,0.2,6.283185306105187,0.8197425509790002,0.9999999996294502,-1.4569227973987234e-10,6.283185305397291,1784378561.4270499,None,None,None, None, 1784378561.5508153,0.9387884606594974,track,none,0.0,nan,nan,0.0,0.0,nan,nan,nan,WEBOTS_UNKNOWN,ekf_on_cluster_on,1,1
1784378561.6232004,10.976480484008789,-200.0,200.0,0.2,6.283185306152542,0.8821562589063979,0.9999999995623929,3.3312161164240456e-10,6.283185305447734,1784378561.5784745,None,None,None, None, 1784378561.5508153,0.9387884606594974,track,none,0.0,nan,nan,0.0,0.0,nan,nan,nan,WEBOTS_UNKNOWN,ekf_on_cluster_on,1,1
1784378561.8686082,11.221888303756714,-200.0,200.0,0.2,6.28318530618769,0.9505503826135709,0.9999999994921491,3.940730195234677e-10,6.283185305500395,1784378561.8952878,None,None,None, None, 1784378561.8580449,0.9642962237003926,track,none,0.0,nan,nan,0.0,0.0,nan,nan,nan,WEBOTS_UNKNOWN,ekf_on_cluster_on,1,1
1784378562.0379379,11.391217947006226,-200.0,200.0,0.2,6.283185306191856,1.0200576183455863,0.9999999994232052,2.33311532079012e-10,6.283185305576415,1784378562.0379379,None,None,None, None, 1784378562.006243,0.9906873491099509,track,none,0.0,nan,nan,0.0,0.0,nan,nan,nan,WEBOTS_UNKNOWN,ekf_on_cluster_on,1,1
1784378562.290524,11.64380407333374,-200.0,200.0,0.2,6.283185306122154,1.0897229059032094,0.9999999993543947,-4.254907335785813e-10,6.283185305510506,1784378562.3048203,None,None,None, None, 1784378562.2729316,1.0804754831375625,track,none,0.0,nan,nan,0.0,0.0,nan,nan,nan,WEBOTS_UNKNOWN,ekf_on_cluster_on,1,1
1784378562.454262,11.807542085647583,-200.0,200.0,0.2,6.2831853061451595,0.8745978876843515,0.9999999995622934,-9.785510290715745e-10,6.283185305400927,1784378562.4780877,0.8620413668330192,0.9999999995747078,6.283185306468362, 1784378562.338034, 1784378562.425122,1.0758564555138725,track,none,0.0,nan,nan,0.0,0.0,nan,nan,nan,WEBOTS_UNKNOWN,ekf_on_cluster_on,1,1
1784378562.617069,11.970349073410034,-200.0,200.0,0.2,6.283185306195951,0.9237214368286726,0.9999999995114787,1.1152086524805329e-10,6.283185305434124,1784378562.6024897,None,None,None, None, 1784378562.5727649,0.9823169052973965,track,none,0.0,nan,nan,0.0,0.0,nan,nan,nan,WEBOTS_UNKNOWN,ekf_on_cluster_on,1,1
1784378562.7735343,12.126814365386963,-200.0,200.0,0.2,6.283185306224072,0.9880484282151197,0.9999999994482044,9.227003490837483e-11,6.283185305447081,1784378562.7429218,None,None,None, None, 1784378562.7409153,0.9211191985284236,track,none,0.0,nan,nan,0.0,0.0,nan,nan,nan,WEBOTS_UNKNOWN,ekf_on_cluster_on,1,1
1784378563.0145578,12.367837905883789,-200.0,200.0,0.2,6.283185306260358,1.0568470803168264,0.9999999993824663,2.782941972792325e-10,6.283185305484754,1784378562.8782914,None,None,None, None, 1784378562.9250147,0.9531599419536106,track,none,0.0,nan,nan,0.0,0.0,nan,nan,nan,WEBOTS_UNKNOWN,ekf_on_cluster_on,1,1
1784378563.1888342,12.5421142578125,-200.0,200.0,0.2,6.2831853062746506,1.1264135388772016,0.9999999993185188,2.1097651832722156e-10,6.283185305526314,1784378563.242154,None,None,None, None, 1784378563.187833,1.0699413155805357,track,none,0.0,nan,nan,0.0,0.0,nan,nan,nan,WEBOTS_UNKNOWN,ekf_on_cluster_on,1,1
1784378563.4137614,12.767041444778442,-200.0,200.0,0.2,6.283185306271629,0.970230883614963,0.9999999994300817,-9.506585443355322e-10,6.28318530522362,1784378563.3936822,0.9556808832133242,0.9999999994413304,6.283185306591297, 1784378563.351311, 1784378563.3207612,1.0599052437060237,track,none,0.0,nan,nan,0.0,0.0,nan,nan,nan,WEBOTS_UNKNOWN,ekf_on_cluster_on,1,1
1784378563.7114978,13.064777851104736,-200.0,200.0,0.2,6.283185306356242,1.0232073871487453,0.9999999993819813,5.795150644108051e-10,6.283185305394646,1784378563.6888013,None,None,None, None, 1784378563.6978343,0.992721760993872,track,none,0.0,nan,nan,0.0,0.0,nan,nan,nan,WEBOTS_UNKNOWN,ekf_on_cluster_on,1,1
1784378563.9445057,13.297785758972168,-200.0,200.0,0.2,6.283185306371525,1.0889397176261444,0.9999999993278609,2.180534239821845e-10,6.283185305450403,1784378563.9445057,None,None,None, None, 1784378563.920379,1.0701579734100926,track,none,0.0,nan,nan,0.0,0.0,nan,nan,nan,WEBOTS_UNKNOWN,ekf_on_cluster_on,1,1
1784378564.1617303,13.515010356903076,-200.0,200.0,0.2,6.283185306346083,1.1580064850270515,0.9999999992720506,-1.10686501633458e-10,6.283185305433637,1784378564.0959775,None,None,None, None, 1784378564.171792,0.9096592213604723,track,none,0.0,nan,nan,0.0,0.0,nan,nan,nan,WEBOTS_UNKNOWN,ekf_on_cluster_on,1,1
1784378564.3201914,13.673471450805664,-200.0,200.0,0.2,6.283185306319172,1.2276110734860421,0.9999999992140349,-2.2199698471687416e-10,6.283185305402604,1784378564.2357686,None,None,None, None, 1784378564.3051085,1.0234075077415188,track,none,0.0,nan,nan,0.0,0.0,nan,nan,nan,WEBOTS_UNKNOWN,ekf_on_cluster_on,1,1
1784378564.441615,13.79489517211914,-200.0,200.0,0.2,6.283185306383252,1.1016674322624844,0.9999999994799165,-1.8857273103811347e-10,6.283185305379959,1784378564.4832547,1.08897203070991,0.9999999995010623,6.283185306597547, 1784378564.366907, 1784378564.418122,0.901643144867096,track,none,0.0,nan,nan,0.0,0.0,nan,nan,nan,WEBOTS_UNKNOWN,ekf_on_cluster_on,1,1
1784378564.6134336,13.966713666915894,-200.0,200.0,0.2,6.283185306432622,1.1582652081038993,0.9999999994348457,4.0336847122545606e-10,6.28318530547799,1784378564.5988872,None,None,None, None, 1784378564.577812,0.9994655940266759,track,none,0.0,nan,nan,0.0,0.0,nan,nan,nan,WEBOTS_UNKNOWN,ekf_on_cluster_on,1,1
1784378564.771552,14.124832153320312,-200.0,200.0,0.2,6.283185306464606,1.2251499698290516,0.9999999993848852,4.1242526903449087e-10,6.283185305539815,1784378564.7487931,None,None,None, None, 1784378564.7401915,1.054562284926847,track,none,0.0,nan,nan,0.0,0.0,nan,nan,nan,WEBOTS_UNKNOWN,ekf_on_cluster_on,1,1
1784378564.938243,14.291522979736328,-200.0,200.0,0.2,6.283185306440774,1.2944182618997793,0.9999999993353597,9.125774880497224e-13,6.2831853055399565,1784378564.9039178,None,None,None, None, 1784378564.8885174,1.0002088888905558,track,none,0.0,nan,nan,0.0,0.0,nan,nan,nan,WEBOTS_UNKNOWN,ekf_on_cluster_on,1,1
1784378565.0924604,14.445740461349487,-200.0,200.0,0.2,6.283185306400246,1.3640509212343443,0.9999999992839141,-2.486887524458111e-10,6.283185305509443,1784378565.0266159,None,None,None, None, 1784378565.0914598,0.9823126779531086,track,none,0.0,nan,nan,0.0,0.0,nan,nan,nan,WEBOTS_UNKNOWN,ekf_on_cluster_on,1,1
1784378565.2419844,14.595264434814453,-200.0,200.0,0.2,6.283185306332818,1.4337330512869493,0.999999999229608,-6.40891483248416e-10,6.283185305458442,1784378565.2590394,None,None,None, None, 1784378565.200382,1.000224927899303,track,none,0.0,nan,nan,0.0,0.0,nan,nan,nan,WEBOTS_UNKNOWN,ekf_on_cluster_on,1,1
1784378565.5073078,14.86058783531189,-200.0,200.0,0.2,6.283185306490671,1.2344164607080081,0.9999999993637805,3.161338043007744e-10,6.28318530556031,1784378565.5584106,1.2222850406061834,0.9999999993724925,6.283185306736839, 1784378565.375359, 1784378565.505292,0.9636892008350517,track,none,0.0,nan,nan,0.0,0.0,nan,nan,nan,WEBOTS_UNKNOWN,ekf_on_cluster_on,1,1
1784378565.7864242,15.13970422744751,-200.0,200.0,0.2,6.283185306463487,1.2856280832487736,0.9999999993285,-2.986457840644572e-10,6.2831853054571525,1784378565.7738402,None,None,None, None, 1784378565.7864242,1.0883170842232994,track,none,0.0,nan,nan,0.0,0.0,nan,nan,nan,WEBOTS_UNKNOWN,ekf_on_cluster_on,1,1
1784378565.9037812,15.257061243057251,-200.0,200.0,0.2,6.283185306445897,1.3507396142720143,0.9999999992818737,-2.986457840644572e-10,6.283185305397423,1784378565.9218829,None,None,None, None, 1784378565.9409814,1.0571448639652568,track,none,0.0,nan,nan,0.0,0.0,nan,nan,nan,WEBOTS_UNKNOWN,ekf_on_cluster_on,1,1
1784378566.0104296,15.363709688186646,-200.0,200.0,0.2,6.283185306445511,1.4196909738009018,0.9999999992312848,-1.929983423621047e-10,6.283185305368852,1784378565.9218829,None,None,None, None, 1784378565.9409814,1.0571448639652568,track,none,0.0,nan,nan,0.0,0.0,nan,nan,nan,WEBOTS_UNKNOWN,ekf_on_cluster_on,1,1
1784378566.116151,15.469431161880493,-200.0,200.0,0.2,6.283185306457922,1.4892792592330457,0.9999999991802018,-6.662766992261006e-11,6.283185305360677,1784378566.0445774,None,None,None, None, 1784378566.0738947,0.9045895063940997,track,none,0.0,nan,nan,0.0,0.0,nan,nan,nan,WEBOTS_UNKNOWN,ekf_on_cluster_on,1,1
1784378566.2732632,15.626543283462524,-200.0,200.0,0.2,6.283185306508617,1.558955452917961,0.9999999991299189,3.312335303158267e-10,6.283185305424502,1784378566.2372675,None,None,None, None, 1784378566.2342625,1.0755453453852186,track,none,0.0,nan,nan,0.0,0.0,nan,nan,nan,WEBOTS_UNKNOWN,ekf_on_cluster_on,1,1
1784378566.4305992,15.783879280090332,-200.0,200.0,0.2,6.283185306608948,1.3368974706047556,0.9999999993342407,3.312335303158267e-10,6.283185305490749,1784378566.4849908,1.3238547840672805,0.9999999993454654,6.283185306797546, 1784378566.386863, 1784378566.3979278,0.9549061972529741,track,none,0.0,nan,nan,0.0,0.0,nan,nan,nan,WEBOTS_UNKNOWN,ekf_on_cluster_on,1,1
1784378566.6334345,15.986714601516724,-200.0,200.0,0.2,6.283185306617364,1.3852804323617292,0.9999999993066314,2.640947506090123e-10,6.283185305591917,1784378566.6203434,None,None,None, None, 1784378566.5711145,0.9202535872082588,track,none,0.0,nan,nan,0.0,0.0,nan,nan,nan,WEBOTS_UNKNOWN,ekf_on_cluster_on,1,1
1784378566.7626405,16.115920543670654,-200.0,200.0,0.2,6.283185306638198,1.4493161330855193,0.9999999992706291,4.0245214278151554e-10,6.283185305641913,1784378566.7445722,None,None,None, None, 1784378566.6839943,0.9025083212492828,track,none,0.0,nan,nan,0.0,0.0,nan,nan,nan,WEBOTS_UNKNOWN,ekf_on_cluster_on,1,1
1784378567.0043166,16.35759663581848,-200.0,200.0,0.2,6.283185306613277,1.5180561368366001,0.9999999992334141,3.857093836321853e-11,6.283185305647471,1784378567.0184052,None,None,None, None, 1784378567.0013165,1.0661722666082294,track,none,0.0,nan,nan,0.0,0.0,nan,nan,nan,WEBOTS_UNKNOWN,ekf_on_cluster_on,1,1
1784378567.186492,16.539772033691406,-200.0,200.0,0.2,6.283185306580943,1.587614135510246,0.9999999991940227,-1.3372866669488758e-10,6.283185305608114,1784378567.1829793,None,None,None, None, 1784378567.1543005,0.964205313952679,track,none,0.0,nan,nan,0.0,0.0,nan,nan,nan,WEBOTS_UNKNOWN,ekf_on_cluster_on,1,1
1784378567.397376,16.750656127929688,-200.0,200.0,0.2,6.28318530664099,1.412638167654233,0.9999999993198594,-7.473206856792613e-11,6.283185305594497,1784378567.3651955,1.3968583565101322,0.9999999993306661,6.283185306840128, 1784378567.394361, 1784378567.3215356,0.9126689566080256,track,none,0.0,nan,nan,0.0,0.0,nan,nan,nan,WEBOTS_UNKNOWN,ekf_on_cluster_on,1,1
1784378567.6416802,16.99496030807495,-200.0,200.0,0.2,6.283185306661725,1.4632183429894694,0.9999999992926171,2.0831652726757145e-10,6.2831853056500915,1784378567.6320715,None,None,None, None, 1784378567.6014335,0.9491180293616511,track,none,0.0,nan,nan,0.0,0.0,nan,nan,nan,WEBOTS_UNKNOWN,ekf_on_cluster_on,1,1
1784378567.7530906,17.10637068748474,-200.0,200.0,0.2,6.283185306675021,1.528098346836527,0.9999999992590182,2.0831652726757145e-10,6.283185305691755,1784378567.6320715,None,None,None, None, 1784378567.7520897,0.9824316514150983,track,none,0.0,nan,nan,0.0,0.0,nan,nan,nan,WEBOTS_UNKNOWN,ekf_on_cluster_on,1,1
1784378567.977478,17.330758094787598,-200.0,200.0,0.2,6.283185306684551,1.597005437185331,0.99999999922425,2.152452809898384e-10,6.283185305742036,1784378567.9870365,None,None,None, None, 1784378567.9315448,1.0333079381744008,track,none,0.0,nan,nan,0.0,0.0,nan,nan,nan,WEBOTS_UNKNOWN,ekf_on_cluster_on,1,1
1784378568.0218158,17.3750958442688,-200.0,200.0,0.2,6.283185306673121,1.6665874249759178,0.9999999991898044,5.113930002887423e-11,6.283185305748242,1784378567.9870365,None,None,None, None, 1784378568.0233228,1.0417617685776026,track,none,0.0,nan,nan,0.0,0.0,nan,nan,nan,WEBOTS_UNKNOWN,ekf_on_cluster_on,1,1
1784378568.175377,17.52865695953369,-200.0,200.0,0.2,6.283185306652513,1.736262774173031,0.9999999991545163,-8.124360930056515e-11,6.283185305733675,1784378568.1663377,None,None,None, None, 1784378568.1733682,0.9267990913738738,track,none,0.0,nan,nan,0.0,0.0,nan,nan,nan,WEBOTS_UNKNOWN,ekf_on_cluster_on,1,1
1784378568.357778,17.711058139801025,-200.0,200.0,0.2,6.283185306618264,1.805950592176244,0.9999999991177857,-2.8220882300839066e-10,6.2831853056806395,1784378568.3542678,None,None,None, None, 1784378568.3557713,0.991776947004852,track,none,0.0,nan,nan,0.0,0.0,nan,nan,nan,WEBOTS_UNKNOWN,ekf_on_cluster_on,1,1
1784378568.4775903,17.830870389938354,-200.0,200.0,0.2,6.283185306706682,1.5194977168035009,0.9999999993059481,4.671210405594877e-12,6.283185305681189,1784378568.4720516,1.5079481732929851,0.9999999993133187,6.283185306902708, 1784378568.406262, 1784378568.5022259,0.9418318528794402,track,none,0.0,nan,nan,0.0,0.0,nan,nan,nan,WEBOTS_UNKNOWN,ekf_on_cluster_on,1,1
1784378568.5704553,17.92373538017273,-200.0,200.0,0.2,6.283185306711652,1.5641534648671043,0.9999999992848302,4.671210405594877e-12,6.283185305682124,1784378568.4720516,None,None,None, None, 1784378568.5022259,0.9418318528794402,track,none,0.0,nan,nan,0.0,0.0,nan,nan,nan,WEBOTS_UNKNOWN,ekf_on_cluster_on,1,1
1784378568.667953,18.021233081817627,-200.0,200.0,0.2,6.283185306753657,1.6266195537050157,0.9999999992556001,3.8396360882818895e-10,6.283185305737704,1784378568.7036176,None,None,None, None, 1784378568.6168053,1.088484693900403,track,none,0.0,nan,nan,0.0,0.0,nan,nan,nan,WEBOTS_UNKNOWN,ekf_on_cluster_on,1,1
1784378568.798439,18.151719093322754,-200.0,200.0,0.2,6.28318530677361,1.6950253588716573,0.9999999992264641,3.2832273570641074e-10,6.283185305766207,1784378568.8125777,None,None,None, None, 1784378568.7312467,1.076824152097343,track,none,0.0,nan,nan,0.0,0.0,nan,nan,nan,WEBOTS_UNKNOWN,ekf_on_cluster_on,1,1
1784378568.9636884,18.31696844100952,-200.0,200.0,0.2,6.2831853068053976,1.764534333318103,0.9999999991982451,4.975897150388693e-10,6.283185305820424,1784378568.9882166,None,None,None, None, 1784378569.0052726,0.9648570772769739,track,none,0.0,nan,nan,0.0,0.0,nan,nan,nan,WEBOTS_UNKNOWN,ekf_on_cluster_on,1,1
1784378569.051585,18.404865026474,-200.0,200.0,0.2,6.2831853067520065,1.8341998556968435,0.9999999991721771,-1.649959426634735e-10,6.283185305791444,1784378568.9882166,None,None,None, None, 1784378569.0052726,0.9648570772769739,track,none,0.0,nan,nan,0.0,0.0,nan,nan,nan,WEBOTS_UNKNOWN,ekf_on_cluster_on,1,1
1784378569.4077632,18.761043310165405,-200.0,200.0,0.2,6.283185306740324,1.903886366394818,0.9999999991423805,-3.822232950098937e-12,6.283185305790174,1784378569.320449,None,None,None, None, 1784378569.4077632,1.0431953728927297,track,none,0.0,nan,nan,0.0,0.0,nan,nan,nan,WEBOTS_UNKNOWN,ekf_on_cluster_on,1,1
1784378569.5315452,18.884825229644775,-200.0,200.0,0.2,6.283185306833534,1.6453240881211684,0.9999999992652895,3.0387608825970504e-10,6.2831853058451665,1784378569.5014193,1.63491536818289,0.9999999992701576,6.283185306993643, 1784378569.418399, 1784378569.5290322,0.9300603746787004,track,none,0.0,nan,nan,0.0,0.0,nan,nan,nan,WEBOTS_UNKNOWN,ekf_on_cluster_on,1,1
1784378569.7135935,19.06687355041504,-200.0,200.0,0.2,6.283185306825667,1.69307584754884,0.9999999992487649,7.180064097476644e-11,6.2831853058525615,1784378569.7145894,None,None,None, None, 1784378569.6652112,1.0008954448060183,track,none,0.0,nan,nan,0.0,0.0,nan,nan,nan,WEBOTS_UNKNOWN,ekf_on_cluster_on,1,1
1784378569.8144753,19.167755365371704,-200.0,200.0,0.2,6.283185306821564,1.7568578939562502,0.9999999992261912,7.180064097476644e-11,6.283185305866922,1784378569.7145894,None,None,None, None, 1784378569.7728148,0.9263250576679688,track,none,0.0,nan,nan,0.0,0.0,nan,nan,nan,WEBOTS_UNKNOWN,ekf_on_cluster_on,1,1
1784378569.9294028,19.2826828956604,-200.0,200.0,0.2,6.283185306679262,1.82554596700509,0.9999999992015993,-1.2355097302103806e-09,6.2831853056776215,1784378569.8678052,None,None,None, None, 1784378569.9170134,0.951046149910369,track,none,0.0,nan,nan,0.0,0.0,nan,nan,nan,WEBOTS_UNKNOWN,ekf_on_cluster_on,1,1
1784378570.1055362,19.458816289901733,-200.0,200.0,0.2,6.283185306707253,1.8950964390680358,0.9999999991668015,-1.9901280396193458e-10,6.283185305648642,1784378570.0134203,None,None,None, None, 1784378570.085949,0.9874921884735999,track,none,0.0,nan,nan,0.0,0.0,nan,nan,nan,WEBOTS_UNKNOWN,ekf_on_cluster_on,1,1
1784378570.253126,19.60640597343445,-200.0,200.0,0.2,6.283185306757367,1.9647675547210968,0.9999999991338935,1.26756788808372e-10,6.283185305672467,1784378570.201379,None,None,None, None, 1784378570.2053933,0.9880808813515044,track,none,0.0,nan,nan,0.0,0.0,nan,nan,nan,WEBOTS_UNKNOWN,ekf_on_cluster_on,1,1
1784378570.366479,19.719758987426758,-200.0,200.0,0.2,6.283185306788663,2.0344548096644957,0.9999999991044701,1.5787083326749336e-10,6.283185305692189,1784378570.326302,None,None,None, None, 1784378570.3313277,1.0070536103692707,track,none,0.0,nan,nan,0.0,0.0,nan,nan,nan,WEBOTS_UNKNOWN,ekf_on_cluster_on,1,1
1784378570.504399,19.85767912864685,-200.0,200.0,0.2,6.28318530694772,1.7847065948441718,0.9999999991243307,6.128061135151368e-10,6.28318530575112,1784378570.4224672,1.774587558223256,0.9999999991258228,6.2831853071657875, 1784378570.441439, 1784378570.4545581,1.0908872761858384,track,none,0.0,nan,nan,0.0,0.0,nan,nan,nan,WEBOTS_UNKNOWN,ekf_on_cluster_on,1,1
1784378570.5965786,19.94985866546631,-200.0,200.0,0.2,6.283185306921023,1.8334564688979746,0.9999999991130273,-2.8863230559999486e-11,6.283185305746124,1784378570.5955694,None,None,None, None, 1784378570.5940633,0.9657082980454735,track,none,0.0,nan,nan,0.0,0.0,nan,nan,nan,WEBOTS_UNKNOWN,ekf_on_cluster_on,1,1
1784378570.8043275,20.157607555389404,-200.0,200.0,0.2,6.283185306890763,1.8976373380294769,0.9999999990964324,-1.7091967053714955e-10,6.2831853057239515,1784378570.8625364,None,None,None, None, 1784378570.8491087,1.0656620700741706,track,none,0.0,nan,nan,0.0,0.0,nan,nan,nan,WEBOTS_UNKNOWN,ekf_on_cluster_on,1,1
1784378570.906008,20.25928807258606,-200.0,200.0,0.2,6.2831853068495045,1.9664067019133704,0.9999999990765702,-3.8739059163669563e-10,6.283185305670784,1784378570.8625364,None,None,None, None, 1784378570.8491087,1.0656620700741706,track,none,0.0,nan,nan,0.0,0.0,nan,nan,nan,WEBOTS_UNKNOWN,ekf_on_cluster_on,1,1
1784378571.0290794,20.382359504699707,-200.0,200.0,0.2,6.283185306901546,2.035968941067418,0.999999999053609,3.1417140884841335e-10,6.283185305716853,1784378571.0091724,None,None,None, None, 1784378570.9859872,1.031339968434776,track,none,0.0,nan,nan,0.0,0.0,nan,nan,nan,WEBOTS_UNKNOWN,ekf_on_cluster_on,1,1
1784378571.1091852,20.462465286254883,-200.0,200.0,0.2,6.283185306931841,2.105641638853273,0.9999999990342372,3.1417140884841335e-10,6.283185305779687,1784378571.1513999,None,None,None, None, 1784378571.1061733,1.0297087228062753,track,none,0.0,nan,nan,0.0,0.0,5.0703626139801825,-2.5088686464269863,5.005786881837143,WEBOTS_UNKNOWN,ekf_on_cluster_on,1,1
1784378571.2332873,20.586567401885986,-200.0,200.0,0.2,6.283185306945689,2.1753291042458565,0.9999999990169725,2.7315693913535233e-10,6.283185305818538,1784378571.1513999,None,None,None, None, 1784378571.231281,0.9798911388483866,track,none,0.0,nan,nan,0.0,0.0,5.0703626139801825,-2.5088686464269863,5.005786881837143,WEBOTS_UNKNOWN,ekf_on_cluster_on,1,1
1784378571.3084073,20.66168737411499,-200.0,200.0,0.2,6.2831853069915296,2.2450185324661067,0.9999999990006723,5.963845899082209e-10,6.283185305890595,1784378571.2722223,None,None,None, None, 1784378571.231281,0.9798911388483866,track,none,0.0,nan,nan,0.0,0.0,5.0703626139801825,-2.5088686464269863,5.005786881837143,WEBOTS_UNKNOWN,ekf_on_cluster_on,1,1
1784378571.5088687,20.862148761749268,-200.0,200.0,0.2,6.283185307004691,1.9203534080216367,0.9999999991826624,-2.84934505436924e-10,6.283185305839582,1784378571.5833185,1.9110589937229112,0.9999999991872605,1.9458212818790344e-11, 1784378571.448744, 1784378571.501821,0.9300156373491338,track,none,0.0,nan,nan,0.0,0.0,5.057986616250412,-2.3249551895747125,4.064533627617025,WEBOTS_UNKNOWN,ekf_on_cluster_on,1,1
1784378571.8739917,21.227271795272827,-200.0,200.0,0.2,6.283185307013513,1.9645347053998616,0.9999999991749352,1.6667196981437304e-10,6.28318530589697,1784378571.7955773,None,None,None, None, 1784378571.872992,1.0798362828936396,track,none,0.0,nan,nan,0.0,0.0,4.677634492833747,-2.333906480114476,3.9797807256978963,WEBOTS_UNKNOWN,ekf_on_cluster_on,1,1
1784378572.1664412,21.519721269607544,-200.0,200.0,0.2,6.28318530699539,2.0267885893331137,0.9999999991645965,-7.093607724367917e-11,6.283185305874454,1784378572.1129878,None,None,None, None, 1784378572.1770053,1.0549378818398103,track,none,0.0,nan,nan,0.0,0.0,4.702403161424149,-2.300090655099875,3.941852182740474,WEBOTS_UNKNOWN,ekf_on_cluster_on,1,1
1784378572.4512827,21.80456280708313,-200.0,200.0,0.2,6.2831853069589805,2.095146859695293,0.9999999991520051,-3.117667894472614e-10,6.283185305814739,1784378572.3045235,None,None,None, None, 1784378572.4502754,0.908342170318976,track,none,0.0,nan,nan,0.0,0.0,4.729094215603435,-2.2712904413297097,3.8874443821132147,WEBOTS_UNKNOWN,ekf_on_cluster_on,1,1
1784378572.5939953,21.947275400161743,-200.0,200.0,0.2,6.283185307049856,2.0577430653357744,0.9999999992488257,1.0921411613080967e-10,6.283185305833795,1784378572.4790084,2.0475452704292127,0.999999999259524,4.934541664169956e-11, 1784378572.461885, 1784378572.62715,1.0372760340003992,track,none,0.0,nan,nan,0.0,0.0,4.766361198374034,-2.2533872767705136,3.8206928621155747,WEBOTS_UNKNOWN,ekf_on_cluster_on,1,1
1784378572.903664,22.256944179534912,-200.0,200.0,0.2,6.2831853070508945,2.1210648418325797,0.9999999992406109,4.657253245398635e-13,6.283185305833963,1784378572.8402414,None,None,None, None, 1784378572.905172,1.0968187699957932,track,none,0.0,nan,nan,0.0,0.0,4.7031878291981695,-2.2148531331884835,3.7783261845476575,WEBOTS_UNKNOWN,ekf_on_cluster_on,1,1
1784378573.1134164,22.4666965007782,-200.0,200.0,0.2,6.283185307032758,2.189656639220242,0.9999999992317837,-1.8201099705708766e-10,6.28318530579283,1784378573.0662348,None,None,None, None, 1784378573.050521,0.9219565907476992,track,none,0.0,nan,nan,0.0,0.0,4.713599232071171,-2.2125360532737774,3.7293702156870228,WEBOTS_UNKNOWN,ekf_on_cluster_on,1,1
1784378573.2827086,22.63598871231079,-200.0,200.0,0.2,6.2831853070609585,2.2591930687282424,0.9999999992215738,1.8595753740103685e-10,6.283185305814502,1784378573.1827796,None,None,None, None, 1784378573.1605334,0.9889048644787468,track,none,0.0,nan,nan,0.0,0.0,4.747741413173032,-2.163109689594964,3.675916081881537,WEBOTS_UNKNOWN,ekf_on_cluster_on,1,1
1784378573.49911,22.85239005088806,-200.0,-200.0,0.2,6.283185307177643,2.2084266556752676,0.9999999991511908,4.047110502569185e-10,6.2831853058876765,1784378573.6652417,2.196735411569204,0.9999999991451607,2.2091306561833335e-10, 1784378573.472502, 1784378573.677818,0.9035270354236977,apf_colreg,crossing_from_starboard,-1.0,2.641047614541594,9.154379422094483,24.342362000824203,8.871267062524282,4.7056964000588986,-2.130873352448194,3.595743378364944,WEBOTS_UNKNOWN,ekf_on_cluster_on,1,1
1784378573.802523,23.155802965164185,-200.0,-200.0,0.2,0.00423417362196642,2.2481468518854304,1.0003296521749334,-0.046356546517138116,6.2642258799571575,1784378573.7725763,None,None,None, None, 1784378573.7929535,0.9074076735659218,apf_colreg,crossing_from_starboard,-1.0,2.5018354109816654,10.419383305575266,24.270799990084466,8.81723254919676,4.7056964000588986,-2.130873352448194,3.595743378364944,WEBOTS_UNKNOWN,ekf_on_cluster_on,1,1
1784378573.9778676,23.33114767074585,-200.0,-200.0,0.2,0.005820069983861479,2.2855843045662785,1.0008945257722797,-0.08617312697563813,6.252345513347335,1784378574.0261478,None,None,None, None, 1784378573.9325483,0.9900620694131218,apf_colreg,crossing_from_starboard,-1.0,2.2650704304423437,11.126679711073438,24.59421562252902,8.81382151564569,4.749797012738585,-2.0474053450048193,3.56250107721659,WEBOTS_UNKNOWN,ekf_on_cluster_on,1,1
1784378574.1467469,23.50002694129944,-200.0,-200.0,0.2,-0.04176546245911198,2.321836091130054,1.0014897138645125,-0.5322395354092291,6.13087730646469,1784378574.1386635,None,None,None, None, 1784378574.2168932,0.939126005233946,apf_colreg,crossing_from_starboard,-1.0,1.6709599246187525,13.863002150825185,23.454242270528926,10.091526997450742,4.767292228070533,-2.0581092649243486,3.5006105696833028,WEBOTS_UNKNOWN,ekf_on_cluster_on,1,1
1784378574.385884,23.739164113998413,-200.0,-200.0,0.2,6.210060549339519,2.3573817052593578,0.9997331901370952,-0.22242515366458118,6.076670540408002,1784378574.3823714,None,None,None, None, 1784378574.4603395,1.078541971025355,apf_colreg,crossing_from_starboard,-1.0,1.1727808761226048,15.674724304931742,24.93761660088125,10.491821172042638,4.7649016294494695,-2.0103757429571742,3.467589060328172,WEBOTS_UNKNOWN,ekf_on_cluster_on,1,1
1784378574.7257137,24.078993797302246,-200.0,-200.0,0.2,6.193909221408258,2.3137388397123893,0.9987947852923704,-0.05126950970067756,6.0630877942636365,1784378574.8326433,2.3085931837937754,0.9989124546101915,6.175734043664016, 1784378574.476896, 1784378574.5973957,1.0608549474789897,apf_colreg,crossing_from_starboard,-1.0,0.27543621860516393,24.361985546866155,25.242101275986034,10.576845491856833,4.805097419512068,-1.8800492864672524,3.409321520742206,WEBOTS_UNKNOWN,ekf_on_cluster_on,1,1
1784378575.0572083,24.41048836708069,-200.0,-200.0,0.2,6.1918454024230885,2.3391305474195025,0.9966148561843702,-0.06062748113298843,6.040893124197895,1784378575.1325133,None,None,None, None, 1784378575.1385405,0.992488954451848,apf_colreg,crossing_from_starboard,-1.0,1.3720869435645124,16.222267344717658,25.535647700062754,10.357716134334785,4.860960757829036,-1.7812877799220288,3.371663477875681,WEBOTS_UNKNOWN,ekf_on_cluster_on,1,1
1784378575.348431,24.701711177825928,-200.0,-200.0,0.2,6.191658933213544,2.368004149722028,0.9941967446448978,-0.07409974891964365,6.023052897463189,1784378575.406699,None,None,None, None, 1784378575.432317,0.9855116592450075,apf_colreg,crossing_from_starboard,-1.0,1.9730944654489737,12.238416045283882,25.67384301320183,10.220377924342435,4.964683760720082,-1.6615193329547577,3.334523185769399,WEBOTS_UNKNOWN,ekf_on_cluster_on,1,1
1784378575.7143035,25.067583560943604,-200.0,-200.0,0.2,6.17017069505972,2.372078406818242,0.9935599383760902,-0.013611564214738192,6.018151424692874,1784378575.803223,2.3677433234035163,0.9938682995250541,6.076560840779595, 1784378575.483155, 1784378575.6887116,1.031853892913455,apf_colreg,crossing_from_starboard,-1.0,2.642221911817867,9.914084465742198,25.62380664410674,10.358902570264538,5.017558377641929,-1.6480070068968802,3.327190262081249,WEBOTS_UNKNOWN,ekf_on_cluster_on,1,1
1784378576.058817,25.412096977233887,-200.0,-200.0,0.2,6.179578727730053,2.4004604942624277,0.990698857051433,-0.03814177309912543,6.002343815024678,1784378576.0286818,None,None,None, None, 1784378576.031193,0.9909877107415134,apf_colreg,crossing_from_starboard,-1.0,2.545114557051417,10.027670948695203,25.812995060214107,10.209098273988623,5.001556390268243,-1.5912364560569652,3.3146544040616495,WEBOTS_UNKNOWN,ekf_on_cluster_on,1,1
1784378576.2316453,25.584925413131714,-200.0,-200.0,0.2,6.18919940668626,2.431338684386836,0.987907506323239,-0.03247081400411307,5.997820495520517,1784378576.167986,None,None,None, None, 1784378576.1991096,1.0818450159054358,apf_colreg,crossing_from_starboard,-1.0,2.5764102574261734,10.078582851391396,25.93513707585046,10.036302406582918,5.054774119067415,-1.5371244895670457,3.2957796105312145,WEBOTS_UNKNOWN,ekf_on_cluster_on,1,1
1784378576.4508572,25.804137229919434,-200.0,-200.0,0.2,6.170161820430604,2.4637982821072693,0.985310775887335,-0.29742860068405513,5.9168358626920865,1784378576.4402685,2.4037549290764106,0.9881215360601439,6.01491230944291, 1784378576.5375264, 1784378576.4966426,0.9212403139250466,apf_colreg,crossing_from_starboard,-1.0,2.835187936978605,8.700543214499719,25.698961783648052,10.650714139399227,5.151002542434388,-1.4585982877694728,3.246978498122629,WEBOTS_UNKNOWN,ekf_on_cluster_on,1,1
1784378576.7954545,26.14873456954956,-200.0,-200.0,0.2,6.1298702701069585,2.4106504021755044,0.9878135202997494,-0.08609035085345436,5.890367790005367,1784378576.8623407,2.402198220163523,0.9884152374168702,6.017592647995434, 1784378576.502168, 1784378576.8623407,0.9717999958727351,apf_colreg,crossing_from_starboard,-1.0,3.650276873255081,1.5552121666323495,25.42062316156121,11.42348079188518,5.197459997811965,-1.411870433443436,3.223247259553848,WEBOTS_UNKNOWN,ekf_on_cluster_on,1,1
1784378577.22464,26.577919960021973,-200.0,-200.0,0.2,6.132372674218902,2.4318723161743194,0.9846762295670266,-0.043717159568593615,5.870045547502119,1784378577.2125711,None,None,None, None, 1784378577.2419455,1.0014395834872982,apf_colreg,crossing_from_starboard,-1.0,3.6366812107333715,1.9378403965702575,25.51402079960307,11.223531331508118,5.111931370908257,-1.3101647345897953,3.1608729833739626,WEBOTS_UNKNOWN,ekf_on_cluster_on,1,1
1784378577.5667684,26.920048475265503,-200.0,-200.0,0.2,6.089252714229509,2.461230296225603,0.975506132780774,-0.053352863295447965,5.851630654417569,1784378577.557724,2.4622055608477145,0.973967919987341,5.913058680777904, 1784378577.508965, 1784378577.6080866,0.9108182709619114,apf_colreg,crossing_from_starboard,-1.0,3.606796245465835,2.483543126008125,25.011353074972398,12.288880580984092,5.194659108890022,-1.1530921810500645,3.1313971434180394,WEBOTS_UNKNOWN,ekf_on_cluster_on,1,1
1784378578.0058541,27.359134197235107,-200.0,-200.0,0.2,6.08737876945729,2.49090510546907,0.9700179066355499,-0.14031815668674957,5.7929123307795605,1784378578.1054466,None,None,None, None, 1784378578.0717137,0.9301428959803278,apf_colreg,crossing_from_starboard,-1.0,3.4854918856152697,3.2501791068434542,24.799194541751785,12.698922393131333,5.217880605194191,-1.0878587928445205,3.0527233693258284,WEBOTS_UNKNOWN,ekf_on_cluster_on,1,1
1784378578.3989246,27.752204656600952,-200.0,-200.0,0.2,6.04955892426133,2.5223935935254116,0.9640507224077253,-0.4456953013243725,5.6247877182344554,1784378578.3534083,None,None,None, None, 1784378578.3728366,0.992621196428012,apf_colreg,crossing_from_starboard,-1.0,3.4015327962241626,3.5837294466744507,24.376882926646793,13.511500076725603,5.282964886675635,-0.9729937654827916,3.0204197527461356,WEBOTS_UNKNOWN,ekf_on_cluster_on,1,1
1784378578.6944323,28.047712326049805,-200.0,-200.0,0.2,5.985460174288996,2.5307597184829533,0.9514151356555234,-0.0889955724507456,5.596225923219031,1784378578.7987578,2.526945821378099,0.9506497521679698,5.796462985145793, 1784378578.523024, 1784378578.706393,1.088663557580518,apf_colreg,crossing_from_starboard,-1.0,3.4229280537386373,2.5013838701508133,23.463222539701423,15.034460914476842,5.1410700797749085,-1.0407190874390557,2.9416624268653706,WEBOTS_UNKNOWN,ekf_on_cluster_on,1,1
1784378579.1023474,28.45562744140625,-200.0,-200.0,0.2,5.984580467712787,2.5600122023574388,0.9424853570690086,-0.024243938649376743,5.586141337574538,1784378579.0903065,None,None,None, None, 1784378579.1531322,1.0665695945109939,apf_colreg,crossing_from_starboard,-1.0,2.9650416051550774,4.747999346733124,23.369842503885042,15.163808827396473,5.161434138542152,-1.052759266977222,2.918912855271636,WEBOTS_UNKNOWN,ekf_on_cluster_on,1,1
1784378579.5975504,28.950830459594727,-200.0,-200.0,0.2,5.937260159223252,2.5683921240056913,0.9340328915635108,-0.047633753077944735,5.56298532293908,1784378579.7552392,2.5620787132816285,0.9342567363372026,5.730794090839127, 1784378579.515619, 1784378579.699078,0.9107481911210731,apf_colreg,crossing_from_starboard,-1.0,2.817153917531259,5.05195930232535,22.649634385568742,16.216493315896262,5.165892141707742,-0.9916586964657687,2.875057018075777,WEBOTS_UNKNOWN,ekf_on_cluster_on,1,1
1784378580.0367863,29.390066385269165,-200.0,-200.0,0.2,5.938559939967841,2.596428131964713,0.9242494866304725,-0.09539308923458821,5.5219005595289845,1784378580.0071218,None,None,None, None, 1784378580.1192088,1.0437994995500415,apf_colreg,crossing_from_starboard,-1.0,2.2632847098689886,7.6683831553673025,22.460561290383268,16.419775463332446,5.224211845747782,-0.8714201750498597,2.8408233595441565,WEBOTS_UNKNOWN,ekf_on_cluster_on,1,1
1784378580.4585428,29.81182289123535,-200.0,-200.0,0.2,5.913176706779708,2.626411614845848,0.9138199528194302,-0.3354694342683564,5.406000831441739,1784378580.508649,None,None,None, None, 1784378580.5287595,1.0222640610072213,apf_colreg,crossing_from_starboard,-1.0,2.0739519820928796,8.430120999503766,22.030606433431615,16.968897731777346,5.299688915250385,-0.7646149118815381,2.789564784378052,WEBOTS_UNKNOWN,ekf_on_cluster_on,1,1
1784378580.738618,30.09189796447754,-200.0,-200.0,0.2,5.839579490074244,2.6190631893209297,0.9047621219373764,-0.20539057872632996,5.328365049193258,1784378580.730598,2.612908396702048,0.9052267314122586,5.6316207134366065, 1784378580.535268, 1784378580.763378,0.963197401205667,apf_colreg,crossing_from_starboard,-1.0,2.31180823342732,7.954346038720644,20.64102074748424,18.634747609615207,5.2412881121892525,-0.7643809415542955,2.7568035308414647,WEBOTS_UNKNOWN,ekf_on_cluster_on,1,1
1784378580.9945252,30.34780526161194,-200.0,-200.0,0.2,5.82709769772415,2.6445230053886046,0.8926464094204256,-0.12135951899516778,5.306950350191452,1784378581.0115957,None,None,None, None, 1784378580.9935222,0.9214345418645314,apf_colreg,crossing_from_starboard,-1.0,1.9416575272898413,8.808475868614602,20.21854750610505,19.41015128452604,5.157176004057165,-0.7551084040196949,2.6892577128293174,WEBOTS_UNKNOWN,ekf_on_cluster_on,1,1
1784378581.3426127,30.695892810821533,-200.0,-200.0,0.2,5.823376717551147,2.672204839524129,0.8791722228479131,-0.06360967094600446,5.285875600474528,1784378581.3571677,None,None,None, None, 1784378581.400242,0.9577213452613258,apf_colreg,crossing_from_starboard,-1.0,1.482904857412115,9.55929738468358,19.839947191622315,19.832773622928315,5.185045425198463,-0.6921307805670012,2.6535600737009277,WEBOTS_UNKNOWN,ekf_on_cluster_on,1,1
1784378581.6030807,30.956360816955566,-200.0,-180.8310337462434,0.2,5.756579071904585,2.6773746080448695,0.8614132291645391,-0.09529113007257876,5.251121736415324,1784378581.6030807,2.6735185606709377,0.8608373315382414,5.504303521293584, 1784378581.538196, 1784378581.6276941,1.0452039234440489,apf_colreg,crossing_from_starboard,-1.0,1.7545332838586691,8.453760890687747,18.302813586941156,21.30782812829399,5.230975002874583,-0.552500218725614,2.6127516203657892,WEBOTS_UNKNOWN,ekf_on_cluster_on,1,1
1784378581.9690807,31.32236075401306,-200.0,-171.9643560509799,0.2,5.757336893066522,2.7048084053790173,0.8457329030683485,-0.06841138055139326,5.2300133478462385,1784378582.0711033,None,None,None, None, 1784378582.1415005,1.050257906494362,apf_colreg,crossing_from_starboard,-1.0,1.6450760754388543,7.414185007289417,18.426347176163976,21.260999830972544,5.188138628448232,-0.5519490538165229,2.5368004831650164,WEBOTS_UNKNOWN,ekf_on_cluster_on,1,1
1784378582.4187002,31.77198028564453,-200.0,-170.33248139302464,0.2,5.749933454829141,2.734707019131488,0.8287357764429746,-0.15152070797615957,5.159951262365479,1784378582.3740244,None,None,None, None, 1784378582.4181957,1.0528814604264778,apf_colreg,crossing_from_starboard,-1.0,1.7415886078406098,6.314811805597017,18.19245776047752,21.515211246218588,5.236898299498827,-0.4194169817660739,2.4978027555283537,WEBOTS_UNKNOWN,ekf_on_cluster_on,1,1
1784378582.7533853,32.10666537284851,-200.0,-116.02877274310849,0.2,5.686862255570629,2.730233475985202,0.8124035942454039,-0.15152070797615957,5.159951262365479,1784378582.8316007,2.724504923488361,0.8126979050623856,5.392894907681462, 1784378582.536825, 1784378582.8355963,0.9401471490340247,apf_colreg,crossing,-1.0,2.056989947609192,5.010374822923533,16.643160088245452,22.800684655205778,5.157299275861298,-0.47215263260617635,2.4463202787010485,WEBOTS_UNKNOWN,ekf_on_cluster_on,1,1
1784378583.1941373,32.547417402267456,-200.0,-120.23994095217816,0.2,5.689070635798932,2.7595906576884297,0.7929655054703542,-0.027908250450674903,5.141452627258333,1784378583.208706,None,None,None, None, 1784378583.1669998,0.9296776114085012,apf_colreg,crossing,-1.0,1.8642688623228676,4.983770670190533,16.03816263992608,23.179187394361385,5.197880451878606,-0.3825533662933108,2.423099400713121,WEBOTS_UNKNOWN,ekf_on_cluster_on,1,1
1784378583.6224532,32.975733280181885,-200.0,-50.87101428061196,0.2,5.618781277205801,2.7646999317336416,0.7744151773180803,-0.04262668162602908,5.117753584848195,1784378583.7671835,2.757046744569704,0.7752143553768146,5.326204113275248, 1784378583.539553, 1784378583.6279771,0.9054825041116895,apf_colreg,crossing,-1.0,1.9462359515384853,4.569192296226276,14.342351962892169,24.344582973382405,5.102962965423123,-0.3973749441691013,2.3544220867253873,WEBOTS_UNKNOWN,ekf_on_cluster_on,1,1
1784378584.121089,33.474369049072266,-200.0,-54.07139655603139,0.2,5.6193146441020065,2.796276744751535,0.7501235154043058,-0.0636080448189768,5.0894239114253175,1784378584.1704023,None,None,None, None, 1784378584.081415,1.052888873110447,apf_colreg,crossing,-1.0,1.715783166790291,4.836016068313787,14.495174536166209,24.384094883118493,5.1704232328587985,-0.30837156806212856,2.3040380153622277,WEBOTS_UNKNOWN,ekf_on_cluster_on,1,1
1784378584.4231687,33.77644872665405,-200.0,-29.20457799978785,0.2,5.607891762839343,2.8308942460124067,0.7234834952213007,-0.1625269063538251,5.03785837327119,1784378584.507301,None,None,None, None, 1784378584.5037835,1.0535309549672538,apf_colreg,crossing,-1.0,1.6528398644406272,4.732561765812505,14.14105223495261,24.684337394934992,5.1607375453029825,-0.21672851143209262,2.2364106676812185,WEBOTS_UNKNOWN,ekf_on_cluster_on,1,1
1784378584.8628502,34.21613025665283,-200.0,24.53965423734828,0.2,5.528529276771223,2.809578791762236,0.7128309376831081,-0.09323658304306964,4.9951325714476695,1784378584.8137333,2.800321392106785,0.7157497978479197,5.242484118833806, 1784378584.547968, 1784378584.8127356,0.9530366343312631,apf_colreg,crossing,-1.0,1.872142568060913,4.927317754351816,11.669048912406595,25.924955589035175,5.1866396957526595,-0.188251117948873,2.2125434491350617,WEBOTS_UNKNOWN,ekf_on_cluster_on,1,1
1784378585.1642256,34.51750564575195,-200.0,40.35872931237892,0.2,5.525851423948188,2.840587467912944,0.6838122038251075,-0.05039411120709753,4.977520253081716,1784378585.315658,None,None,None, None, 1784378585.3925169,1.0765608761943677,apf_colreg,crossing_from_port,-1.0,1.2289542869466505,6.384194175728139,11.70539986072774,26.0383986858597,5.061968869379883,-0.18827277635667844,2.140341451221727,WEBOTS_UNKNOWN,ekf_on_cluster_on,1,1
1784378585.6569414,35.01022148132324,-200.0,70.40852394019605,0.2,5.44872115310387,2.855295830204963,0.6360471627919612,-0.09728693699644436,4.9316017811341055,1784378585.635215,2.8495538855783065,0.6319008330109311,5.148439685847595, 1784378585.555882, 1784378585.6891701,0.9878449056450374,apf_colreg,crossing,-1.0,1.6069100687109092,4.010198222599306,8.697008139847036,27.249847267805887,5.094861717231889,-0.07954650498671274,2.0596739434674514,WEBOTS_UNKNOWN,ekf_on_cluster_on,1,1
1784378585.9852467,35.33852672576904,-200.0,96.1787043456438,0.2,5.442604628319742,2.8903966304877375,0.597450814662853,-0.08005758364325316,4.9126485962216835,1784378585.9908168,None,None,None, None, 1784378586.038614,1.038761400776051,apf_colreg,crossing,-1.0,1.4651634667937732,3.7591713099060518,8.667055552298416,27.10201020234891,4.991607250741081,-0.06476297112029764,1.965108702521022,WEBOTS_UNKNOWN,ekf_on_cluster_on,1,1
1784378586.319524,35.67280411720276,-200.0,96.86617283952968,0.2,5.43828129318927,2.927663152340539,0.5559251589681882,-0.05211910762588797,4.897034065454225,1784378586.29041,None,None,None, None, 1784378586.3034446,1.0074042014854676,apf_colreg,crossing,-1.0,1.3866870657678636,3.4241628405831492,7.1512444736258844,27.485156805299276,5.015361975321322,-0.07294446936646283,1.925761059118105,WEBOTS_UNKNOWN,ekf_on_cluster_on,1,1
1784378586.7884917,36.14177179336548,-200.0,145.1666523830205,0.2,5.363602037437724,2.9085523158141933,0.5214104301669826,-0.018009852659245137,4.889244458435604,1784378586.915794,2.8993317921057744,0.5227155909806519,5.056200363679141, 1784378586.581294, 1784378586.9022455,0.97073721094171,apf_colreg,crossing,-1.0,1.5607394952782576,2.789197327158733,6.040882977227924,28.34935798006689,4.9147281817171375,-0.10481220404830009,1.8698861722009879,WEBOTS_UNKNOWN,ekf_on_cluster_on,1,1
1784378587.3856251,36.73890519142151,-200.0,145.31944261997802,0.2,5.361608529717833,2.943688910003651,0.47545994622459453,-0.036777039405281264,4.868883529321748,1784378587.498726,None,None,None, None, 1784378587.4343915,0.9137275279853859,apf_colreg,crossing_from_port,-1.0,1.2792757048929033,3.0027562637581857,3.508444903200561,29.15822932994406,4.93523896978678,-0.08351288731852245,1.8382091287741,WEBOTS_UNKNOWN,ekf_on_cluster_on,1,1
1784378587.7888076,37.14208769798279,-200.0,166.56455150666488,0.2,5.298367028529032,2.928798629926185,0.47120607690596705,-0.03107725475333739,4.856667585822093,1784378587.8424425,2.9141411259043153,0.4837770659771866,5.031486753540635, 1784378587.582369, 1784378587.790314,0.9795398588810041,apf_colreg,crossing_from_port,-1.0,1.3033111285119459,3.8269369006836693,2.394805622912796,28.86784798493478,4.862945461758773,-0.12916101402576827,1.7984394935298942,WEBOTS_UNKNOWN,ekf_on_cluster_on,1,1
1784378588.1422849,37.49556493759155,-200.0,167.30899766091423,0.2,5.294361382336189,2.9612435617935944,0.4223374263437165,-0.042388462891353444,4.836995428508177,1784378588.1337361,None,None,None, None, 1784378588.1295424,0.9222368901919034,apf_colreg,crossing_from_port,-1.0,1.1300767100170948,3.4409337815224013,2.292385540226892,29.25351819954239,4.868495637616518,-0.10598389592462533,1.7658635534782732,WEBOTS_UNKNOWN,ekf_on_cluster_on,1,1
1784378588.6428854,37.99616551399231,-197.6237460791777,200.0,0.2,5.235006448086096,2.9606366969066906,0.3722291820440943,-0.0312441109329963,4.823723975595316,1784378588.7574716,2.9504327849757757,0.37319059369484564,4.983035592230866, 1784378588.616755, 1784378588.7132769,0.9034585983440554,apf_colreg,crossing_from_port,-1.0,1.1925005686338475,3.4203815081760216,-1.3218193809801257,29.803254769639373,4.806911674588329,-0.13695350117409363,1.7001777111796816,WEBOTS_UNKNOWN,ekf_on_cluster_on,1,1
1784378589.1345325,38.487812519073486,-196.82174029881648,200.0,0.2,5.2308208993607055,2.9939564600695157,0.3140933760134583,-0.019961740035390915,4.812575913867516,1784378589.2287915,None,None,None, None, 1784378589.198453,0.9401240928855092,apf_colreg,crossing_from_port,-1.0,0.9817779498549255,3.7513844266426144,-2.8178776868953195,28.636082754410435,4.818250472107618,-0.15560384523842793,1.662007716466885,WEBOTS_UNKNOWN,ekf_on_cluster_on,1,1
1784378589.6644962,39.01777625083923,-172.67469611224195,200.0,0.2,5.180977213935663,2.989338662378183,0.2689727540209287,-0.006112688824253211,4.809586104617262,1784378589.737501,2.9783376155444117,0.2731868363383562,4.961911292685944, 1784378589.623705, 1784378589.661497,1.0870851744719954,apf_colreg,crossing_from_port,-1.0,1.0745214183280656,3.9631895565309616,-3.553686922668674,29.869332854908794,4.823774687947905,-0.12960270302821095,1.6311117782416389,WEBOTS_UNKNOWN,ekf_on_cluster_on,1,1
1784378590.0555,39.408780097961426,-172.0543829809727,200.0,0.2,5.179408336360885,3.018494549407375,0.21094726492571514,0.015015222230558968,4.815933213392772,1784378590.028801,None,None,None, None, 1784378590.1152818,0.9633790011034551,apf_colreg,crossing_from_port,-1.0,1.2409104652976435,3.536691484986099,-4.819846288659143,28.584276691464886,4.735570855592379,-0.09250210001015151,1.5896397909566757,WEBOTS_UNKNOWN,ekf_on_cluster_on,1,1
1784378590.4022799,39.75555992126465,-143.59494672768847,200.0,0.2,5.178283381669869,3.048045151710948,0.15203864423440283,0.008091055368932506,4.818482992001861,1784378590.3439364,None,None,None, None, 1784378590.3941538,1.0427651963181075,apf_colreg,crossing_from_port,-1.0,1.017856154972591,3.2133568581658616,-6.9221283640787,29.72516871227191,4.7562717353017145,-0.14732654854557176,1.5726262474812285,WEBOTS_UNKNOWN,ekf_on_cluster_on,1,1
1784378590.9586568,40.31193685531616,-131.14316080710347,200.0,0.2,5.138658745093776,3.017009359240204,0.15160933580008534,0.00839114712633213,4.822933170607457,1784378591.0534246,3.007395575648464,0.1607254889473893,4.9734119910072625, 1784378590.625502, 1784378591.0931077,1.0476981374973158,apf_colreg,crossing_from_port,-1.0,1.0998567312153416,4.730150140380303,-4.594201736724651,30.067298341880175,4.7813263283363225,-0.21603376300631155,1.5521189477753168,WEBOTS_UNKNOWN,ekf_on_cluster_on,1,1
1784378591.4813979,40.834677934646606,-128.66055642843784,200.0,0.2,5.148395843022284,3.0398846982801406,0.1006818620431682,0.1401159013451592,4.905676771214068,1784378591.5944464,None,None,None, None, 1784378591.5711079,1.0137212460342566,apf_colreg,crossing_from_port,-1.0,1.0508418309059575,3.93274519396654,-7.5942523772614425,26.992020228453853,4.681158364586383,-0.21485873598604951,1.5424339196586236,WEBOTS_UNKNOWN,ekf_on_cluster_on,1,1
1784378591.9634757,41.31675577163696,-123.86632842972512,200.0,0.2,5.135568481436944,3.03600506252885,0.07655599124073242,0.13474583437903512,4.972120093061047,1784378591.9579165,3.02782326317795,0.0849471424836925,5.0095557036266305, 1784378591.628639, 1784378591.9277148,0.9274422094399786,apf_colreg,crossing,-1.0,1.109245429034433,4.179915091388949,-9.551375937082618,26.371573895539335,4.694352769527139,-0.182421256359732,1.5328300323287307,WEBOTS_UNKNOWN,ekf_on_cluster_on,1,1
1784378592.2838283,41.63710832595825,-116.82685586116065,200.0,0.2,5.1404618891596305,3.059479726127332,0.02483683590603558,0.01971670778235694,4.977235004479194,1784378592.3684824,None,None,None, None, 1784378592.393238,0.9134367899528475,apf_colreg,crossing,-1.0,1.0905916518937286,3.356737681729307,-9.51684809620101,25.57075608557726,4.647401057664325,-0.1421006081748663,1.5284811571412875,WEBOTS_UNKNOWN,ekf_on_cluster_on,1,1
1784378592.785965,42.13924503326416,-112.89868495273103,200.0,0.2,5.131044077736707,3.0584639044774313,-0.00013022850942824224,0.07525119055712347,5.0194955684724025,1784378592.77893,3.051206592673694,0.008032917182307182,5.053415617047643, 1784378592.632247, 1784378592.7754138,0.9704349394491055,apf_colreg,crossing,-1.0,1.124261293208337,3.9498781451414793,-9.198666852236764,26.33506227280202,4.673206149672754,-0.22891830321392886,1.5184178261439425,WEBOTS_UNKNOWN,ekf_on_cluster_on,1,1
1784378593.1014962,42.45477628707886,-103.05416460543609,200.0,0.2,5.137705340190987,3.0811297305907814,-0.051139450388046015,0.07342390346862268,5.0400827760023805,1784378593.1775396,None,None,None, None, 1784378593.0603194,1.001370016178438,apf_colreg,crossing,-1.0,1.1124287747902688,3.2850194831638384,-11.124351417248292,27.27620196142771,4.626069809741663,-0.17617188996719613,1.51298078813539,WEBOTS_UNKNOWN,ekf_on_cluster_on,1,1
1784378593.5838163,42.93709635734558,-104.2201201217837,200.0,0.2,5.14475300702122,3.104809385123147,-0.1035056542968249,0.07320181233357345,5.077425769786188,1784378593.7370899,None,None,None, None, 1784378593.5694559,1.0226190702067766,apf_colreg,crossing,-1.0,1.0947184019046379,3.0803917459213963,-9.174437760848928,28.08147931174999,4.655052401345598,-0.24780525662720715,1.4982856320474378,WEBOTS_UNKNOWN,ekf_on_cluster_on,1,1
1784378594.0464878,43.39976787567139,-59.608920953352545,200.0,0.2,5.141299661461723,3.091782160692262,-0.09797667444879246,0.028424421790163655,5.085455405455639,1784378594.114386,3.08575437211817,-0.08856555122464815,5.115528222152495, 1784378593.68032, 1784378594.1605637,0.9129470503099829,apf_colreg,crossing,-1.0,1.1169781605015465,4.439715992194308,-8.813448944532642,26.58489880118675,4.611919412377592,-0.1848884704615268,1.491543264311202,WEBOTS_UNKNOWN,ekf_on_cluster_on,1,1
1784378594.5411358,43.894415855407715,-57.62927008547358,200.0,0.2,5.142138560051001,3.111976551258978,-0.1425730221078414,0.04626094354412874,5.111062809070384,1784378594.5924196,None,None,None, None, 1784378594.5305874,1.026949298444078,apf_colreg,static_obstacle,-1.0,1.334704831724564,2.9483588890089685,-5.386900318341762,28.716854133035618,4.626011727563788,-0.22590171207810555,1.4842647833967173,WEBOTS_UNKNOWN,ekf_on_cluster_on,1,1
1784378594.92078,44.274060010910034,-72.23005395553825,200.0,0.2,5.143848249032227,3.1120375668568045,-0.14937721985433028,0.03977114606096599,5.124770703815434,1784378594.9239755,3.1060229083498663,-0.13796909260652063,5.152269952125419, 1784378594.710197, 1784378594.8787277,0.9153587254597343,apf_colreg,static_obstacle,-1.0,1.347067858282607,3.948856777693006,-5.403551917206812,28.728848949126668,4.645798270131323,-0.27442824415807027,1.4767358028216158,WEBOTS_UNKNOWN,ekf_on_cluster_on,1,1
1784378595.2264595,44.579739570617676,-70.51612312346576,200.0,0.2,5.1445741349885115,3.1322488418879755,-0.19385629972357776,0.059047713664935296,5.141386672078692,1784378595.2053745,None,None,None, None, 1784378595.2385035,0.9772880024887054,apf_colreg,static_obstacle,-1.0,1.3271213396553767,3.0267725121955342,-5.816215251247151,28.85333742862061,4.619575327146901,-0.23476778266358095,1.4705019153810737,WEBOTS_UNKNOWN,ekf_on_cluster_on,1,1
1784378595.516994,44.87027406692505,-69.17191250812357,200.0,0.2,5.146844567313731,3.1541446807054316,-0.2418840369853883,0.06210379966575418,5.158870067691916,1784378595.4868934,None,None,None, None, 1784378595.5285506,1.0571466680171426,apf_colreg,static_obstacle,-1.0,1.3339691315815019,2.6204587478001193,-6.217171337558922,28.999152530274163,4.629710902493226,-0.24278130773650652,1.4628441326939383,WEBOTS_UNKNOWN,ekf_on_cluster_on,1,1
1784378595.796105,45.14938497543335,-62.855335520053025,200.0,0.2,5.162293208384286,3.1521779101666465,-0.23607372170112922,0.03555980129173642,5.169669281552042,1784378595.790585,3.148206538283403,-0.22717649150114957,5.227885077977069, 1784378595.728393, 1784378595.8288138,0.9772407664480425,apf_colreg,static_obstacle,-1.0,1.332292922296731,3.541604488454187,-5.718654686992531,29.059147486761155,4.636379052690627,-0.26198472819427077,1.4546949489024898,WEBOTS_UNKNOWN,ekf_on_cluster_on,1,1
1784378596.2081654,45.561445474624634,-73.25357253143908,200.0,0.2,5.195571109254007,3.1729292668780658,-0.27958787663676343,0.3866693560392292,5.31696478603139,1784378596.171519,None,None,None, None, 1784378596.1770303,1.0160356852272052,apf_colreg,static_obstacle,-1.0,1.3824541359566822,2.0321020462145434,-5.162767718482314,29.37286049794351,4.631743459194602,-0.17131480632327561,1.4291267573338442,WEBOTS_UNKNOWN,ekf_on_cluster_on,1,1
1784378596.5605612,45.913841247558594,-49.51136002337818,200.0,0.2,5.2126981212229735,3.197815020161027,-0.326011180352491,0.08263212783763771,5.3459477265342255,1784378596.5222657,None,None,None, None, 1784378596.5222657,1.0366365251731813,apf_colreg,static_obstacle,-1.0,1.4092131467709437,1.145748868875318,-5.1675660720001435,29.562258172516728,4.645185327912856,-0.1665557100745062,1.4197642773036743,WEBOTS_UNKNOWN,ekf_on_cluster_on,1,1
1784378596.9159782,46.26925826072693,-60.75345433255111,200.0,0.2,5.241842128214069,3.2088452198379045,-0.3343865948028908,0.068816207373073,5.372937672292295,1784378596.914469,3.2065156835106254,-0.32828988211972643,5.318506069783074, 1784378596.743306, 1784378596.9336104,1.0567726509386075,apf_colreg,static_obstacle,-1.0,1.427970058002284,1.016812903936685,-4.802183918158567,29.478713985843275,4.66387645777034,-0.1813757418141516,1.4005443495867695,WEBOTS_UNKNOWN,ekf_on_cluster_on,1,1
1784378597.3692787,46.72255873680115,-40.95808330037299,200.0,0.2,5.247609618091741,3.2340308607307975,-0.3773851995005941,0.0542214890901928,5.397378531697853,1784378597.3652287,None,None,None, None, 1784378597.3479092,1.0983986806344581,apf_colreg,static_obstacle,-1.0,1.43242966067987,0.7125428065974826,-5.0428617937068765,29.640027413562194,4.674026877785731,-0.1340988375920412,1.369544100751069,WEBOTS_UNKNOWN,ekf_on_cluster_on,1,1
1784378597.8793104,47.232590436935425,-51.469895766199464,200.0,0.2,5.281096184589257,3.2708965106214407,-0.4233659187692917,0.050875861625629654,5.4196340162246734,1784378597.9413385,3.2739160049739677,-0.4238455928268411,5.413931829342002, 1784378597.758906, 1784378597.8461368,1.0435418817556215,apf_colreg,static_obstacle,-1.0,1.4367098846600148,0.7820831406085617,-6.509759508417284,29.537865589456906,4.7089323873008695,-0.17112267315685625,1.348708507118397,WEBOTS_UNKNOWN,ekf_on_cluster_on,1,1
1784378598.2768083,47.630088329315186,-30.3631650833003,200.0,0.2,5.281706481092075,3.299403501041504,-0.4683146279164436,0.04315847739344834,5.439318535465364,1784378598.258774,None,None,None, None, 1784378598.3469675,0.9536635964259965,apf_colreg,static_obstacle,-1.0,1.4308127635759178,0.7832491336039167,-6.8610320334532595,29.800712274835295,4.704849414939798,-0.13018400736162045,1.3400609219106379,WEBOTS_UNKNOWN,ekf_on_cluster_on,1,1
1784378598.735605,48.08888506889343,-79.70202179796237,200.0,0.2,5.2853712563213255,3.3272436270403336,-0.5123128219047421,0.08231607704446504,5.476373295245706,1784378598.7089262,None,None,None, None, 1784378598.6933668,0.9556455288942894,apf_colreg,static_obstacle,-1.0,1.4412755561805306,0.8306772967805548,-3.479533731294928,29.137044396826234,4.7611492866726985,-0.19798581335706358,1.3162597520878523,WEBOTS_UNKNOWN,ekf_on_cluster_on,1,1
1784378599.085765,48.43904495239258,-116.41626890769852,200.0,0.2,5.325633146031463,3.3255473716399186,-0.4909963675548065,0.06922650685102115,5.490921064344379,1784378599.0902832,3.320530637538114,-0.4801558832802472,5.475925587540759, 1784378598.765779, 1784378599.101332,0.9382004400163211,apf_colreg,static_obstacle,-1.0,1.4407430622961948,1.3749316834512835,-2.7148330813703216,29.944245311818637,4.766933752900981,-0.20118744510360578,1.3006004745179418,WEBOTS_UNKNOWN,ekf_on_cluster_on,1,1
1784378599.5277767,48.881056785583496,-115.53797277444572,200.0,0.2,5.326387744581219,3.354657652668031,-0.5324979142781956,0.02369193610090652,5.50323637438116,1784378599.4388838,None,None,None, None, 1784378599.4971542,0.932629527562709,apf_colreg,static_obstacle,-1.0,1.4318767967164048,1.0137793385399814,-5.655810854850328,29.284746978942447,4.73035496564893,-0.08481509370268184,1.2896390597890617,WEBOTS_UNKNOWN,ekf_on_cluster_on,1,1
1784378599.847491,49.20077109336853,-62.0197459005206,200.0,0.2,5.364760125200622,3.376681056140626,-0.5459212444994784,0.03241965119999221,5.515087139600103,1784378599.8044264,3.3737174470889557,-0.5366386467415292,5.530643925045956, 1784378599.773814, 1784378599.8605275,0.9361885871211121,apf_colreg,static_obstacle,-1.0,1.4348280707723768,1.068783172280294,-4.795319247736082,29.783544055765592,4.781603967358762,-0.14405836520353577,1.2756224216717078,WEBOTS_UNKNOWN,ekf_on_cluster_on,1,1
1784378600.1546297,49.50790977478027,-67.88571374704402,200.0,0.2,5.388377785225729,3.408044613510559,-0.5873329251449992,0.28588498744977314,5.5915258404192345,1784378600.0718021,None,None,None, None, 1784378600.1384013,0.9464720342025716,apf_colreg,static_obstacle,-1.0,1.457933996576793,0.5006773871824299,-4.148745299906373,30.53376221155223,4.789745618089996,-0.08372203080830358,1.263974462510439,WEBOTS_UNKNOWN,ekf_on_cluster_on,1,1
1784378600.4226754,49.77595543861389,-67.86684812106093,200.0,0.2,5.396566680077088,3.4419084141547067,-0.6291171267727327,0.03185135155694302,5.6001623835298195,1784378600.3429537,None,None,None, None, 1784378600.4037447,1.0696601672108474,apf_colreg,static_obstacle,-1.0,1.4714131206064274,0.2861460011421377,-3.7627903697816993,30.798031275292814,4.797294607854151,-0.05245036268809215,1.2555745570109484,WEBOTS_UNKNOWN,ekf_on_cluster_on,1,1
1784378600.7024438,50.055723905563354,-72.37161484132,200.0,0.2,5.4170540991105085,3.4762850466110535,-0.6712869530697105,0.1910132784183592,5.654785033752807,1784378600.7492533,None,None,None, None, 1784378600.7024438,0.9951689148597657,apf_colreg,static_obstacle,-1.0,1.4895709679833369,0.0,-4.176887886889731,30.60492761102987,4.849761290706544,-0.08583397133943815,1.2487343320153208,WEBOTS_UNKNOWN,ekf_on_cluster_on,1,1
1784378600.9837942,50.337074279785156,-95.23673518874294,200.0,0.2,5.468563661894069,3.465711470488473,-0.6259290916006925,0.09041844965147437,5.677418231328849,1784378601.0404344,3.46109366131397,-0.6172422950966358,5.619038547168456, 1784378600.783595, 1784378600.9837942,0.9540444977414473,apf_colreg,static_obstacle,-1.0,1.5009764973859892,0.0,-1.600011791889027,29.53581504782881,4.865275998040271,-0.06767748005277359,1.2457659747017007,WEBOTS_UNKNOWN,ekf_on_cluster_on,1,1
1784378601.4738665,50.82714653015137,-163.02886089304684,200.0,0.2,5.4867522895892336,3.4985752592400194,-0.6606082217851652,0.1596949484955935,5.769810330916257,1784378601.457786,None,None,None, None, 1784378601.6289754,1.0222651123624322,apf_colreg,crossing,-1.0,1.702655085344803,0.049254733780954386,-4.331363808816359,32.37602950535396,4.838695146267423,0.10018617136552635,1.2520122097189563,WEBOTS_UNKNOWN,ekf_on_cluster_on,1,1
1784378601.9945188,51.3477988243103,-176.55150702360277,200.0,0.2,5.542446552028091,3.550142440771456,-0.691332366151365,0.11807186773810682,5.832589130696458,1784378601.989486,3.5527790110696644,-0.6880067628516405,5.699255366767072, 1784378601.7855, 1784378602.0502498,1.0733346682797245,apf_colreg,crossing,-1.0,1.7666643225591807,0.0,-0.8265571404087833,33.593603135347266,4.8774244230401305,0.10430720106572516,1.260452781733933,WEBOTS_UNKNOWN,ekf_on_cluster_on,1,1
1784378602.4685826,51.82186269760132,-182.74188946577922,200.0,0.2,5.560228020491814,3.598585959575156,-0.7349594616738666,0.10249029627135645,5.871427229776965,1784378602.3684301,None,None,None, None, 1784378602.4685826,0.9250970481836333,apf_colreg,crossing,-1.0,1.8617307787097526,0.0,0.3335514689054355,33.65182836121234,4.899390598329117,0.17830107378512294,1.2719067798992834,WEBOTS_UNKNOWN,ekf_on_cluster_on,1,1
1784378602.9403129,52.29359292984009,-191.25317648647243,200.0,0.2,5.599679602015128,3.6263360164035183,-0.7431888337012047,0.025293714181619437,5.88488927663362,1784378602.900659,3.6198390868482746,-0.7330347863037883,5.730453523381984, 1784378602.807248, 1784378602.9398057,1.0105533905404542,apf_colreg,crossing,-1.0,1.878089961019089,0.0,1.2523629670629581,33.49305264958489,4.9063104670456825,0.1747894390492769,1.2739380184919595,WEBOTS_UNKNOWN,ekf_on_cluster_on,1,1
1784378603.3712194,52.724499464035034,-181.8669631831443,200.0,0.2,5.606874976709585,3.6775105812654694,-0.7844452574867189,0.02113665055274429,5.894803542052805,1784378603.3697147,None,None,None, None, 1784378603.3983667,0.9714954006878668,apf_colreg,crossing,-1.0,1.8857978302321308,0.0,-0.87824469294448,33.497620808294556,4.911156935405432,0.2637736700449735,1.2957962737414508,WEBOTS_UNKNOWN,ekf_on_cluster_on,1,1
1784378603.7338598,53.08713984489441,-182.84199427298478,200.0,0.2,5.61249839844896,3.7299642665644708,-0.8263018649310183,0.028162319957475486,5.90390953144442,1784378603.804267,None,None,None, None, 1784378603.7303135,0.9997603579678879,apf_colreg,crossing,-1.0,1.8911416784157842,0.0,0.06652948672807768,34.08966284390169,4.937300467340361,0.26795116084594855,1.3079479521272777,WEBOTS_UNKNOWN,ekf_on_cluster_on,1,1
1784378604.0852349,53.438514947891235,-196.3813555238435,200.0,0.2,5.645674570832207,3.7203995600693283,-0.7999829534010092,0.04748609599732099,5.920935210385518,1784378604.0515945,3.71036727337838,-0.789043336330007,5.756505261643527, 1784378603.811311, 1784378604.143553,1.0798314770199593,apf_colreg,crossing,-1.0,1.9426176100718637,0.0,4.478260231195709,32.37022605509336,4.980326189124666,0.26375157434864305,1.3191226776790292,WEBOTS_UNKNOWN,ekf_on_cluster_on,1,1
1784378604.4439523,53.79723238945007,-197.25188458739322,200.0,0.2,5.650585938423052,3.77076457605086,-0.8370460676553044,0.01792763570092675,5.927085657729916,1784378604.3946652,None,None,None, None, 1784378604.4419503,0.9631133502473518,apf_colreg,crossing,-1.0,1.8932300515475655,0.0,1.9141187620512323,34.12761930474395,4.885192267978337,0.3771541246692271,1.3355831733780292,WEBOTS_UNKNOWN,ekf_on_cluster_on,1,1
1784378604.9551804,54.30846047401428,-199.48369941900208,200.0,0.2,5.677289939046164,3.7846122918231515,-0.8370402612067344,0.01792763570092675,5.927085657729916,1784378605.0139146,3.7730409209232727,-0.8257566688976,5.7733364522121, 1784378604.847704, 1784378605.0028703,1.0303145419344124,apf_colreg,crossing,-1.0,1.9040194271099016,0.0,1.6424821494805295,33.23058452988496,4.98731586325502,0.3344556222825588,1.3534231815332316,WEBOTS_UNKNOWN,ekf_on_cluster_on,1,1
1784378605.5745182,54.9277982711792,-182.73535939308854,200.0,0.2,5.679345545551889,3.838715138214683,-0.8743224435904633,0.0045365246078116475,5.927992962651478,1784378605.7179105,None,None,None, None, 1784378605.7153966,1.089004730184776,apf_colreg,crossing,-1.0,1.8900373984998111,0.0,3.611644418830171,33.86723954913485,4.963024749360698,0.37828591938972805,1.36363290660591,WEBOTS_UNKNOWN,ekf_on_cluster_on,1,1
1784378606.187022,55.54030203819275,-192.0404343591066,200.0,0.2,5.699291694604305,3.8329508432758073,-0.8637347270753037,0.006792630178831783,5.932010732442717,1784378606.3156574,3.8155058298709896,-0.849829357606279,5.781221316444133, 1784378605.848721, 1784378606.1844976,1.0475897452903913,apf_colreg,crossing,-1.0,1.8877688580608005,0.0,4.615692351749273,33.32531018717125,4.882348308401339,0.4946883316456504,1.4060286908855901,WEBOTS_UNKNOWN,ekf_on_cluster_on,1,1
1784378606.805989,56.15926909446716,-200.0,-200.0,0.2,5.700363304572749,3.884839253948847,-0.8979771686793754,0.00506794396822046,5.934931297452185,1784378606.8627117,None,None,None, None, 1784378606.9335918,1.070458776324689,apf_colreg,crossing,-1.0,1.8654582631901373,0.0,1.2810623242004242,33.397643595162386,4.916589519670187,0.5088534501983344,1.4409547958768194,WEBOTS_UNKNOWN,ekf_on_cluster_on,1,1
1784378607.2914531,56.6447331905365,-200.0,-200.0,0.2,5.718557493760949,3.891214648835812,-0.8945806785352891,-0.05820793481695718,5.902466544233549,1784378607.260822,3.882111272559631,-0.8865526245950971,5.79612530497751, 1784378606.851669, 1784378607.290446,0.9363662355775945,apf_colreg,crossing,-1.0,1.8886183964857663,0.0,4.032113973463801,33.94974329041591,4.9942814262693895,0.4568668956484954,1.4565867040952132,WEBOTS_UNKNOWN,ekf_on_cluster_on,1,1
1784378607.8169103,57.17019033432007,-200.0,-175.40248094806654,0.2,5.725760244345519,3.9205248970996256,-0.9127052895256446,-0.03353735310816818,5.886297010566044,1784378607.9565563,None,None,None, None, 1784378608.0415056,0.9001104758033077,apf_colreg,crossing,-1.0,1.8356345535830099,0.0,6.183231001480924,32.60151657882948,4.836324210546274,0.5022813859996619,1.5006567046895827,WEBOTS_UNKNOWN,ekf_on_cluster_on,1,1
1784378608.308834,57.66211414337158,-200.0,-181.2871250887401,0.2,5.736553522357291,3.9308146366849845,-0.9145169691819645,-0.06059894754542261,5.855545750492257,1784378608.2504125,3.9249859559052003,-0.9097171470209464,5.763802148377756, 1784378607.862648, 1784378608.2937176,0.9487458727284389,apf_colreg,crossing_from_port,-1.0,1.7939249689971222,0.0,6.646419475199463,32.442606496309786,4.836324210546274,0.5022813859996619,1.5006567046895827,WEBOTS_UNKNOWN,ekf_on_cluster_on,1,1
1784378608.4475813,57.80086135864258,-200.0,-139.8202783335748,0.2,5.7473552769563305,3.9585023222485702,-0.9309099866575846,-0.014140576043703015,5.85324118233849,1784378608.413388,None,None,None, None, 1784378608.4264398,0.9276726298601772,apf_colreg,crossing,-1.0,1.8373268286991318,0.0,6.073531091684835,35.556209408572414,4.726799554977961,0.7088335983475558,1.541643129362815,WEBOTS_UNKNOWN,ekf_on_cluster_on,1,1
1784378608.661124,58.01440405845642,-200.0,-136.1466783864763,0.2,5.73586121086278,3.989929370997107,-0.9490192865746566,-0.22701705316371446,5.808344858785673,1784378608.6111543,None,None,None, None, 1784378608.6432815,1.0509828252953894,apf_colreg,crossing,-1.0,1.830786839512487,0.0,3.3463796081246078,35.00554804052069,4.668443467965348,0.6654889274097979,1.5904145111953452,WEBOTS_UNKNOWN,ekf_on_cluster_on,1,1
1784378608.858879,58.212159156799316,-200.0,-135.4608882699156,0.2,5.729119628195415,4.023138023926453,-0.9690341891547201,-0.10316809267837136,5.784072548407056,1784378608.8464239,None,None,None, None, 1784378608.8744557,1.0810864466542174,apf_colreg,crossing,-1.0,1.882531190905291,0.0,4.675468879740628,35.99453062980961,4.669250806997393,0.7402947183146636,1.6240433170653592,WEBOTS_UNKNOWN,ekf_on_cluster_on,1,1
1784378609.188005,58.541285037994385,-108.23002732447976,200.0,0.2,5.701736396252265,4.009419866712378,-0.9601578449546886,-0.13511599989154469,5.757635478712777,1784378609.1960385,4.004606907449608,-0.9571674100617552,5.631710644187207, 1784378608.87042, 1784378609.165316,1.07464144403175,apf_colreg,crossing,-1.0,1.8906603980256436,0.0,2.8881277978036026,35.7801277684253,4.667268471095071,0.6962849443828034,1.6655667236682217,WEBOTS_UNKNOWN,ekf_on_cluster_on,1,1
1784378609.5745366,58.92781662940979,-100.49552236914492,200.0,0.2,5.69835746734446,4.0467159257973275,-0.9849851714586229,0.025423916450235624,5.7693210798104415,1784378609.5017161,None,None,None, None, 1784378609.5052223,0.9789943610939428,apf_colreg,crossing,-1.0,1.9463332443306331,0.0,0.9948962883518675,32.780939209982236,4.568070259166747,0.8450362838765338,1.7411731822740064,WEBOTS_UNKNOWN,ekf_on_cluster_on,1,1
1784378610.040453,59.39373302459717,-99.48692367769199,200.0,0.2,5.679844264605796,4.095215942544441,-1.025409528985591,0.07516633909490526,5.806642709528461,1784378610.2062707,4.096422950658823,-1.0284465667678833,5.588841684059348, 1784378609.874889, 1784378610.2087853,1.062515113896018,apf_colreg,being_overtaken,-1.0,1.8495437416306386,9.317922004659815,1.6626651256180138,36.32970346797763,4.719019896642659,0.8335534060923329,1.8931175949677568,WEBOTS_UNKNOWN,ekf_on_cluster_on,1,1
1784378610.6305926,59.98387265205383,-89.88290466759621,200.0,0.2,5.679307884614253,4.142228799498613,-1.0580510502390155,0.03186636825083476,5.825123582407941,1784378610.5781858,None,None,None, None, 1784378610.5826979,0.9910176326933067,apf_colreg,being_overtaken,-1.0,2.696536715935627,0.0,1.7558223782294953,31.21035857372384,4.810037556679504,0.8440470264827603,1.951747591873013,WEBOTS_UNKNOWN,ekf_on_cluster_on,1,1
1784378611.068352,60.421632051467896,-116.33222117681025,200.0,0.2,5.6934852506238345,4.193634133760348,-1.1035983578864363,0.22280835598182722,5.920818784939308,1784378611.1086795,4.194953389593836,-1.107287203183814,5.67121164763928, 1784378610.876875, 1784378611.161422,0.9455585627686665,apf_colreg,crossing,-1.0,2.3068905853981074,0.0,5.86771592801497,33.237098723428176,4.889827350423852,0.9449472250828063,2.067479909008258,WEBOTS_UNKNOWN,ekf_on_cluster_on,1,1
1784378611.5784519,60.931731939315796,-111.46046751440626,200.0,0.2,5.702231292021647,4.243399509244218,-1.1366300709398596,0.05060456802325427,5.940332550373513,1784378611.5809565,None,None,None, None, 1784378611.6233623,1.0182961804450799,apf_colreg,being_overtaken,-1.0,2.785071911035492,0.0,5.27919005429834,29.328515239214774,4.910732304296163,0.9483753754122416,2.1679558727963752,WEBOTS_UNKNOWN,ekf_on_cluster_on,1,1
1784378611.93897,61.29225015640259,-120.5741397127337,200.0,0.2,5.725170433536337,4.314576234968076,-1.1870241865584472,0.12482811535017431,6.00687486330536,1784378611.9263656,4.320695336299865,-1.1920984478065848,5.766705359029949, 1784378611.878842, 1784378611.8934422,0.9807344950944066,apf_colreg,crossing,-1.0,2.481276368112161,0.0,4.878670301153476,32.27727274759307,4.97793720891493,1.0296629035184646,2.2709375519544093,WEBOTS_UNKNOWN,ekf_on_cluster_on,1,1
1784378612.3089943,61.66227436065674,-118.22337490751454,200.0,0.2,5.741742435686488,4.3668314877120515,-1.2194360438104646,0.14003317041952504,6.051020509381305,1784378612.3659585,None,None,None, None, 1784378612.3104982,0.9294158648341384,apf_colreg,crossing,-1.0,2.547006199768035,0.0,4.709430530677593,32.3282791479216,4.987918492237373,1.0797731361774567,2.3254056888741013,WEBOTS_UNKNOWN,ekf_on_cluster_on,1,1
1784378612.660425,62.013705015182495,-133.72026619639144,200.0,0.2,5.765901994240762,4.418577102011914,-1.2502547820773113,0.19208268047682747,6.12781687143451,1784378612.6414258,None,None,None, None, 1784378612.6414258,1.0099097979831544,apf_colreg,crossing,-1.0,2.745339649401106,0.0,6.613624344394294,32.92922182391925,5.084690243290744,1.130052791851695,2.4483405881840477,WEBOTS_UNKNOWN,ekf_on_cluster_on,1,1
1784378613.0244577,62.37773776054382,-140.64357396586684,200.0,0.2,5.797666959382127,4.45262655301624,-1.2651928799814602,0.11201202782831625,6.164872913492902,1784378612.9722478,4.449489214375959,-1.262777664646008,5.852414535742716, 1784378612.88315, 1784378613.0033689,1.0663859915343887,apf_colreg,crossing,-1.0,2.7992022125386744,0.0,7.343553856975375,32.69837772323913,5.045849735521677,1.243618185995245,2.542429212622966,WEBOTS_UNKNOWN,ekf_on_cluster_on,1,1
1784378613.4117956,62.76507568359375,-142.44522471605674,200.0,0.2,5.805174250082624,4.506324547153088,-1.293077394447395,0.008874376990115389,6.168143100204816,1784378613.3407454,None,None,None, None, 1784378613.388682,0.9446042622230209,apf_colreg,crossing,-1.0,2.842390588562118,0.0,6.947233800094408,32.69447936053934,5.0694351453220845,1.2645383221020314,2.593355581646652,WEBOTS_UNKNOWN,ekf_on_cluster_on,1,1
1784378613.8239639,63.17724394798279,-140.59952790692066,200.0,0.2,5.817812887364091,4.561518160802466,-1.321551193991482,0.10446512351710038,6.213430828769077,1784378613.9260392,None,None,None, None, 1784378613.8434384,0.9032772969967109,apf_colreg,crossing,-1.0,2.9362655372911055,0.0,7.289933830205278,32.88366941609611,5.194277647511787,1.3064051999619914,2.6930079741304556,WEBOTS_UNKNOWN,ekf_on_cluster_on,1,1
1784378614.3885458,63.7418258190155,-152.94530974814145,200.0,0.2,5.846664027671717,4.5939340529073105,-1.328459200779288,0.058947333411338634,6.24741913480618,1784378614.3508532,4.590169248134452,-1.3250917635513535,5.9289842728100055, 1784378613.890129, 1784378614.4662828,0.9700985315196344,apf_colreg,crossing,-1.0,3.061553297194355,0.0,8.037998738848458,32.75366646527244,5.256761525071412,1.3947943947669468,2.835950043683502,WEBOTS_UNKNOWN,ekf_on_cluster_on,1,1
1784378614.9849327,64.33821272850037,-155.5780364754819,200.0,0.2,5.87285287080541,4.681328126935126,-1.361006250115885,0.0030491936837692794,6.248954116620583,1784378614.854259,4.698457495338244,-1.3646135355754923,5.984353549573047, 1784378614.898975, 1784378614.9552455,0.930541510734994,apf_colreg,crossing,-1.0,3.094616724126467,0.0,8.628254610680761,32.857347103795284,5.2527445038264045,1.4852579679345344,2.91461746630627,WEBOTS_UNKNOWN,ekf_on_cluster_on,1,1
1784378615.3055854,64.65886545181274,-159.97390906253355,200.0,0.2,5.878025050622815,4.741123184211201,-1.3870186844061718,0.05412261502636114,6.26899449805273,1784378615.3126216,None,None,None, None, 1784378615.2586746,1.0315920760649537,apf_colreg,crossing,-1.0,3.1446580437721914,0.0,8.737676091832968,33.08307181286966,5.321041087953774,1.5099975316594667,2.961051829310051,WEBOTS_UNKNOWN,ekf_on_cluster_on,1,1
1784378615.8343263,65.18760633468628,-157.48704303246075,200.0,0.2,5.883489198519932,4.800691574996687,-1.4125208425707925,0.04683230844335045,0.010067070819039792,1784378615.9890537,None,None,None, None, 1784378615.7872176,1.0962690490821583,apf_colreg,crossing,-1.0,3.1840739957906896,0.0,8.827751704792703,33.28690122076501,5.392374277070227,1.579439293448079,3.0609480742134685,WEBOTS_UNKNOWN,ekf_on_cluster_on,1,1
1784378616.8208358,66.17411589622498,-168.26252549530042,200.0,0.2,5.911463803646726,4.801697971766549,-1.3998197285597596,0.016523777286426476,0.026490893195829004,1784378616.9318476,4.791858632880169,-1.3934593640904624,6.025014082483739, 1784378615.973973, 1784378616.85399,0.9357859662049823,apf_colreg,crossing,-1.0,3.2754850491732164,0.0,9.889810996358449,32.99184230998249,5.468790839759451,1.5695009381731129,3.0897254106303316,WEBOTS_UNKNOWN,ekf_on_cluster_on,1,1
1784378617.4358633,66.78914332389832,-173.50044220497003,200.0,0.2,5.935033168152144,4.843535377315548,-1.4112474241220283,0.01896316077364837,0.03965605602490894,1784378617.536385,4.835713400539782,-1.4055513785905442,6.043263221302463, 1784378616.980448, 1784378617.4852066,1.065690515708573,apf_colreg,crossing,-1.0,3.2426120502615743,0.0,10.532675361106795,32.858206944050245,5.387175592240281,1.6774519989108694,3.1527861897763114,WEBOTS_UNKNOWN,ekf_on_cluster_on,1,1
1784378617.8353121,67.18859219551086,-172.17279824015563,200.0,0.2,5.939927467201597,4.903432996362476,-1.4329864158052201,0.05134987854065673,0.05973747181501998,1784378617.8217802,None,None,None, None, 1784378617.8273017,1.053307282444355,apf_colreg,crossing,-1.0,3.2895723716409364,0.0,10.950668613217822,33.102743605419725,5.365861568863465,1.738035009087861,3.2091199596117037,WEBOTS_UNKNOWN,ekf_on_cluster_on,1,1
1784378618.3352742,67.68855428695679,-180.29388122253425,200.0,0.2,5.967299883249717,4.945132716162079,-1.4364097194939203,0.03585417801792028,0.07822029449686674,1784378618.33728,4.9389525177841715,-1.4307106111798533,6.079952110935997, 1784378617.993409, 1784378618.357287,0.9771736740997244,apf_colreg,crossing,-1.0,3.2718568089476165,0.0,11.436113900919192,32.798290366625956,5.310634616285479,1.8608778962706127,3.3198517252268727,WEBOTS_UNKNOWN,ekf_on_cluster_on,1,1
1784378618.6484718,68.00175189971924,-179.34669193814472,200.0,0.2,5.971335618579093,5.007256978495176,-1.4566119047945705,0.025780709740872713,0.08472706701253528,1784378618.5896692,None,None,None, None, 1784378618.6525614,0.9617272626753132,apf_waypoint,static_obstacle,0.0,3.3686675809152864,0.0,10.728733751516543,27.64535266549612,5.355623645235977,1.8931450390168294,3.3665851609779374,WEBOTS_UNKNOWN,ekf_on_cluster_on,1,1
1784378618.862806,68.2160861492157,-178.02693394491274,200.0,0.2,5.975128069051734,5.070825044317527,-1.4770326956443753,0.026957746996497455,0.08794429298186435,1784378618.8714442,None,None,None, None, 1784378618.8416219,0.9223522110234301,apf_waypoint,static_obstacle,0.0,3.405595717139924,0.0,10.752596940530317,27.8065213907982,5.415220801944404,1.913916030412009,3.4032539524294556,WEBOTS_UNKNOWN,ekf_on_cluster_on,1,1
1784378619.1193104,68.47259044647217,-191.05097471701234,200.0,0.2,6.014828550537371,5.0827583291473655,-1.4632698537065059,0.1435172375999474,0.1434288123342572,1784378619.0956178,5.074384095050965,-1.4577764313083952,6.1213635476384445, 1784378618.999193, 1784378619.112181,1.0390801492256696,apf_waypoint,static_obstacle,0.0,3.447298788195733,0.0,11.884799599182198,27.24112976079325,5.471847595138838,1.9354587238524565,3.4434802078657243,WEBOTS_UNKNOWN,ekf_on_cluster_on,1,1
1784378619.4004965,68.75377655029297,-191.96868053771553,200.0,0.2,6.02397062065526,5.145221057133434,-1.48003492015234,0.02989052797866591,0.14913841582700818,1784378619.4157913,None,None,None, None, 1784378619.3904343,0.9809854774838767,apf_waypoint,static_obstacle,0.0,3.495015536188407,0.0,12.072440101188384,27.304837879408304,5.306314482628154,2.018171873721611,3.489106948437313,WEBOTS_UNKNOWN,ekf_on_cluster_on,1,1
1784378619.5377731,68.89105319976807,-192.24681994549218,200.0,0.2,6.03035463811969,5.211006152427757,-1.497187258075126,0.02325228335868653,0.1543685474949525,1784378619.5115647,None,None,None, None, 1784378619.4792385,1.0252407749977797,apf_waypoint,static_obstacle,0.0,3.5443510167301584,0.0,12.184412181420566,27.406396558207593,5.346371964798845,2.0540913266300644,3.536358227568044,WEBOTS_UNKNOWN,ekf_on_cluster_on,1,1
1784378620.0633206,69.41660070419312,-200.0,199.3528020383478,0.2,6.057615698569409,5.2316967443437425,-1.4858303444428858,0.01662543985019089,0.1631863762057034,1784378620.0419464,5.22430634934297,-1.481256628809259,6.155839343355185, 1784378620.008847, 1784378620.0394268,1.0589203527160536,apf_waypoint,static_obstacle,0.0,3.624499571246922,0.0,12.951115665875449,26.971072306503572,5.457324727830119,2.0938113908132765,3.6108723451463125,WEBOTS_UNKNOWN,ekf_on_cluster_on,1,1
1784378620.4563003,69.80958032608032,-188.894443434109,186.12225567728117,0.2,6.06150041593484,5.29683726435228,-1.5006092754443046,0.014072482864343653,0.16814781163588333,1784378620.3945093,None,None,None, None, 1784378620.4080462,0.9332954140845041,apf_waypoint,static_obstacle,0.0,3.703580918972434,0.0,13.004858579133305,27.08067139645094,5.352151084556219,2.1970284780109375,3.6896381681750885,WEBOTS_UNKNOWN,ekf_on_cluster_on,1,1
1784378620.631019,69.98429918289185,151.94333569259388,200.0,0.2,6.064520645820753,5.361763142576322,-1.5151068265181458,0.010747003149061437,0.170372167307705,1784378620.6014838,None,None,None, None, 1784378620.6229753,1.0888821060484408,apf_waypoint,static_obstacle,0.0,3.703580918972434,0.0,13.03640895609497,27.199454922569135,5.352151084556219,2.1970284780109375,3.6896381681750885,WEBOTS_UNKNOWN,ekf_on_cluster_on,1,1
1784378620.83162,70.1849000453949,162.27138633102467,200.0,0.2,6.068313877663187,5.409501387887648,-1.5260114223324814,0.08421783716287409,0.18132523444375406,1784378620.8326201,None,None,None, None, 1784378620.783213,1.0495430005118498,apf_waypoint,static_obstacle,0.0,3.751011387142629,0.0,13.102129943133395,27.2688063520029,5.373266793409726,2.2329145181699053,3.734529122682665,WEBOTS_UNKNOWN,ekf_on_cluster_on,1,1
1784378620.9520369,70.30531692504883,172.50001210467414,200.0,0.2,6.069097119722563,5.4519673720667905,-1.5356055466837546,0.0658362714806151,0.1944924887398771,1784378620.9520369,None,None,None, None, 1784378620.978106,0.9565866603827023,apf_waypoint,static_obstacle,0.0,3.796651656333288,0.0,13.090371769298004,27.363710951910633,5.4738727431653045,2.2673353140228323,3.779787822552474,WEBOTS_UNKNOWN,ekf_on_cluster_on,1,1
1784378621.113246,70.46652603149414,126.7975789779891,200.0,0.2,6.101314077389355,5.364610333803434,-1.5008136316517124,0.10168188631011683,0.2046587767313818,1784378621.0520182,5.356245628529685,-1.4979303058251616,6.204941064673025, 1784378621.016757, 1784378621.105696,0.932912069307567,apf_waypoint,static_obstacle,0.0,3.8393658242008257,0.0,14.058228753325515,26.573092300684934,5.630122319373518,2.293899123804368,3.821426551620437,WEBOTS_UNKNOWN,ekf_on_cluster_on,1,1
1784378621.401178,70.75445795059204,131.73394828714726,200.0,0.2,6.104959154029787,5.389714625097069,-1.5056228241998812,0.11274576676296905,0.2277775909474691,1784378621.4215446,None,None,None, None, 1784378621.3986647,1.0841958475979552,apf_waypoint,static_obstacle,0.0,3.885165653284375,0.0,14.13969204758485,26.576458504227197,5.469019799152623,2.3828066858208286,3.8627720527483795,WEBOTS_UNKNOWN,ekf_on_cluster_on,1,1
1784378621.6036513,70.95693135261536,139.47566537680936,200.0,0.2,6.107079831465988,5.4215394972776,-1.5115683762351537,0.07848259472034358,0.25474202394788403,1784378621.600643,None,None,None, None, 1784378621.6238832,1.0332852820933733,apf_waypoint,static_obstacle,0.0,3.928880496448341,0.0,14.176993922130706,26.614648053855014,5.588673725555111,2.4171288642145154,3.9078310415449575,WEBOTS_UNKNOWN,ekf_on_cluster_on,1,1
1784378621.7480354,71.10131549835205,143.75173740534436,200.0,0.2,6.117144117747134,5.457323075555033,-1.5182120710065101,0.155095031111702,0.27188310910812846,1784378621.7111628,None,None,None, None, 1784378621.724643,0.9960466965913154,apf_waypoint,static_obstacle,0.0,3.928880496448341,0.0,14.423473766937747,26.547332585800124,5.588673725555111,2.4171288642145154,3.9078310415449575,WEBOTS_UNKNOWN,ekf_on_cluster_on,1,1
1784378621.8401647,71.19344472885132,151.69725989530394,200.0,0.2,6.121827504434891,5.495274278189189,-1.5247660268856609,0.08215456660135985,0.28133084587642176,1784378621.8261623,None,None,None, None, 1784378621.8261623,0.9702249971943229,apf_waypoint,static_obstacle,0.0,3.991062869425946,0.0,14.526957372752998,26.556638269400867,5.712164737498382,2.4640649411698803,3.9547771412680963,WEBOTS_UNKNOWN,ekf_on_cluster_on,1,1
1784378621.9878678,71.34114789962769,163.08236421315337,200.0,0.2,6.120164432245629,5.533996108465012,-1.5313363187570062,0.03789441278037721,0.2855756250012043,1784378621.9381783,None,None,None, None, 1784378621.935667,1.0602914119415783,apf_waypoint,static_obstacle,0.0,3.991062869425946,0.0,14.461621793689623,26.65856240047908,5.712164737498382,2.4640649411698803,3.9547771412680963,WEBOTS_UNKNOWN,ekf_on_cluster_on,1,1
1784378622.1049454,71.45822548866272,85.06340127097464,200.0,0.2,6.202762989774974,5.462106643310107,-1.5059246802475716,0.4200788903814091,0.3224717828823183,1784378622.117953,5.457092162516861,-1.5044655612999274,0.05446115731395285, 1784378622.027011, 1784378622.1191852,0.9220278480326339,apf_waypoint,static_obstacle,0.0,4.011412063019334,0.0,16.65511783609065,25.10518514151142,5.848150856181088,2.4674916488175866,3.988411417743901,WEBOTS_UNKNOWN,ekf_on_cluster_on,1,1
1784378622.1658697,71.51914978027344,85.07342904088806,200.0,0.2,6.21627337545361,5.492424674057965,-1.5081903481554189,0.07730361495011638,0.32957932956041625,1784378622.117953,None,None,None, None, 1784378622.1191852,0.9220278480326339,apf_waypoint,static_obstacle,0.0,4.011412063019334,0.0,16.98545837810698,24.913200586923818,5.848150856181088,2.4674916488175866,3.988411417743901,WEBOTS_UNKNOWN,ekf_on_cluster_on,1,1
1784378622.216996,71.5702760219574,90.16758477302665,200.0,0.2,6.226289986690968,5.529718648239144,-1.5106956584091193,0.09752760351659105,0.3379181491186378,1784378622.2034552,None,None,None, None, 1784378622.2034552,0.9400099130434443,apf_waypoint,static_obstacle,0.0,4.047643244512886,0.0,17.22580427642878,24.78287010483271,5.501625828266567,2.5389691397137866,4.023939672292428,WEBOTS_UNKNOWN,ekf_on_cluster_on,1,1
1784378622.3102126,71.66349267959595,98.11360816798997,200.0,0.2,6.2344638156945535,5.570871251194088,-1.5131472763385112,0.09752760351659105,0.35742366982195606,1784378622.3127232,None,None,None, None, 1784378622.3142288,0.9230703289253384,apf_waypoint,static_obstacle,0.0,4.047643244512886,0.0,17.419165241820266,24.68388345508837,5.610647883881168,2.57511843236873,4.058445803921557,WEBOTS_UNKNOWN,ekf_on_cluster_on,1,1
1784378622.435888,71.78916811943054,-200.0,164.13665271412515,0.2,6.239352068381474,5.61370807573311,-1.515408488408574,0.07664911403136611,0.3748146853556569,1784378622.4303465,None,None,None, None, 1784378622.4303465,1.0906384019720876,apf_waypoint,static_obstacle,0.0,4.088727746545261,0.0,17.531012405893037,24.640356699064903,5.610647883881168,2.57511843236873,4.058445803921557,WEBOTS_UNKNOWN,ekf_on_cluster_on,1,1
1784378622.509141,71.8624210357666,-200.0,158.2789941858202,0.2,6.24999264649852,5.671558788945699,-1.5178101923579472,0.07664911403136611,0.3901445081619301,1784378622.5146527,None,None,None, None, 1784378622.5181665,1.0590205906951091,apf_waypoint,static_obstacle,0.0,4.088727746545261,0.0,17.781556713934126,24.503386441683872,5.610647883881168,2.57511843236873,4.058445803921557,WEBOTS_UNKNOWN,ekf_on_cluster_on,1,1
1784378622.60496,71.95824003219604,-200.0,149.0676164448245,0.2,6.267799484229459,5.734455597705829,-1.5195247861277243,0.11201956847820241,0.3995884567959116,1784378622.6154866,None,None,None, None, 1784378622.597924,0.9879404943164342,apf_waypoint,static_obstacle,0.0,4.116357301537623,0.0,18.204848663420904,24.230511463632403,5.696736713207512,2.5978057592212744,4.090549420057033,WEBOTS_UNKNOWN,ekf_on_cluster_on,1,1
1784378622.7490456,72.1023256778717,-200.0,140.13595166460297,0.2,-0.005368353696539161,5.79773810424449,-1.519890384034892,0.014724739799944656,0.402729707049583,1784378622.7279842,None,None,None, None, 1784378622.7279842,0.9222553678549771,apf_waypoint,static_obstacle,0.0,4.153232189940981,0.0,18.43746080501061,24.08263270520951,5.675644834562954,2.630094991584895,4.125610198793239,WEBOTS_UNKNOWN,ekf_on_cluster_on,1,1
1784378622.8644302,72.21771025657654,-200.0,130.83971027577607,0.2,-0.0003089505418779337,5.860284254429441,-1.5197306566453603,-0.01595665282283904,0.4013329810125405,1784378622.8155167,None,None,None, None, 1784378622.8155167,0.9876791466505813,apf_waypoint,static_obstacle,0.0,4.181378685491271,0.0,18.550254920859334,24.01988251997678,5.707965509272201,2.6583688289186886,4.150969320905163,WEBOTS_UNKNOWN,ekf_on_cluster_on,1,1
1784378623.0850928,72.43837285041809,-200.0,145.13143806236408,0.2,0.02679336752598366,5.588600411322459,-1.4964277058350273,-0.10097254950555244,0.37923729147671303,1784378623.133359,5.582496395694109,-1.496007387730194,0.1089296705287941, 1784378623.027832, 1784378623.0695329,1.0643445886780123,apf_waypoint,static_obstacle,0.0,4.225905325453257,0.0,19.233684474178084,23.151735960978716,5.722996051353117,2.6998835802926555,4.183365882103343,WEBOTS_UNKNOWN,ekf_on_cluster_on,1,1
1784378623.5605707,72.91385078430176,-200.0,144.430185162096,0.2,0.016973170360193614,5.630433112142173,-1.4952476803439492,-0.11920942190532477,0.3195297790869036,1784378623.5352077,None,None,None, None, 1784378623.5535405,0.9124108294883383,apf_waypoint,static_obstacle,0.0,4.246889406801745,0.0,19.000680791533213,23.34911718724976,5.281519904900395,2.7399911042734977,4.20326063568597,WEBOTS_UNKNOWN,ekf_on_cluster_on,1,1
1784378623.7455955,73.09887552261353,-200.0,140.9001063497043,0.2,0.012029042955604839,5.685944601112543,-1.4944168683460095,-0.02910259137261444,0.3157375227788855,1784378623.7486193,None,None,None, None, 1784378623.683799,0.984058123980622,apf_waypoint,static_obstacle,0.0,4.269423597421326,0.0,18.87830122220709,23.462629962528073,5.260831848987104,2.7577474382943046,4.236610550382723,WEBOTS_UNKNOWN,ekf_on_cluster_on,1,1
1784378623.8982453,73.25152540206909,-200.0,135.74251147226937,0.2,0.00809811653970052,5.746532158462846,-1.4936880228615976,-0.037254398192629865,0.3089881084243216,1784378623.8466852,None,None,None, None, 1784378623.8967392,0.9044901719825477,apf_waypoint,static_obstacle,0.0,4.310917902518612,0.0,18.77831554346884,23.560292884866435,5.241707769768404,2.7918820928542063,4.275746752330846,WEBOTS_UNKNOWN,ekf_on_cluster_on,1,1
1784378624.166833,73.52011299133301,-200.0,138.32897614850182,0.2,0.005481944993788599,5.701281024898574,-1.4861548262468227,-0.2011124848138958,0.2558246110330079,1784378624.1110322,5.691290642019464,-1.4855013403740203,0.05802901242132741, 1784378624.041798, 1784378624.1628065,0.9979883947580354,apf_waypoint,static_obstacle,0.0,4.340592053815118,0.0,18.72597812660854,23.515995087048054,5.288490663637715,2.818807711974336,4.298020862353457,WEBOTS_UNKNOWN,ekf_on_cluster_on,1,1
1784378624.3178234,73.67110347747803,-200.0,146.98332387517223,0.2,6.238471446649122,5.754589770752252,-1.4861461622622096,-0.4695092037311881,0.16966461068208066,1784378624.294543,None,None,None, None, 1784378624.2709208,0.9390515281315885,apf_waypoint,static_obstacle,0.0,4.371969006202499,0.0,17.514132859706585,24.452259382784455,5.116600617212711,2.845365313566028,4.338595352251573,WEBOTS_UNKNOWN,ekf_on_cluster_on,1,1
1784378624.430544,73.78382396697998,-200.0,147.9421067983448,0.2,6.214911535909884,5.814781736115291,-1.4900378208724898,-0.041817229158832486,0.16476385503989924,1784378624.4117377,None,None,None, None, 1784378624.3713498,0.9489807772317327,apf_waypoint,static_obstacle,0.0,4.371969006202499,0.0,16.918459173249328,24.924263408219236,5.116600617212711,2.845365313566028,4.338595352251573,WEBOTS_UNKNOWN,ekf_on_cluster_on,1,1
1784378624.5668228,73.92010283470154,-200.0,145.94881584265391,0.2,6.198541766351759,5.877089498293571,-1.49494572796538,-0.06339901731501633,0.1581885051546374,1784378624.5154514,None,None,None, None, 1784378624.4698172,1.0048954087733584,apf_waypoint,static_obstacle,0.0,4.421601924715871,0.0,16.490390933118164,25.27475973723285,5.456842160758239,2.916033683635245,4.375954968961328,WEBOTS_UNKNOWN,ekf_on_cluster_on,1,1
1784378624.6178203,73.97110033035278,-200.0,141.0638912818586,0.2,6.188103831867221,5.9396902779734315,-1.5006397233145865,-0.045301329921951336,0.15416554395296508,1784378624.604256,None,None,None, None, 1784378624.5805833,1.0101620929775086,apf_waypoint,static_obstacle,0.0,4.421601924715871,0.0,16.205614619330156,25.53014729358719,5.456842160758239,2.916033683635245,4.375954968961328,WEBOTS_UNKNOWN,ekf_on_cluster_on,1,1
1784378624.7034304,74.05671048164368,-191.51974846798444,118.23282771318904,0.2,6.1804897144634126,6.001907232215166,-1.5067549673705365,-0.045301329921951336,0.1451052779685748,1784378624.710461,None,None,None, None, 1784378624.6989202,0.9514880240767124,apf_waypoint,static_obstacle,0.0,4.458890622329367,0.0,15.989188807978167,25.74149777276849,5.620285468916724,2.9440127511364427,4.41680621418293,WEBOTS_UNKNOWN,ekf_on_cluster_on,1,1
1784378624.8500047,74.203284740448,200.0,200.0,0.2,6.17259293241417,6.061144267469365,-1.5129091131123644,-0.06378266318088534,0.13268585044467887,1784378624.7989707,None,None,None, None, 1784378624.7989707,1.0357293152389249,apf_waypoint,static_obstacle,0.0,4.458890622329367,0.0,15.763394277949503,25.95479303560732,5.620285468916724,2.9440127511364427,4.41680621418293,WEBOTS_UNKNOWN,ekf_on_cluster_on,1,1
1784378624.9352884,74.2885684967041,200.0,200.0,0.2,6.15912332514284,6.105820154804449,-1.5183828827858123,-0.03202936823736816,0.12922876212836337,1784378624.9069057,None,None,None, None, 1784378624.8863792,1.0614405267046818,apf_waypoint,static_obstacle,0.0,4.503255193368116,0.0,15.393247298227266,26.238808244411423,5.686464990199653,2.971971582979291,4.459341765789277,WEBOTS_UNKNOWN,ekf_on_cluster_on,1,1
1784378625.0593493,74.41262936592102,200.0,200.0,0.2,6.151693802363191,6.145354210796504,-1.5239417002593891,0.054093550579513275,0.1350874402837273,1784378625.015212,None,None,None, None, 1784378625.0021272,0.9703925296256167,apf_waypoint,static_obstacle,0.0,4.503255193368116,0.0,15.179035520081934,26.424709258935955,5.686464990199653,2.971971582979291,4.459341765789277,WEBOTS_UNKNOWN,ekf_on_cluster_on,1,1
1784378625.1166089,74.46988892555237,192.26387119541877,200.0,0.2,6.187147967799934,5.855784992635643,-1.4796490018787445,0.06467315790775963,0.140063674458755,1784378625.0921564,5.849816434132688,-1.4787401082387142,6.282937347482728, 1784378625.058349, 1784378625.0794895,0.9081938260666607,apf_waypoint,static_obstacle,0.0,4.541154097200322,0.0,16.22700968509684,25.308090909454485,5.860740840685106,3.0067219222254438,4.50303762840293,WEBOTS_UNKNOWN,ekf_on_cluster_on,1,1
1784378625.2473946,74.60067462921143,195.46328687553842,200.0,0.2,6.180548017152559,5.859979507803413,-1.4801080349474622,0.07558484906338557,0.1476916044445038,1784378625.1930752,None,None,None, None, 1784378625.294595,0.9408959839353151,apf_waypoint,static_obstacle,0.0,4.559697935845723,0.0,16.058147290189908,25.42098378058456,5.45874448691317,3.064151864785727,4.512420713186568,WEBOTS_UNKNOWN,ekf_on_cluster_on,1,1
1784378625.393638,74.74691796302795,198.2448340558875,200.0,0.2,6.177650586650418,5.871769074969416,-1.4814663526238987,0.08646413251678703,0.15974225183509366,1784378625.3324468,None,None,None, None, 1784378625.384078,1.0495653918608634,apf_waypoint,static_obstacle,0.0,4.559697935845723,0.0,15.980108554486124,25.48587754116381,5.45874448691317,3.064151864785727,4.512420713186568,WEBOTS_UNKNOWN,ekf_on_cluster_on,1,1
1784378625.732909,75.08618903160095,200.0,200.0,0.2,6.177425989605313,5.89024902319762,-1.483633431906014,0.0946234191743156,0.1944613409044263,1784378625.6993654,None,None,None, None, 1784378625.7313998,1.0939888895498606,apf_waypoint,static_obstacle,0.0,4.632146756729493,0.0,15.967532257347195,25.518809443081693,5.7568937894244,3.149903032623727,4.592595643878527,WEBOTS_UNKNOWN,ekf_on_cluster_on,1,1
1784378625.8428636,75.19614362716675,200.0,200.0,0.2,6.179333999012919,5.914065683345032,-1.486413327799258,0.10265579002509577,0.2030202895232117,1784378625.7827406,None,None,None, None, 1784378625.8168974,0.9902418698924672,apf_waypoint,static_obstacle,0.0,4.632146756729493,0.0,16.00741230839027,25.526075808934202,5.883951252714307,3.20458669963043,4.631962102523792,WEBOTS_UNKNOWN,ekf_on_cluster_on,1,1
1784378625.9725676,75.32584762573242,181.7934007011579,200.0,0.2,6.24522405306075,5.941818197201762,-1.4895783462131653,0.6673582607079178,0.32970288294265826,1784378625.9725676,None,None,None, None, 1784378625.9452226,1.0250363294333262,apf_waypoint,static_obstacle,0.0,4.688285799028422,0.0,17.646074772048596,24.460720249732837,5.883951252714307,3.20458669963043,4.631962102523792,WEBOTS_UNKNOWN,ekf_on_cluster_on,1,1
1784378626.0583546,75.41163468360901,143.39530690339313,200.0,0.2,6.332464799795256,5.973415856783244,-1.4903381348603812,0.6673582607079178,0.46317453508424183,1784378625.9725676,None,None,None, None, 1784378626.091752,1.0153618447795227,apf_waypoint,static_obstacle,0.0,4.719413192505497,0.0,19.706436968131214,22.854153575549326,5.621211802900805,3.2170622891049985,4.6806334612263845,WEBOTS_UNKNOWN,ekf_on_cluster_on,1,1
1784378626.2272198,75.58049988746643,100.95576955728045,200.0,0.2,0.09914599340471154,5.937553943178274,-1.4766500152487763,0.11874741410431554,0.4928759407674485,1784378626.22269,5.93538504832781,-1.476316898060371,0.12947279756783914, 1784378626.058354, 1784378626.194433,0.9676182172814654,apf_waypoint,static_obstacle,0.0,4.737022746681136,0.0,20.818790082739866,21.695386152383996,5.197347635502817,3.17823876914119,4.690440413711194,WEBOTS_UNKNOWN,ekf_on_cluster_on,1,1
1784378626.3737912,75.7270712852478,91.18022367298934,200.0,0.2,0.1238404417008318,5.970499033156333,-1.4729475643365189,0.11874741410431554,0.5166254235883116,1784378626.392881,None,None,None, None, 1784378626.3104022,1.0291735398527995,apf_waypoint,static_obstacle,0.0,4.737022746681136,0.0,21.34321310241225,21.157566049698417,5.197347635502817,3.17823876914119,4.690440413711194,WEBOTS_UNKNOWN,ekf_on_cluster_on,1,1
1784378626.619232,75.97251200675964,-200.0,103.7084247741624,0.2,0.16163784938964973,6.008954992012213,-1.4679600951939555,0.31997657014589465,0.6178212454718466,1784378626.6471114,None,None,None, None, 1784378626.716744,1.0290979482677927,apf_waypoint,static_obstacle,0.0,4.8103653226003145,0.0,22.120291984658714,20.3099892362468,5.178397156002315,3.267301873566363,4.770342043319316,WEBOTS_UNKNOWN,ekf_on_cluster_on,1,1
1784378626.9705925,76.32387256622314,-200.0,89.10081927033893,0.2,0.18018823523116395,6.058626477313479,-1.4588881838554373,0.008627474290516413,0.6214749669618084,1784378626.9624486,None,None,None, None, 1784378626.8852353,0.9244208629536527,apf_waypoint,static_obstacle,0.0,4.855996523306531,0.0,22.480226835291518,19.83833850278217,5.092622902070998,3.2962882200920123,4.80006887448728,WEBOTS_UNKNOWN,ekf_on_cluster_on,1,1
1784378627.1792972,76.53257727622986,-200.0,88.55717977220382,0.2,0.19614141648404537,6.027740660601547,-1.4638836705806966,-0.03943306914723873,0.6129637481279356,1784378627.1782882,6.01955885904844,-1.4653893649463754,0.21667705066339593, 1784378627.06426, 1784378627.1180518,0.993275034337415,apf_waypoint,static_obstacle,0.0,4.873052676809624,0.0,22.801641377152045,19.506985743133807,5.153935307838823,3.328256976741597,4.821392800998147,WEBOTS_UNKNOWN,ekf_on_cluster_on,1,1
1784378627.5517473,76.90502738952637,-200.0,77.75143076997922,0.2,0.20107540948563113,6.074861394215619,-1.4540424316509208,-0.0563299242740298,0.5957268587729074,1784378627.484287,None,None,None, None, 1784378627.5371954,1.0283911440143636,apf_waypoint,static_obstacle,0.0,4.9299563557458725,0.0,22.88245275365602,19.32812347874616,4.847321167719095,3.3156143490493415,4.892014338470265,WEBOTS_UNKNOWN,ekf_on_cluster_on,1,1
1784378627.7802198,77.13349986076355,-200.0,67.79179229041517,0.2,0.19682763029505052,6.126690755356042,-1.443103469818011,-0.10678628578736443,0.571280911238238,1784378627.713211,None,None,None, None, 1784378627.7792187,1.0860422020046394,apf_waypoint,static_obstacle,0.0,4.952177617514693,0.0,22.78362252352499,19.35135252933774,4.885787607908426,3.3500608338895552,4.923146163612247,WEBOTS_UNKNOWN,ekf_on_cluster_on,1,1
1784378628.048822,77.40210199356079,-200.0,51.31201018040445,0.2,0.2040578293090245,6.179733741822866,-1.4323266732633932,-0.10678628578736443,0.571280911238238,1784378628.063375,None,None,None, None, 1784378628.0447435,0.9299298105350495,apf_waypoint,static_obstacle,0.0,4.967657146910896,0.0,22.906058063047006,19.11471687828535,4.896276583236491,3.366724953255325,4.955328455824016,WEBOTS_UNKNOWN,ekf_on_cluster_on,1,1
1784378628.1633906,77.51667070388794,-200.0,67.26070333019734,0.2,0.17938702496418454,6.1598076249129265,-1.4384534477533761,-0.06508502310384874,0.5419809630765272,1784378628.1633906,6.1527627647586725,-1.4401493504221112,0.130271728325007, 1784378628.071803, 1784378628.1306102,1.057977331944395,apf_waypoint,none,0.0,nan,nan,22.435644215634184,19.720440555463362,nan,nan,nan,WEBOTS_UNKNOWN,ekf_on_cluster_on,1,1
1784378628.280271,77.63355112075806,-200.0,56.34014350532277,0.2,0.1754155602070472,6.206611016762297,-1.4297493977725595,-0.061392000790458576,0.5359142219705822,1784378628.2622104,None,None,None, None, 1784378628.2395122,1.0832112684952835,apf_waypoint,none,0.0,nan,nan,22.34495327219437,19.753626442029738,nan,nan,nan,WEBOTS_UNKNOWN,ekf_on_cluster_on,1,1
1784378628.3788655,77.73214554786682,-200.0,42.27224788982887,0.2,0.1714228678857337,6.257197186080606,-1.4205670624989333,-0.061392000790458576,0.5236358218124906,1784378628.2622104,None,None,None, None, 1784378628.3305304,0.9953708982581921,apf_waypoint,none,0.0,nan,nan,22.253193714607587,19.784587913300616,nan,nan,nan,WEBOTS_UNKNOWN,ekf_on_cluster_on,1,1
1784378628.595365,77.94864511489868,-200.0,24.283080007918876,0.2,0.16938982752433773,6.308458671521578,-1.4114577192152957,-0.048647340846048236,0.5104994285301784,1784378628.5322435,None,None,None, None, 1784378628.5768857,0.9514588299676962,apf_waypoint,none,0.0,nan,nan,22.20035347596223,19.772848074204653,nan,nan,nan,WEBOTS_UNKNOWN,ekf_on_cluster_on,1,1
1784378628.708188,78.06146812438965,-200.0,0.0,0.2,0.16693365095040688,6.359039379131249,-1.402519487959255,-0.0612675079004014,0.49978099185818387,1784378628.7071884,None,None,None, None, 1784378628.6642165,0.9060644292807543,apf_waypoint,none,0.0,nan,nan,22.13948836139307,19.771692829440482,nan,nan,nan,WEBOTS_UNKNOWN,ekf_on_cluster_on,1,1
1784378628.7420447,78.09532475471497,-200.0,-48.79741146579991,0.2,0.16497666979125136,6.408350371190046,-1.3939070648202456,-0.0612675079004014,0.4875274902781036,1784378628.7071884,None,None,None, None, 1784378628.6642165,0.9060644292807543,apf_waypoint,none,0.0,nan,nan,22.089018337155068,19.761806212690104,nan,nan,nan,WEBOTS_UNKNOWN,ekf_on_cluster_on,1,1
1784378628.8642545,78.21753454208374,-200.0,-97.30276931267993,0.2,0.1641798703512211,6.455996227251721,-1.3856472830168278,-0.05693023123499979,0.48176610425037963,1784378628.8083892,None,None,None, None, 1784378628.8467104,1.0622782910951074,apf_waypoint,none,0.0,nan,nan,22.062011633697466,19.72870944988719,nan,nan,nan,WEBOTS_UNKNOWN,ekf_on_cluster_on,1,1
1784378629.0387557,78.39203572273254,72.26602968883083,200.0,0.2,0.16156132852012922,6.501400000340963,-1.377760130351477,-0.08184091440422436,0.4696685562318721,1784378628.956207,None,None,None, None, 1784378628.9912832,0.9217600808156502,apf_waypoint,none,0.0,nan,nan,21.9996454775594,19.738031296690213,nan,nan,nan,WEBOTS_UNKNOWN,ekf_on_cluster_on,1,1
1784378629.1440907,78.49737071990967,60.41488519491439,200.0,0.2,0.11098557574008923,6.282385284896862,-1.4242818305467202,-0.09290825771704819,0.461063668883269,1784378629.048824,6.275940580925705,-1.4255898767721449,0.023467469060639345, 1784378629.074629, 1784378629.1110065,1.0590163869605107,apf_waypoint,none,0.0,nan,nan,21.01716649587183,21.141895012442532,nan,nan,nan,WEBOTS_UNKNOWN,ekf_on_cluster_on,1,1
1784378629.2613046,78.61458468437195,74.14108194470279,200.0,0.2,0.10013041033513649,6.304413397776877,-1.4221158888263197,0.029108257831517634,0.4668220086785265,1784378629.246649,None,None,None, None, 1784378629.222518,0.956502907625633,apf_waypoint,none,0.0,nan,nan,20.78342308608396,21.360643420777855,nan,nan,nan,WEBOTS_UNKNOWN,ekf_on_cluster_on,1,1
1784378629.41237,78.7656500339508,66.2622091978213,200.0,0.2,0.12079894660422885,6.336475493621416,-1.419283268948486,0.3137272073810333,0.5121751179116677,1784378629.3912113,None,None,None, None, 1784378629.3540401,0.9542989191630656,apf_waypoint,none,0.0,nan,nan,21.21599225582893,20.917887390705786,nan,nan,nan,WEBOTS_UNKNOWN,ekf_on_cluster_on,1,1
1784378629.5224285,78.87570858001709,71.15692871432242,200.0,0.2,0.12689406746400833,6.375273962699298,-1.4145684837465637,0.05555485390009994,0.5184591165072707,1784378629.5043247,None,None,None, None, 1784378629.4621794,0.9587230974970143,apf_waypoint,none,0.0,nan,nan,21.336779513984396,20.765643116721048,nan,nan,nan,WEBOTS_UNKNOWN,ekf_on_cluster_on,1,1
1784378629.7501726,79.10345268249512,75.24167225231649,200.0,0.2,0.13552419210432204,6.417719746491564,-1.4093218592423575,0.11019069858899594,0.5325090148557454,1784378629.7643294,None,None,None, None, 1784378629.6974082,1.0981004679062394,apf_waypoint,none,0.0,nan,nan,21.507980476041354,20.555414185335696,nan,nan,nan,WEBOTS_UNKNOWN,ekf_on_cluster_on,1,1
1784378629.9279263,79.28120636940002,82.30327402678941,200.0,0.2,0.14094482878455677,6.4617747481857855,-1.4034893756813638,0.07937678429665501,0.5559322312669736,1784378629.926919,None,None,None, None, 1784378629.9394803,1.0437637299109168,apf_waypoint,none,0.0,nan,nan,21.611130261745643,20.408750089025578,nan,nan,nan,WEBOTS_UNKNOWN,ekf_on_cluster_on,1,1
1784378630.1951842,79.54846429824829,68.8761959147625,200.0,0.2,0.13640346636066383,6.3895418285574745,-1.418644390632311,0.07899713742642255,0.5687403289492564,1784378630.2188036,6.384494863010735,-1.419562248385105,0.11390330296094664, 1784378630.076467, 1784378630.1951842,1.035701606352873,apf_waypoint,none,0.0,nan,nan,21.535152973159363,20.608662989077956,nan,nan,nan,WEBOTS_UNKNOWN,ekf_on_cluster_on,1,1
1784378630.4755204,79.8288004398346,64.92681924830323,200.0,0.2,0.15276703395533683,6.423634276178036,-1.4141679457796923,0.23747682733541708,0.6595656309597363,1784378630.4715123,None,None,None, None, 1784378630.4090834,1.0132333089636723,apf_waypoint,none,0.0,nan,nan,21.86309292662171,20.23087568694499,nan,nan,nan,WEBOTS_UNKNOWN,ekf_on_cluster_on,1,1
1784378630.7813785,80.13465857505798,70.66353241941506,200.0,0.2,0.15858011596790095,6.463564155236093,-1.4080066235035318,0.05339003460884042,0.6666197585287397,1784378630.7823768,None,None,None, None, 1784378630.8434286,0.9788758091666292,apf_waypoint,none,0.0,nan,nan,21.97180041075986,20.068351026282688,nan,nan,nan,WEBOTS_UNKNOWN,ekf_on_cluster_on,1,1
1784378631.1581683,80.5114483833313,65.70470300608544,200.0,0.2,0.1619533350829674,6.452421921875772,-1.4118361889382844,0.0085421862180752,0.6692137860181708,1784378631.0860493,6.443858679181166,-1.413502875347229,0.18005586504957094, 1784378631.07754, 1784378631.2122886,0.9590064536129443,apf_waypoint,none,0.0,nan,nan,22.04383998015823,20.023890132410045,nan,nan,nan,WEBOTS_UNKNOWN,ekf_on_cluster_on,1,1
1784378631.3843505,80.73763060569763,75.04778532654717,200.0,0.2,0.16243763139859346,6.489921859992773,-1.406010879074556,0.09228263417949112,0.6944991332632126,1784378631.3600483,None,None,None, None, 1784378631.3650496,0.9828001283761459,apf_waypoint,none,0.0,nan,nan,22.04534735804197,19.979997126469726,nan,nan,nan,WEBOTS_UNKNOWN,ekf_on_cluster_on,1,1
1784378631.4954379,80.84871792793274,84.61897096258312,200.0,0.2,0.16402849515188572,6.53146179868433,-1.3994899700926466,0.07903316174472005,0.7021506620802356,1784378631.4568624,None,None,None, None, 1784378631.4658651,1.0090216245991135,apf_waypoint,none,0.0,nan,nan,22.067892363249427,19.907574672020132,nan,nan,nan,WEBOTS_UNKNOWN,ekf_on_cluster_on,1,1
1784378631.615575,80.96885514259338,93.02131429842537,200.0,0.2,0.16792093753242582,6.574701353226469,-1.3926341997471599,0.09459919409994098,0.713896666732094,1784378631.5810285,None,None,None, None, 1784378631.6025496,0.910504866133175,apf_waypoint,none,0.0,nan,nan,22.135385045778357,19.782174095307134,nan,nan,nan,WEBOTS_UNKNOWN,ekf_on_cluster_on,1,1
1784378631.6449232,80.99820327758789,101.02335075859757,200.0,0.2,0.1726860416773057,6.618408612487683,-1.3855076528726586,0.09459919409994098,0.7328165055520821,1784378631.5810285,None,None,None, None, 1784378631.6025496,0.910504866133175,apf_waypoint,none,0.0,nan,nan,22.21904403719584,19.634988807564316,nan,nan,nan,WEBOTS_UNKNOWN,ekf_on_cluster_on,1,1
1784378631.6766763,81.0299563407898,110.25030467012401,200.0,0.2,0.17572495505208363,6.662010902438234,-1.3781778551410295,0.07579351694269282,0.7392527591736674,1784378631.6659467,None,None,None, None, 1784378631.6025496,0.910504866133175,apf_waypoint,none,0.0,nan,nan,22.267897020492548,19.524040992623068,nan,nan,nan,WEBOTS_UNKNOWN,ekf_on_cluster_on,1,1
1784378631.758652,81.11193203926086,116.11592515510246,200.0,0.2,0.18383202521235395,6.705213976969102,-1.3708161376370032,0.12610411404549676,0.7484806924402218,1784378631.7391238,None,None,None, None, 1784378631.7631629,0.9786435425905213,apf_waypoint,none,0.0,nan,nan,22.414351262423985,19.299188911078232,nan,nan,nan,WEBOTS_UNKNOWN,ekf_on_cluster_on,1,1
1784378631.8818245,81.23510456085205,125.68681392096217,200.0,0.2,0.18610124045520182,6.747937559097718,-1.3631121644569828,0.06188548965774734,0.7545811059766329,1784378631.8376997,None,None,None, None, 1784378631.862214,0.9811873408764074,apf_waypoint,none,0.0,nan,nan,22.446498412301384,19.201171447139686,nan,nan,nan,WEBOTS_UNKNOWN,ekf_on_cluster_on,1,1
1784378631.9761727,81.32945275306702,134.78196123557726,200.0,0.2,0.18884763293322104,6.790085335826275,-1.3554975382433252,0.08064398778893983,0.7647753515300422,1784378631.9641101,None,None,None, None, 1784378631.9731667,0.9051247660902887,apf_waypoint,none,0.0,nan,nan,22.487556086228977,19.092971367991744,nan,nan,nan,WEBOTS_UNKNOWN,ekf_on_cluster_on,1,1
1784378632.0601177,81.41339778900146,144.31921605640338,200.0,0.2,0.19041635093754952,6.831565417094081,-1.3479036446114656,0.07321625332120939,0.7702653870045302,1784378632.039094,None,None,None, None, 1784378632.0486162,0.923715823975472,apf_waypoint,none,0.0,nan,nan,22.505864692619273,19.011086141666407,nan,nan,nan,WEBOTS_UNKNOWN,ekf_on_cluster_on,1,1
1784378632.1589644,81.51224446296692,41.96209186567913,200.0,0.2,0.22762453873031163,6.559559194655888,-1.3914143334105282,0.07998458972422566,0.7761683329620944,1784378632.112895,6.555077787524651,-1.3921452209146494,0.31025264175644196, 1784378632.078184, 1784378632.112895,1.0752134245460863,apf_waypoint,none,0.0,nan,nan,23.274814691643762,18.40559941366543,nan,nan,nan,WEBOTS_UNKNOWN,ekf_on_cluster_on,1,1
1784378632.2588034,81.6120834350586,46.659653055695934,200.0,0.2,0.2281675046195392,6.5778013771721024,-1.3873221102590674,0.08404446126193282,0.7829660231667966,1784378632.193777,None,None,None, None, 1784378632.2482846,1.026922945044598,apf_waypoint,none,0.0,nan,nan,23.277753410152478,18.365337567707037,nan,nan,nan,WEBOTS_UNKNOWN,ekf_on_cluster_on,1,1
1784378632.3590841,81.71236419677734,51.95607817603268,200.0,0.2,0.23202504949066333,6.607526632986806,-1.380615462560801,0.09724066536479463,0.7909807486748368,1784378632.2761986,None,None,None, None, 1784378632.314734,0.9604159821632974,apf_waypoint,none,0.0,nan,nan,23.336697202552443,18.230100425759613,nan,nan,nan,WEBOTS_UNKNOWN,ekf_on_cluster_on,1,1
1784378632.4587686,81.81204867362976,60.510726044765455,200.0,0.2,0.23469828870092188,6.645035253081668,-1.3719668908979687,0.07167923390790468,0.8036011899621743,1784378632.452267,None,None,None, None, 1784378632.4303691,0.9046356141586398,apf_waypoint,none,0.0,nan,nan,23.37008554658286,18.10880681324777,nan,nan,nan,WEBOTS_UNKNOWN,ekf_on_cluster_on,1,1
1784378632.5599504,81.91323041915894,69.2711607157951,200.0,0.2,0.23881131059822616,6.686732490364379,-1.362264694783859,0.08714927470214698,0.8113964122307987,1784378632.5417137,None,None,None, None, 1784378632.528577,1.0721618345805906,apf_waypoint,none,0.0,nan,nan,23.426983310628188,17.946403615574727,nan,nan,nan,WEBOTS_UNKNOWN,ekf_on_cluster_on,1,1
1784378632.6585922,82.01187229156494,79.66915867041634,200.0,0.2,0.24160208575512487,6.730192193726561,-1.3519561818367558,0.07191718941634065,0.8194776449477016,1784378632.6540823,None,None,None, None, 1784378632.6153827,1.0094488142059703,apf_waypoint,none,0.0,nan,nan,23.458322967726346,17.810278590621294,nan,nan,nan,WEBOTS_UNKNOWN,ekf_on_cluster_on,1,1
1784378632.7586396,82.11191964149475,90.62097367719768,200.0,0.2,0.24393484173802177,6.774112561188666,-1.341439311583403,0.07191718941634065,0.8338610828309697,1784378632.760885,None,None,None, None, 1784378632.7077568,1.0814168228850878,apf_waypoint,none,0.0,nan,nan,23.480613515450226,17.683237860426836,nan,nan,nan,WEBOTS_UNKNOWN,ekf_on_cluster_on,1,1
1784378632.8591368,82.21241688728333,100.6292440041829,200.0,0.2,0.24761917520767895,6.817850161180447,-1.3308809981264917,0.08705155946733509,0.8500073125619121,1784378632.8395612,None,None,None, None, 1784378632.790913,0.9504966543097105,apf_waypoint,none,0.0,nan,nan,23.52607378906489,17.523949600342565,nan,nan,nan,WEBOTS_UNKNOWN,ekf_on_cluster_on,1,1
1784378632.9594834,82.31276345252991,111.4072208838666,200.0,0.2,0.25003881488204066,6.8611135816651965,-1.3202584300902278,0.07383482054753256,0.8567087363643207,1784378632.9303236,None,None,None, None, 1784378632.9444156,1.0209525089961773,apf_waypoint,none,0.0,nan,nan,23.548590359246273,17.39350384314871,nan,nan,nan,WEBOTS_UNKNOWN,ekf_on_cluster_on,1,1
1784378633.0589714,82.41225147247314,81.25648324827448,200.0,0.2,0.3116637307066588,6.903759017212434,-1.3097041017926614,0.6000451273564783,0.9091897092658028,1784378633.0177853,None,None,None, None, 1784378633.0472202,0.9870143610166995,apf_waypoint,none,0.0,nan,nan,24.550931267300484,15.83840469407497,nan,nan,nan,WEBOTS_UNKNOWN,ekf_on_cluster_on,1,1
1784378633.15914,82.51242017745972,-27.644819773726145,200.0,0.2,0.36608427284548845,6.663309357325456,-1.3570298924995625,0.07906424738600237,0.9157954687137885,1784378633.1013346,6.659573475233219,-1.3578440118358464,0.4357456194781176, 1784378633.08208, 1784378633.1364758,0.9823706910857173,apf_waypoint,none,0.0,nan,nan,25.499094610959663,14.765698331355573,nan,nan,nan,WEBOTS_UNKNOWN,ekf_on_cluster_on,1,1
1784378633.25947,82.61275005340576,-28.204330397760287,200.0,0.2,0.3755055502467278,6.688410057505692,-1.3472407482110702,0.03483862863839703,0.921200006940632,1784378633.2564652,None,None,None, None, 1784378633.2116828,1.0304102401191024,apf_waypoint,none,0.0,nan,nan,25.609569718423927,14.450763803626847,nan,nan,nan,WEBOTS_UNKNOWN,ekf_on_cluster_on,1,1
1784378633.3587875,82.71206760406494,-27.444280041147454,200.0,0.2,0.3856392160779176,6.724502770307064,-1.3330369954060188,0.105387666861666,0.9304431470319877,1784378633.3441713,None,None,None, None, 1784378633.2951968,0.91179123211713,apf_waypoint,none,0.0,nan,nan,25.7136666952373,14.083213715387625,nan,nan,nan,WEBOTS_UNKNOWN,ekf_on_cluster_on,1,1
1784378633.4596734,82.81295347213745,-24.39730891178993,200.0,0.2,0.3928565194545249,6.76690998526625,-1.315876865614939,0.07744383376865495,0.9377592124830507,1784378633.4386406,None,None,None, None, 1784378633.4540734,0.995876035608796,apf_waypoint,none,0.0,nan,nan,25.764037090836844,13.76717265904086,nan,nan,nan,WEBOTS_UNKNOWN,ekf_on_cluster_on,1,1
1784378633.6145444,82.96782445907593,-19.782376014560796,200.0,0.2,0.39801949082467913,6.812129427965981,-1.2972759044871491,0.06847557445897454,0.9468107530359742,1784378633.570827,None,None,None, None, 1784378633.5773423,0.967578285490518,apf_waypoint,none,0.0,nan,nan,25.77911387695196,13.492651837843763,nan,nan,nan,WEBOTS_UNKNOWN,ekf_on_cluster_on,1,1
1784378633.7403822,83.09366226196289,-27.744966749872344,200.0,0.2,0.4338994076123317,6.858266351846094,-1.2780850370547263,0.3525254859153468,0.9887600103379607,1784378633.6898234,None,None,None, None, 1784378633.7050354,0.9939403561902523,apf_waypoint,none,0.0,nan,nan,26.183831581371983,12.415103080295236,nan,nan,nan,WEBOTS_UNKNOWN,ekf_on_cluster_on,1,1
1784378633.807794,83.16107416152954,-26.24661879874456,200.0,0.2,0.44734829701744977,6.904147134397364,-1.2564259955024704,0.06386825051521693,0.9954184704864235,1784378633.7940764,None,None,None, None, 1784378633.797589,1.0128329536939602,apf_waypoint,none,0.0,nan,nan,26.27477076229041,11.896228911151114,nan,nan,nan,WEBOTS_UNKNOWN,ekf_on_cluster_on,1,1
1784378633.9244518,83.27773189544678,-23.174686289970005,200.0,0.2,0.4578809390427583,6.95006192008986,-1.2343233994868683,0.08329230779089253,1.0055259167654413,1784378633.9154255,None,None,None, None, 1784378633.9154255,0.9513134019647452,apf_waypoint,none,0.0,nan,nan,26.321499782003308,11.449841567204729,nan,nan,nan,WEBOTS_UNKNOWN,ekf_on_cluster_on,1,1
1784378633.9757938,83.32907390594482,-18.889310389081714,200.0,0.2,0.46635936736799954,6.995737839563878,-1.2118759916438968,0.08329230779089253,1.0221843783236197,1784378633.9154255,None,None,None, None, 1784378633.9154255,0.9513134019647452,apf_waypoint,none,0.0,nan,nan,26.337676562530962,11.054487233580494,nan,nan,nan,WEBOTS_UNKNOWN,ekf_on_cluster_on,1,1
1784378634.0584233,83.41170334815979,-12.727524072463607,200.0,0.2,0.4713572685204147,7.041053770885858,-1.1892029908734223,0.06275799026953385,1.0284770193329014,1784378634.015694,None,None,None, None, 1784378633.9920037,0.9734040455310928,apf_waypoint,none,0.0,nan,nan,26.31079348652816,10.748861404050503,nan,nan,nan,WEBOTS_UNKNOWN,ekf_on_cluster_on,1,1
1784378634.1586003,83.51188039779663,-68.20999793688209,200.0,0.2,0.4984293884252701,6.763158088657348,-1.3090634960514376,0.08157638347234514,1.0359672073994282,1784378634.107512,6.758894526135357,-1.3109458655875286,0.541000250146225, 1784378634.086945, 1784378634.1653612,0.9687871248132628,apf_waypoint,none,0.0,nan,nan,27.043107894615442,10.914088184168172,nan,nan,nan,WEBOTS_UNKNOWN,ekf_on_cluster_on,1,1
1784378634.2730167,83.62629675865173,-68.74943569006093,200.0,0.2,0.5073422881476507,6.787490318129743,-1.2959148364310629,0.13233355507639907,1.046676866642593,1784378634.1884413,None,None,None, None, 1784378634.1653612,0.9687871248132628,apf_waypoint,none,0.0,nan,nan,27.08820178961285,10.57305440493057,nan,nan,nan,WEBOTS_UNKNOWN,ekf_on_cluster_on,1,1
1784378634.3585076,83.71178770065308,-66.64112361150326,200.0,0.2,0.5131663425702141,6.823843771084711,-1.2757292917134535,0.062129749978385974,1.0539335665257348,1784378634.3052404,None,None,None, None, 1784378634.3655403,0.9488617671187811,apf_waypoint,none,0.0,nan,nan,27.069767997426617,10.261961372611328,nan,nan,nan,WEBOTS_UNKNOWN,ekf_on_cluster_on,1,1
1784378634.4591615,83.81244158744812,-63.374942750916134,200.0,0.2,0.5186799454305345,6.86690284558815,-1.2515782390944405,0.06932984140598981,1.0633147481285459,1784378634.4405527,None,None,None, None, 1784378634.4275563,1.0028354811129867,apf_waypoint,none,0.0,nan,nan,27.029582612066392,9.929326806113732,nan,nan,nan,WEBOTS_UNKNOWN,ekf_on_cluster_on,1,1
1784378634.5592806,83.91256070137024,-59.8779940755473,200.0,0.2,0.5252859415156375,6.912603304093777,-1.2256497554021735,0.08177316582115256,1.0713680023242946,1784378634.5390356,None,None,None, None, 1784378634.521491,0.919448187990869,apf_waypoint,none,0.0,nan,nan,26.989634960995993,9.553900131094707,nan,nan,nan,WEBOTS_UNKNOWN,ekf_on_cluster_on,1,1
1784378634.675248,84.0285279750824,-66.5035492982359,200.0,0.2,0.5593526288045177,6.9589463763017525,-1.1989440027826692,0.32588611227913783,1.113603557415182,1784378634.6686378,None,None,None, None, 1784378634.648156,1.0033142920139673,apf_waypoint,none,0.0,nan,nan,27.184168490002822,8.429567184332441,nan,nan,nan,WEBOTS_UNKNOWN,ekf_on_cluster_on,1,1
1784378634.7583146,84.11159467697144,-64.04377018167305,200.0,0.2,0.5695201412531236,7.004663287316491,-1.1698375332144937,0.03125562242975416,1.1162493694496236,1784378634.7532885,None,None,None, None, 1784378634.7142372,0.977152630832369,apf_waypoint,none,0.0,nan,nan,27.13963281774991,7.933384185025763,nan,nan,nan,WEBOTS_UNKNOWN,ekf_on_cluster_on,1,1
1784378634.8596032,84.21288323402405,-60.2999697641893,200.0,0.2,0.5774115498723428,7.050350956025692,-1.1405208487456875,0.06233198297763712,1.1202836238639535,1784378634.8180106,None,None,None, None, 1784378634.8442862,1.0279639964140637,apf_waypoint,none,0.0,nan,nan,27.069602902854555,7.498424250016891,nan,nan,nan,WEBOTS_UNKNOWN,ekf_on_cluster_on,1,1
1784378634.9591227,84.31240272521973,-57.207334704593784,200.0,0.2,0.5880191895868361,7.095707919865154,-1.1110602539405683,0.10419214425206488,1.1313409279299074,1784378634.9241347,None,None,None, None, 1784378634.9530864,0.9793644540447467,apf_waypoint,none,0.0,nan,nan,27.012502098794982,6.989897218503945,nan,nan,nan,WEBOTS_UNKNOWN,ekf_on_cluster_on,1,1
1784378635.0588348,84.41211485862732,-52.425538369578526,200.0,0.2,0.5952185320835441,7.140526733291203,-1.0812442786228367,0.07108467283952595,1.13767219132951,1784378635.0132012,None,None,None, None, 1784378635.0468736,1.0182786222037163,apf_waypoint,none,0.0,nan,nan,26.92331058884041,6.571533479482573,nan,nan,nan,WEBOTS_UNKNOWN,ekf_on_cluster_on,1,1
1784378635.158812,84.51209211349487,-98.84472636734571,200.0,0.2,0.6153698927342341,6.870106850438754,-1.2424318758741972,0.06516287963629698,1.1436973011370373,1784378635.1056635,6.865949805092496,-1.2449553081085913,0.6440646187406553, 1784378635.089718, 1784378635.1407418,1.0457790591888365,apf_waypoint,none,0.0,nan,nan,27.816146234239767,7.2004219924217985,nan,nan,nan,WEBOTS_UNKNOWN,ekf_on_cluster_on,1,1
1784378635.2588086,84.61208868026733,-97.59072601775098,200.0,0.2,0.6191877569031399,6.8954374792240944,-1.2245978142046345,0.06453616285769688,1.1490513679985308,1784378635.1886258,None,None,None, None, 1784378635.2319949,1.0500036761861193,apf_waypoint,none,0.0,nan,nan,27.75757752376352,6.962754339709624,nan,nan,nan,WEBOTS_UNKNOWN,ekf_on_cluster_on,1,1
1784378635.3606625,84.713942527771,-95.09172976837947,200.0,0.2,0.6233679129782577,6.932700706075176,-1.198147920892886,0.060026898711624505,1.158277308769955,1784378635.3423226,None,None,None, None, 1784378635.3190687,0.9996589436469214,apf_waypoint,none,0.0,nan,nan,27.658068960035656,6.65184873946221,nan,nan,nan,WEBOTS_UNKNOWN,ekf_on_cluster_on,1,1
1784378635.4596403,84.81292033195496,-93.35309995544911,200.0,0.2,0.6323477054557745,6.975966622894985,-1.167179793988204,0.10314089912870904,1.1669650578736865,1784378635.4265544,None,None,None, None, 1784378635.411134,0.9608492966625501,apf_waypoint,none,0.0,nan,nan,27.56401397526973,6.1758718481720365,nan,nan,nan,WEBOTS_UNKNOWN,ekf_on_cluster_on,1,1
1784378635.5585804,84.91186046600342,-90.40123737745071,200.0,0.2,0.6392652769856302,7.021130919792238,-1.1341263955306076,0.06780637484046903,1.1729494178071989,1784378635.514811,None,None,None, None, 1784378635.5575798,1.0920911680064773,apf_waypoint,none,0.0,nan,nan,27.440915851568946,5.7424654638216035,nan,nan,nan,WEBOTS_UNKNOWN,ekf_on_cluster_on,1,1
1784378635.6588693,85.01214933395386,-86.07637488931172,200.0,0.2,0.6435010447979518,7.066625314536708,-1.1003929130931738,0.047891293140238635,1.1785504546569678,1784378635.6317642,None,None,None, None, 1784378635.6533327,1.0473548684511225,apf_waypoint,none,0.0,nan,nan,27.294912392664113,5.37846209243023,nan,nan,nan,WEBOTS_UNKNOWN,ekf_on_cluster_on,1,1
1784378635.7582006,85.11148071289062,-81.37328452864072,200.0,0.2,0.6479686754994964,7.111932538103557,-1.0665899708991162,0.05938711123227893,1.1826564769993382,1784378635.7622178,None,None,None, None, 1784378635.7476306,1.02713470744199,apf_waypoint,none,0.0,nan,nan,27.14670965736851,5.0083074678478905,nan,nan,nan,WEBOTS_UNKNOWN,ekf_on_cluster_on,1,1
1784378635.8587596,85.21203970909119,-76.03686583518476,200.0,0.2,0.6519996901623716,7.156811361719842,-1.032817033116701,0.057678341647433844,1.1905660467770802,1784378635.8380365,None,None,None, None, 1784378635.82318,1.078825788453688,apf_waypoint,none,0.0,nan,nan,26.993415274154007,4.650839130328502,nan,nan,nan,WEBOTS_UNKNOWN,ekf_on_cluster_on,1,1
1784378635.9584687,85.31174874305725,-69.97730313838605,200.0,0.2,0.6555176969841929,7.2011913986180325,-0.9991649898884978,0.055818573699124005,1.196278332345186,1784378635.9403732,None,None,None, None, 1784378635.9098175,0.9171761505313829,apf_waypoint,none,0.0,nan,nan,26.835643246689827,4.308615494716051,nan,nan,nan,WEBOTS_UNKNOWN,ekf_on_cluster_on,1,1
1784378636.069141,85.42242097854614,-63.996024985400545,200.0,0.2,0.660819820862879,7.245035544796472,-0.9657051723271879,0.07465346307472757,1.202275682166138,1784378636.020709,None,None,None, None, 1784378635.9854772,0.9466584283390099,apf_waypoint,none,0.0,nan,nan,26.68338421066924,3.9206737393499145,nan,nan,nan,WEBOTS_UNKNOWN,ekf_on_cluster_on,1,1
1784378636.1604848,85.51376485824585,-113.83997767194894,200.0,0.2,0.6920701257244609,6.979294536639906,-1.157404156844982,0.0599462222130531,1.2072303199614642,1784378636.1033604,6.97521409942842,-1.160376698890463,0.7448490312988235, 1784378636.100071, 1784378636.1795123,1.0412799843453169,apf_waypoint,none,0.0,nan,nan,27.828446018784472,4.445137394061305,nan,nan,nan,WEBOTS_UNKNOWN,ekf_on_cluster_on,1,1
1784378636.2617812,85.61506128311157,-112.75024789550231,200.0,0.2,0.6961335349125979,7.0037472677328685,-1.1372273873395864,0.07042827754855767,1.2140129581039492,1784378636.2652934,None,None,None, None, 1784378636.258275,1.0878773686323508,apf_waypoint,none,0.0,nan,nan,27.73639198165429,4.188196773227082,nan,nan,nan,WEBOTS_UNKNOWN,ekf_on_cluster_on,1,1
1784378636.3586698,85.71194982528687,-110.28821120652152,200.0,0.2,0.7000920655499968,7.040093166164326,-1.1069380503876207,0.052701191556519665,1.2220230842690765,1784378636.3516574,None,None,None, None, 1784378636.33417,0.9256858898841662,apf_waypoint,none,0.0,nan,nan,27.586592146571206,3.862591906961729,nan,nan,nan,WEBOTS_UNKNOWN,ekf_on_cluster_on,1,1
1784378636.458918,85.81219816207886,-107.0211399138705,200.0,0.2,0.7043755340488047,7.0822569931578165,-1.0715418239893175,0.05544906932100875,1.2273211007637657,1784378636.4472048,None,None,None, None, 1784378636.455413,1.0519841360433506,apf_waypoint,none,0.0,nan,nan,27.407153104114265,3.4924056905522676,nan,nan,nan,WEBOTS_UNKNOWN,ekf_on_cluster_on,1,1
1784378636.606442,85.95972204208374,-103.17407269282985,200.0,0.2,0.708731215165447,7.126223038480132,-1.034323237089156,0.05544906932100875,1.2384109146279674,1784378636.4472048,None,None,None, None, 1784378636.5948467,1.0772712026353988,apf_waypoint,none,0.0,nan,nan,27.214575189906753,3.1081624184590577,nan,nan,nan,WEBOTS_UNKNOWN,ekf_on_cluster_on,1,1
1784378636.685022,86.03830218315125,-98.80108348092246,200.0,0.2,0.7130204659553789,7.170387547969121,-0.9966204034768342,0.05525855489828217,1.2481303533036079,1784378636.623095,None,None,None, None, 1784378636.5948467,1.0772712026353988,apf_waypoint,none,0.0,nan,nan,27.015670433485077,2.7232238951819543,nan,nan,nan,WEBOTS_UNKNOWN,ekf_on_cluster_on,1,1
1784378636.7879298,86.14120984077454,-93.75919792863937,200.0,0.2,0.7168612429154733,7.21424539787683,-0.9588709187404412,0.05242147643102622,1.2548539389816578,1784378636.7513552,None,None,None, None, 1784378636.7543511,0.932433073804574,apf_waypoint,none,0.0,nan,nan,26.81202816632098,2.3509427398370732,nan,nan,nan,WEBOTS_UNKNOWN,ekf_on_cluster_on,1,1
1784378636.8705604,86.2238404750824,-87.85845036474697,200.0,0.2,0.719910503521429,7.257646349706935,-0.9212522393590454,0.047939378448563566,1.2590762074558068,1784378636.8394303,None,None,None, None, 1784378636.8680272,1.0708390787813544,apf_waypoint,none,0.0,nan,nan,26.604474158831984,2.0014810246485375,nan,nan,nan,WEBOTS_UNKNOWN,ekf_on_cluster_on,1,1
1784378636.9975653,86.35084533691406,-80.94205255462981,200.0,0.2,0.7220254965106193,7.300538986452025,-0.8838851699084227,0.043603579759570216,1.2638917563053678,1784378636.9498696,None,None,None, None, 1784378636.9945586,1.0826182608125976,apf_waypoint,none,0.0,nan,nan,26.394316325425567,1.6790293062743213,nan,nan,nan,WEBOTS_UNKNOWN,ekf_on_cluster_on,1,1
1784378637.0606816,86.41396164894104,-89.53481001009612,200.0,0.2,0.769187261827792,7.342892464522586,-0.8468777911982688,0.4456618422702978,1.301544902425316,1784378637.0343578,None,None,None, None, 1784378636.9945586,1.0826182608125976,apf_waypoint,none,0.0,nan,nan,26.219047947502375,0.17885853884760472,nan,nan,nan,WEBOTS_UNKNOWN,ekf_on_cluster_on,1,1
1784378637.196306,86.54958605766296,-139.85320575561946,200.0,0.2,0.8044648077935105,7.075631560166098,-1.0661239772885367,0.09022572869513558,1.3097556445678444,1784378637.12536,7.071571088904391,-1.0695461543626745,0.8322707656608479, 1784378637.108104, 1784378637.1907907,1.050936500416419,apf_waypoint,none,0.0,nan,nan,27.581194824869154,0.6942905163537354,nan,nan,nan,WEBOTS_UNKNOWN,ekf_on_cluster_on,1,1
1784378637.3264341,86.67971420288086,-141.41694316410127,200.0,0.2,0.8163171109218702,7.098845936036111,-1.0416147844202757,0.033929059971684036,1.3137678412679825,1784378637.3415005,None,None,None, None, 1784378637.3064127,0.954985727101077,apf_waypoint,none,0.0,nan,nan,27.43108856004453,0.20580895199975124,nan,nan,nan,WEBOTS_UNKNOWN,ekf_on_cluster_on,1,1
1784378637.4507017,86.80398178100586,-143.50035136742534,200.0,0.2,0.8336457007056557,7.1336317765268324,-1.0043472730698797,0.13720774916396522,1.3407307101201011,1784378637.4401238,None,None,None, None, 1784378637.4158833,0.9703107004689987,apf_waypoint,none,0.0,nan,nan,27.1878778401935,-0.5116404036789266,nan,nan,nan,WEBOTS_UNKNOWN,ekf_on_cluster_on,1,1
1784378637.5021849,86.85546493530273,-145.70683113250394,200.0,0.2,0.8532383359844766,7.173260777404461,-0.9602265858054162,0.13720774916396522,1.3681722599528943,1784378637.4401238,None,None,None, None, 1784378637.5122397,0.9038930232541035,apf_waypoint,none,0.0,nan,nan,26.878537224189927,-1.326438932865015,nan,nan,nan,WEBOTS_UNKNOWN,ekf_on_cluster_on,1,1
1784378637.63769,86.99097013473511,-145.36394099363324,200.0,0.2,0.8644393419722121,7.213800975020817,-0.913173131319478,0.04955912427657673,1.3774406450957375,1784378637.6271405,None,None,None, None, 1784378637.621632,0.9730807060644311,apf_waypoint,none,0.0,nan,nan,26.543508688440593,-1.9263533179578403,nan,nan,nan,WEBOTS_UNKNOWN,ekf_on_cluster_on,1,1
1784378637.6794567,87.03273677825928,-143.97180866017024,200.0,0.2,0.8729510198641444,7.254377352364085,-0.8652894445284858,0.04955912427657673,1.3873524699510529,1784378637.6271405,None,None,None, None, 1784378637.621632,0.9730807060644311,apf_waypoint,none,0.0,nan,nan,26.19825610749584,-2.4546301883083075,nan,nan,nan,WEBOTS_UNKNOWN,ekf_on_cluster_on,1,1
1784378637.7648914,87.11817145347595,-143.4731504939715,200.0,0.2,0.8858407849799949,7.294637241405462,-0.8171126159380524,0.10126630411252832,1.3954020988898073,1784378637.7066302,None,None,None, None, 1784378637.6997743,1.0667105440510298,apf_waypoint,none,0.0,nan,nan,25.82942292078048,-3.0930108381216375,nan,nan,nan,WEBOTS_UNKNOWN,ekf_on_cluster_on,1,1
1784378637.9526968,87.30597686767578,-148.30400403778083,200.0,0.2,0.9188179888559194,7.334186231819273,-0.7684079588544428,0.26953989641545306,1.4617268567549186,1784378637.9526968,None,None,None, None, 1784378637.9187615,0.9642643263017976,apf_waypoint,none,0.0,nan,nan,25.363368840410022,-4.236946029912158,nan,nan,nan,WEBOTS_UNKNOWN,ekf_on_cluster_on,1,1
1784378638.0613363,87.41461634635925,-147.96083235030034,200.0,0.2,0.9326413360599374,7.371966018834703,-0.7178168438759076,0.04122285674649502,1.465035198425161,1784378638.0329518,None,None,None, None, 1784378638.0329518,0.9877816474589103,apf_waypoint,none,0.0,nan,nan,24.932249909019653,-4.889449885928849,nan,nan,nan,WEBOTS_UNKNOWN,ekf_on_cluster_on,1,1
1784378638.1029975,87.45627760887146,-145.93815422011377,200.0,0.2,0.9419484111021803,7.409350129235817,-0.6668446241871107,0.04122285674649502,1.47327976977446,1784378638.0329518,None,None,None, None, 1784378638.1100187,0.9208063165763766,apf_waypoint,none,0.0,nan,nan,24.508457824494645,-5.423246516949043,nan,nan,nan,WEBOTS_UNKNOWN,ekf_on_cluster_on,1,1
1784378638.1599329,87.51321291923523,-167.94016579566946,200.0,0.2,0.9359146274703263,7.17155483285682,-0.9562332929393624,0.046896297536011766,1.477793384562448,1784378638.1291986,7.167926116422297,-0.9607299358921003,0.909866261792523, 1784378638.117035, 1784378638.1100187,0.9208063165763766,apf_waypoint,none,0.0,nan,nan,26.64655548237851,-3.5672424804597256,nan,nan,nan,WEBOTS_UNKNOWN,ekf_on_cluster_on,1,1
1784378638.276137,87.62941718101501,-168.68807939211226,200.0,0.2,0.9439912500658261,7.19424167494747,-0.925309931773497,0.06545953870179122,1.484599200520618,1784378638.2331684,None,None,None, None, 1784378638.201835,0.9697124570231569,apf_waypoint,none,0.0,nan,nan,26.391216661311837,-3.9632205464880865,nan,nan,nan,WEBOTS_UNKNOWN,ekf_on_cluster_on,1,1
1784378638.3587666,87.71204662322998,-168.4559084594341,200.0,0.2,0.9505000861585101,7.227041112948255,-0.8797855871458857,0.04028864670712157,1.4885062340075044,1784378638.3301444,None,None,None, None, 1784378638.2927263,0.9176137919253511,apf_waypoint,none,0.0,nan,nan,26.029945622791182,-4.399671629115076,nan,nan,nan,WEBOTS_UNKNOWN,ekf_on_cluster_on,1,1
1784378638.459263,87.81254315376282,-167.62390774348097,200.0,0.2,0.9561029386498201,7.263807994522583,-0.828128828894247,0.03747717160573896,1.4917411533667453,1784378638.4164615,None,None,None, None, 1784378638.451343,1.0087466999513752,apf_waypoint,none,0.0,nan,nan,25.62189714157703,-4.844456013555764,nan,nan,nan,WEBOTS_UNKNOWN,ekf_on_cluster_on,1,1
1784378638.559014,87.9122941493988,-167.25155443545646,200.0,0.2,0.9647140756228297,7.301341444436524,-0.7748256811844954,0.0688163462708027,1.4973843410486944,1784378638.498465,None,None,None, None, 1784378638.5382454,1.0078736590040318,apf_waypoint,none,0.0,nan,nan,25.17997724316325,-5.370771977809252,nan,nan,nan,WEBOTS_UNKNOWN,ekf_on_cluster_on,1,1
1784378638.6599493,88.01322937011719,-165.97395132401203,200.0,0.2,0.9704245532171581,7.338543120464729,-0.7209036367748798,0.03412353558333435,1.5025357916214432,1784378638.6494298,None,None,None, None, 1784378638.6399052,0.9494059072695503,apf_waypoint,none,0.0,nan,nan,24.74163114497984,-5.822453012590974,nan,nan,nan,WEBOTS_UNKNOWN,ekf_on_cluster_on,1,1
1784378638.7713733,88.12465333938599,-164.17738356145182,200.0,0.2,0.9753399829084094,7.375448536709941,-0.6668607235390684,0.034235484023512175,1.506000434319264,1784378638.7506301,None,None,None, None, 1784378638.7326534,1.0031987643814295,apf_waypoint,none,0.0,nan,nan,24.30151445353679,-6.251355304456537,nan,nan,nan,WEBOTS_UNKNOWN,ekf_on_cluster_on,1,1
1784378638.8703868,88.22366690635681,-161.88306056096366,200.0,0.2,0.9799169660389093,7.412011597904012,-0.6128150676854354,0.03543966653321903,1.509142278630989,1784378638.8392835,None,None,None, None, 1784378638.8206818,1.065012473277484,apf_waypoint,none,0.0,nan,nan,23.8585069307373,-6.668665748226983,nan,nan,nan,WEBOTS_UNKNOWN,ekf_on_cluster_on,1,1
1784378638.9801905,88.33347058296204,-158.99981587838897,200.0,0.2,0.9842638548416358,7.4481997980179955,-0.5588310962837397,0.03586599055219284,1.5126635950270897,1784378638.9374633,None,None,None, None, 1784378638.8991284,1.021631461153629,apf_waypoint,none,0.0,nan,nan,23.41276389702095,-7.076943440402404,nan,nan,nan,WEBOTS_UNKNOWN,ekf_on_cluster_on,1,1
1784378639.0702226,88.42350268363953,-160.72780546155008,200.0,0.2,1.0091097084651033,7.483988496648371,-0.5049766744876737,0.21981614107008532,1.5326387906505587,1784378639.0283356,None,None,None, None, 1784378639.0097504,1.0726223580082068,apf_waypoint,none,0.0,nan,nan,22.80521323757988,-7.95045923210081,nan,nan,nan,WEBOTS_UNKNOWN,ekf_on_cluster_on,1,1
1784378639.1630177,88.51629781723022,-177.67750363851147,200.0,0.2,1.0031173962210085,7.2695608135494,-0.8262128948441282,0.03568741648379836,1.5358095332820785,1784378639.1171832,7.2662787851837365,-0.8311826169891808,0.9714015845326704, 1784378639.124437, 1784378639.106162,1.0313058084251827,apf_waypoint,none,0.0,nan,nan,25.352879613194098,-6.0519262719831755,nan,nan,nan,WEBOTS_UNKNOWN,ekf_on_cluster_on,1,1
1784378639.2590587,88.61233878135681,-178.76156519065853,200.0,0.2,1.012202873915957,7.290613745381283,-0.7928725830228669,0.046521205346110456,1.5409665353557656,1784378639.228036,None,None,None, None, 1784378639.2133377,0.9010046031549482,apf_waypoint,none,0.0,nan,nan,25.037491572524537,-6.462181768529837,nan,nan,nan,WEBOTS_UNKNOWN,ekf_on_cluster_on,1,1
1784378639.3590598,88.71233987808228,-179.60756464370598,200.0,0.2,1.022365571285318,7.321021322720162,-0.7438474879935764,0.06710992191619754,1.5472322821285671,1784378639.3214014,None,None,None, None, 1784378639.3147073,0.9470638857924991,apf_waypoint,none,0.0,nan,nan,24.585348800943734,-6.977835942757034,nan,nan,nan,WEBOTS_UNKNOWN,ekf_on_cluster_on,1,1
1784378639.45914,88.812420129776,-179.4417671067251,200.0,0.2,1.0289962875182332,7.354701477855623,-0.6882538441016481,0.02944170413472216,1.550261658828901,1784378639.4242954,None,None,None, None, 1784378639.4126935,0.9543449161944666,apf_waypoint,none,0.0,nan,nan,24.098148714397553,-7.435084256722877,nan,nan,nan,WEBOTS_UNKNOWN,ekf_on_cluster_on,1,1
1784378639.558753,88.91203308105469,-178.79035904093743,200.0,0.2,1.034407774967559,7.3889680307307115,-0.6310140234381274,0.029792846980206178,1.5529923297971,1784378639.5159507,None,None,None, None, 1784378639.5159507,0.9933582986867061,apf_waypoint,none,0.0,nan,nan,23.600832675449517,-7.8665880809035444,nan,nan,nan,WEBOTS_UNKNOWN,ekf_on_cluster_on,1,1
1784378639.6609914,89.01427149772644,-177.76370693478094,200.0,0.2,1.0392342132820942,7.42308994803923,-0.5734064593377486,0.030312970783609363,1.5558309185791233,1784378639.6095934,None,None,None, None, 1784378639.6030772,1.0930962265570467,apf_waypoint,none,0.0,nan,nan,23.099767434926903,-8.28184799083115,nan,nan,nan,WEBOTS_UNKNOWN,ekf_on_cluster_on,1,1
1784378639.7585135,89.1117935180664,-176.29437818559484,200.0,0.2,1.0435007495257127,7.4569242248041085,-0.5157049203418023,0.028408305206823428,1.5581791750375802,1784378639.7620442,None,None,None, None, 1784378639.7464666,1.0304563171822547,apf_waypoint,none,0.0,nan,nan,22.597636999714112,-8.68077064654797,nan,nan,nan,WEBOTS_UNKNOWN,ekf_on_cluster_on,1,1
1784378639.8588643,89.21214437484741,-174.35592017405222,200.0,0.2,1.047610121074302,7.490450992175585,-0.45801133169766217,0.02964649330387658,1.560248200439628,1784378639.8588643,None,None,None, None, 1784378639.828678,0.9371752431840056,apf_waypoint,none,0.0,nan,nan,22.092292350911357,-9.0724823008341,nan,nan,nan,WEBOTS_UNKNOWN,ekf_on_cluster_on,1,1
1784378639.9591284,89.31240844726562,-171.76648260792797,200.0,0.2,1.0514782291136926,7.523639879161415,-0.4003830417468741,0.029064157367567737,1.5629709140800472,1784378639.9525437,None,None,None, None, 1784378639.9318483,0.9279040552790374,apf_waypoint,none,0.0,nan,nan,21.585186873439305,-9.455046206978992,nan,nan,nan,WEBOTS_UNKNOWN,ekf_on_cluster_on,1,1
1784378640.132146,89.48542594909668,-167.1973554505075,199.98863225192665,0.2,1.0553357498255596,7.55646936228802,-0.3428964611207519,0.030705021282868502,1.5682534713869696,1784378640.1245859,None,None,None, None, 1784378640.0954077,0.9997737515071761,apf_waypoint,none,0.0,nan,nan,21.07497724609862,-9.83323580863311,nan,nan,nan,WEBOTS_UNKNOWN,ekf_on_cluster_on,1,1
1784378640.1967192,89.54999923706055,-181.89798062783717,200.0,0.2,1.0468377342616078,7.361592746808558,-0.6876131306628008,0.030705021282868502,1.5743944756435433,1784378640.2284508,7.358591504916077,-0.6929207514517135,1.0234359794734065, 1784378640.134145, 1784378640.1707804,0.9268054843172139,apf_waypoint,none,0.0,nan,nan,23.959068529465103,-7.864798517397741,nan,nan,nan,WEBOTS_UNKNOWN,ekf_on_cluster_on,1,1
1784378640.3294215,89.682701587677,-184.59167616711252,200.0,0.2,1.0637847743267617,7.381388485497396,-0.6533086804283812,0.17862227555734816,1.592947061900066,1784378640.3294215,None,None,None, None, 1784378640.2891006,0.9188431956044198,apf_waypoint,none,0.0,nan,nan,23.54330062064578,-8.442338367148773,nan,nan,nan,WEBOTS_UNKNOWN,ekf_on_cluster_on,1,1
1784378640.4076543,89.76093435287476,-188.60654337138695,200.0,0.2,1.0886704457626297,7.409382969692531,-0.6020762102706798,0.17862227555734816,1.6286715170115358,1784378640.4178674,None,None,None, None, 1784378640.3776622,0.9540659261610182,apf_waypoint,none,0.0,nan,nan,22.901248979477575,-9.273668709281356,nan,nan,nan,WEBOTS_UNKNOWN,ekf_on_cluster_on,1,1
1784378640.514315,89.86759495735168,-190.13024006554167,200.0,0.2,1.1010241134497623,7.439426223628324,-0.5431742613796888,0.024039064048544417,1.632712664202165,1784378640.497529,None,None,None, None, 1784378640.476746,0.9470727843547055,apf_waypoint,none,0.0,nan,nan,22.29082530418258,-9.835964548063131,nan,nan,nan,WEBOTS_UNKNOWN,ekf_on_cluster_on,1,1
1784378640.6545212,90.00780129432678,-190.5524685672494,200.0,0.2,1.1082662841873312,7.469850845883198,-0.4823201516272777,0.015264596396612293,1.634462248115756,1784378640.6121461,None,None,None, None, 1784378640.6585267,1.0704970116402044,apf_waypoint,none,0.0,nan,nan,21.7044987777421,-10.283172130936526,nan,nan,nan,WEBOTS_UNKNOWN,ekf_on_cluster_on,1,1
1784378640.7069151,90.06019520759583,-190.35523235606772,200.0,0.2,1.1130880418309443,7.500158574633601,-0.42099526271834264,0.015264596396612293,1.6375151673950785,1784378640.70842,None,None,None, None, 1784378640.6585267,1.0704970116402044,apf_waypoint,none,0.0,nan,nan,21.132899940289246,-10.673684909348747,nan,nan,nan,WEBOTS_UNKNOWN,ekf_on_cluster_on,1,1
1784378640.8662808,90.21956086158752,-189.8018189725721,200.0,0.2,1.1171981753273452,7.530274519661051,-0.35953179878602537,0.02013925001772728,1.6417337655833177,1784378640.8216176,None,None,None, None, 1784378640.881244,0.9125737627632027,apf_waypoint,none,0.0,nan,nan,20.56285299323194,-11.045095995386593,nan,nan,nan,WEBOTS_UNKNOWN,ekf_on_cluster_on,1,1
1784378640.9455895,90.29886960983276,-158.5667773746058,173.74938736437997,0.2,1.1218595448891493,7.560150770955001,-0.29800837714435424,0.029483595664596178,1.6440238296232166,1784378640.89929,None,None,None, None, 1784378640.9581444,0.9920492993166823,apf_waypoint,none,0.0,nan,nan,19.981407577239708,-11.423418359675654,nan,nan,nan,WEBOTS_UNKNOWN,ekf_on_cluster_on,1,1
1784378641.0848556,90.43813562393188,-200.0,47.49371745865038,0.2,1.135433791132426,7.5871499531102415,-0.2417540484452605,0.10873017706996355,1.6628830262428222,1784378641.0727396,None,None,None, None, 1784378641.0591872,0.9967440629769373,apf_waypoint,none,0.0,nan,nan,19.334970269876,-11.94546086166494,nan,nan,nan,WEBOTS_UNKNOWN,ekf_on_cluster_on,1,1
1784378641.335211,90.68849110603333,-200.0,114.0339474082092,0.2,1.1162509720501512,7.443552674128477,-0.5495533350320371,-0.0070633751740966635,1.6618120863463963,1784378641.3523188,7.44074272604233,-0.5556008796508305,1.0625568941093881, 1784378641.141843, 1784378641.335211,1.0601632692092826,apf_waypoint,none,0.0,nan,nan,22.195449772541615,-10.14244985808129,nan,nan,nan,WEBOTS_UNKNOWN,ekf_on_cluster_on,1,1
1784378641.4930072,90.8462872505188,-200.0,109.127528273328,0.2,1.1218815448530042,7.4555068419184956,-0.5245958337406533,-0.031190482512848287,1.6578209383711762,1784378641.4945128,None,None,None, None, 1784378641.45266,0.9949608480490898,apf_waypoint,none,0.0,nan,nan,21.92545075393034,-10.381854584779656,nan,nan,nan,WEBOTS_UNKNOWN,ekf_on_cluster_on,1,1
1784378641.6895988,91.04287886619568,-200.0,102.34229382704255,0.2,1.1258762667818885,7.4745649717989044,-0.4844086120091444,-0.019994432186616725,1.65311548923627,1784378641.5876567,None,None,None, None, 1784378641.6895988,1.0157574841073649,apf_waypoint,none,0.0,nan,nan,21.54015484858965,-10.652599831815326,nan,nan,nan,WEBOTS_UNKNOWN,ekf_on_cluster_on,1,1
1784378641.8223755,91.17565560340881,-200.0,94.96248754282993,0.2,1.125764532028363,7.497188082350649,-0.43624496273844793,-0.05185461343658423,1.6456401388528856,1784378641.7318165,None,None,None, None, 1784378641.801419,1.014039160888207,apf_waypoint,none,0.0,nan,nan,21.128446500720756,-10.869957294365909,nan,nan,nan,WEBOTS_UNKNOWN,ekf_on_cluster_on,1,1
1784378642.052061,91.40534114837646,-200.0,86.69275433051988,0.2,1.1239016163450486,7.52110202166123,-0.3855125069430678,-0.054489845624041605,1.6284909173689903,1784378642.0465398,None,None,None, None, 1784378642.0465398,1.045301713905353,apf_waypoint,none,0.0,nan,nan,20.713036886833294,-11.062888796722234,nan,nan,nan,WEBOTS_UNKNOWN,ekf_on_cluster_on,1,1
1784378642.3352594,91.68853950500488,-200.0,112.37873307223288,0.2,1.084760459953941,7.5044605044046016,-0.443382241858998,-0.049924184978266,1.6157389383788539,1784378642.3019667,7.5019626342429495,-0.4500427742179285,0.9966224317446519, 1784378642.145718, 1784378642.3241613,0.9112694281528915,apf_waypoint,none,0.0,nan,nan,21.6200890278701,-9.956492196158543,nan,nan,nan,WEBOTS_UNKNOWN,ekf_on_cluster_on,1,1
1784378642.653088,92.0063681602478,-200.0,107.28247831628914,0.2,1.0810095452252801,7.527191304425348,-0.40004811310186117,-0.07370380284155387,1.5920423176531069,1784378642.6234782,None,None,None, None, 1784378642.6259952,1.0126626225606588,apf_waypoint,none,0.0,nan,nan,21.295021062815614,-10.088938068247732,nan,nan,nan,WEBOTS_UNKNOWN,ekf_on_cluster_on,1,1
1784378642.9149897,92.26826977729797,-200.0,100.80108498354377,0.2,1.0762241434118023,7.553195816753932,-0.3510567263457487,-0.06416451962725213,1.5774969969199049,1784378642.850166,None,None,None, None, 1784378642.890629,1.0649816803019905,apf_waypoint,none,0.0,nan,nan,20.933671841175254,-10.23041238052741,nan,nan,nan,WEBOTS_UNKNOWN,ekf_on_cluster_on,1,1
1784378643.1235955,92.47687554359436,-200.0,94.05317717445364,0.2,1.0679726349409935,7.580283067666977,-0.3006150665114795,-0.09236093827875462,1.5587252150913258,1784378643.0534098,None,None,None, None, 1784378643.115556,1.0146708497570285,apf_waypoint,none,0.0,nan,nan,20.596826059249274,-10.3115624694864,nan,nan,nan,WEBOTS_UNKNOWN,ekf_on_cluster_on,1,1
1784378643.271107,92.62438702583313,-200.0,119.53613466823528,0.2,1.0232218580874552,7.572943925044792,-0.33929641257992066,-0.058261384063408125,1.5506869908731487,1784378643.2893324,7.569533398931079,-0.3479823793650102,0.916448888599878, 1784378643.153187, 1784378643.2215917,0.9282326523592883,apf_waypoint,none,0.0,nan,nan,21.355608811003812,-9.166585722981406,nan,nan,nan,WEBOTS_UNKNOWN,ekf_on_cluster_on,1,1
1784378643.4297411,92.78302121162415,-200.0,113.95302492425327,0.2,1.0188701246887626,7.599554062869931,-0.29559441826207333,-0.05305937445439247,1.5394862653949073,1784378643.402476,None,None,None, None, 1784378643.4297411,1.087799993450137,apf_waypoint,none,0.0,nan,nan,21.042955476993036,-9.31067820568101,nan,nan,nan,WEBOTS_UNKNOWN,ekf_on_cluster_on,1,1
1784378643.5614989,92.9147789478302,-200.0,106.06667236761639,0.2,1.0154666154761423,7.629296514528981,-0.24716050175484305,-0.044598284077221426,1.5349419084172244,1784378643.5043714,None,None,None, None, 1784378643.5409346,0.9154618900786131,apf_waypoint,none,0.0,nan,nan,20.683843497312736,-9.50329611658431,nan,nan,nan,WEBOTS_UNKNOWN,ekf_on_cluster_on,1,1
1784378643.7381902,93.09147024154663,-200.0,96.4302878928899,0.2,1.011470661082508,7.659810263170105,-0.1977509290074133,-0.05520287024558237,1.52291991321479,1784378643.7221498,None,None,None, None, 1784378643.7482293,0.9869449341186776,apf_waypoint,none,0.0,nan,nan,20.322957371709617,-9.691996721751178,nan,nan,nan,WEBOTS_UNKNOWN,ekf_on_cluster_on,1,1
1784378643.841327,93.19460701942444,-200.0,89.7448266744865,0.2,0.9930166699567704,7.690304522418533,-0.14877811073776126,-0.18714802025432603,1.5031514826276036,1784378643.8277798,None,None,None, None, 1784378643.7482293,0.9869449341186776,apf_waypoint,none,0.0,nan,nan,20.106986071960407,-9.591820271399087,nan,nan,nan,WEBOTS_UNKNOWN,ekf_on_cluster_on,1,1
1784378644.0088112,93.3620913028717,-200.0,77.6215317341273,0.2,0.9846337425387611,7.72160798660569,-0.1010389309492643,-0.054471240638915445,1.497626260206343,1784378643.9292135,None,None,None, None, 1784378643.9916737,0.938307295024914,apf_waypoint,none,0.0,nan,nan,19.8066606795361,-9.695509487384204,nan,nan,nan,WEBOTS_UNKNOWN,ekf_on_cluster_on,1,1
1784378644.0670357,93.42031574249268,-200.0,61.10607931581924,0.2,0.97936617068354,7.752604352011005,-0.05431670576975023,-0.05003288679415986,1.4928539769251823,1784378644.0245965,None,None,None, None, 1784378644.1301594,1.070316642178521,apf_waypoint,none,0.0,nan,nan,19.485797064246256,-9.85997369044362,nan,nan,nan,WEBOTS_UNKNOWN,ekf_on_cluster_on,1,1
1784378644.3834946,93.73677468299866,-200.0,134.61166428439418,0.2,0.9349874532169846,7.654841388484169,-0.23702487143193698,-0.057862806392859886,1.475961138260714,1784378644.3165429,7.650668311170723,-0.2444562377135107,0.8326335920138028, 1784378644.15826, 1784378644.3834946,1.0794493915477685,apf_waypoint,none,0.0,nan,nan,21.30943712883986,-7.865513648817928,nan,nan,nan,WEBOTS_UNKNOWN,ekf_on_cluster_on,1,1
1784378644.724255,94.0775351524353,-200.0,131.92067162787274,0.2,0.9277661648583466,7.677229676109121,-0.20661732462936833,-0.08866848898588346,1.4400757075957977,1784378644.7212574,None,None,None, None, 1784378644.6780567,1.0655593044755447,apf_waypoint,none,0.0,nan,nan,21.13610023285925,-7.89743459516899,nan,nan,nan,WEBOTS_UNKNOWN,ekf_on_cluster_on,1,1
1784378644.987726,94.34100604057312,-200.0,126.36584633343705,0.2,0.9210236803406513,7.708643813048425,-0.16473444694369377,-0.06072175915988484,1.4282926747146552,1784378644.915307,None,None,None, None, 1784378645.0148735,1.0047529566765439,apf_waypoint,none,0.0,nan,nan,20.873695737972348,-8.013222053341337,nan,nan,nan,WEBOTS_UNKNOWN,ekf_on_cluster_on,1,1
1784378645.2854826,94.63876271247864,-200.0,142.03141987141,0.2,0.8717776773396337,7.738454245823026,-0.14645299347731253,-0.09955920741300692,1.3978058624129595,1784378645.3104017,7.737593050002835,-0.15089422517171922,0.7558760517504206, 1784378645.164622, 1784378645.2829654,1.0256409129647963,apf_waypoint,none,0.0,nan,nan,21.114994589655918,-7.090615819544822,nan,nan,nan,WEBOTS_UNKNOWN,ekf_on_cluster_on,1,1
1784378645.4913986,94.8446786403656,-200.0,135.95097890484124,0.2,0.8631748277978957,7.7769121174688465,-0.100909319853832,-0.06605613763714382,1.3807774653215148,1784378645.4793117,None,None,None, None, 1784378645.436532,0.9901631383358477,apf_waypoint,none,0.0,nan,nan,20.84874388790977,-7.2086921234562915,nan,nan,nan,WEBOTS_UNKNOWN,ekf_on_cluster_on,1,1
1784378645.6457949,94.99907493591309,-200.0,45.52067045998548,0.2,0.8569498915849598,7.816843193127639,-0.05437139279863423,-0.04617852835027259,1.3746114821854807,1784378645.6128366,None,None,None, None, 1784378645.6364179,1.0487616034930909,apf_waypoint,none,0.0,nan,nan,20.560404808339584,-7.3878180271507325,nan,nan,nan,WEBOTS_UNKNOWN,ekf_on_cluster_on,1,1
1784378645.8319979,95.18527793884277,-200.0,33.014613413752365,0.2,0.8537299846780628,7.85290138687734,-0.012571910978417478,-0.047635409517018286,1.3695849705828191,1784378645.718357,None,None,None, None, 1784378645.7873564,0.9292346033886559,apf_waypoint,none,0.0,nan,nan,20.28497027427508,-7.6006166071763825,nan,nan,nan,WEBOTS_UNKNOWN,ekf_on_cluster_on,1,1
1784378646.2030492,95.5563292503357,-200.0,68.05132599613714,0.2,0.801464565898459,7.847157716897961,-0.04647021696071266,-0.11109258016947206,1.3162422013002517,1784378646.198522,7.843285760021821,-0.053566636558674274,0.6645403242498347, 1784378646.176158, 1784378646.2000334,1.0847825272939908,apf_waypoint,none,0.0,nan,nan,20.890352875094944,-6.284663293293213,nan,nan,nan,WEBOTS_UNKNOWN,ekf_on_cluster_on,1,1
1784378646.4783866,95.83166670799255,-200.0,59.859792047600095,0.2,0.796444780170107,7.87941417331032,-0.01305375263338071,-0.06925188001101147,1.2970000936716886,1784378646.476379,None,None,None, None, 1784378646.4659164,0.9809897197914791,apf_waypoint,none,0.0,nan,nan,20.696289164796887,-6.415324916973823,nan,nan,nan,WEBOTS_UNKNOWN,ekf_on_cluster_on,1,1
1784378646.6046643,95.95794439315796,-200.0,57.62490186227947,0.2,0.7700504833668593,7.915085659378118,0.02359584774088308,-0.27730994848314816,1.2664888218025299,1784378646.5864048,None,None,None, None, 1784378646.5555842,1.0325908719807837,apf_waypoint,none,0.0,nan,nan,20.61739857483598,-6.13215510302668,nan,nan,nan,WEBOTS_UNKNOWN,ekf_on_cluster_on,1,1
1784378646.8120174,96.16529750823975,-200.0,49.19839195957676,0.2,0.7562679365667808,7.953227235507736,0.060184425182211676,-0.08134992022138875,1.256169030926209,1784378646.825646,None,None,None, None, 1784378646.764906,0.9587031868631885,apf_waypoint,none,0.0,nan,nan,20.462711960774904,-6.115360931561308,nan,nan,nan,WEBOTS_UNKNOWN,ekf_on_cluster_on,1,1
1784378647.023335,96.37661504745483,-200.0,37.40867825738219,0.2,0.7460925563406363,7.991800940885943,0.09646234042002888,-0.07971879985936861,1.238510771956677,1784378647.0381246,None,None,None, None, 1784378647.0029848,1.074670579761791,apf_waypoint,none,0.0,nan,nan,20.290641135987713,-6.175269410085617,nan,nan,nan,WEBOTS_UNKNOWN,ekf_on_cluster_on,1,1
1784378647.1886394,96.54191946983337,-200.0,87.15446560504478,0.2,0.6914705217239944,7.954773754688727,0.03371070001409042,-0.09293224781546683,1.2173055423164831,1784378647.162948,7.949823877978691,0.02725938472075192,0.5552247062968503, 1784378647.187639, 1784378647.2280629,1.078403664939493,apf_waypoint,none,0.0,nan,nan,20.980208785118307,-4.563809765042516,nan,nan,nan,WEBOTS_UNKNOWN,ekf_on_cluster_on,1,1
1784378647.330409,96.68368911743164,-200.0,79.98686938957857,0.2,0.6847046327735686,7.9888280091816295,0.06190119745963965,-0.06899945977708691,1.2096093206631757,1784378647.2744882,None,None,None, None, 1784378647.3153841,1.0859506537902004,apf_waypoint,none,0.0,nan,nan,20.843742318595467,-4.639589600055593,nan,nan,nan,WEBOTS_UNKNOWN,ekf_on_cluster_on,1,1
1784378647.4614747,96.81475472450256,-200.0,76.93764052767301,0.2,0.6581800476598269,8.028662579564637,0.09450544968357377,-0.2663144093493085,1.18670102057516,1784378647.4790802,None,None,None, None, 1784378647.4226406,0.9125314566304413,apf_waypoint,none,0.0,nan,nan,20.77264765080425,-4.342580305658219,nan,nan,nan,WEBOTS_UNKNOWN,ekf_on_cluster_on,1,1
1784378647.7586994,97.1119794845581,-200.0,65.83085756537949,0.2,0.6481150307013046,8.071747753845745,0.12739974537852694,-0.041144798903260844,1.1723391519947426,1784378647.7942948,None,None,None, None, 1784378647.7416306,0.9543170099140384,apf_waypoint,none,0.0,nan,nan,20.629231925223024,-4.3946962415047635,nan,nan,nan,WEBOTS_UNKNOWN,ekf_on_cluster_on,1,1
1784378648.1615596,97.51483964920044,-200.0,50.27157773621193,0.2,0.641608719837209,8.115147049526353,0.16021987500506185,-0.05374285428903953,1.148232500756157,1784378648.1581202,None,None,None, None, 1784378648.1706355,1.0922738074430127,apf_waypoint,none,0.0,nan,nan,20.472756287317246,-4.523016052173793,nan,nan,nan,WEBOTS_UNKNOWN,ekf_on_cluster_on,1,1
1784378648.4152162,97.76849627494812,-200.0,105.27173784162764,0.2,0.5817440559958499,8.064629590285303,0.09916935859988132,-0.18040150694487364,1.1060238013312185,1784378648.392091,8.058534633874249,0.0930846488027944,0.4581566787423972, 1784378648.191734, 1784378648.414207,0.974106098034744,apf_waypoint,none,0.0,nan,nan,21.024390597022375,-2.7728748296566117,nan,nan,nan,WEBOTS_UNKNOWN,ekf_on_cluster_on,1,1
1784378648.717247,98.07052707672119,-200.0,98.20184121778603,0.2,0.5734461262395816,8.102522171811573,0.12391503166723705,-0.05135759889258705,1.0900871408271935,1784378648.7023988,None,None,None, None, 1784378648.6893508,0.9018696288639053,apf_waypoint,none,0.0,nan,nan,20.922523167333715,-2.8033377209022694,nan,nan,nan,WEBOTS_UNKNOWN,ekf_on_cluster_on,1,1
1784378648.9230773,98.27635741233826,-200.0,86.3176630865712,0.2,0.5675149826068006,8.147262792351803,0.15278946806600402,-0.05406056027460659,1.0812737685992737,1784378648.8654265,None,None,None, None, 1784378648.9326146,1.0566405898976714,apf_waypoint,none,0.0,nan,nan,20.794889018868254,-2.9197582185734205,nan,nan,nan,WEBOTS_UNKNOWN,ekf_on_cluster_on,1,1
1784378649.1016314,98.45491147041321,-196.44034486440123,61.65451551440963,0.2,0.560051078581435,8.193999331603148,0.1826761167420763,-0.08117746073888076,1.0650422789031273,1784378649.0653772,None,None,None, None, 1784378649.0377545,0.9064849947041067,apf_waypoint,none,0.0,nan,nan,20.668481894573937,-3.0151986013432124,nan,nan,nan,WEBOTS_UNKNOWN,ekf_on_cluster_on,1,1
1784378649.5121543,98.86543440818787,-197.49384666353066,101.85218954231492,0.2,0.5080320657806574,8.185277764989925,0.15633365298216706,-0.06280808454982666,1.0436963855440835,1784378649.524266,8.179892318810339,0.1508857260216668,0.3630756813225009, 1784378649.205362, 1784378649.4669921,0.9188876698816334,apf_waypoint,none,0.0,nan,nan,20.91996136072896,-1.698627344759558,nan,nan,nan,WEBOTS_UNKNOWN,ekf_on_cluster_on,1,1
1784378649.6933975,99.0466775894165,-200.0,192.5749475603094,0.2,0.47560113968407514,8.228916175845859,0.18070265700802324,-0.34989125601715587,0.961686785068562,1784378649.6396222,None,None,None, None, 1784378649.6662226,0.9215674438078751,apf_waypoint,none,0.0,nan,nan,20.86194853297195,-1.2317177300030613,nan,nan,nan,WEBOTS_UNKNOWN,ekf_on_cluster_on,1,1
1784378649.9273596,99.2806396484375,-200.0,196.16868401886217,0.2,0.45579138680965425,8.28605156578912,0.2091829405572101,-0.06871809340566484,0.9463289456217179,1784378649.8631127,None,None,None, None, 1784378649.9118361,1.0309281922832927,apf_waypoint,none,0.0,nan,nan,20.76807493165643,-1.0675674402800936,nan,nan,nan,WEBOTS_UNKNOWN,ekf_on_cluster_on,1,1
1784378650.07577,99.42904996871948,-200.0,198.2424315061897,0.2,0.4440068533595857,8.347633341357025,0.23863755608259574,-0.026907891508136928,0.9430091219958162,1784378649.98649,None,None,None, None, 1784378650.036938,0.9935719647444525,apf_waypoint,none,0.0,nan,nan,20.663874102682843,-1.0822475894031909,nan,nan,nan,WEBOTS_UNKNOWN,ekf_on_cluster_on,1,1
1784378650.2643464,99.61762642860413,-193.28493322494757,200.0,0.2,0.40015024398668814,8.328182593092055,0.20719799615555892,-0.023142157345276002,0.9378388854851462,1784378650.209902,8.320084399560374,0.2012064417474348,0.2859266344125784, 1784378650.212908, 1784378650.2653577,0.9616255196961295,apf_waypoint,none,0.0,nan,nan,20.80661282892885,0.12174455211059154,nan,nan,nan,WEBOTS_UNKNOWN,ekf_on_cluster_on,1,1
1784378650.4267693,99.78004932403564,-191.68941320336074,200.0,0.2,0.3935941535618376,8.386605630279032,0.2315800295798569,-0.016644613113809954,0.9360991415291269,1784378650.314425,None,None,None, None, 1784378650.3774176,1.0201975474100455,apf_waypoint,none,0.0,nan,nan,20.721562006802063,0.04110040848767049,nan,nan,nan,WEBOTS_UNKNOWN,ekf_on_cluster_on,1,1
1784378650.5951905,99.94847059249878,-190.38292189394886,200.0,0.2,0.3890674706508172,8.44919899821445,0.2573116350381053,-0.010632918522289899,0.934559285070708,1784378650.608205,None,None,None, None, 1784378650.5906665,0.9168492266735134,apf_waypoint,none,0.0,nan,nan,20.633431939578827,-0.09519275319812248,nan,nan,nan,WEBOTS_UNKNOWN,ekf_on_cluster_on,1,1
1784378650.7429674,100.09624743461609,-189.34511862392606,200.0,0.2,0.38629745258788084,8.512504217250761,0.28306397480383083,-0.0025435011535577187,0.9338709267360644,1784378650.729879,None,None,None, None, 1784378650.6756315,1.094965754285974,apf_waypoint,none,0.0,nan,nan,20.546075614396507,-0.26933971276038804,nan,nan,nan,WEBOTS_UNKNOWN,ekf_on_cluster_on,1,1
1784378650.9084072,100.26168727874756,-188.43025469793318,200.0,0.2,0.38447535140584554,8.575852795050132,0.30868409176857625,-0.00047491936063686024,0.9338219758819075,1784378650.9220135,None,None,None, None, 1784378650.9099112,1.0655162197918184,apf_waypoint,none,0.0,nan,nan,20.459444542890193,-0.4630781883315924,nan,nan,nan,WEBOTS_UNKNOWN,ekf_on_cluster_on,1,1
1784378651.144154,100.49743413925171,-187.6888174171744,200.0,0.2,0.38383436613124344,8.63914426527356,0.3341795048256664,0.006371846527454123,0.9351688386019942,1784378651.044328,None,None,None, None, 1784378651.160398,1.040239314944644,apf_waypoint,none,0.0,nan,nan,20.372781345479616,-0.6810329137421469,nan,nan,nan,WEBOTS_UNKNOWN,ekf_on_cluster_on,1,1
1784378651.3909366,100.74421668052673,-181.5587060622555,200.0,0.2,0.3581816483275159,8.478515172054264,0.24983706877100403,0.019410213505070262,0.9403741056210296,1784378651.3124995,8.46836239576605,0.24485710627746782,0.280088686302296, 1784378651.219294, 1784378651.4719017,1.0495792804214512,apf_waypoint,none,0.0,nan,nan,20.65379931776132,0.625061479545769,nan,nan,nan,WEBOTS_UNKNOWN,ekf_on_cluster_on,1,1
1784378651.8084,101.16167998313904,-181.26247889598983,200.0,0.2,0.3598231217487313,8.525896350619771,0.267534860534532,0.024616855383414325,0.9496041293152442,1784378651.8084,None,None,None, None, 1784378651.763168,0.9161995143602706,apf_waypoint,none,0.0,nan,nan,20.59929838878604,0.43206038945371983,nan,nan,nan,WEBOTS_UNKNOWN,ekf_on_cluster_on,1,1
1784378652.051246,101.40452599525452,-181.04948378582307,200.0,0.2,0.3627528901414411,8.584718139258314,0.2896553707608689,0.029352611615208576,0.9564671808792424,1784378652.042214,None,None,None, None, 1784378652.0412133,1.0273394306551167,apf_waypoint,none,0.0,nan,nan,20.530208797865452,0.17220708056107625,nan,nan,nan,WEBOTS_UNKNOWN,ekf_on_cluster_on,1,1
1784378652.4043832,101.75766324996948,-176.95532235020514,200.0,0.2,0.35281614118673327,8.616419753958612,0.2906934146861808,0.025157278213990282,0.9655532244013272,1784378652.4033835,8.611576116097632,0.2870991612877982,0.3106554723109234, 1784378652.222118, 1784378652.4033835,0.9590513112741975,apf_waypoint,none,0.0,nan,nan,20.52656124806087,0.3760421387133608,nan,nan,nan,WEBOTS_UNKNOWN,ekf_on_cluster_on,1,1
1784378652.672898,102.02617812156677,-176.49712558638043,200.0,0.2,0.3558850376149547,8.67715704113477,0.31307258784474357,0.02976201502301086,0.9735052372453455,1784378652.6705701,None,None,None, None, 1784378652.672898,0.9505186848551261,apf_waypoint,none,0.0,nan,nan,20.45766769478582,0.1101214926844758,nan,nan,nan,WEBOTS_UNKNOWN,ekf_on_cluster_on,1,1
1784378652.9029932,102.25627326965332,-175.94716891152862,200.0,0.2,0.3590105202287676,8.739337039760887,0.336213449309426,0.026537169176653216,0.9776401295647943,1784378652.8263853,None,None,None, None, 1784378652.8574991,1.000856259467506,apf_waypoint,none,0.0,nan,nan,20.384509997927076,-0.16454368245264384,nan,nan,nan,WEBOTS_UNKNOWN,ekf_on_cluster_on,1,1
1784378653.1782382,102.53151822090149,-175.323803294317,200.0,0.2,0.36223541733546927,8.801678163258732,0.35963273568758325,0.026980187661199737,0.984520408567516,1784378653.0813975,None,None,None, None, 1784378653.1877742,1.0148823389061095,apf_waypoint,none,0.0,nan,nan,20.308458003942988,-0.44445811074563935,nan,nan,nan,WEBOTS_UNKNOWN,ekf_on_cluster_on,1,1
1784378653.3910193,102.74429941177368,-175.48097557986947,200.0,0.2,0.36456937452455795,8.772238163166254,0.3414027053222923,0.04305011828766613,0.9975600873859305,1784378653.3842928,8.763350423189674,0.33734683549740074,0.35575131326347353, 1784378653.221647, 1784378653.2973306,0.9217886624277966,apf_waypoint,none,0.0,nan,nan,20.368071808543235,-0.3192423322206297,nan,nan,nan,WEBOTS_UNKNOWN,ekf_on_cluster_on,1,1
1784378653.550824,102.9041039943695,-175.0508366137105,200.0,0.2,0.36824028862580155,8.82847803721817,0.36292515869851627,0.028016691481752894,1.0001138969224042,1784378653.475446,None,None,None, None, 1784378653.5422506,0.9182853007459586,apf_waypoint,none,0.0,nan,nan,20.29611025981847,-0.5909963904632987,nan,nan,nan,WEBOTS_UNKNOWN,ekf_on_cluster_on,1,1
1784378653.7507257,103.10400581359863,-176.84005282820806,200.0,0.2,0.38249575090373455,8.889288436984392,0.386433781674846,0.13092182698066088,1.0272626623598209,1784378653.7672718,None,None,None, None, 1784378653.7416947,1.0805280158352073,apf_waypoint,none,0.0,nan,nan,20.204915957677578,-1.09544792403568,nan,nan,nan,WEBOTS_UNKNOWN,ekf_on_cluster_on,1,1
1784378653.9592123,103.31249237060547,-177.13455174089063,200.0,0.2,0.39004522577109607,8.950834692429922,0.4115339972784531,0.029562274685363262,1.0297594785765318,1784378653.9845695,None,None,None, None, 1784378653.9542058,0.9922636817328141,apf_waypoint,none,0.0,nan,nan,20.10735383758332,-1.4791754831110886,nan,nan,nan,WEBOTS_UNKNOWN,ekf_on_cluster_on,1,1
1784378654.1195052,103.4727852344513,-176.92153631745563,200.0,0.2,0.3957758760166463,9.012484524788597,0.43708264855786716,0.028969213845362662,1.0397742815860573,1784378654.1129768,None,None,None, None, 1784378654.0741603,1.07280029346651,apf_waypoint,none,0.0,nan,nan,20.006242640785093,-1.8306797154720158,nan,nan,nan,WEBOTS_UNKNOWN,ekf_on_cluster_on,1,1
1784378654.3710947,103.72437477111816,-180.12577116267292,200.0,0.2,0.4007131246841994,8.915437280966945,0.39575011306013597,0.028144243660038173,1.0469256825918836,1784378654.367075,8.905025219730867,0.3913398202086063,0.40141151008037035, 1784378654.223461, 1784378654.3347073,0.9788946439015744,apf_waypoint,none,0.0,nan,nan,20.148135235721313,-1.5476791396954548,nan,nan,nan,WEBOTS_UNKNOWN,ekf_on_cluster_on,1,1
1784378654.5105455,103.86382555961609,-179.94568883529942,200.0,0.2,0.4046531147891861,8.966377458405011,0.41740848223936666,0.026773622190947668,1.0502590505915543,1784378654.491577,None,None,None, None, 1784378654.4572613,0.9507778961564413,apf_waypoint,none,0.0,nan,nan,20.06207519219602,-1.826373367226874,nan,nan,nan,WEBOTS_UNKNOWN,ekf_on_cluster_on,1,1
1784378654.8403955,104.19367551803589,-179.57505897254717,200.0,0.2,0.4088827291013203,9.025497333262107,0.44279800455336016,0.031522316175742006,1.0599971395105603,1784378654.8005037,None,None,None, None, 1784378654.8403955,1.0093273874159865,apf_waypoint,none,0.0,nan,nan,19.95903585476771,-2.1457046035582823,nan,nan,nan,WEBOTS_UNKNOWN,ekf_on_cluster_on,1,1
1784378655.1566205,104.50990056991577,-178.98923047117938,200.0,0.2,0.4128411672653062,9.0865790557846,0.4693373676808754,0.02811261240046282,1.0699098169525634,1784378655.1531098,None,None,None, None, 1784378655.1366656,0.9112881807017131,apf_waypoint,none,0.0,nan,nan,19.849258554749223,-2.4708528535138163,nan,nan,nan,WEBOTS_UNKNOWN,ekf_on_cluster_on,1,1
1784378655.4309075,104.78418755531311,-182.2524068863215,200.0,0.2,0.4243871677231872,9.064195500491248,0.4606265847879447,0.030153552854541535,1.0775176093866028,1784378655.4054115,9.055906712635764,0.45709817981312884,0.44816463546527974, 1784378655.231789, 1784378655.3963833,0.9766418689943464,apf_waypoint,none,0.0,nan,nan,19.85338284646467,-2.6199615394007654,nan,nan,nan,WEBOTS_UNKNOWN,ekf_on_cluster_on,1,1
1784378655.6435208,104.99680089950562,-181.7899297976953,200.0,0.2,0.42787760352164234,9.120593260312226,0.48617962629760925,0.02508323533107831,1.0833767696071641,1784378655.6390002,None,None,None, None, 1784378655.6720672,1.0238784268806667,apf_waypoint,none,0.0,nan,nan,19.742528837818675,-2.9261945331095154,nan,nan,nan,WEBOTS_UNKNOWN,ekf_on_cluster_on,1,1
1784378655.881828,105.23510813713074,-181.28154064063864,200.0,0.2,0.4321387030542767,9.180902720366149,0.5137455447041432,0.03318332839406311,1.0881496484257303,1784378655.8942523,None,None,None, None, 1784378655.8942523,0.9923925239261846,apf_waypoint,none,0.0,nan,nan,19.61840217125983,-3.2668899118878585,nan,nan,nan,WEBOTS_UNKNOWN,ekf_on_cluster_on,1,1
1784378656.059799,105.4130790233612,-180.4805004835763,200.0,0.2,0.435818389492463,9.241846575729642,0.5419315084861722,0.025075503582105692,1.093644629841459,1784378656.0019712,None,None,None, None, 1784378656.0244045,1.097317784974064,apf_waypoint,none,0.0,nan,nan,19.49038985504022,-3.6026174495436902,nan,nan,nan,WEBOTS_UNKNOWN,ekf_on_cluster_on,1,1
1784378656.205455,105.55873513221741,-179.4582616660921,200.0,0.2,0.43944068630386757,9.302746324106224,0.5703512585642656,0.02624366004022283,1.0963642307764754,1784378656.2150278,None,None,None, None, 1784378656.1796286,1.041361199404013,apf_waypoint,none,0.0,nan,nan,19.35848215550569,-3.940136179611991,nan,nan,nan,WEBOTS_UNKNOWN,ekf_on_cluster_on,1,1
1784378656.3190188,105.67229890823364,-186.61932616550854,200.0,0.2,0.45602864074476357,9.212596876805057,0.533605866346256,0.03687661564401746,1.100399553660077,1784378656.2150278,9.20278036265321,0.5293544261384906,0.4923188796486304, 1784378656.240728, 1784378656.3200245,0.9009393474874468,apf_waypoint,none,0.0,nan,nan,19.448385958549547,-3.921259305256644,nan,nan,nan,WEBOTS_UNKNOWN,ekf_on_cluster_on,1,1
1784378656.5401194,105.893399477005,-186.58144178122387,200.0,0.2,0.4606082460441871,9.26377245672868,0.5587983387869784,0.03216485598812754,1.1097072073279823,1784378656.5044012,None,None,None, None, 1784378656.4366286,0.9972697611604416,apf_waypoint,none,0.0,nan,nan,19.320045128655764,-4.244737437124148,nan,nan,nan,WEBOTS_UNKNOWN,ekf_on_cluster_on,1,1
1784378656.6812544,106.0345344543457,-186.07034742065125,200.0,0.2,0.4640812603662652,9.322448403125236,0.5880252270991129,0.01932818698600958,1.1119492297198061,1784378656.6203988,None,None,None, None, 1784378656.663165,1.0637598397872503,apf_waypoint,none,0.0,nan,nan,19.17543133481431,-4.584914873358818,nan,nan,nan,WEBOTS_UNKNOWN,ekf_on_cluster_on,1,1
1784378656.8860767,106.23935675621033,-185.37424295241925,200.0,0.2,0.4676930669981967,9.382792704737694,0.6183086261289645,0.024560468378996645,1.1179690186111824,1784378656.8654995,None,None,None, None, 1784378656.7752829,0.931338347541704,apf_waypoint,none,0.0,nan,nan,19.022150550212558,-4.938326360468088,nan,nan,nan,WEBOTS_UNKNOWN,ekf_on_cluster_on,1,1
1784378657.1344755,106.48775553703308,-184.49636655554113,200.0,0.2,0.4715464101019231,9.443264873469069,0.6489245809040582,0.027033858245645425,1.1239341736412412,1784378657.0861545,None,None,None, None, 1784378657.1334765,0.940850365232263,apf_waypoint,none,0.0,nan,nan,18.862555434778162,-5.300146829051442,nan,nan,nan,WEBOTS_UNKNOWN,ekf_on_cluster_on,1,1
1784378657.394273,106.74755311012268,-192.12167805798393,200.0,0.2,0.48922932202897423,9.354466189124576,0.6114223972386639,0.02342448588139293,1.1307641112093656,1784378657.377727,9.34473202350129,0.6069616214350549,0.531652770351454, 1784378657.249241, 1784378657.4219167,1.0798832625923387,apf_waypoint,none,0.0,nan,nan,18.94254636401289,-5.285858442183482,nan,nan,nan,WEBOTS_UNKNOWN,ekf_on_cluster_on,1,1
1784378657.7205918,107.07387185096741,-192.0379992516187,200.0,0.2,0.4925339986815545,9.40559171938835,0.638725174905499,0.02058232673526477,1.1360194867894695,1784378657.6330614,None,None,None, None, 1784378657.5530007,1.0498421482846192,apf_waypoint,none,0.0,nan,nan,18.79448370757557,-5.603056241323603,nan,nan,nan,WEBOTS_UNKNOWN,ekf_on_cluster_on,1,1
1784378658.2195854,107.57286548614502,-191.70509702312893,200.0,0.2,0.49561543103434724,9.464062484043074,0.6701931668999457,0.01863615718529041,1.1450904431443534,1784378658.119801,None,None,None, None, 1784378658.1763756,0.906788781377577,apf_waypoint,none,0.0,nan,nan,18.624586276853357,-5.955601381929896,nan,nan,nan,WEBOTS_UNKNOWN,ekf_on_cluster_on,1,1
1784378658.615475,107.96875500679016,-196.89369080417606,200.0,0.2,0.5137669518577003,9.489180483366813,0.6916997669304937,0.016766913711900724,1.1531990448827025,1784378658.6034083,9.483614644919967,0.6899416534448871,0.5645576424830834, 1784378658.261669, 1784378658.623175,0.9348133778464075,apf_waypoint,none,0.0,nan,nan,18.40346599236319,-6.495686983822043,nan,nan,nan,WEBOTS_UNKNOWN,ekf_on_cluster_on,1,1
1784378658.946959,108.30023908615112,-196.92234522583703,200.0,0.2,0.5164759727607324,9.547851906305981,0.7249052948145938,0.014729182562034385,1.1580392077540136,1784378658.9320188,None,None,None, None, 1784378658.946959,1.014604907178104,apf_waypoint,none,0.0,nan,nan,18.215735723830438,-6.856320775586075,nan,nan,nan,WEBOTS_UNKNOWN,ekf_on_cluster_on,1,1
1784378659.252028,108.60530805587769,-166.43949514794724,171.69006402041458,0.2,0.519077807107757,9.607825967288287,0.7590541856571811,0.014549803717675001,1.1605767781035448,1784378659.2610426,None,None,None, None, 1784378659.2620554,0.9494866736134036,apf_waypoint,none,0.0,nan,nan,18.02042275579741,-7.2248308754633115,nan,nan,nan,WEBOTS_UNKNOWN,ekf_on_cluster_on,1,1
1784378659.5487509,108.90203094482422,-200.0,107.4249529495143,0.2,0.5368000831791861,9.630035674594493,0.7819104339727679,0.012702905732378858,1.1661764848525327,1784378659.5472455,9.624907930216613,0.780573080500937,0.5910893443919987, 1784378659.27662, 1784378659.5472455,0.9457997083269876,apf_waypoint,none,0.0,nan,nan,17.764788982486316,-7.759227777794696,nan,nan,nan,WEBOTS_UNKNOWN,ekf_on_cluster_on,1,1
1784378659.7108188,109.06409883499146,-200.0,100.25134620156463,0.2,0.5413148321844962,9.67952077549122,0.8116538873416896,-0.00029765536558156716,1.1661456887678414,1784378659.6507077,None,None,None, None, 1784378659.6492014,1.0218397967914905,apf_waypoint,none,0.0,nan,nan,17.56630443220853,-8.118307029846179,nan,nan,nan,WEBOTS_UNKNOWN,ekf_on_cluster_on,1,1
1784378659.9081004,109.26138043403625,-200.0,93.34272814827568,0.2,0.5426933353841026,9.7289568620969,0.8417640228661671,-0.03984830811079562,1.1584571853212864,1784378659.843652,None,None,None, None, 1784378659.843652,1.0632048563518646,apf_waypoint,none,0.0,nan,nan,17.387963328335875,-8.426189106290423,nan,nan,nan,WEBOTS_UNKNOWN,ekf_on_cluster_on,1,1
1784378660.0971844,109.4504644870758,-200.0,87.0571386806599,0.2,0.54024832165984,9.777968391083931,0.8716615293070804,-0.06555943424367873,1.1494010419495355,1784378660.1052094,None,None,None, None, 1784378660.0941765,0.9593985310210659,apf_waypoint,none,0.0,nan,nan,17.24179369241486,-8.667179446437277,nan,nan,nan,WEBOTS_UNKNOWN,ekf_on_cluster_on,1,1
1784378660.2512474,109.6045274734497,-200.0,81.63569407320145,0.2,0.5335158853352986,9.826587400431547,0.9010738274567895,-0.09176321856359235,1.1247673570772536,1784378660.2502367,None,None,None, None, 1784378660.2296293,1.0609770385033839,apf_waypoint,none,0.0,nan,nan,16.75885683338022,-9.47117826029397,nan,nan,nan,WEBOTS_UNKNOWN,ekf_on_cluster_on,1,1
1784378660.408383,109.76166296005249,-200.0,91.19542493331784,0.2,0.531765695983505,9.753485576391379,0.865092764704166,-0.08190443960281904,1.1164889688873223,1784378660.3513105,9.745538639112052,0.8608601638989424,0.5493990371985031, 1784378660.279433, 1784378660.439393,0.9290236761954543,apf_waypoint,none,0.0,nan,nan,17.35029022400267,-8.459019385914031,nan,nan,nan,WEBOTS_UNKNOWN,ekf_on_cluster_on,1,1
1784378660.597915,109.95119500160217,-200.0,86.55483180698577,0.2,0.5286096785435744,9.792336855140723,0.88803081972274,-0.04889965689789563,1.1044790273433074,1784378660.5969143,None,None,None, None, 1784378660.520358,0.9817015513470301,apf_waypoint,none,0.0,nan,nan,17.250923449510026,-8.62370786647204,nan,nan,nan,WEBOTS_UNKNOWN,ekf_on_cluster_on,1,1
1784378660.9014964,110.25477647781372,-200.0,88.81906372572764,0.2,0.501874124004961,9.837453671635108,0.914541417924676,-0.2802726109366706,1.0373977600223712,1784378660.8362572,None,None,None, None, 1784378660.7787955,0.9258737379505971,apf_waypoint,none,0.0,nan,nan,17.02710152192809,-8.97999519832579,nan,nan,nan,WEBOTS_UNKNOWN,ekf_on_cluster_on,1,1
1784378661.1690245,110.52230453491211,-200.0,85.2805451982543,0.2,0.49000880958678333,9.88610181564188,0.9408443383566363,-0.05692210919187168,1.0185132172245068,1784378661.1680183,None,None,None, None, 1784378661.0497937,0.9084012836578904,apf_waypoint,none,0.0,nan,nan,17.08848364814692,-8.862630907750548,nan,nan,nan,WEBOTS_UNKNOWN,ekf_on_cluster_on,1,1
1784378661.3971517,110.75043177604675,-200.0,93.66753883204127,0.2,0.4727858257205374,9.86876091056137,0.9329924311167981,-0.09063730581169975,0.9978358816846005,1784378661.396151,9.862117898733183,0.9295993660407237,0.4545666264085284, 1784378661.29864, 1784378661.3529642,1.003649501916979,apf_waypoint,none,0.0,nan,nan,17.251336007187238,-8.541305870130458,nan,nan,nan,WEBOTS_UNKNOWN,ekf_on_cluster_on,1,1
1784378661.5572681,110.91054821014404,-200.0,88.81195174843722,0.2,0.46652076132012743,9.913809626408332,0.9559719716029633,-0.053018939865938114,0.9915592557128128,1784378661.5145357,None,None,None, None, 1784378661.4893184,1.083334896768769,apf_waypoint,none,0.0,nan,nan,17.267220441203275,-8.509147914738096,nan,nan,nan,WEBOTS_UNKNOWN,ekf_on_cluster_on,1,1
1784378661.8629732,111.21625328063965,-200.0,82.07934052204958,0.2,0.4616235466971792,9.962626675756722,0.9806171697832227,-0.056193601927303466,0.9777834963650632,1784378661.9072907,None,None,None, None, 1784378661.7408988,1.0305606258958224,apf_waypoint,none,0.0,nan,nan,17.267976245656293,-8.50761402388766,nan,nan,nan,WEBOTS_UNKNOWN,ekf_on_cluster_on,1,1
1784378662.2970123,111.65029239654541,-200.0,74.09547585039289,0.2,0.45682320511753366,10.012387670672934,1.0055056680948837,-0.06259885985883651,0.9478324412777992,1784378662.238144,None,None,None, None, 1784378662.2818563,1.0370351829634872,apf_waypoint,none,0.0,nan,nan,17.2666887399417,-8.510226786518121,nan,nan,nan,WEBOTS_UNKNOWN,ekf_on_cluster_on,1,1
1784378662.6105893,111.96386933326721,-200.0,88.86346479044315,0.2,0.4289482661722701,9.997731879607608,0.993815223276055,-0.06766225045788664,0.9245794792359422,1784378662.5818062,9.9913930154585,0.9902409179381023,0.3540395609893095, 1784378662.309571, 1784378662.600068,0.915217576775722,apf_waypoint,none,0.0,nan,nan,17.51590654293135,-7.984705253125793,nan,nan,nan,WEBOTS_UNKNOWN,ekf_on_cluster_on,1,1
1784378662.7993736,112.15265369415283,-200.0,83.24580529706043,0.2,0.4208763357908553,10.043233215987954,1.0147479021312265,-0.10676295368305713,0.9066007198533123,1784378662.750205,None,None,None, None, 1784378662.750205,0.9602672526591691,apf_waypoint,none,0.0,nan,nan,17.546598826741235,-7.917030353194502,nan,nan,nan,WEBOTS_UNKNOWN,ekf_on_cluster_on,1,1
1784378663.1199956,112.4732756614685,-200.0,76.04227073462476,0.2,0.4125268881671825,10.092615146281444,1.036896184880021,-0.08692408905187068,0.874937381765142,1784378663.1144693,None,None,None, None, 1784378663.0798852,0.9350630430541008,apf_waypoint,none,0.0,nan,nan,17.57660690665659,-7.850184051910626,nan,nan,nan,WEBOTS_UNKNOWN,ekf_on_cluster_on,1,1
1784378663.3724668,112.7257468700409,-200.0,94.7366803471468,0.2,0.3559320889914449,10.123131249835897,1.0388855698989476,-0.26563741693011006,0.8095811269189999,1784378663.3605049,10.119955732512178,1.0356727639136452,0.2554739946295266, 1784378663.323646, 1784378663.3625116,1.0738747615629536,apf_waypoint,none,0.0,nan,nan,17.989392988685186,-6.851586670154901,nan,nan,nan,WEBOTS_UNKNOWN,ekf_on_cluster_on,1,1
1784378663.565696,112.9189760684967,-200.0,89.38617339478128,0.2,0.3425521150483244,10.17432379752548,1.0575127528394024,-0.06402982355851349,0.8000150104844396,1784378663.5099058,None,None,None, None, 1784378663.4990094,0.9923019361087061,apf_waypoint,none,0.0,nan,nan,18.053241190385577,-6.681540430302395,nan,nan,nan,WEBOTS_UNKNOWN,ekf_on_cluster_on,1,1
1784378663.850757,113.20403695106506,-200.0,80.47097477355926,0.2,0.33425479671161906,10.227199853112154,1.076214362163352,-0.055817226575476685,0.786465848447605,1784378663.7526474,None,None,None, None, 1784378663.8607826,1.0574866399468985,apf_waypoint,none,0.0,nan,nan,18.081459435823117,-6.604795581294187,nan,nan,nan,WEBOTS_UNKNOWN,ekf_on_cluster_on,1,1
1784378664.1468408,113.5001208782196,-200.0,69.74846303868622,0.2,0.32533360352517543,10.280061583310157,1.0945898168607755,-0.08497218617410772,0.7627511900024545,1784378664.195581,None,None,None, None, 1784378664.1578677,1.0619185544414158,apf_waypoint,none,0.0,nan,nan,18.113283304856626,-6.517013727007348,nan,nan,nan,WEBOTS_UNKNOWN,ekf_on_cluster_on,1,1
1784378664.4304678,113.78374791145325,-200.0,102.04828454274686,0.2,0.27131825057302567,10.26343913385873,1.0730419083231628,-0.18822379699633926,0.7138048820133561,1784378664.2917778,10.256647226832854,1.069174743476355,0.15481351030534451, 1784378664.331785, 1784378664.4605982,0.9607036736817007,apf_waypoint,none,0.0,nan,nan,18.464052904740583,-5.44437786445255,nan,nan,nan,WEBOTS_UNKNOWN,ekf_on_cluster_on,1,1
1784378664.7461622,114.09944224357605,-200.0,106.60214066176016,0.2,0.2265982270683689,10.312218884431276,1.0863973615310636,-0.4157183943756219,0.568172453612567,1784378664.7617197,None,None,None, None, 1784378664.762718,1.0081348066667286,apf_waypoint,none,0.0,nan,nan,18.675019893344174,-4.669703629053912,nan,nan,nan,WEBOTS_UNKNOWN,ekf_on_cluster_on,1,1
1784378664.9031165,114.25639653205872,-200.0,101.85555649921665,0.2,0.2054643964431108,10.36698091824756,1.0981179725953842,-0.05823039468882936,0.5536167847062664,1784378664.8920598,None,None,None, None, 1784378664.8641508,1.0172109222153463,apf_waypoint,none,0.0,nan,nan,18.75772128576782,-4.325551082284519,nan,nan,nan,WEBOTS_UNKNOWN,ekf_on_cluster_on,1,1
1784378665.1283789,114.48165893554688,-200.0,91.31574447511548,0.2,0.19356875953427258,10.423320846329137,1.1094259444153263,-0.04731928054792208,0.5462815981038247,1784378665.0470746,None,None,None, None, 1784378665.1105072,1.0067618336693913,apf_waypoint,none,0.0,nan,nan,18.63870822119285,-4.958814449756578,nan,nan,nan,WEBOTS_UNKNOWN,ekf_on_cluster_on,1,1
1784378665.2966762,114.64995622634888,-200.0,168.64284966172437,0.2,0.12724063994927715,10.479397209583704,1.1202903043941266,-0.5817011007159174,0.4270908885675895,1784378665.2519748,None,None,None, None, 1784378665.2292037,0.9427136196307933,apf_waypoint,none,0.0,nan,nan,18.9081614153757,-3.8447071722938753,nan,nan,nan,WEBOTS_UNKNOWN,ekf_on_cluster_on,1,1
1784378665.6129346,114.96621465682983,-200.0,180.6493882877304,0.2,0.0819067778148558,10.403994440957167,1.0910921548113215,-0.16214944418765104,0.3814282135919243,1784378665.5335834,10.394884297430169,1.0887407950581052,0.0613218756370868, 1784378665.34273, 1784378665.477918,0.9574935414754691,apf_waypoint,none,0.0,nan,nan,19.15048847656284,-1.9548122950897129,nan,nan,nan,WEBOTS_UNKNOWN,ekf_on_cluster_on,1,1
1784378665.93129,115.28456997871399,-200.0,185.47569310837608,0.2,0.05839606032861155,10.460579758679778,1.094690847808837,-0.04750254450617705,0.3666284041159452,1784378665.8451416,None,None,None, None, 1784378665.9207451,0.976359957079526,apf_waypoint,none,0.0,nan,nan,19.18957708128189,-1.5240181893733502,nan,nan,nan,WEBOTS_UNKNOWN,ekf_on_cluster_on,1,1
1784378666.21089,115.5641701221466,-200.0,188.0434967276838,0.2,0.045027958454678364,10.525804597306218,1.097774136403346,-0.025792283192403773,0.35851891781337103,1784378666.1595569,None,None,None, None, 1784378666.1893163,1.0273177460065774,apf_waypoint,none,0.0,nan,nan,19.20696742322495,-1.2864301003845744,nan,nan,nan,WEBOTS_UNKNOWN,ekf_on_cluster_on,1,1
1784378666.4600866,115.81336665153503,-200.0,190.9941093383285,0.2,0.030318967580438897,10.559999117734225,1.0974325441721318,-0.02113512024523662,0.3535041299350155,1784378666.4796875,10.554654588208367,1.0969611997680617,0.008186569157222046, 1784378666.35273, 1784378666.4481611,0.9592579752299397,apf_waypoint,none,0.0,nan,nan,19.22371936460176,-1.0055415411783393,nan,nan,nan,WEBOTS_UNKNOWN,ekf_on_cluster_on,1,1
1784378666.6329985,115.98627853393555,-200.0,192.38465897834996,0.2,0.022536328935046864,10.626714859208402,1.0991872359786248,-0.03749274115648455,0.34539254562262867,1784378666.6131804,None,None,None, None, 1784378666.5977442,1.011155200534973,apf_waypoint,none,0.0,nan,nan,19.230328040118597,-0.8700479696134017,nan,nan,nan,WEBOTS_UNKNOWN,ekf_on_cluster_on,1,1
1784378666.9681761,116.32145619392395,-200.0,193.25013544028172,0.2,0.017431662545493425,10.695095762652837,1.1004988863849565,-0.018080808052813892,0.33922300975926867,1784378666.9544005,None,None,None, None, 1784378666.9661756,0.9855388391717542,apf_waypoint,none,0.0,nan,nan,19.220863240062016,-1.5382828402906015,nan,nan,nan,WEBOTS_UNKNOWN,ekf_on_cluster_on,1,1
1784378667.2658117,116.61909174919128,-200.0,193.90918744851217,0.2,0.013396973827102407,10.763844324257715,1.101542686417151,-0.01819558030525992,0.33363004431808574,1784378667.261781,None,None,None, None, 1784378667.257262,0.9923453369432483,apf_waypoint,none,0.0,nan,nan,19.226362790105423,-1.480569624278403,nan,nan,nan,WEBOTS_UNKNOWN,ekf_on_cluster_on,1,1
1784378667.5128922,116.86617231369019,-200.0,196.10581081330054,0.2,0.0029553928886080125,10.714382918828615,1.0979684102310392,-0.017560438584338846,0.3292379794668421,1784378667.5118923,10.70281158508707,1.0975400729111968,6.262492304828714, 1784378667.351397, 1784378667.4184358,0.9148426696172101,apf_waypoint,none,0.0,nan,nan,19.24358799419945,-0.4968109393952774,nan,nan,nan,WEBOTS_UNKNOWN,ekf_on_cluster_on,1,1
1784378667.6776528,117.0309329032898,-200.0,196.76162209904845,0.2,6.282278503312263,10.776187602792307,1.0980573748773672,-0.023685668474419115,0.3268906988110418,1784378667.6109936,None,None,None, None, 1784378667.6672058,1.0674058083434064,apf_waypoint,none,0.0,nan,nan,19.245211893890076,-0.429324072551266,nan,nan,nan,WEBOTS_UNKNOWN,ekf_on_cluster_on,1,1
1784378667.9523675,117.30564761161804,-200.0,197.7734422798583,0.2,6.276475635583275,10.84408293852339,1.0978847590409586,-0.040616124075979636,0.3176171526309161,1784378667.9693124,None,None,None, None, 1784378667.918247,0.9693644929805646,apf_waypoint,none,0.0,nan,nan,19.247270850846487,-0.32413699905304755,nan,nan,nan,WEBOTS_UNKNOWN,ekf_on_cluster_on,1,1
1784378668.1591897,117.51246976852417,-200.0,198.3820911995091,0.2,6.27291119229051,10.913262091618714,1.0972527361606375,-0.012375468266304115,0.314210277362972,1784378668.114608,None,None,None, None, 1784378668.1581893,0.9428687922915139,apf_waypoint,none,0.0,nan,nan,19.248241046631907,-0.2602241548255669,nan,nan,nan,WEBOTS_UNKNOWN,ekf_on_cluster_on,1,1
1784378668.442975,117.79625511169434,-200.0,200.0,0.2,6.262882545482668,10.881172586103828,1.0934867392011616,-0.01059121895938095,0.3107430484469982,1784378668.4419763,10.871077487750743,1.0931951383431169,6.238361743697827, 1784378668.358833, 1784378668.4319398,1.0128066155716622,apf_waypoint,none,0.0,nan,nan,19.249944986193675,-0.046022043815847444,nan,nan,nan,WEBOTS_UNKNOWN,ekf_on_cluster_on,1,1
1784378668.7064323,118.05971240997314,-200.0,200.0,0.2,6.260133791739136,10.945155447751151,1.0920970232292042,-0.01332642909292203,0.3074085435050883,1784378668.6921937,None,None,None, None, 1784378668.672535,0.9579815662121977,apf_waypoint,none,0.0,nan,nan,19.249998870380622,0.006594720970661654,nan,nan,nan,WEBOTS_UNKNOWN,ekf_on_cluster_on,1,1
1784378669.0052562,118.35853624343872,-200.0,200.0,0.2,6.258307865084532,11.013867187515547,1.0904239061595717,-0.0056407145948232625,0.30565411120160013,1784378669.003224,None,None,None, None, 1784378668.8526704,1.052397095659467,apf_waypoint,none,0.0,nan,nan,19.249953554140543,0.042286681494619775,nan,nan,nan,WEBOTS_UNKNOWN,ekf_on_cluster_on,1,1
1784378669.3579926,118.71127271652222,-200.0,200.0,0.2,6.256537061550401,11.083400649582352,1.0886298603756615,-0.008578018228908704,0.30296745342173587,1784378669.3164265,None,None,None, None, 1784378669.3476224,1.052243631971323,apf_waypoint,none,0.0,nan,nan,19.24984423823643,0.07743903173240943,nan,nan,nan,WEBOTS_UNKNOWN,ekf_on_cluster_on,1,1
1784378669.626243,118.97952318191528,-198.33796951677303,200.0,0.2,6.247900202448778,11.05640576736581,1.0848989695024143,-0.005307270635331695,0.30188174983733174,1784378669.627245,11.046829096468064,1.084718990531308,6.223543670554316, 1784378669.360498, 1784378669.5346048,0.9304570185958478,apf_waypoint,none,0.0,nan,nan,19.24817762602792,0.2648736998614298,nan,nan,nan,WEBOTS_UNKNOWN,ekf_on_cluster_on,1,1
1784378669.8895872,119.24286723136902,-197.8549471447693,200.0,0.2,6.245505554253677,11.12066174393339,1.0825798154046282,-0.016256484460650925,0.2997252202994453,1784378669.9006438,None,None,None, None, 1784378669.8574674,0.9390036380293808,apf_waypoint,none,0.0,nan,nan,19.247412618720606,0.3156065346516422,nan,nan,nan,WEBOTS_UNKNOWN,ekf_on_cluster_on,1,1
1784378670.1522179,119.50549793243408,-197.5043175652654,200.0,0.2,6.243917941136016,11.189164896483682,1.0799173537496891,-0.004514179282869322,0.29838043677862497,1784378670.0578036,None,None,None, None, 1784378670.17203,0.9885414605815186,apf_waypoint,none,0.0,nan,nan,19.246777001715973,0.3522428795831742,nan,nan,nan,WEBOTS_UNKNOWN,ekf_on_cluster_on,1,1
1784378670.3365114,119.68979144096375,-197.39379461008284,200.0,0.2,6.243675020190788,11.258363271907196,1.0771359101355813,0.00542818744870688,0.29987551448747896,1784378670.3332322,None,None,None, None, 1784378670.3042936,0.9232717561404234,apf_waypoint,none,0.0,nan,nan,19.24656280958706,0.3637581842655095,nan,nan,nan,WEBOTS_UNKNOWN,ekf_on_cluster_on,1,1
1784378670.4766204,119.82990050315857,-196.10275583885306,200.0,0.2,6.237665438451234,11.227340001387383,1.0743022232792871,0.0014266296653101316,0.3000671550598307,1784378670.4675632,11.217404978068242,1.0742953767667096,6.218253700586707, 1784378670.369193, 1784378670.4417326,1.0702686928316474,apf_waypoint,none,0.0,nan,nan,19.243579907624593,0.497124067881515,nan,nan,nan,WEBOTS_UNKNOWN,ekf_on_cluster_on,1,1
1784378670.7275317,120.0808117389679,-196.07968219528743,200.0,0.2,6.237991399905818,11.29089599998013,1.0713850658296167,0.007018259183646842,0.30093973553148223,1784378670.7310565,None,None,None, None, 1784378670.728538,1.0130502355310846,apf_waypoint,none,0.0,nan,nan,19.24351867619446,0.49948869752483366,nan,nan,nan,WEBOTS_UNKNOWN,ekf_on_cluster_on,1,1
1784378670.9727528,120.32603287696838,-196.1386683401285,200.0,0.2,6.238791693165928,11.359047224722541,1.0683029470140408,0.007074180582281233,0.30355237468151475,1784378670.9612136,None,None,None, None, 1784378670.9536502,0.9283280308653319,apf_waypoint,none,0.0,nan,nan,19.243674664983097,0.4934423859862405,nan,nan,nan,WEBOTS_UNKNOWN,ekf_on_cluster_on,1,1
1784378671.1485436,120.50182366371155,-196.20334717118354,200.0,0.2,6.239631932700265,11.428032922522588,1.0652384091189793,0.008738943116657367,0.30452673996986557,1784378671.0727105,None,None,None, None, 1784378671.0657778,0.9655825311731623,apf_waypoint,none,0.0,nan,nan,19.24384364758385,0.48680762868567695,nan,nan,nan,WEBOTS_UNKNOWN,ekf_on_cluster_on,1,1
1784378671.4074616,120.76074171066284,-195.72280860676554,200.0,0.2,6.237587047201776,11.385730917291147,1.0641658271192478,0.008628883210561489,0.30715552365731164,1784378671.3773599,11.374695464090628,1.0643562040367585,6.226882532074283, 1784378671.379365, 1784378671.3899045,0.9448320226488862,apf_waypoint,none,0.0,nan,nan,19.242536910385667,0.5359787798458941,nan,nan,nan,WEBOTS_UNKNOWN,ekf_on_cluster_on,1,1
1784378671.5717032,120.92498326301575,-195.87125406991368,200.0,0.2,6.2388601488800735,11.448218496339834,1.0613322646858734,0.010100148056263228,0.30846051557862647,1784378671.506565,None,None,None, None, 1784378671.50907,0.9932180507170731,apf_waypoint,none,0.0,nan,nan,19.242953186585616,0.5208192189948794,nan,nan,nan,WEBOTS_UNKNOWN,ekf_on_cluster_on,1,1
1784378671.796487,121.14976716041565,-196.06435891453688,200.0,0.2,6.240407131286254,11.516120087708746,1.0583472485814411,0.011232957765898902,0.3113567776390844,1784378671.7644012,None,None,None, None, 1784378671.7844718,1.0905790723001083,apf_waypoint,none,0.0,nan,nan,19.157533582665426,0.4988208904242192,nan,nan,nan,WEBOTS_UNKNOWN,ekf_on_cluster_on,1,1
1784378671.9512348,121.30451488494873,-196.60973694052421,200.0,0.2,6.2438357782424765,11.585064875721361,1.0554309792374426,0.027386062122920118,0.3149259793466557,1784378671.8947303,None,None,None, None, 1784378671.904254,0.974194684000262,apf_waypoint,none,0.0,nan,nan,18.779597471728344,0.4342433864926997,nan,nan,nan,WEBOTS_UNKNOWN,ekf_on_cluster_on,1,1
1784378672.2143197,121.56759977340698,-198.5855922190219,200.0,0.2,6.255004654199908,11.654234373777681,1.05279374799915,0.09095873069808902,0.3385438250825318,1784378672.1543849,None,None,None, None, 1784378672.2017791,0.9319712602542856,apf_waypoint,none,0.0,nan,nan,18.402586185338397,0.2282532709746811,nan,nan,nan,WEBOTS_UNKNOWN,ekf_on_cluster_on,1,1
1784378672.4494286,121.80270862579346,-198.93313738811975,200.0,0.2,6.2567287980644775,11.564420302369022,1.0548576581291595,0.011039090372809883,0.3415162624182765,1784378672.4236495,11.554004016941306,1.0551011870325857,6.246439202858273, 1784378672.391295, 1784378672.437394,1.0003664910124623,apf_waypoint,none,0.0,nan,nan,18.89705718424595,0.19824410100450884,nan,nan,nan,WEBOTS_UNKNOWN,ekf_on_cluster_on,1,1
1784378672.6111856,121.96446561813354,-199.58176348779295,200.0,0.2,6.260459891580325,11.6245021559585,1.0534277894116642,0.010213118991800102,0.3427096862589013,1784378672.6641765,None,None,None, None, 1784378672.667183,0.9724344504511817,apf_waypoint,none,0.0,nan,nan,18.56712174401857,0.12808947283977487,nan,nan,nan,WEBOTS_UNKNOWN,ekf_on_cluster_on,1,1
1784378672.8536744,122.20695447921753,-200.0,200.0,0.2,6.263259762213015,11.692281748500346,1.0520104020674985,0.010167214301975442,0.3453219303843413,1784378672.7974298,None,None,None, None, 1784378672.8054464,0.9467821863643756,apf_waypoint,none,0.0,nan,nan,18.194538521291438,0.0764700749529773,nan,nan,nan,WEBOTS_UNKNOWN,ekf_on_cluster_on,1,1
1784378673.1684957,122.52177572250366,-200.0,200.0,0.2,6.271319358439911,11.76168364422508,1.0507231782374369,0.06275087688659237,0.3621453671329533,1784378673.0655286,None,None,None, None, 1784378673.1735334,1.0460605488691526,apf_waypoint,none,0.0,nan,nan,17.812796343594382,-0.0676214725435636,nan,nan,nan,WEBOTS_UNKNOWN,ekf_on_cluster_on,1,1
1784378673.557521,122.91080117225647,-200.0,200.0,0.2,6.271581083306587,11.718692682615231,1.04987377129917,0.008709180373109849,0.3662371559811355,1784378673.5353534,11.70753935477374,1.0498488947490072,6.259950125886162, 1784378673.391769, 1784378673.5006142,1.0001319182431891,apf_waypoint,none,0.0,nan,nan,18.049158193677382,-0.06486833779444041,nan,nan,nan,WEBOTS_UNKNOWN,ekf_on_cluster_on,1,1
1784378673.7930462,123.14632630348206,-200.0,199.26517782975816,0.2,6.276531567113353,11.781761038497006,1.0492724030183016,0.02907951418684051,0.3725604311366784,1784378673.7528012,None,None,None, None, 1784378673.6846426,1.0312060005460162,apf_waypoint,none,0.0,nan,nan,17.70172561166837,-0.1532197964196697,nan,nan,nan,WEBOTS_UNKNOWN,ekf_on_cluster_on,1,1
1784378674.1064482,123.4597282409668,-200.0,198.70421440310798,0.2,6.279388791828148,11.850213244872405,1.048975073873189,0.006153280403883574,0.3743184840067411,1784378674.038511,None,None,None, None, 1784378674.0798135,0.9864720037719019,apf_waypoint,none,0.0,nan,nan,17.324724942563055,-0.2035909473336727,nan,nan,nan,WEBOTS_UNKNOWN,ekf_on_cluster_on,1,1
1784378674.3344812,123.6877613067627,-200.0,198.30432349853035,0.2,6.281282972972767,11.919582897018218,1.0488180903653515,0.0044915300796294615,0.37546670852840475,1784378674.2941532,None,None,None, None, 1784378674.3465283,0.9171298343282018,apf_waypoint,none,0.0,nan,nan,16.94277418585275,-0.23626912507129225,nan,nan,nan,WEBOTS_UNKNOWN,ekf_on_cluster_on,1,1
1784378674.5206842,123.87396430969238,-200.0,198.87432016317732,0.2,-0.004102673384214669,11.88572225066778,1.0464599257532547,0.002268390473882144,0.37598056935605445,1784378674.5206842,11.875541256212994,1.0462332599605615,6.268019903224916, 1784378674.401411, 1784378674.4604979,0.9901842857339032,apf_waypoint,none,0.0,nan,nan,17.129431819963433,-0.18525488387265537,nan,nan,nan,WEBOTS_UNKNOWN,ekf_on_cluster_on,1,1
1784378674.6706834,124.0239634513855,-200.0,198.68870775231855,0.2,6.279864241220003,11.949432004718402,1.0462417591524371,0.000851433633067379,0.3760762193877874,1784378674.6330242,None,None,None, None, 1784378674.669678,0.9358023867082336,apf_waypoint,none,0.0,nan,nan,16.77887609122453,-0.19860711881123666,nan,nan,nan,WEBOTS_UNKNOWN,ekf_on_cluster_on,1,1
1784378674.7506614,124.10394144058228,-200.0,198.54576403196003,0.2,6.280367077867769,12.017958137087232,1.0460449963511849,0.000687520651231292,0.3761426006456951,1784378674.7295759,None,None,None, None, 1784378674.669678,0.9358023867082336,apf_waypoint,none,0.0,nan,nan,16.40187882188917,-0.20702410759077852,nan,nan,nan,WEBOTS_UNKNOWN,ekf_on_cluster_on,1,1
1784378674.9373293,124.29060935974121,-200.0,198.4500688011916,0.2,6.280583589568194,12.087322746909184,1.0458721733969014,-0.0007708094785826507,0.3759939909326065,1784378674.9223728,None,None,None, None, 1784378674.891822,1.0519848949169939,apf_waypoint,none,0.0,nan,nan,16.020327078482758,-0.21061734643164845,nan,nan,nan,WEBOTS_UNKNOWN,ekf_on_cluster_on,1,1
1784378675.2029688,124.55624890327454,-200.0,198.4057598314534,0.2,6.280500173898001,12.156796169495005,1.045705728256678,-0.0024209905216419254,0.3753176074730149,1784378675.2017558,None,None,None, None, 1784378675.159651,1.0724771407318308,apf_waypoint,none,0.0,nan,nan,15.638239686686187,-0.20939155287194605,nan,nan,nan,WEBOTS_UNKNOWN,ekf_on_cluster_on,1,1
1784378675.386382,124.73966217041016,-200.0,198.42207377591185,0.2,6.280075451431683,12.226279573792713,1.0455191556068875,-0.003031921030463423,0.3750255962322395,1784378675.391501,None,None,None, None, 1784378675.3573844,1.0485912685610106,apf_waypoint,none,0.0,nan,nan,15.256167142652092,-0.20291193443293157,nan,nan,nan,WEBOTS_UNKNOWN,ekf_on_cluster_on,1,1
1784378675.60415,124.95743012428284,-200.0,199.4262469590903,0.2,6.276108769060276,12.058633587660868,1.0436502787486117,-0.006935349724673151,0.3729132391734351,1784378675.6026464,12.047877767514365,1.04357531206853,6.266726163259139, 1784378675.417149, 1784378675.5663657,1.049518978927444,apf_waypoint,none,0.0,nan,nan,16.178809102229454,-0.12559067395131782,nan,nan,nan,WEBOTS_UNKNOWN,ekf_on_cluster_on,1,1
1784378675.7856958,125.13897585868835,-200.0,199.5345544269637,0.2,6.275366050733578,12.113222381346523,1.0432480343403512,-0.004563090201989986,0.3722270171203871,1784378675.7530317,None,None,None, None, 1784378675.7212877,1.048948200200366,apf_waypoint,none,0.0,nan,nan,15.878651432727942,-0.1137096826286253,nan,nan,nan,WEBOTS_UNKNOWN,ekf_on_cluster_on,1,1
1784378675.9530354,125.3063154220581,-200.0,199.66184595558167,0.2,6.274497541890332,12.179434381553564,1.042709014426734,-0.005385973837046944,0.3711551884178767,1784378675.9520354,None,None,None, None, 1784378675.9191344,0.9649603252479185,apf_waypoint,none,0.0,nan,nan,15.514566188281131,-0.10011814358824427,nan,nan,nan,WEBOTS_UNKNOWN,ekf_on_cluster_on,1,1
1784378676.250609,125.60388898849487,-200.0,199.79544159003098,0.2,6.27360061577315,12.24854695251952,1.042082601428504,-0.0051036181053308195,0.36964927390017654,1784378676.2471035,None,None,None, None, 1784378676.2516146,0.9268086391964678,apf_waypoint,none,0.0,nan,nan,15.134515044562054,-0.08640084120706909,nan,nan,nan,WEBOTS_UNKNOWN,ekf_on_cluster_on,1,1
1784378676.485999,125.83927917480469,-200.0,200.0,0.2,6.268186676010418,12.227718555608098,1.0405167483172653,-0.017990226695576383,0.3671070410735618,1784378676.503047,12.21882658334119,1.0404310736165687,6.258731160837676, 1784378676.429572, 1784378676.503047,1.0921489865142904,apf_waypoint,none,0.0,nan,nan,15.249175141608031,0.005866722495020668,nan,nan,nan,WEBOTS_UNKNOWN,ekf_on_cluster_on,1,1
1784378676.8562732,126.20955324172974,-200.0,200.0,0.2,6.265159354539194,12.292571670935287,1.0394813236994267,-0.021034750003715512,0.3576366081569763,1784378676.8386433,None,None,None, None, 1784378676.799447,1.0829480426525824,apf_waypoint,none,0.0,nan,nan,14.892350670095347,0.051295323301581194,nan,nan,nan,WEBOTS_UNKNOWN,ekf_on_cluster_on,1,1
1784378677.1191611,126.47244119644165,-199.8342590736862,200.0,0.2,6.263237055887901,12.361462112848695,1.038145236533719,-0.005856010064778645,0.3561795307015119,1784378677.0874608,None,None,None, None, 1784378677.115652,1.031509522180661,apf_waypoint,none,0.0,nan,nan,14.513255925116331,0.0797119339813874,nan,nan,nan,WEBOTS_UNKNOWN,ekf_on_cluster_on,1,1
1784378677.3541696,126.70744967460632,-199.57568690195328,200.0,0.2,6.261971974971512,12.431009711549985,1.0366900606056362,-0.003432731666422874,0.35538259149621804,1784378677.3196197,None,None,None, None, 1784378677.3416271,0.9229962565414008,apf_waypoint,none,0.0,nan,nan,14.130547972005198,0.09796023410726656,nan,nan,nan,WEBOTS_UNKNOWN,ekf_on_cluster_on,1,1
1784378677.532015,126.88529515266418,-198.89226137985537,200.0,0.2,6.25866424646864,12.398474556276181,1.0359172578128133,-0.003800767100290178,0.35484984303880257,1784378677.5819082,12.388461172603424,1.0359908822184456,6.251413288548092, 1784378677.441735, 1784378677.4679005,1.0856657749975005,apf_waypoint,none,0.0,nan,nan,14.308931989872494,0.15333620797950534,nan,nan,nan,WEBOTS_UNKNOWN,ekf_on_cluster_on,1,1
1784378677.8017077,127.15498781204224,-198.70008918184902,200.0,0.2,6.257890572826523,12.462331001452105,1.034314231581952,-0.0018319004289644887,0.35437412197267787,1784378677.8112307,None,None,None, None, 1784378677.7645288,1.0919815493711917,apf_waypoint,none,0.0,nan,nan,13.957487986259238,0.16433760069800493,nan,nan,nan,WEBOTS_UNKNOWN,ekf_on_cluster_on,1,1
1784378677.956803,127.31008315086365,-198.55560463728673,200.0,0.2,6.25743585334571,12.530871395613353,1.0325503172903296,-0.00035466204820385605,0.35430025487542804,1784378677.92775,None,None,None, None, 1784378677.8976254,0.9681699155753647,apf_waypoint,none,0.0,nan,nan,13.580314832261964,0.17067688292880512,nan,nan,nan,WEBOTS_UNKNOWN,ekf_on_cluster_on,1,1
1784378678.1719499,127.52522993087769,-198.4611299618269,200.0,0.2,6.257289725145373,12.600219622119432,1.0307430790992527,0.0012406566092913423,0.35457591654322007,1784378678.1499403,None,None,None, None, 1784378678.1057248,1.0815973955942726,apf_waypoint,none,0.0,nan,nan,13.198745010174054,0.17272195964004547,nan,nan,nan,WEBOTS_UNKNOWN,ekf_on_cluster_on,1,1
1784378678.4352314,127.7885115146637,-198.43953765601572,200.0,0.2,6.25756667704474,12.669671979863995,1.028932015881935,0.0039231590224911945,0.3555847556945868,1784378678.40709,None,None,None, None, 1784378678.449273,1.018909792498292,apf_waypoint,none,0.0,nan,nan,12.816674561915152,0.16923917667042868,nan,nan,nan,WEBOTS_UNKNOWN,ekf_on_cluster_on,1,1
1784378678.5981493,127.95142936706543,-198.2091488602441,200.0,0.2,6.256204425906465,12.565809032081056,1.030468582255383,0.002911958771315809,0.3559035150059271,1784378678.5165555,12.5544784521369,1.0306853878958366,6.251059381584228, 1784378678.455376, 1784378678.5523267,0.9023175551217858,apf_waypoint,none,0.0,nan,nan,13.38769841541406,0.19366136089862251,nan,nan,nan,WEBOTS_UNKNOWN,ekf_on_cluster_on,1,1
1784378678.839176,128.19245600700378,-198.21773892659644,200.0,0.2,6.256608644572476,12.624469659941491,1.0288854826524363,0.004505543262251378,0.35733175786008536,1784378678.8335524,None,None,None, None, 1784378678.821009,0.9797425102812244,apf_waypoint,none,0.0,nan,nan,13.065024707319877,0.18838024957382413,nan,nan,nan,WEBOTS_UNKNOWN,ekf_on_cluster_on,1,1
1784378679.0142486,128.3675286769867,-198.267230896533,200.0,0.2,6.257295660757349,12.691722246232477,1.0271062855497348,0.005429121534395914,0.35819559741315593,1784378678.9926646,None,None,None, None, 1784378678.929341,1.0416260414775769,apf_waypoint,none,0.0,nan,nan,12.69513245929314,0.1796113956455443,nan,nan,nan,WEBOTS_UNKNOWN,ekf_on_cluster_on,1,1
1784378679.2073634,128.56064343452454,-198.3688535230121,200.0,0.2,6.258281812173173,12.760839982626962,1.025331483610131,0.007272204543204176,0.3593293722567688,1784378679.1485698,None,None,None, None, 1784378679.1605985,1.0163120277969742,apf_waypoint,none,0.0,nan,nan,12.315030666671909,0.16738434727860402,nan,nan,nan,WEBOTS_UNKNOWN,ekf_on_cluster_on,1,1
1784378679.5776684,128.93094849586487,-198.5244972339678,200.0,0.2,6.259241217809453,12.731760680942513,1.0254191732564906,0.006642712062772832,0.36120536212101806,1784378679.430983,12.72200805866684,1.0255966919227517,6.258980286371531, 1784378679.460584, 1784378679.5162306,1.0568208349780608,apf_waypoint,none,0.0,nan,nan,12.475087449559178,0.1589161671936339,nan,nan,nan,WEBOTS_UNKNOWN,ekf_on_cluster_on,1,1
1784378679.8443809,129.19766092300415,-198.6889844855882,200.0,0.2,6.260503182139102,12.795776958064113,1.0239111670968413,0.008868643046553088,0.3647374988859816,1784378679.8292556,None,None,None, None, 1784378679.8031664,0.9927260797176505,apf_waypoint,none,0.0,nan,nan,12.123090995479366,0.14347937603056646,nan,nan,nan,WEBOTS_UNKNOWN,ekf_on_cluster_on,1,1
1784378679.9991848,129.3524649143219,-198.85744014003006,200.0,0.2,6.261793814841819,12.864353833225415,1.0223907283914997,0.007663007981261055,0.36554259902609504,1784378679.9343188,None,None,None, None, 1784378680.0142682,0.9059814537987299,apf_waypoint,none,0.0,nan,nan,11.746000686537723,0.1281256288021019,nan,nan,nan,WEBOTS_UNKNOWN,ekf_on_cluster_on,1,1
1784378680.2991254,129.652405500412,-199.0525444264369,200.0,0.2,6.263218332069768,12.933748246605301,1.0209434087676499,0.008603265372213497,0.36837449681847856,1784378680.2634842,None,None,None, None, 1784378680.282062,1.0957738403381616,apf_waypoint,none,0.0,nan,nan,11.364419160004644,0.1117315207895198,nan,nan,nan,WEBOTS_UNKNOWN,ekf_on_cluster_on,1,1
1784378680.5930846,129.94636464118958,-199.63187852757846,200.0,0.2,6.266177526499684,12.891152964939593,1.021907329146462,0.010175376286279507,0.37125192542299323,1784378680.5462677,12.88010381089769,1.0221350517932593,6.270366866019136, 1784378680.461094, 1784378680.5462677,0.9218990938275294,apf_waypoint,none,0.0,nan,nan,11.599030366540896,0.07678504901680297,nan,nan,nan,WEBOTS_UNKNOWN,ekf_on_cluster_on,1,1
1784378680.8780174,130.23129749298096,-200.0,200.0,0.2,6.271135013332918,12.954210469090452,1.0208805556097005,0.04346130223698694,0.38553937840890784,1784378680.8750074,None,None,None, None, 1784378680.8735034,0.992759872073983,apf_waypoint,none,0.0,nan,nan,11.252409351299086,0.020750008256759638,nan,nan,nan,WEBOTS_UNKNOWN,ekf_on_cluster_on,1,1
1784378681.1034808,130.4567608833313,-200.0,200.0,0.2,6.276066945607814,13.022743049121448,1.0202017005889719,0.027619541672701354,0.39164236083524556,1784378681.0959735,None,None,None, None, 1784378681.1034808,1.0064379157174048,apf_waypoint,none,0.0,nan,nan,10.875428619113666,-0.03369562755747994,nan,nan,nan,WEBOTS_UNKNOWN,ekf_on_cluster_on,1,1
1784378681.2646585,130.61793851852417,-200.0,199.7334932789728,0.2,6.278827371751608,13.092268790261311,1.0198640504090886,0.006316796389845973,0.39239018429548633,1784378681.21436,None,None,None, None, 1784378681.2163718,1.0353586652000586,apf_waypoint,none,0.0,nan,nan,10.492898131689678,-0.06352565270490201,nan,nan,nan,WEBOTS_UNKNOWN,ekf_on_cluster_on,1,1
1784378681.5664227,130.9197027683258,-200.0,199.35063836976812,0.2,6.280875359888031,13.067008523231541,1.0202813750057065,0.0045411738165746654,0.3938645837858273,1784378681.5390337,13.057612856270014,1.0203425892332179,6.281620381575231, 1784378681.464614, 1784378681.5460753,0.9804028589192553,apf_waypoint,none,0.0,nan,nan,10.631682427045867,-0.08698919042538338,nan,nan,nan,WEBOTS_UNKNOWN,ekf_on_cluster_on,1,1
1784378681.7182884,131.0715684890747,-200.0,199.0358760321374,0.2,6.282299925180752,13.13153650760468,1.0201966539375888,0.004098078478555302,0.39437064220821666,1784378681.6625204,None,None,None, None, 1784378681.6449628,0.9493574059534862,apf_waypoint,none,0.0,nan,nan,10.276643529907693,-0.10198288262792392,nan,nan,nan,WEBOTS_UNKNOWN,ekf_on_cluster_on,1,1
1784378681.989328,131.3426079750061,-200.0,198.77007788173154,0.2,0.0001727285935303184,13.200267374607385,1.0201864555396014,0.003375921060282483,0.39545864829947885,1784378681.9848046,None,None,None, None, 1784378681.9868155,0.9297045162614761,apf_waypoint,none,0.0,nan,nan,9.898510114717931,-0.1127352628712045,nan,nan,nan,WEBOTS_UNKNOWN,ekf_on_cluster_on,1,1
1784378682.1466277,131.4999077320099,-200.0,198.54704413488435,0.2,0.0009182676534056401,13.269687080937526,1.0202386845569364,0.0019731574421460703,0.3956428428861708,1784378682.0781548,None,None,None, None, 1784378682.1717362,0.9540672460547203,apf_waypoint,none,0.0,nan,nan,9.516614827623412,-0.12005161401584873,nan,nan,nan,WEBOTS_UNKNOWN,ekf_on_cluster_on,1,1
1784378682.417696,131.77097606658936,-200.0,198.35867188140418,0.2,0.0014042788639822357,13.33917888852293,1.0203336240580398,0.000771920249036525,0.3958350939654791,1784378682.3272104,None,None,None, None, 1784378682.4156883,1.0821611711696977,apf_waypoint,none,0.0,nan,nan,9.134350059116365,-0.12466222574446868,nan,nan,nan,WEBOTS_UNKNOWN,ekf_on_cluster_on,1,1
1784378682.6380448,131.9913249015808,-200.0,198.42205844681456,0.2,0.0018107774792286272,13.238166215470574,1.0202423245800043,-0.0005381253435592627,0.395694559643945,1784378682.5883658,13.227015090032978,1.0202284414891538,0.002337182769180046, 1784378682.480891, 1784378682.6728134,1.021333976421722,apf_waypoint,none,0.0,nan,nan,9.689868329641985,-0.1288791822411735,nan,nan,nan,WEBOTS_UNKNOWN,ekf_on_cluster_on,1,1
1784378682.8293343,132.18261432647705,-200.0,198.32904320215326,0.2,0.0018517747812975324,13.297147937507628,1.0203622887518975,-0.0019477407924140774,0.39546833577802387,1784378682.7045126,None,None,None, None, 1784378682.784349,0.9227041907282559,apf_waypoint,none,0.0,nan,nan,9.365462900984468,-0.12933552798930345,nan,nan,nan,WEBOTS_UNKNOWN,ekf_on_cluster_on,1,1
1784378682.9447405,132.29802060127258,-200.0,198.23713429554746,0.2,0.0017812606118692825,13.364516640732653,1.0204943304205472,-0.001673521338723338,0.3952292027622718,1784378682.9542928,None,None,None, None, 1784378682.8923242,0.9407481907149315,apf_waypoint,none,0.0,nan,nan,8.994943424169522,-0.12874135150860394,nan,nan,nan,WEBOTS_UNKNOWN,ekf_on_cluster_on,1,1
1784378683.1301403,132.48342037200928,-200.0,198.2017597371118,0.2,0.0013428166584413764,13.433668827703507,1.0206175086176998,-0.003436032076246887,0.3945044581645244,1784378683.143164,None,None,None, None, 1784378683.1104262,0.949647583833056,apf_waypoint,none,0.0,nan,nan,8.61466141030451,-0.1249643174345779,nan,nan,nan,WEBOTS_UNKNOWN,ekf_on_cluster_on,1,1
1784378683.3275657,132.68084573745728,-200.0,198.16502071780997,0.2,0.000870954682581124,13.503085703636302,1.0207107228111059,-0.004601500358010628,0.3935230755734547,1784378683.271604,None,None,None, None, 1784378683.24235,1.0134210976904106,apf_waypoint,none,0.0,nan,nan,8.232926297825939,-0.1210795261881379,nan,nan,nan,WEBOTS_UNKNOWN,ekf_on_cluster_on,1,1
1784378683.4964008,132.84968090057373,-200.0,198.58664263893357,0.2,-0.000409049895854726,13.402557458267841,1.0204579235110522,-0.004210129243027843,0.39263597911118664,1784378683.4823093,13.391459750935375,1.0204380569995781,6.280684918699706, 1784378683.490833, 1784378683.4553068,0.9870803994114304,apf_waypoint,none,0.0,nan,nan,8.785979270199528,-0.1089246846182915,nan,nan,nan,WEBOTS_UNKNOWN,ekf_on_cluster_on,1,1
1784378683.7345512,133.0878312587738,-200.0,198.6426894780627,0.2,6.282000473604869,13.461530414445972,1.0204227331525715,-0.006020181735525152,0.39113249387359694,1784378683.7320502,None,None,None, None, 1784378683.7066362,0.9885276109294816,apf_waypoint,none,0.0,nan,nan,8.461709867671932,-0.10229938853964073,nan,nan,nan,WEBOTS_UNKNOWN,ekf_on_cluster_on,1,1
1784378684.1032038,133.45648384094238,-200.0,199.2499565647072,0.2,6.27811047470574,13.52893155119342,1.0203234336028686,-0.03476077908908158,0.3798055196227282,1784378684.0579052,None,None,None, None, 1784378684.116792,1.051834926872075,apf_waypoint,none,0.0,nan,nan,8.091339539428079,-0.0707177790442697,nan,nan,nan,WEBOTS_UNKNOWN,ekf_on_cluster_on,1,1
1784378684.4425623,133.7958424091339,-200.0,199.56942261194018,0.2,6.275981801354034,13.598199437696668,1.019865879005657,-0.006679744724810932,0.37729713079628574,1784378684.4334269,None,None,None, None, 1784378684.4284036,0.964426092783011,apf_waypoint,none,0.0,nan,nan,7.710490123241237,-0.05372164817986419,nan,nan,nan,WEBOTS_UNKNOWN,ekf_on_cluster_on,1,1
1784378684.8528924,134.20617246627808,-200.0,200.0,0.2,6.273269763576507,13.568899413101466,1.0195888868870708,-0.006700875187023778,0.37457486031122883,1784378684.8396828,13.559139245876569,1.0196183632777196,6.270091589058209, 1784378684.490828, 1784378684.8276553,0.9192479586099135,apf_waypoint,none,0.0,nan,nan,7.8717345700231345,-0.029689088980504885,nan,nan,nan,WEBOTS_UNKNOWN,ekf_on_cluster_on,1,1
1784378685.0081291,134.3614091873169,-200.0,200.0,0.2,6.2717794708500065,13.633119548092973,1.0188975373400595,-0.006334134306882159,0.3739211612997886,1784378685.047945,None,None,None, None, 1784378685.047945,1.0540522261052787,apf_waypoint,none,0.0,nan,nan,7.518538937558923,-0.018184272970816075,nan,nan,nan,WEBOTS_UNKNOWN,ekf_on_cluster_on,1,1
1784378685.3219783,134.67525839805603,-200.0,200.0,0.2,6.27053402916554,13.701892235326433,1.0180642988951192,-0.005424841970215684,0.37197447744049006,1784378685.3017316,None,None,None, None, 1784378685.3027306,0.9141571255886651,apf_waypoint,none,0.0,nan,nan,7.140278267198817,-0.009023130258858746,nan,nan,nan,WEBOTS_UNKNOWN,ekf_on_cluster_on,1,1
1784378685.5504758,134.90375590324402,-200.0,200.0,0.2,6.267501767943539,13.72776945612907,1.0171725657306037,-0.0040002042197697174,0.371007582565858,1784378685.543443,13.720829125046155,1.0171773155324448,6.260528347405851, 1784378685.501471, 1784378685.5565555,0.9122063025960575,apf_waypoint,none,0.0,nan,nan,6.997888673640583,0.015299932437588122,nan,nan,nan,WEBOTS_UNKNOWN,ekf_on_cluster_on,1,1
1784378685.8564556,135.20973563194275,-200.0,200.0,0.2,6.266367502188365,13.795383903021534,1.0160783395347721,-0.006410632367203372,0.3690652803460588,1784378685.8464243,None,None,None, None, 1784378685.8378856,0.9669317026467134,apf_waypoint,none,0.0,nan,nan,6.625938740751533,0.023000877989656315,nan,nan,nan,WEBOTS_UNKNOWN,ekf_on_cluster_on,1,1
1784378686.0322633,135.38554334640503,-199.99447437224705,200.0,0.2,6.265485527618375,13.86476206374087,1.0148749931899772,-0.0036292177684201787,0.3685888402967637,1784378685.9777033,None,None,None, None, 1784378685.9767032,1.0237370802201298,apf_waypoint,none,0.0,nan,nan,6.244278624859147,0.0287086187754542,nan,nan,nan,WEBOTS_UNKNOWN,ekf_on_cluster_on,1,1
1784378686.2788749,135.63215494155884,-199.79147081335233,200.0,0.2,6.264680535997635,13.934399065890972,1.013612547563909,-0.003814759000393845,0.3675611228464034,1784378686.247109,None,None,None, None, 1784378686.247109,0.9815136242601223,apf_waypoint,none,0.0,nan,nan,5.861187073433902,0.03359047519777578,nan,nan,nan,WEBOTS_UNKNOWN,ekf_on_cluster_on,1,1
1784378686.4423223,135.79560232162476,-199.5722206057281,200.0,0.2,6.263887935566939,14.004047566706976,1.0122963498536137,-0.004008437443694259,0.36712335369019583,1784378686.3563209,None,None,None, None, 1784378686.3651989,1.0803221919602928,apf_waypoint,none,0.0,nan,nan,5.478023490013211,0.03808206040256606,nan,nan,nan,WEBOTS_UNKNOWN,ekf_on_cluster_on,1,1
1784378686.6868753,136.0401554107666,-198.96450689003737,200.0,0.2,6.261070084215605,13.90167606897679,1.0129585074457044,-0.0023298039793465406,0.3666135796455406,1784378686.7220592,13.89048898694988,1.0130907341544149,6.254042270093479, 1784378686.508039, 1784378686.5957847,1.0915943881606418,apf_waypoint,none,0.0,nan,nan,6.040880521842644,0.062327980236829096,nan,nan,nan,WEBOTS_UNKNOWN,ekf_on_cluster_on,1,1
1784378686.897569,136.25084900856018,-198.76526350816584,200.0,0.2,6.260578438185531,13.960658477957816,1.0116325400556718,-0.0012333412510911962,0.3663238042733649,1784378686.9045928,None,None,None, None, 1784378686.8397586,1.0244000387029695,apf_waypoint,none,0.0,nan,nan,5.716363938197088,0.06525578756302002,nan,nan,nan,WEBOTS_UNKNOWN,ekf_on_cluster_on,1,1
1784378687.1883261,136.54160618782043,-198.59832189993065,200.0,0.2,6.260472872630105,14.028062107880839,1.0100887283261812,0.001678567874740373,0.36686621733890845,1784378687.1332183,None,None,None, None, 1784378687.1757932,1.0244521865733054,apf_waypoint,none,0.0,nan,nan,5.345539833814041,0.06592878384860387,nan,nan,nan,WEBOTS_UNKNOWN,ekf_on_cluster_on,1,1
1784378687.5598025,136.9130825996399,-198.05576873085045,200.0,0.2,6.259032463364196,14.0608204009506,1.0083127932230174,0.0013011007890439594,0.3672320725229371,1784378687.5859656,14.054976921767478,1.0082816220958302,6.254069162736208, 1784378687.515496, 1784378687.4934,0.9362525874715303,apf_waypoint,none,0.0,nan,nan,5.165085368302907,0.07904206251393121,nan,nan,nan,WEBOTS_UNKNOWN,ekf_on_cluster_on,1,1
1784378687.8879213,137.24120140075684,-197.89338140935573,200.0,0.2,6.2593462883648705,14.128550719091876,1.006668712896328,0.004495741984224028,0.3693236040035132,1784378687.8796322,None,None,None, None, 1784378687.7617671,0.9875914937218802,apf_waypoint,none,0.0,nan,nan,4.792483472434331,0.07758140553576073,nan,nan,nan,WEBOTS_UNKNOWN,ekf_on_cluster_on,1,1
1784378688.1834104,137.53669047355652,-197.74948369481302,200.0,0.2,6.259959296050016,14.197706048509389,1.005019805327964,0.006242479367011033,0.37114525636192236,1784378688.1714478,None,None,None, None, 1784378688.072,0.9082925785492896,apf_waypoint,none,0.0,nan,nan,4.412067786611103,0.07487678831311617,nan,nan,nan,WEBOTS_UNKNOWN,ekf_on_cluster_on,1,1
1784378688.384482,137.73776197433472,-197.62437314244525,200.0,0.2,6.260869026070682,14.26705765420173,1.0034212185579179,0.006889339991259794,0.37256775268120934,1784378688.3779256,None,None,None, None, 1784378688.3573184,0.921926129542213,apf_waypoint,none,0.0,nan,nan,4.030599029904753,0.07114152726623389,nan,nan,nan,WEBOTS_UNKNOWN,ekf_on_cluster_on,1,1
1784378688.6779392,138.0312192440033,-197.85299472074394,200.0,0.2,6.262112541631995,14.231099448982047,1.0035879192345418,0.007155238643645068,0.37443771058311626,1784378688.6392667,14.220793347470737,1.0037538388176461,6.262801611077605, 1784378688.520571, 1784378688.6392667,1.0400473315388779,apf_waypoint,none,0.0,nan,nan,4.228429917660495,0.06937996589847892,nan,nan,nan,WEBOTS_UNKNOWN,ekf_on_cluster_on,1,1
1784378688.9075828,138.26086282730103,-197.81434791185828,200.0,0.2,6.2633446081672135,14.294473640632946,1.0022746219805327,0.008934650573277803,0.3755135869353885,1784378688.9100938,None,None,None, None, 1784378688.899561,1.001298791025319,apf_waypoint,none,0.0,nan,nan,3.879879435567722,0.06447673907649147,nan,nan,nan,WEBOTS_UNKNOWN,ekf_on_cluster_on,1,1
1784378689.1590724,138.51235246658325,-198.51245198468732,200.0,0.2,6.268890534823353,14.362823807902249,1.000949841248186,0.04892370042269645,0.3941108740985832,1784378689.1398113,None,None,None, None, 1784378689.1246378,1.0181084204766362,apf_waypoint,none,0.0,nan,nan,3.50418568528677,0.044870288193346035,nan,nan,nan,WEBOTS_UNKNOWN,ekf_on_cluster_on,1,1
1784378689.5066643,138.8599443435669,-198.8393404271005,200.0,0.2,6.271986228323836,14.43215483213434,1.0001089046057992,0.010248312953307696,0.3975511647018054,1784378689.4755046,None,None,None, None, 1784378689.5011327,0.9689839074086232,apf_waypoint,none,0.0,nan,nan,3.1229592814903553,0.03437671658480795,nan,nan,nan,WEBOTS_UNKNOWN,ekf_on_cluster_on,1,1
1784378689.8362272,139.18950724601746,-199.60547122057042,200.0,0.2,6.27521143354935,14.402699270596075,1.0007210059083174,0.009014212139092845,0.40054416697526923,1784378689.8075361,14.392858652464385,1.0008487547301015,6.27811815806918, 1784378689.52617, 1784378689.8120496,0.9696367528639743,apf_waypoint,none,0.0,nan,nan,3.285081193178484,0.022229718923785943,nan,nan,nan,WEBOTS_UNKNOWN,ekf_on_cluster_on,1,1
1784378690.0131922,139.3664722442627,-199.4741993915065,199.6446375098178,0.2,6.28170484016223,14.466886125404427,1.000284153491723,0.05439109634493063,0.40610204394159727,1784378690.0146961,None,None,None, None, 1784378690.0146961,0.9005335260071943,apf_waypoint,none,0.0,nan,nan,2.932125410722993,0.0027780722155926144,nan,nan,nan,WEBOTS_UNKNOWN,ekf_on_cluster_on,1,1
1784378690.279198,139.63247799873352,-167.73207710119618,167.06685241115485,0.2,0.0019237718591107464,14.535556597345076,1.0003758587393534,0.006807899381692489,0.4085854372477781,1784378690.2745008,None,None,None, None, 1784378690.3148506,1.0243492675679056,apf_waypoint,none,0.0,nan,nan,2.554430010881653,-0.0069813735249963935,nan,nan,nan,WEBOTS_UNKNOWN,ekf_on_cluster_on,1,1
1784378690.5284934,139.88177347183228,-135.9194681706683,134.19822586147714,0.2,0.004343424322231779,14.598222880892092,1.0006092937994246,0.00709370213363962,0.4096498517936535,1784378690.5420363,None,None,None, None, 1784378690.543034,1.0840891111911237,apf_waypoint,none,0.0,nan,nan,2.209738755789057,-0.012949040920618417,nan,nan,nan,WEBOTS_UNKNOWN,ekf_on_cluster_on,1,1
1784378690.8998213,140.25310134887695,-152.6084179358023,150.33059553996853,0.2,0.007259975334163908,14.566740722726545,1.0005182928183272,0.01326687361377182,0.41383210611483756,1784378690.990913,14.55812171708863,1.0004782239411059,0.008208324437913639, 1784378690.529495, 1784378690.8832326,0.9026849805265861,apf_waypoint,none,0.0,nan,nan,2.38284253137055,-0.02015036756987938,nan,nan,nan,WEBOTS_UNKNOWN,ekf_on_cluster_on,1,1
1784378691.3918996,140.74517965316772,-127.65046804476603,124.19405200156967,0.2,0.008839255363589047,14.615657907722133,1.000937651946252,0.0023735844358846554,0.41536428020270905,1784378691.3853025,None,None,None, None, 1784378691.387817,1.0630071478921082,apf_waypoint,none,0.0,nan,nan,2.1137533425069455,-0.023841779372998025,nan,nan,nan,WEBOTS_UNKNOWN,ekf_on_cluster_on,1,1
1784378691.66807,141.02135014533997,-110.59821203982504,105.62873865909093,0.2,0.010643434244767568,14.673390987157422,1.0014445556932208,0.000651221991001954,0.41552667238923074,1784378691.6346679,14.675628267341283,1.0014508469104058,0.013930836519874035, 1784378691.532813, 1784378691.6363554,0.9947069844138464,apf_waypoint,none,0.0,nan,nan,1.7961632628487967,-0.02706357385448019,nan,nan,nan,WEBOTS_UNKNOWN,ekf_on_cluster_on,1,1
1784378691.8894615,141.24274158477783,-111.10979774343414,105.08696481982953,0.2,0.011134514670961063,14.721278390164404,1.0019858287854362,-0.0020457288601239227,0.41505265078988934,1784378691.8663807,None,None,None, None, 1784378691.8608458,1.07619344253665,apf_waypoint,none,0.0,nan,nan,1.5327522190123732,-0.02798989278856452,nan,nan,nan,WEBOTS_UNKNOWN,ekf_on_cluster_on,1,1
1784378692.0555286,141.40880870819092,-111.70489448569423,104.44919552096135,0.2,0.011137089130290675,14.767668247882597,1.0025228896083789,-0.00410197235000528,0.41445919298293477,1784378692.011057,None,None,None, None, 1784378691.9981887,1.094168086655053,apf_waypoint,none,0.0,nan,nan,1.2775908562716656,-0.028105984986659695,nan,nan,nan,WEBOTS_UNKNOWN,ekf_on_cluster_on,1,1
1784378692.3378549,141.69113492965698,0.0,0.0,0.2,0.010634628383983614,14.813437499416091,1.0030453767722491,-0.007037200113443277,0.4123161232204897,1784378692.3155913,None,None,None, None, 1784378692.2382145,0.9721785759532436,arrived,none,0.0,nan,nan,0.0,0.0,nan,nan,nan,WEBOTS_UNKNOWN,ekf_on_cluster_on,1,1
1784378692.6018019,141.95508193969727,0.0,0.0,0.2,0.009339126945813531,14.798799870873097,1.0029938490733397,-0.006187359321759287,0.41072138867495545,1784378692.573332,14.794140178580362,1.0029549775244229,0.007584099561792179, 1784378692.54925, 1784378692.4949405,1.093140466061339,arrived,none,0.0,nan,nan,0.0,0.0,nan,nan,nan,WEBOTS_UNKNOWN,ekf_on_cluster_on,1,1
1784378692.8544652,142.2077453136444,0.0,0.0,0.2,0.008363605162925447,14.818341591663778,1.0031699449701037,-0.006541871670624093,0.4090599064584803,1784378692.8273087,None,None,None, None, 1784378692.7633028,1.0048032885899059,arrived,none,0.0,nan,nan,0.0,0.0,nan,nan,nan,WEBOTS_UNKNOWN,ekf_on_cluster_on,1,1
1784378693.249602,142.60288214683533,0.0,0.0,0.2,0.007185771224116598,14.835507374761205,1.003305969016381,-0.007248924659926495,0.4063465613484585,1784378693.2016187,None,None,None, None, 1784378693.2365816,0.9370145823556043,arrived,none,0.0,nan,nan,0.0,0.0,nan,nan,nan,WEBOTS_UNKNOWN,ekf_on_cluster_on,1,1
1784378693.4781432,142.8314232826233,0.0,0.0,0.2,0.006079167013904497,14.850839868823758,1.003408052444101,-0.005747225342063067,0.4047775085283201,1784378693.4746292,None,None,None, None, 1784378693.4574962,0.9747468350847343,arrived,none,0.0,nan,nan,0.0,0.0,nan,nan,nan,WEBOTS_UNKNOWN,ekf_on_cluster_on,1,1
1784378693.7223337,143.07561373710632,0.0,0.0,0.2,0.003784827464656349,14.841543546290708,1.0035108488912285,-0.004053380496792693,0.4042100821872123,1784378693.6146176,14.839230508680284,1.0035134059054085,6.282164557758481, 1784378693.555364, 1784378693.716991,1.0892951451101531,arrived,none,0.0,nan,nan,0.0,0.0,nan,nan,nan,WEBOTS_UNKNOWN,ekf_on_cluster_on,1,1
1784378694.0229936,143.37627363204956,0.0,0.0,0.2,0.0029572366101365734,14.850082214298078,1.0035393180107395,-0.0037519406801038713,0.4030660119671508,1784378693.9195452,None,None,None, None, 1784378693.9692469,0.9243498666469282,arrived,none,0.0,nan,nan,0.0,0.0,nan,nan,nan,WEBOTS_UNKNOWN,ekf_on_cluster_on,1,1
1784378694.3085928,143.66187286376953,0.0,0.0,0.2,0.001985770352735033,14.858167187383287,1.0035600559506435,-0.005710581959066518,0.4016563383940263,1784378694.311098,None,None,None, None, 1784378694.267936,1.0093785510048285,arrived,none,0.0,nan,nan,0.0,0.0,nan,nan,nan,WEBOTS_UNKNOWN,ekf_on_cluster_on,1,1
1784378694.8302062,144.18348622322083,0.0,0.0,0.2,-0.0007498723702515349,14.861617268157664,1.0037537999934323,-0.006701187642873426,0.39859320532514086,1784378694.768201,14.860941144427263,1.0037828844000733,6.2766196792276325, 1784378694.565336, 1784378694.7899108,0.9029008094309745,arrived,none,0.0,nan,nan,0.0,0.0,nan,nan,nan,WEBOTS_UNKNOWN,ekf_on_cluster_on,1,1
1784378695.241582,144.59486198425293,0.0,0.0,0.2,6.281570137584612,14.86801983431948,1.0037456636475763,-0.0033933206599837014,0.39702821312191594,1784378695.229399,None,None,None, None, 1784378695.1681805,1.0763869562692374,arrived,none,0.0,nan,nan,0.0,0.0,nan,nan,nan,WEBOTS_UNKNOWN,ekf_on_cluster_on,1,1
1784378695.5803726,144.93365263938904,0.0,0.0,0.2,6.279123955480608,14.876716791180918,1.0039315679734617,-0.002251570265226881,0.39627352901687496,1784378695.5645802,14.877426948967855,1.0039868251194772,6.271887658337213, 1784378695.565588, 1784378695.5843868,0.929065772383303,arrived,none,0.0,nan,nan,0.0,0.0,nan,nan,nan,WEBOTS_UNKNOWN,ekf_on_cluster_on,1,1
1784378695.8542545,145.20753455162048,0.0,0.0,0.2,6.278564009257479,14.883255395804563,1.0039028529349103,-0.002258402799552494,0.3956639347603118,1784378695.834503,None,None,None, None, 1784378695.8527508,0.9620921088536962,arrived,none,0.0,nan,nan,0.0,0.0,nan,nan,nan,WEBOTS_UNKNOWN,ekf_on_cluster_on,1,1
