epoch [s],elapsed [s],x [m],y [m],z [m],roll [deg],pitch [deg],yaw [deg],broadcast
1784374585.888131,0.4227030277252197,-5.088018087056087e-05,1.0000000005490908,0.027831090898892154,0.0,0.0,359.99999991806874,False
1784374586.0328162,0.5673882961273193,-5.0539201546723015e-05,1.0000000005754444,0.027764642600421177,0.0,0.0,359.9999999180403,False
1784374586.1625528,0.6971249580383301,-5.010635419532548e-05,1.0000000006055645,0.02777089625501247,0.0,0.0,359.99999991807425,False
1784374586.2628613,0.7974333763122559,-5.0341043392708736e-05,1.0000000005892118,0.027819279329736397,0.0,0.0,359.9999999180761,False
1784374586.373975,0.9085471630096436,-5.074481748010039e-05,1.0000000005605771,0.027843298122917148,0.0,0.0,359.9999999180789,False
1784374586.455117,0.9896891117095947,-5.08823875671514e-05,1.000000000549008,0.027820344188817292,0.0,0.0,359.9999999180805,False
1784374586.5440578,1.078629970550537,-5.057323746571388e-05,1.0000000005692495,0.027778368194046815,0.0,0.0,359.999999918069,False
1784374586.675858,1.2104301452636719,-5.013461367514913e-05,1.0000000006019854,0.027757670273890193,0.0,0.0,359.9999999180841,False
1784374586.7636127,1.298184871673584,-5.0150735809262254e-05,1.0000000006040002,0.02777854900819726,0.0,0.0,359.9999999180862,False
1784374586.8435142,1.3780863285064697,-5.0534104244798084e-05,1.0000000005795076,0.02782389596562791,0.0,0.0,359.9999999181244,False
1784374586.9230363,1.4576084613800049,-5.084913489150972e-05,1.0000000005551295,0.027843321559529018,0.0,0.0,359.999999918089,False
1784374587.0383215,1.5728936195373535,-5.084720627402042e-05,1.000000000549609,0.027825835407970862,0.0,0.0,359.9999999180912,False
1784374587.1383023,1.6728744506835938,-5.0530502328913626e-05,1.0000000005684684,0.027788085198559066,0.0,0.0,359.99999991801064,False
1784374587.2446048,1.779176950454712,-5.0342306151250015e-05,1.0000000005819487,0.02777087494828472,0.0,0.0,359.99999991809347,False
1784374587.3672407,1.9018127918243408,-5.01965006089449e-05,1.0000000006032579,0.027773172288206385,0.0,0.0,359.99999991809716,False
1784374587.5005667,2.0351388454437256,4.8,4.67,0.12,0.0,0.0,269.9997895408503,False
1784374587.6084523,2.143024444580078,-5.0899177433615694e-05,1.0000000005511114,0.027843299996217614,0.0,0.0,359.99999991810074,False
1784374587.747636,2.282208204269409,-5.048766393197285e-05,1.000000000567694,0.02779845383055227,0.0,0.0,359.999999918229,False
1784374587.8527904,2.387362480163574,-5.0156401946817e-05,1.000000000605438,0.027759920171433503,0.0,0.0,359.9999999181065,False
1784374587.9223735,2.4569456577301025,-5.039022452492779e-05,1.0000000005957483,0.027781117896607407,0.0,0.0,359.9999999181035,False
1784374588.0047233,2.5392954349517822,-5.068904720586332e-05,1.00000000057572,0.02781198056367684,0.0,0.0,359.9999999181103,False
1784374588.0880632,2.6226353645324707,-5.0901517481563506e-05,1.0000000005515333,0.027841514724052507,0.0,0.0,359.9999999181112,False
1784374588.1925461,2.7271182537078857,-5.06347433468445e-05,1.000000000555746,0.02782664649140443,0.0,0.0,359.99999991811285,False
1784374588.2661579,2.800729990005493,-5.033529217925341e-05,1.0000000005748693,0.02779706674864812,0.0,0.0,359.99999991811313,False
1784374588.3583522,2.8929243087768555,-5.0108504273118903e-05,1.0000000006005498,0.027762014252048738,0.0,0.0,359.999999918116,False
1784374588.4889612,3.023533344268799,-5.046996297662306e-05,1.0000000005942582,0.027775537985385675,0.0,0.0,359.9999999180755,False
1784374588.5926795,3.127251625061035,-5.083318892317759e-05,1.0000000005659753,0.02781697920820532,0.0,0.0,359.9999999181209,False
1784374588.7049384,3.2395105361938477,-5.0762969036402505e-05,1.0000000005490493,0.02784221588973976,0.0,0.0,359.9999999181221,False
1784374589.1393635,3.673935651779175,4.8,4.67,0.12,0.0,0.0,269.9997895408503,False
1784374589.3126879,3.847259998321533,0.000258268393906169,1.0000000005542766,0.027839259230081702,0.0,0.0,359.9999999181366,False
1784374589.3983982,3.9329702854156494,0.0032838418807693785,1.000000000568008,0.027817402014067596,0.0,0.0,359.9999999181402,False
1784374589.509259,4.04383111000061,0.014059781745797688,1.0000000005788876,0.027768605719045682,0.0,0.0,359.9999999181518,False
1784374589.606235,4.140807151794434,0.02975422418349706,1.0000000005514513,0.027749672976866292,0.0,0.0,359.9999999186876,False
1784374589.7186024,4.253174543380737,0.045136219906210334,1.0000000005064267,0.027766341481753238,0.0,0.0,359.99999991963654,False
1784374589.7975588,4.3321309089660645,0.05849629946314077,1.0000000004730547,0.02778929820964013,0.0,0.0,359.9999999202508,False
1784374589.9442956,4.478867769241333,0.08629591752459886,1.0000000004476897,0.027811490527534493,0.0,0.0,359.99999991994815,False
1784374590.141681,4.676253080368042,0.11944500860078804,1.0000000004279321,0.027780559660897274,0.0,0.0,359.9999999191343,False
1784374590.26091,4.795482158660889,4.8,4.49720000000117,0.12,0.0,0.0,269.9997895408503,False
1784374590.426842,4.961414098739624,0.17324550066292185,1.0000000003139065,0.02778821840664543,0.0,0.0,359.99999992103983,False
1784374590.5153165,5.049888610839844,0.19071544097144244,1.0000000003024598,0.027800877944344438,0.0,0.0,359.9999999206674,False
1784374590.5882509,5.122822999954224,0.2034381679447235,1.0000000002981897,0.027801512887231514,0.0,0.0,359.9999999202222,False
1784374590.7150128,5.249584913253784,0.22727206130924194,1.0000000002735643,0.027785409991019305,0.0,0.0,359.99999992001665,False
1784374590.798329,5.332901239395142,0.2447086655290182,1.0000000002362495,0.027773909344761306,0.0,0.0,359.999999920639,False
1784374590.8888717,5.423443794250488,0.26530033241063905,1.000000000190005,0.02777608367403477,0.0,0.0,359.99999992146564,False
1784374590.9591868,5.493758916854858,0.2779876119482457,1.0000000001706948,0.02778467841916093,0.0,0.0,359.9999999216174,False
1784374591.0239084,5.558480501174927,0.28751556671381556,1.0000000001620697,0.02779159686341787,0.0,0.0,359.9999999215031,False
1784374591.0942605,5.628832578659058,0.29864216326932924,1.0000000001562226,0.02779711553247476,0.0,0.0,359.99999992120024,False
1784374591.1582582,5.692830324172974,0.31136206875299954,1.0000000001498799,0.027797596301095535,0.0,0.0,359.9999999208285,False
1784374591.2271597,5.761731863021851,0.32566099218914635,1.0000000001360903,0.02779105894643672,0.0,0.0,359.9999999206648,False
1784374591.2978656,5.832437753677368,0.34152378686256807,1.0000000001085463,0.02778082971003422,0.0,0.0,359.99999992097287,False
1784374591.3799894,5.91456151008606,0.35578388697583413,1.0000000000768514,0.027775790033810362,0.0,0.0,359.99999992152806,False
1784374591.4651783,5.999750375747681,0.36846054140918977,1.000000000050168,0.027777455221242732,0.0,0.0,359.99999992196405,False
1784374591.537853,6.072425127029419,0.38273674541526503,1.0000000000280795,0.027784724546061138,0.0,0.0,359.999999922145,False
1784374591.625925,6.160497188568115,0.400211591044874,1.0000000000137346,0.027793826131252676,0.0,0.0,359.99999992186963,False
1784374591.7226691,6.257241249084473,4.8,4.217200000003066,0.12,0.0,0.0,269.9997895408503,False
1784374591.7991512,6.333723306655884,0.4335758268812652,0.9999999999860885,0.027788185129438363,0.0,0.0,359.9999999213191,False
1784374591.899528,6.434100151062012,0.4510177531559836,0.9999999999542236,0.02777971790060505,0.0,0.0,359.9999999217213,False
1784374591.9944851,6.529057264328003,0.46844957407306775,0.9999999999172493,0.027778228029987913,0.0,0.0,359.99999992232904,False
1784374592.0734758,6.608047962188721,0.4843102196475945,0.9999999998902255,0.027784000801680746,0.0,0.0,359.99999992262417,False
1784374592.1509528,6.685524940490723,0.49860318387247593,0.9999999998752072,0.02779073332302335,0.0,0.0,359.999999922526,False
1784374592.2156909,6.750262975692749,0.5097276926980281,0.9999999998677691,0.027793759416466914,0.0,0.0,359.999999922279,False
1784374592.2774692,6.812041282653809,0.5208516051446626,0.9999999998604925,0.02779340816590569,0.0,0.0,359.99999992201936,False
1784374592.3462317,6.880803823471069,0.5335559454410979,0.9999999998482414,0.02778928595134556,0.0,0.0,359.99999992187514,False
1784374592.406031,6.940603017807007,0.5462470780140033,0.9999999998293747,0.027783613712564558,0.0,0.0,359.9999999219956,False
1784374592.480408,7.01498007774353,0.5605130413603167,0.9999999998016047,0.027779366358558526,0.0,0.0,359.99999992239304,False
1784374592.5487363,7.083308458328247,0.5716082036899586,0.9999999997788472,0.027779471572796536,0.0,0.0,359.99999992274877,False
1784374592.6163812,7.15095329284668,0.5842962391799075,0.9999999997560582,0.02778312221093969,0.0,0.0,359.9999999230294,False
1784374592.6829586,7.217530727386475,0.5985850889046802,0.9999999997378147,0.027789013834873862,0.0,0.0,359.99999992305624,False
1784374592.7602599,7.294831991195679,0.6128851939681503,0.9999999997263944,0.027792729814006052,0.0,0.0,359.999999922812,False
1784374592.8379667,7.372538805007935,0.6255959750024138,0.999999999717526,0.02779208771182993,0.0,0.0,359.9999999225376,False
1784374592.9023352,7.4369072914123535,0.6382978915182225,0.9999999997051957,0.02778816487231574,0.0,0.0,359.99999992239765,False
1784374592.964528,7.499100208282471,0.649402279222924,0.9999999996894959,0.027783838577334536,0.0,0.0,359.99999992247155,False
1784374593.032339,7.566911220550537,0.6636699274068021,0.9999999996632731,0.02778019568626052,0.0,0.0,359.9999999228078,False
1784374593.1118982,7.646470308303833,0.6795237495553221,0.999999999632022,0.02778126282402184,0.0,0.0,359.99999992326605,False
1784374593.1737108,7.708282947540283,0.689042477531145,0.9999999996155882,0.027784177797181137,0.0,0.0,359.99999992345045,False
1784374593.2492473,7.7838194370269775,0.701744078740298,0.9999999995987245,0.027788805384557268,0.0,0.0,359.999999923499,False
1784374593.323422,7.857994079589844,0.7192203733886013,0.9999999995837713,0.027792181941490017,0.0,0.0,359.99999992323853,False
1784374593.3971455,7.93171763420105,0.731928220470561,0.9999999995742588,0.02779068801023144,0.0,0.0,359.9999999229896,False
1784374593.4708526,8.005424737930298,0.7446267718644215,0.9999999995613131,0.027786714637472842,0.0,0.0,359.9999999228755,False
1784374593.5418353,8.076407432556152,0.75572932667554,0.9999999995453869,0.027783010017712297,0.0,0.0,359.99999992295943,True
1784374593.6476676,8.182239770889282,0.7779247188453172,0.9999999995040736,0.027781014599894464,0.0,0.0,359.9999999235043,False
1784374593.715951,8.250523090362549,0.7922014653466245,0.9999999994783199,0.02778450198286214,0.0,0.0,359.99999992382396,False
1784374593.790176,8.324748039245605,0.8064910388596565,0.9999999994586988,0.027789111749297067,0.0,0.0,359.9999999239037,False
1784374593.8656316,8.400203704833984,0.8192000221564081,0.9999999994467286,0.02779147204843231,0.0,0.0,359.9999999237582,False
1784374593.936953,8.471525192260742,0.8319081473095296,0.9999999994370544,0.027790807663522214,0.0,0.0,359.99999992351786,False
1784374594.0121622,8.54673433303833,0.8446087988418237,0.9999999994257073,0.027787568321593407,0.0,0.0,359.9999999233415,False
1784374594.096807,8.631379127502441,0.8604710772252726,0.9999999994048289,0.02778283216744971,0.0,0.0,359.99999992338815,False
1784374594.177667,8.712239027023315,0.8794969722718402,0.9999999993706524,0.02778135246922969,0.0,0.0,359.99999992380714,False
1784374594.2591786,8.793750762939453,0.8953601614150226,0.9999999993417711,0.02778475159066759,0.0,0.0,359.99999992417304,False
1784374594.3328958,8.867467880249023,0.9064730779426574,0.999999999325195,0.02778808644461595,0.0,0.0,359.9999999242868,False
1784374594.410611,8.945183038711548,0.9223573835853437,0.999999999308291,0.027791034646694912,0.0,0.0,359.99999992418213,False
1784374594.4781666,9.012738704681396,0.9382403673291563,0.9999999992956404,0.027789781805138154,0.0,0.0,359.99999992390485,False
1784374594.5533776,9.087949752807617,0.9525248591094803,0.9999999992820852,0.027785977694621995,0.0,0.0,359.99999992373944,False
1784374594.6137164,9.148288488388062,0.9636274354284177,0.9999999992675161,0.027783051903476092,0.0,0.0,359.99999992377144,False
1784374594.6785161,9.213088274002075,0.9747264908192222,0.999999999249243,0.0277815711948665,0.0,0.0,359.99999992395067,False
1784374594.76089,9.295462131500244,0.9905851159542637,0.9999999992199812,0.02778300348327503,0.0,0.0,359.99999992433175,False
1784374594.8271494,9.361721515655518,1.0032804406789768,0.9999999991981072,0.027786279174960366,0.0,0.0,359.9999999245768,False
1784374594.892475,9.42704701423645,1.015984054695237,0.9999999991806292,0.027789462216097,0.0,0.0,359.9999999246498,False
1784374594.9792454,9.513817548751831,1.0302800345534497,0.9999999991665152,0.027790727535507743,0.0,0.0,359.999999924512,False
1784374595.0539787,9.588550806045532,1.0429843704168462,0.9999999991562654,0.027789132030328106,0.0,0.0,359.9999999242959,False
1784374595.1176727,9.652244806289673,1.058853772901239,0.9999999991409669,0.027785080065227185,0.0,0.0,359.9999999241234,False
1784374595.1831336,9.717705726623535,1.06995543535646,0.999999999126167,0.027782684222894795,0.0,0.0,359.9999999241657,False
1784374595.2586246,9.793196678161621,1.0826407862710112,0.9999999991050834,0.027781927673172533,0.0,0.0,359.9999999243794,False
1784374595.3230798,9.857651948928833,1.0937432196021348,0.9999999990848205,0.027783295959317996,0.0,0.0,359.99999992463813,False
1784374595.3865345,9.921106576919556,1.1064387351745122,0.999999999062713,0.027786344122265258,0.0,0.0,359.9999999248929,False
1784374595.4536102,9.988182306289673,1.1207302118349132,0.9999999990425437,0.027789538517008845,0.0,0.0,359.99999992499556,False
1784374595.525168,10.05974006652832,1.1318487565099933,0.9999999990309155,0.0277904217690433,0.0,0.0,359.99999992491496,False
1784374595.590896,10.125468015670776,1.1445531498405648,0.9999999990202322,0.027789173849296918,0.0,0.0,359.99999992471766,False
1784374595.6625674,10.197139501571655,1.1604237059285762,0.9999999990059215,0.027785486647084915,0.0,0.0,359.9999999245077,False
1784374595.7379422,10.272514343261719,1.173112185059243,0.9999999989902347,0.027782897196200345,0.0,0.0,359.99999992450853,False
1784374595.8051932,10.339765310287476,1.1842124263870046,0.9999999989727756,0.027782189276448172,0.0,0.0,359.9999999246573,False
1784374595.8806252,10.415197372436523,1.1984877431716925,0.9999999989473394,0.02778384761927903,0.0,0.0,359.9999999249666,False
1784374595.9467347,10.481306791305542,1.2127720179907064,0.9999999989228346,0.02778715667192994,0.0,0.0,359.9999999252397,False
1784374596.0142949,10.548866987228394,1.2254761784901809,0.9999999989050651,0.02778956451524489,0.0,0.0,359.99999992532554,False
1784374596.084475,10.619047164916992,1.2365941083781693,0.9999999988932152,0.02779010731217826,0.0,0.0,359.99999992525443,False
1784374596.1586483,10.693220376968384,1.2492972702457834,0.9999999988823273,0.027788652355793784,0.0,0.0,359.99999992506633,False
1784374596.2525003,10.78707242012024,1.2683390334445572,0.9999999988646122,0.027784437536472948,0.0,0.0,359.9999999248383,False
1784374596.3319411,10.8665132522583,1.2826122720559197,0.9999999988456705,0.027782518240672297,0.0,0.0,359.99999992489194,False
1784374596.420853,10.955425024032593,1.3000591048139083,0.9999999988161137,0.027783757536784647,0.0,0.0,359.99999992521083,False
1784374596.4910653,11.02563738822937,1.3127549285308449,0.9999999987938184,0.027786439117317402,0.0,0.0,359.99999992547447,False
1784374596.5742104,11.108782529830933,1.3270455956997502,0.9999999987722182,0.027789184499196564,0.0,0.0,359.9999999256351,False
1784374596.6863632,11.220935344696045,1.3508663369336755,0.9999999987477188,0.027788730402169184,0.0,0.0,359.9999999254482,False
1784374596.8087018,11.343273878097534,1.3683230421435189,0.9999999987324366,0.027785139970951268,0.0,0.0,359.99999992520304,False
1784374596.8954673,11.430039405822754,1.3905271473727907,0.9999999987039384,0.027782688387609816,0.0,0.0,359.99999992525034,False
1784374597.010645,11.545217037200928,1.404803539570009,0.9999999986797031,0.02778421596240699,0.0,0.0,359.99999992551443,False
1784374597.1137714,11.648343563079834,1.422263361027034,0.999999998649816,0.02778777116420051,0.0,0.0,359.9999999258482,False
1784374597.2149806,11.749552726745605,1.4460842721952272,0.999999998619661,0.027789470375776695,0.0,0.0,359.9999999258876,False
1784374597.3130372,11.847609281539917,1.4635463974662162,0.999999998604464,0.02778678315317514,0.0,0.0,359.9999999256413,False
1784374597.3887506,11.923322677612305,1.4778246529961006,0.9999999985908923,0.027784029114942557,0.0,0.0,359.9999999254849,False
1784374597.4682524,12.002824544906616,1.4952705331218525,0.9999999985677459,0.027782946640863476,0.0,0.0,359.99999992555365,False
1784374597.5429585,12.0775306224823,1.5095480774885828,0.9999999985438273,0.027784643035886247,0.0,0.0,359.9999999258064,False
1784374597.6171374,12.15170955657959,1.5222457665689568,0.9999999985218478,0.027787132959416892,0.0,0.0,359.99999992605956,False
1784374597.6912277,12.225799798965454,1.536536922880139,0.9999999985001884,0.027789216322091484,0.0,0.0,359.9999999262249,False
1784374597.7643182,12.298890352249146,1.552416909079867,0.9999999984822261,0.02778899790048912,0.0,0.0,359.99999992616796,False
1784374597.8351293,12.369701385498047,1.5667030278322025,0.9999999984697677,0.027786710684532055,0.0,0.0,359.99999992596884,False
1784374597.8992739,12.43384599685669,1.5793952752807723,0.9999999984582422,0.02778435652595445,0.0,0.0,359.99999992580985,False
1784374597.9701738,12.504745960235596,1.5904977280190862,0.9999999984455433,0.027783158783840134,0.0,0.0,359.99999992577443,False
1784374598.0427468,12.577318906784058,1.603186539623246,0.9999999984271317,0.02778346122596051,0.0,0.0,359.9999999258879,False
1784374598.108987,12.643559217453003,1.6190539147167002,0.9999999984001887,0.02778592535031231,0.0,0.0,359.9999999261845,False
1784374598.1709049,12.705476999282837,1.6301666460052815,0.9999999983814452,0.02778794093649696,0.0,0.0,359.99999992638806,False
1784374598.2540886,12.788660764694214,1.6444584962029782,0.9999999983608453,0.027789302060146095,0.0,0.0,359.99999992651317,False
1784374598.3372836,12.871855735778809,1.661924024939174,0.999999998342464,0.027788015239423775,0.0,0.0,359.99999992639727,False
1784374598.418869,12.953441143035889,1.6762065650173732,0.9999999983302074,0.027785474224923775,0.0,0.0,359.9999999261917,False
1784374598.484707,13.01927924156189,1.6869580545039518,1.0000000451977855,0.02778466321794151,0.0,0.0,0.0491852075096219,False
1784374598.551533,13.086105108261108,1.6981483083401328,1.0000017267381838,0.02778768768399603,0.0,0.0,0.2827302911993619,False
1784374598.635022,13.169594049453735,1.7109903382717007,1.0000143125296963,0.02779522518744847,0.0,0.0,0.7717394736727662,False
1784374598.701647,13.23621916770935,1.7206359170873684,1.0000417793989234,0.027801081306949436,0.0,0.0,1.2490952619889377,False
1784374598.7695673,13.304139375686646,1.729948038437097,1.0000951381465641,0.027804135566261726,0.0,0.0,1.7524846725162198,False
1784374598.8733099,13.40788197517395,1.7444223309010698,1.000270772079356,0.027800983660332314,0.0,0.0,2.433422963993907,False
1784374598.9680247,13.502596855163574,4.8,2.8476000000123403,0.12,0.0,0.0,269.9997895408503,False
1784374599.0678296,13.602401733398438,1.7744040338051725,1.0010289959304504,0.027788521885725937,0.0,0.0,3.7132771333635373,False
1784374599.1688244,13.703396558761597,1.787673266598502,1.001525608581776,0.027791092261495058,0.0,0.0,4.368430494792412,False
1784374599.2610164,13.795588493347168,1.7985869936188141,1.0019921437764994,0.027797685400443948,0.0,0.0,5.066595019511799,False
1784374599.3380094,13.872581481933594,1.809599661384838,1.0025290046231985,0.02780376315836322,0.0,0.0,5.885095740816282,False
1784374599.4023063,13.936878442764282,1.817131603391725,1.0029445006799833,0.02780480630862421,0.0,0.0,6.493122087126418,False
1784374599.475741,14.010313034057617,1.823474992266764,1.0033308746641458,0.027803232694422003,0.0,0.0,7.028729337317474,False
1784374599.5711098,14.105681896209717,1.833102615448555,1.00399158968936,0.027798413516303983,0.0,0.0,7.872490857760782,False
1784374599.6482973,14.18286943435669,1.8407528524323555,1.0045889032794553,0.027795331596225572,0.0,0.0,8.563392572327743,False
1784374599.7258158,14.260387897491455,1.8490814752824867,1.0053201223554034,0.027795070297750326,0.0,0.0,9.331193805435108,False
1784374599.790505,14.325077056884766,1.8548417178524792,1.0058796641536865,0.02779676189120972,0.0,0.0,9.867317387060782,True
1784374599.8672504,14.401822566986084,1.8622158963163655,1.0066657482749113,0.027799791027878502,0.0,0.0,10.553320984760036,False
1784374599.9414673,14.476039409637451,1.870352882200726,1.0076250981861647,0.027802084671699395,0.0,0.0,11.31614857108767,False
1784374600.0284126,14.562984704971313,1.8768114506739675,1.00845620778608,0.02780210069837073,0.0,0.0,11.928159862700667,False
1784374600.1050744,14.639646530151367,1.883223452775564,1.0093435400143016,0.027800663218071026,0.0,0.0,12.541477260457604,False
1784374600.1930268,14.727598905563354,1.8903882605800353,1.010410365498831,0.02779841560928895,0.0,0.0,13.232221617614607,False
1784374600.2930634,14.827635526657104,1.9022385286430523,1.0123550933528165,0.027796744079027987,0.0,0.0,14.383898568354805,False
1784374600.377339,14.911911010742188,1.9093038283153296,1.0136244782424837,0.027797740753697033,0.0,0.0,15.074959392178036,False
1784374600.4780188,15.012590885162354,1.916340285930861,1.0149722208457905,0.02779944238771223,0.0,0.0,15.766030766734088,False
1784374600.592494,15.127066135406494,1.9287854656154793,1.017564316258525,0.02780096298085457,0.0,0.0,16.994618831881358,False
1784374600.698221,15.232793092727661,1.938840853382796,1.0198571746854894,0.027799691527639486,0.0,0.0,17.992853098949258,False
1784374600.7952087,15.32978081703186,1.9480792781240344,1.0221233688641327,0.027798119891489597,0.0,0.0,18.914295785059114,False
1784374600.877346,15.41191816329956,1.9557460206042852,1.0241220306973875,0.027797776947588514,0.0,0.0,19.682159812104217,False
1784374600.968177,15.50274920463562,1.9633832404902323,1.026220994087264,0.027798478570359553,0.0,0.0,20.45002210847588,False
1784374601.0544648,15.58903694152832,1.970990229158187,1.0284202830493139,0.027799559879418873,0.0,0.0,21.217886252827576,False
1784374601.1291559,15.66372799873352,1.9785660982184692,1.0307198278434309,0.027800178850821335,0.0,0.0,21.985753968701978,False
1784374601.2058258,15.740397930145264,1.9853569282325754,1.0328750135869305,0.027800011145689314,0.0,0.0,22.676837091295358,False
1784374601.296034,15.83060622215271,1.9921209049815427,1.0351111262806933,0.027799345177637484,0.0,0.0,23.36792022448369,False
1784374601.38175,15.916322231292725,2.001096273204692,1.0382181492160105,0.02779848977015803,0.0,0.0,24.28936160156676,False
1784374601.462912,15.99748420715332,2.00779418969709,1.0406422655037995,0.027798363233936516,0.0,0.0,24.980440262619247,False
1784374601.535992,16.070564031600952,2.0137228880133518,1.0428643287787718,0.02779866695200762,0.0,0.0,25.594731720777496,False
1784374601.6057777,16.140349864959717,2.0203637061122692,1.045439591106455,0.027799228498524592,0.0,0.0,26.28581025933756,False
1784374601.6721582,16.206730365753174,2.026240214270527,1.0477954744089044,0.02779963177030964,0.0,0.0,26.770182614021014,False
1784374601.756418,16.290990114212036,2.0328219452402863,1.0505181850499268,0.02779974227454145,0.0,0.0,26.84870860571011,False
1784374601.821045,16.3556170463562,2.038649096050352,1.0529954562769956,0.027799521062534385,0.0,0.0,26.592465399960936,False
1784374601.902618,16.437190055847168,2.0466336165297627,1.056470798051982,0.027799003553065853,0.0,0.0,25.92724881364413,False
1784374601.9814143,16.515986442565918,2.052426568214248,1.0590341774433083,0.02779873401640005,0.0,0.0,25.349888235496934,False
1784374602.0622544,16.596826553344727,2.058935824490716,1.0619395785598278,0.02779870774980586,0.0,0.0,24.671966630888445,False
1784374602.1590967,16.693668842315674,2.06761136625527,1.0658268057017593,0.027799056834531707,0.0,0.0,23.75481613095866,False
1784374602.2463746,16.780946731567383,2.07484546639484,1.0690597027072561,0.0277993871652826,0.0,0.0,22.987699968926144,False
1784374602.3191276,16.853699684143066,2.080639683152318,1.0716318841138688,0.027799493866168538,0.0,0.0,22.37357679931703,False
1784374602.3991954,16.933767557144165,2.087168732757028,1.0745024304524307,0.02779939742038683,0.0,0.0,21.682559806934144,False
1784374602.5022933,17.03686547279358,2.097353537065698,1.0789022186318973,0.02779902885816969,0.0,0.0,20.607574285521153,False
1784374602.569925,17.10449719429016,2.102461230138905,1.0810658134547935,0.027798903453960622,0.0,0.0,20.070073741206777,False
1784374602.646819,17.18139123916626,2.109045035597174,1.0838066281702776,0.027798895771298418,0.0,0.0,19.378999798189408,False
1784374602.7261045,17.260676622390747,2.116384107012162,1.0867926503635608,0.027799058994562902,0.0,0.0,18.611138558397755,False
1784374602.803314,17.337886095046997,2.123011852967566,1.089422169333909,0.02779924262758021,0.0,0.0,17.920062288265875,False
1784374602.8956234,17.430195569992065,2.131142721016502,1.0925561511033999,0.02779934609349963,0.0,0.0,17.075412049838004,False
1784374602.9756877,17.510259866714478,2.1378206996271336,1.095051271009704,0.027799285992537393,0.0,0.0,16.384333746575678,False
1784374603.065949,17.600521087646484,2.145267974239145,1.09774723381959,0.027799132688521702,0.0,0.0,15.616468670975234,False
1784374603.1437366,17.678308725357056,2.151995240208029,1.100102278133724,0.027799018271709237,0.0,0.0,14.925390191399957,False
1784374603.2146876,17.74925971031189,2.159497411673071,1.1026371562449484,0.027798998876370842,0.0,0.0,14.157525352442246,False
1784374603.302258,17.836830139160156,2.1685377981656484,1.1055619524950955,0.02779911260608115,0.0,0.0,13.236087332370166,False
1784374603.371888,17.90646004676819,2.1738301252207735,1.1072077239491986,0.02779919507783165,0.0,0.0,12.698581496182902,False
1784374603.454275,17.988847017288208,2.1806544911549057,1.1092570851214196,0.027799257267368618,0.0,0.0,12.007502132242132,False
1784374603.5310714,18.065643548965454,2.1882628733664897,1.1114448529760292,0.02779923756602287,0.0,0.0,11.239635747318568,False
1784374603.605611,18.140183210372925,2.195897603253181,1.1135371713202629,0.02779915339794163,0.0,0.0,10.471769229546288,False
1784374603.6664355,18.201007604599,2.2012571214822443,1.1149442852343194,0.027799094077917898,0.0,0.0,9.934262737993773,False
1784374603.7500541,18.284626245498657,2.206628791045336,1.1163035673961617,0.02779906030128581,0.0,0.0,9.396756342433909,False
1784374603.8213675,18.355939626693726,2.2150936999319453,1.1183420518838503,0.027799077984621515,0.0,0.0,8.55210353504321,False
1784374603.898353,18.4329252243042,2.222813174109886,1.1200908271774845,0.027799143444286325,0.0,0.0,7.784237240448418,False
1784374603.9830484,18.51762056350708,2.2290045011977107,1.1214176581655217,0.02779919210867344,0.0,0.0,7.16994401188789,False
1784374604.07077,18.605342149734497,2.2359856730142567,1.1228331073025346,0.02779921208403041,0.0,0.0,6.478863914502762,False
1784374604.1611948,18.695766925811768,2.2445398820853115,1.1244513308384818,0.027799179776232107,0.0,0.0,5.634210294736671,False
1784374604.2888937,18.823465824127197,2.2570216851112628,1.1265840571244539,0.0277991041684654,0.0,0.0,4.4056233249278085,False
1784374604.4056494,18.940221548080444,2.266410823697675,1.1280105194954666,0.02779909999585438,0.0,0.0,3.4841832962180472,False
1784374604.4810543,19.015626430511475,2.2742514773884763,1.1290852776015092,0.02779913351563946,0.0,0.0,2.7163166073197123,False
1784374604.5635734,19.098145484924316,2.2828916956915695,1.130147358105878,0.027799173278955605,0.0,0.0,1.8716631075324381,False
1784374604.6401958,19.17476797103882,2.2899718296643248,1.1309224010052512,0.0277991837417721,0.0,0.0,1.1805828394197153,False
1784374604.7179055,19.252477645874023,2.2970606759947265,1.1316126715954715,0.027799169660635784,0.0,0.0,0.48950250800911993,False
1784374604.7926915,19.327263593673706,2.304451939497071,1.1322182027339334,0.027798970606744373,0.0,0.0,359.8304158170433,False
1784374604.8667772,19.401349306106567,2.3134883668827566,1.1327806249371426,0.027798251846923437,0.0,0.0,359.1557874133192,False
1784374604.9491935,19.483765602111816,2.3221314801316373,1.133176461985615,0.02779741604040086,0.0,0.0,358.5633463377234,False
1784374605.0241868,19.558758974075317,2.330058902920761,1.1334378609346543,0.027796842753490137,0.0,0.0,358.0365660323945,False
1784374605.1074817,19.642053842544556,2.3401185113452643,1.1336466549213584,0.027796695516648443,0.0,0.0,357.3703226057699,False
1784374605.1928623,19.727434396743774,2.35020488142954,1.1337293654095981,0.027797212976274535,0.0,0.0,356.6927449933334,False
1784374605.2713358,19.80590796470642,2.360186679947605,1.1336946680333118,0.027798060151668746,0.0,0.0,356.00002277379645,False
1784374605.3527305,19.88730263710022,2.3709763413544325,1.1335295575779722,0.027798772277300276,0.0,0.0,355.22314032965636,False
1784374605.4466543,19.981226444244385,2.378646624124037,1.1333333476149006,0.02779894940732057,0.0,0.0,354.6462936997129,False
1784374605.5430827,20.07765483856201,2.3897702338040028,1.1329359019838663,0.02779883738594965,0.0,0.0,353.7572713047123,False
1784374605.60707,20.141642093658447,2.3986066435876943,1.132526959552189,0.02779877803927841,0.0,0.0,352.99541847170195,False
1784374605.6947734,20.229345560073853,2.407170443964782,1.132041227364786,0.027798875314524622,0.0,0.0,352.2290427325823,False
1784374605.7801285,20.314700603485107,2.4147103806431547,1.1315340117342285,0.027799061736778808,0.0,0.0,351.5383137929286,False
1784374605.872857,20.407429218292236,2.4237696745174047,1.1308191496313975,0.027799263206213776,0.0,0.0,350.693770010191,False
1784374605.9439292,20.478501319885254,2.431895397657049,1.1300748985715134,0.027799302855484397,0.0,0.0,349.92592545258464,False
1784374606.0214968,20.556068897247314,2.4383388797904915,1.1294127292567817,0.027799230514821527,0.0,0.0,349.31163654502734,False
1784374606.1003423,20.63491439819336,2.445539956544651,1.128595191891884,0.0277991020099768,0.0,0.0,348.6205577784655,False
1784374606.1730676,20.707639694213867,2.4519060389731595,1.1278028457137996,0.0277990144489113,0.0,0.0,348.00626476098444,False
1784374606.2536027,20.788174867630005,2.4590351607945378,1.1268365407324592,0.027798998079295065,0.0,0.0,347.3151850722324,False
1784374606.3161316,20.850703716278076,2.467708534877149,1.1255464797437347,0.027799089250058265,0.0,0.0,346.47053209933284,False
1784374606.3927453,20.92731738090515,2.473992174863845,1.1245322281784802,0.027799180016619563,0.0,0.0,345.8562388292921,True
1784374606.471724,21.006296157836914,2.480257199710107,1.123453520319679,0.0277992405745642,0.0,0.0,345.24194530262355,False
1784374606.5493808,21.08395290374756,2.4872843701350815,1.1221625721076065,0.027799242467083315,0.0,0.0,344.55086484012446,False
1784374606.6202216,21.154793739318848,2.495067263343733,1.1206317230886156,0.02779917549269576,0.0,0.0,343.7829975853171,False
1784374606.701952,21.23652410507202,2.502049702094921,1.119166933615692,0.027799101731235856,0.0,0.0,343.0919172018413,False
1784374606.7832677,21.317839860916138,2.5090111497137615,1.1176195904745865,0.027799063204114426,0.0,0.0,342.4008370337607,False
1784374606.861027,21.395599126815796,2.516721152316708,1.1158034611404029,0.0277990831625032,0.0,0.0,341.63297033753776,False
1784374606.9421494,21.47672152519226,2.524404293811327,1.11388541691165,0.02779914471584473,0.0,0.0,340.865103600297,False
1784374607.0368826,21.571454763412476,2.5320597425720397,1.1118655751971296,0.02779919712164252,0.0,0.0,340.0972366631571,False
1784374607.1006055,21.635177612304688,2.538163507629194,1.1101765277801556,0.027799206599665453,0.0,0.0,339.4829429656157,False
1784374607.1677437,21.70231580734253,2.5450076210934696,1.1081987605158101,0.0277991807880129,0.0,0.0,338.7918624885612,False
1784374607.258043,21.792615175247192,2.5518269756308194,1.1061390324597264,0.027799136974073248,0.0,0.0,338.1007820575058,False
1784374607.374183,21.90875506401062,2.5608794204750525,1.1032656293539669,0.0277990991118595,0.0,0.0,337.1793416690378,False
1784374607.4530292,21.987601280212402,2.5683867693139044,1.1007605665510167,0.027799108187487983,0.0,0.0,336.41147480007925,False
1784374607.5599854,22.094557523727417,2.577350064135351,1.09762239772964,0.027799150312790576,0.0,0.0,335.4900345277103,False
1784374607.6538973,22.188469409942627,2.585521000315521,1.094619738524796,0.027799178979987575,0.0,0.0,334.64538079750804,False
1784374607.752952,22.287524223327637,2.5946252474581395,1.0910897130247175,0.027799015744940734,0.0,0.0,333.75018034119034,False
1784374607.852534,22.38710618019104,2.6041610976189102,1.0871689838745484,0.02779854174323382,0.0,0.0,332.8878708188217,False
1784374607.9660854,22.500657558441162,4.8,1.1468000000238572,0.12,0.0,0.0,269.9997895408503,False
1784374608.052238,22.58681011199951,4.8,1.1308000000239655,0.12,0.0,0.0,269.9997895408503,False
1784374608.13216,22.6667320728302,2.6311104405395067,1.0749932723105309,0.027797765157834487,0.0,0.0,330.65390679687573,False
1784374608.201782,22.736354112625122,2.638972913526075,1.071159276987355,0.027797809567398576,0.0,0.0,330.0383671811725,False
1784374608.290367,22.824939012527466,2.6477936965865654,1.0667153952742874,0.027797829980687465,0.0,0.0,329.35847964841446,False
1784374608.3973322,22.931904315948486,2.6593856834050458,1.06064844624844,0.027797663748096335,0.0,0.0,328.48497569946363,False
1784374608.4690049,23.00357699394226,2.666655622174593,1.0567084326409308,0.027797380963466442,0.0,0.0,327.9613443531788,False
1784374608.5360014,23.070573568344116,2.6740042361683174,1.052623723938184,0.02779704779603549,0.0,0.0,327.44347568648215,False
1784374608.6205678,23.155139923095703,2.683264322273231,1.047334662731644,0.027796714754762065,0.0,0.0,326.8012569602861,False
1784374608.6999595,23.23453164100647,2.6925689881292647,1.04186451221118,0.02779659290437147,0.0,0.0,326.1625423026437,False
1784374608.786026,23.320598125457764,2.700975861755912,1.036788629932847,0.027796627085172235,0.0,0.0,325.5923954133956,False
1784374608.8835173,23.418089389801025,2.713212340825021,1.0291719330023439,0.02779662321411609,0.0,0.0,324.782465066731,False
1784374608.9967642,23.531336307525635,2.724544069975748,1.0218817784319054,0.027796458094964293,0.0,0.0,324.04134261514974,False
1784374609.1212726,23.655844688415527,2.7387990509398676,1.0123844614794133,0.027796026993923677,0.0,0.0,323.1339118635886,False
1784374609.2031384,23.73771047592163,2.7464564592546994,1.007132171492639,0.027795761297287246,0.0,0.0,322.6592796820096,False
1784374609.3018494,23.836421489715576,2.757970258344284,0.9990402861533019,0.027795490806276735,0.0,0.0,321.9540303015716,False
1784374609.3881433,23.922715425491333,2.769479953927788,0.9907198809376817,0.02779543579123632,0.0,0.0,321.2541161497516,False
1784374609.4758732,24.01044535636902,2.7790425339033513,0.9836316492231169,0.027795495071632256,0.0,0.0,320.6732229326028,False
1784374609.5909383,24.125510454177856,2.790473437047691,0.9749480279799317,0.02779553733804918,0.0,0.0,319.9795779304468,False
1784374609.6843443,24.218916416168213,2.801953474760144,0.9659870872776354,0.02779526817981624,0.0,0.0,319.3059920431397,False
1784374609.7647517,24.299323797225952,2.8117146602301544,0.958169936576771,0.027794532872160594,0.0,0.0,318.7780985502485,False
1784374609.8428388,24.377410888671875,2.819638456545902,0.9516945675456726,0.027793749915029153,0.0,0.0,318.37396133834073,False
1784374609.911889,24.44646120071411,2.8296565406225533,0.9433477223906385,0.027792816624806486,0.0,0.0,317.8867509252927,False
1784374609.9894736,24.524045705795288,2.8397335134199806,0.9347797704295427,0.02779227980995691,0.0,0.0,317.41097176017047,False
1784374610.0727904,24.607362508773804,2.8488177757236137,0.9269126711718836,0.027792226072023876,0.0,0.0,316.9892411482757,False
1784374610.1700182,24.704590320587158,2.8589020296490437,0.9180238986629515,0.02779248458944531,0.0,0.0,316.5257893824679,False
1784374610.253649,24.78822112083435,2.8709741934940225,0.9071698478193012,0.027792789645095795,0.0,0.0,315.97660640239354,False
1784374610.3394148,24.873986959457397,2.8811200776086183,0.8978635407728578,0.027792466864840406,0.0,0.0,315.5445173015314,False
1784374610.4243588,24.95893096923828,2.890315454374012,0.8892872030217723,0.027791716936516907,0.0,0.0,315.17400962143984,False
1784374610.4912894,25.025861501693726,2.898510116712101,0.8815346192329421,0.02779094266352298,0.0,0.0,314.85446970775354,False
1784374610.567766,25.102338075637817,2.908765512148068,0.8716906281394656,0.027790193528706084,0.0,0.0,314.46626732992445,False
1784374610.6581254,25.192697525024414,2.9180300002855315,0.862663875387198,0.027789829262616767,0.0,0.0,314.1324159606844,False
1784374610.739131,25.27370309829712,2.928348250603357,0.8524652656070927,0.027789739504929196,0.0,0.0,313.77676417751456,False
1784374610.8169906,25.35156273841858,2.9376484171664776,0.8431456399498585,0.027789749468995973,0.0,0.0,313.4695011317999,False
1784374610.91153,25.446102142333984,2.947976193389815,0.8326595218424934,0.027789681048505013,0.0,0.0,313.13895794025325,False
1784374610.9973857,25.531957864761353,2.960374200177923,0.8198857031256666,0.02778932749196755,0.0,0.0,312.760326127846,False
1784374611.1319563,25.666528463363647,2.9740356199214224,0.8055767538896101,0.027787994183250012,0.0,0.0,312.41884415547617,False
1784374611.2388937,25.773465871810913,2.988869034966101,0.7897926462844358,0.02778635504209601,0.0,0.0,312.11022547498334,False
1784374611.3405216,25.875093698501587,3.002665621949966,0.7749071156042603,0.02778564113848999,0.0,0.0,311.8635869433263,False
1784374611.4387887,25.973360776901245,3.0164406151383063,0.7598704562824795,0.027786064251151335,0.0,0.0,311.6452890510568,False
1784374611.5458024,26.080374479293823,3.028072137637067,0.7470515608123132,0.027786822795062612,0.0,0.0,311.47881335840367,False
1784374611.638006,26.17257809638977,3.0396799797357925,0.7341578596221069,0.027787236797766002,0.0,0.0,311.33116815566143,False
1784374611.7332096,26.267781734466553,3.0522963328002306,0.7200410790286672,0.027786977508344003,0.0,0.0,311.19765678520093,False
1784374611.8294065,26.363978624343872,3.063817201667541,0.707066869836409,0.02778638518747644,0.0,0.0,311.097133311387,False
1784374611.9026852,26.437257289886475,3.0753248769718304,0.6940375301605849,0.027785930667525858,0.0,0.0,311.0083533075433,False
1784374612.0026927,26.537264823913574,3.08575932714062,0.6821701706143153,0.02778597376916682,0.0,0.0,310.93854125111125,False
1784374612.076619,26.611191034317017,3.094084342244894,0.6726696246521215,0.0277862858003037,0.0,0.0,310.8909741340004,False
1784374612.1575701,26.692142248153687,3.1054989505808344,0.6596020192693355,0.02778681032398183,0.0,0.0,310.83829063005624,False
1784374612.2404041,26.77497625350952,3.115851676507072,0.6477141393773285,0.027787059667966425,0.0,0.0,310.8022997739116,False
1784374612.3039508,26.838522911071777,3.1220300328009007,0.6406057563752001,0.027787131434693302,0.0,0.0,310.79114640961575,False
1784374612.391375,26.925947189331055,3.132216807351571,0.6288674932116846,0.027787421635438434,0.0,0.0,310.80933230098367,False
1784374612.4784353,27.013007402420044,4.8,0.29560000002961395,0.12,0.0,0.0,269.9997895408503,False
1784374612.5588853,27.093457460403442,3.154386940021717,0.6032839394019367,0.02778866463450804,0.0,0.0,311.00462327410315,False
1784374612.6441746,27.178746700286865,3.1634264312902327,0.5928609211947072,0.027788974241154403,0.0,0.0,311.13525435346355,False
1784374612.7248874,27.259459495544434,3.1724671219611547,0.5824552586115973,0.0277888296369509,0.0,0.0,311.2875916630867,False
1784374612.8190622,27.353634357452393,3.1845349670893675,0.5686101116489749,0.027788053945632826,0.0,0.0,311.51601919302516,False
1784374612.896533,27.431105136871338,3.1946359618150506,0.5570737310399556,0.027787365039092585,0.0,0.0,311.71728754355246,False
1784374612.9818213,27.516393423080444,3.203620462981587,0.5468573701513649,0.027787598755564486,0.0,0.0,311.84956557892576,False
1784374613.073779,27.608351230621338,4.8,0.17880000003040206,0.12,0.0,0.0,269.9997895408503,False
1784374613.1606882,27.695260286331177,3.222368744301397,0.5256289046213636,0.027796543008522946,0.0,0.0,311.3550676192054,False
1784374613.2739892,27.808561325073242,3.231539534226017,0.5152427740416611,0.027800108765474365,0.0,0.0,310.8075188710327,False
1784374613.3609855,27.895557641983032,3.242885184700212,0.5023110847445227,0.02779877091228137,0.0,0.0,310.02440567406944,False
1784374613.4608138,27.995385885238647,3.2508409771399527,0.4931476131342655,0.027795347113723255,0.0,0.0,309.4481064236945,True
1784374613.538554,28.073126077651978,3.2587082898523114,0.48397995880311967,0.027792743115549683,0.0,0.0,308.86947810032916,False
1784374613.6329267,28.16749882698059,3.2681570158062088,0.47279362825007354,0.02779255413033245,0.0,0.0,308.1951729986588,False
1784374613.714154,28.24872612953186,3.2752899672810907,0.4642042071605223,0.02779393843385927,0.0,0.0,307.706450367341,False
1784374613.7867868,28.321358919143677,3.2816345510095553,0.4564537647919193,0.027795259761782955,0.0,0.0,307.27809569721717,False
1784374613.874613,28.40918517112732,3.2911380702443895,0.44463980508987283,0.02779589136270129,0.0,0.0,306.6444109101542,False
1784374613.9649522,28.499524354934692,3.298256592727541,0.43562179470098705,0.027795066099141525,0.0,0.0,306.1777185094719,False
1784374614.071239,28.60581111907959,3.3077192075988604,0.42340134935125134,0.027793342261976495,0.0,0.0,305.5650956798006,False
1784374614.1718278,28.70639991760254,3.3155660441952257,0.41305972607754105,0.027792497157807187,0.0,0.0,305.06153968478884,False
1784374614.256885,28.791457176208496,3.3256779668254723,0.39944760367067916,0.02779283299328123,0.0,0.0,304.410641007128,False
1784374614.3432956,28.877867698669434,3.333981820482623,0.3880343957977775,0.027794180347077615,0.0,0.0,303.830167161703,False
1784374614.4649134,28.9994854927063,3.3435218475017896,0.3746382434249818,0.027795551370336447,0.0,0.0,303.1245984211655,False
1784374614.5381093,29.072681427001953,3.3507157983761635,0.364315671541454,0.027795673249112023,0.0,0.0,302.5797524068727,False
1784374614.6578012,29.192373275756836,3.3599224444117826,0.3508049718969634,0.027794815679046424,0.0,0.0,301.8748960745729,False
1784374614.7502482,29.284820318222046,3.3669045588278683,0.34032039050677293,0.02779408104334859,0.0,0.0,301.33617219192337,False
1784374614.8557312,29.390303373336792,3.3758660600853743,0.32654370438732466,0.02779378287254737,0.0,0.0,300.6422287586798,False
1784374614.9478037,29.482375860214233,3.3833413343135876,0.31476407327595,0.0277940986104116,0.0,0.0,300.0586210702778,False
1784374615.0304728,29.56504487991333,3.390053603910538,0.3039526829630877,0.02779444276168698,0.0,0.0,299.53164566603897,False
1784374615.1096227,29.644194841384888,3.3973525590462392,0.291932857707807,0.027794493665731133,0.0,0.0,298.9576283262388,False
1784374615.1789138,29.713485956192017,3.4019574591925648,0.2842023460975609,0.027794291937434278,0.0,0.0,298.5968341034121,False
1784374615.2525988,29.787170886993408,3.407847447619222,0.27414115369587505,0.0277938260435009,0.0,0.0,298.1414419754062,False
1784374615.3370414,29.87161350250244,3.414345200493834,0.26281096000228016,0.02779327875323752,0.0,0.0,297.6444460052517,False
1784374615.415103,29.9496750831604,3.420781747800701,0.25134339960158447,0.027792951302476762,0.0,0.0,297.15414813366283,False
1784374615.4806018,30.01517391204834,3.425252578272739,0.24323084406458767,0.027792875255815207,0.0,0.0,296.8157145813875,False
1784374615.5542252,30.088797330856323,3.4309360982599455,0.23274241596477796,0.027792969371012007,0.0,0.0,296.41266070030974,False
1784374615.6419392,30.17651128768921,3.4369773073906766,0.22140359350844746,0.027793907208810475,0.0,0.0,296.25552338867556,False
1784374615.7105634,30.24513554573059,3.4416291023030094,0.21254904817973302,0.027795072498526696,0.0,0.0,296.3434997490814,False
1784374615.7849126,30.31948471069336,3.4467242150143993,0.20275191740061405,0.027796395111823323,0.0,0.0,296.6352141536207,False
1784374615.8525245,30.387096643447876,3.4511705912590336,0.19414780401721965,0.027797186988101692,0.0,0.0,297.0075321815875,False
1784374615.9279668,30.462538957595825,3.455602439459201,0.18555237363567237,0.027797244862326556,0.0,0.0,297.42754016499947,False
1784374616.0399394,30.574511528015137,3.4628248170187494,0.17158037403591217,0.02779591422987031,0.0,0.0,298.1494477940586,False
1784374616.10801,30.642582178115845,3.467855220098142,0.1619236888836018,0.02779475462510196,0.0,0.0,298.66051610607394,False
1784374616.1880152,30.72258734703064,3.4723591213904355,0.15335648150337677,0.027794168476691257,0.0,0.0,299.1173192252746,False
1784374616.2748516,30.809423685073853,3.4791938359515884,0.14053120016973553,0.027794419943837332,0.0,0.0,299.80281445973003,False
1784374616.3623526,30.8969247341156,3.484393215969277,0.1309345760201754,0.027795159176699887,0.0,0.0,300.3161400760831,False
1784374616.4339983,30.968570470809937,3.4896702681244283,0.12134703194848842,0.027795787506461177,0.0,0.0,300.82687951362345,False
1784374616.5337882,31.068360328674316,3.4962347430442593,0.1096416222826583,0.02779588998967176,0.0,0.0,301.44757571236295,False
1784374616.6135955,31.148167610168457,3.50109290560361,0.1011380661420518,0.027795506497611252,0.0,0.0,301.8965266067821,False
1784374616.7002013,31.23477339744568,3.50908909490698,0.0874278985766942,0.027794809460678808,0.0,0.0,302.6335407656897,False
1784374616.786256,31.320828199386597,3.5152882831379175,0.07703744957278026,0.027794812112168728,0.0,0.0,303.2112487717199,False
1784374616.936812,31.471384048461914,3.526105195218087,0.05941905740960779,0.027795352348554486,0.0,0.0,304.1753823370069,False
1784374617.0418575,31.57642960548401,3.534721209065882,0.045838332723419487,0.02779515256104308,0.0,0.0,304.88717439464705,False
1784374617.1232085,31.657780647277832,3.540843580930805,0.03641351709923689,0.027794678383730256,0.0,0.0,305.37298546445544,False
1784374617.196663,31.731235027313232,3.546387879820124,0.02803090553302522,0.02779422911179855,0.0,0.0,305.80106716734906,False
1784374617.2853186,31.81989073753357,3.5548676355667492,0.015474200378958585,0.02779387810656851,0.0,0.0,306.43925770880594,False
1784374617.3720174,31.90658950805664,3.562026128655952,0.00510495610507894,0.02779409666911512,0.0,0.0,306.9775729736814,False
1784374617.4533648,31.987936973571777,3.5677992612294642,-0.003110514408555418,0.02779450733524696,0.0,0.0,307.4126779189075,False
1784374617.5213046,32.05587673187256,3.5743571749499212,-0.01228686828478129,0.027794943379775887,0.0,0.0,307.9032591365957,False
1784374617.5848136,32.119385719299316,3.580997614334562,-0.02141335063437016,0.027795113262498148,0.0,0.0,308.3920741431766,False
1784374617.668995,32.203567028045654,3.587733064868537,-0.030505221028734177,0.0277949394543882,0.0,0.0,308.8776067415761,False
1784374617.7473676,32.28193974494934,3.5915199475029542,-0.03554586532313064,0.027794729341847742,0.0,0.0,309.1454578851342,False
1784374617.8319435,32.36651563644409,3.5984251160295844,-0.044609278823963115,0.027794273581707708,0.0,0.0,309.6232505959633,False
1784374617.9250848,32.459656953811646,3.6078681312185354,-0.056742626345027664,0.027793678865350523,0.0,0.0,310.24198477473834,False
1784374618.0325158,32.56708788871765,3.617654229663089,-0.06901371572445117,0.0277931223336004,0.0,0.0,310.83019951824,False
1784374618.128092,32.66266417503357,3.627810841194298,-0.08144959320650137,0.027792496174881068,0.0,0.0,311.3864145659426,False
1784374618.240347,32.77491903305054,3.6391304308061025,-0.09498984147576076,0.027791961761416364,0.0,0.0,311.9702060004125,False
1784374618.3615398,32.89611196517944,3.6489244061392445,-0.10645766371352097,0.027791757812491477,0.0,0.0,312.45330507897177,False
1784374618.4666257,33.001197814941406,3.6643828316392146,-0.12413218819036083,0.027791844439927847,0.0,0.0,313.1871266895726,False
1784374618.5731983,33.10777044296265,3.6745831087704857,-0.13552920543968328,0.02779188236638362,0.0,0.0,313.65312686283363,False
1784374618.6807513,33.21532344818115,3.685401329951929,-0.14742690538936404,0.02779296496157922,0.0,0.0,313.9455493431089,False
1784374618.781263,33.31583523750305,3.6959825432300826,-0.15893589541864894,0.027796998538347176,0.0,0.0,313.64457739468105,False
1784374618.8751683,33.40974044799805,3.7051276980340027,-0.16881142738158228,0.027800337612389953,0.0,0.0,312.9931869426712,False
1784374618.9584982,33.49307036399841,3.711773528073801,-0.17597821403418326,0.02780086366347845,0.0,0.0,312.41992150414205,False
1784374619.0582294,33.592801570892334,3.720510338034789,-0.18543251886323472,0.027798725066898764,0.0,0.0,311.6319096775362,False
1784374619.1654177,33.699989795684814,3.7284178185796932,-0.1940610936568169,0.02779602969391025,0.0,0.0,310.9034734881618,False
1784374619.2988386,33.83341073989868,3.7383854697248573,-0.20509005597835597,0.027795052511616222,0.0,0.0,309.97975530896645,False
1784374619.3969593,33.93153142929077,3.7484186091164706,-0.2164267207903324,0.02779673014593546,0.0,0.0,309.0834241331238,False
1784374619.5187702,34.05334234237671,3.7598862178415895,-0.22972269256189673,0.027798067231351455,0.0,0.0,308.07110895453144,False
1784374619.6095872,34.1441593170166,3.767021972328776,-0.2381989885552723,0.027797506292797772,0.0,0.0,307.4429556413747,False
1784374619.7039535,34.23852562904358,3.77484805992698,-0.24769158540756062,0.02779625242871123,0.0,0.0,306.75898495007266,False
1784374619.8344848,34.369056940078735,3.785465762959007,-0.26092111444519794,0.027795318545245296,0.0,0.0,305.8367417799958,False
1784374619.936684,34.47125601768494,3.793859951335336,-0.2716793332190832,0.027795806544155918,0.0,0.0,305.0989908051631,False
1784374620.0530317,34.58760380744934,3.804803754793977,-0.28612123898818204,0.027796979945452313,0.0,0.0,304.1044857757802,False
1784374620.1382513,34.672823429107666,3.810853023962974,-0.2943228688578511,0.02779714235917186,0.0,0.0,303.5458469260244,False
1784374620.253499,34.788071155548096,3.818818581788843,-0.3053782908504271,0.027796659331610577,0.0,0.0,302.8048498186342,False
1784374620.3617501,34.89632225036621,3.8286167879539583,-0.3193999198248997,0.027795853550345882,0.0,0.0,301.884118805627,False
1784374620.4498117,34.98438382148743,3.8344278610009543,-0.32795123198243215,0.027795681009406794,0.0,0.0,301.33831588735205,False
1784374620.5438151,35.07838726043701,3.8413979746970486,-0.33844095863502555,0.027795963240231897,0.0,0.0,300.8097898519758,False
1784374620.628103,35.16267514228821,3.8479337786754035,-0.34846570129389104,0.027797211991759278,0.0,0.0,300.82003375598435,False
1784374620.7084477,35.243019819259644,3.8535202520956036,-0.35715462111464524,0.027798661789096558,0.0,0.0,301.2301320913353,False
1784374620.7940407,35.32861280441284,3.858288556411071,-0.3646299629068822,0.027799660918890665,0.0,0.0,301.7937572174409,True
1784374620.8827968,35.41736888885498,3.8634849278288703,-0.37280827637846853,0.027799772483149285,0.0,0.0,302.4796172259578,False
1784374620.990412,35.52498412132263,3.870480526433373,-0.38380483334591586,0.027798102048871908,0.0,0.0,303.34750891187474,False
1784374621.0876672,35.62223935127258,3.8765492452272414,-0.39327096650870086,0.02779650193599379,0.0,0.0,304.0790003173612,False
1784374621.2050502,35.739622354507446,3.8838299612701763,-0.4044834367327273,0.027796146539017255,0.0,0.0,304.94891932622875,False
1784374621.304353,35.83892512321472,3.891805353419228,-0.4165353210405415,0.02779744413661398,0.0,0.0,305.887963924762,False
1784374621.3864632,35.921035289764404,3.8969718645188935,-0.4242001241979178,0.027798316619062704,0.0,0.0,306.4981285067663,False
1784374621.4898658,36.02443790435791,3.9038609716137485,-0.4342374705320367,0.027798688395143805,0.0,0.0,307.3244271274296,False
1784374621.5848358,36.11940789222717,3.9112842598601953,-0.44481120930428614,0.027798204237309828,0.0,0.0,308.2371090964877,False
1784374621.6885045,36.223076581954956,3.9169513525283612,-0.45270964670390007,0.02779783177454553,0.0,0.0,308.9506161542152,False
1784374621.8172956,36.35186767578125,3.9237109060316566,-0.4619276682260131,0.027797929500167413,0.0,0.0,309.8167772592004,False
1784374621.9157116,36.45028376579285,3.9316231625541143,-0.47242064824225216,0.027798548128018515,0.0,0.0,310.82432489816523,False
1784374622.0293324,36.56390452384949,3.939766722334217,-0.4827930256487192,0.027797933709065428,0.0,0.0,311.6627608894039,False
1784374622.1663494,36.70092153549194,3.9513688665836892,-0.4969771643613049,0.027795940331859958,0.0,0.0,312.71660871810815,False
1784374622.270832,36.80540418624878,3.961398600053079,-0.5087862194460325,0.02779543195393742,0.0,0.0,313.5848575786459,False
1784374622.3781726,36.912744760513306,3.969452006022643,-0.518002472125275,0.027796138633530795,0.0,0.0,314.2736173324069,False
1784374622.4703836,37.004955768585205,3.9768223318878357,-0.5262474951427942,0.027797085375916564,0.0,0.0,314.9109172623899,False
1784374622.5712066,37.10577869415283,3.986516867449707,-0.5368208833202794,0.02779764302018578,0.0,0.0,315.73901824922046,False
1784374622.6778488,37.21242094039917,4.8,-1.6275999999573842,0.12,0.0,0.0,269.9997895408503,False
1784374622.7700183,37.304590463638306,4.003504372718345,-0.5546212554808754,0.027796210699642766,0.0,0.0,317.1128518407016,False
1784374622.8553927,37.38996481895447,4.012958322998101,-0.5641628274510693,0.027795852179721543,0.0,0.0,317.8649547800941,False
1784374622.9362454,37.47081756591797,4.021242448462543,-0.5722962409225651,0.027795661326924855,0.0,0.0,318.44806205468603,False
1784374623.0113184,37.54589056968689,4.028124442179858,-0.5789068113934803,0.02779540712486761,0.0,0.0,318.8974587926374,False
1784374623.0973248,37.63189697265625,4.036940485106538,-0.5872039582682674,0.027794996756529196,0.0,0.0,319.4533055518247,False
1784374623.1786692,37.71324133872986,4.046820732795771,-0.5962945052020983,0.027794649793529705,0.0,0.0,320.0652199563184,False
1784374623.2597194,37.794291496276855,4.054085151618496,-0.6028474386836511,0.027794622598273214,0.0,0.0,320.5131091488701,False
1784374623.330922,37.86549401283264,4.8,-1.75079999995655,0.12,0.0,0.0,269.9997895408503,False
1784374623.4179783,37.952550411224365,4.072403416208949,-0.618910771253171,0.02779535161522335,0.0,0.0,321.64951872784036,False
1784374623.5103786,38.04495072364807,4.081604090485533,-0.6267409230079644,0.027795747749098577,0.0,0.0,322.22798230999524,False
1784374623.5957673,38.13033938407898,4.090793348970734,-0.6344089650609015,0.027795967651689214,0.0,0.0,322.8162211013951,False
1784374623.6837132,38.21828532218933,4.100867877926268,-0.6426438402853827,0.02779604803926937,0.0,0.0,323.4748799743835,False
1784374623.7729354,38.30750751495361,4.109972471451544,-0.6499335797853186,0.027796132974066374,0.0,0.0,324.0856664201245,False
1784374623.8538985,38.38847064971924,4.118096029486655,-0.6563174871640916,0.027796338314326145,0.0,0.0,324.63938717650865,False
1784374623.9566429,38.491214990615845,4.127783260634358,-0.6637931402907927,0.02779695167697831,0.0,0.0,324.90441196755114,False
1784374624.045024,38.57959604263306,4.8,-1.88519999995564,0.12,0.0,0.0,269.9997895408503,False
1784374624.1403773,38.674949407577515,4.1480108737094,-0.6790285869260054,0.027798571529072166,0.0,0.0,323.9885869465626,False
1784374624.225264,38.759836196899414,4.155344547851554,-0.6844867592042592,0.027798671930139428,0.0,0.0,323.39928657710254,False
1784374624.345375,38.87994718551636,4.164949917795189,-0.6916369513360686,0.027798277278795917,0.0,0.0,322.5707199137545,False
1784374624.4798863,39.014458417892456,4.178284283704068,-0.7016413829809142,0.02779770162122781,0.0,0.0,321.3742179244371,False
1784374624.5845363,39.11910843849182,4.189644729330299,-0.7103317267808507,0.027797255977563263,0.0,0.0,320.598345681781,False
1784374624.6867185,39.221290588378906,4.197853666573703,-0.7167503374029325,0.02779587385231387,0.0,0.0,320.41717672949255,False
1784374624.7925735,39.32714557647705,4.2113618590803386,-0.7274835418946896,0.02779254331248731,0.0,0.0,320.48001607509383,False
1784374624.9005103,39.43508243560791,4.225173352141393,-0.7385843566987953,0.02779044546076454,0.0,0.0,320.90512770980786,False
1784374625.0090153,39.54358744621277,4.237168490129175,-0.748255235650373,0.027791623168610103,0.0,0.0,321.4224223109061,False
1784374625.1008215,39.63539361953735,4.247336949129082,-0.7564312304330119,0.02779384613293443,0.0,0.0,321.8855865008458,False
1784374625.196063,39.73063516616821,4.258621834428335,-0.7654471061269629,0.027795584575525095,0.0,0.0,322.41203719839854,False
1784374625.2925923,39.8271644115448,4.268969573223305,-0.7736380809675231,0.027795339286664337,0.0,0.0,322.89469502231714,False
1784374625.4113884,39.945960521698,4.284559547877199,-0.785809467486109,0.027793010902315205,0.0,0.0,323.63005564998923,False
1784374625.521773,40.05634522438049,4.3001544003310155,-0.797751946056939,0.02779215181384232,0.0,0.0,324.3839455780653,False
1784374625.641962,40.1765341758728,4.313618565037216,-0.8078576006421183,0.02779362224173832,0.0,0.0,325.0561162128219,False
1784374625.7330198,40.26759195327759,4.322901433012807,-0.8147077883843279,0.0277949117124669,0.0,0.0,325.53213786089583,False
1784374625.8241627,40.35873484611511,4.335189227940915,-0.8236235384989076,0.027795827066344432,0.0,0.0,326.1843231149906,False
1784374625.9375005,40.47207260131836,4.349771965563585,-0.833955120747185,0.02779483388402828,0.0,0.0,326.91638933091315,False
1784374626.0374262,40.57199835777283,4.3605944049431065,-0.8414408221424095,0.027793108745157735,0.0,0.0,327.397957331092,False
1784374626.12848,40.66305208206177,4.3729702824828,-0.8498197390856188,0.027791175451136744,0.0,0.0,327.8811628881475,False
1784374626.219277,40.753849029541016,4.386881196568666,-0.859031722566578,0.02779005233708713,0.0,0.0,328.3759603693223,False
1784374626.3196845,40.85425662994385,4.3986640371604055,-0.8666810329158535,0.027790159228864502,0.0,0.0,328.7786315389354,False
1784374626.4181154,40.95268750190735,4.8,-2.328399999952639,0.12,0.0,0.0,269.9997895408503,False
1784374626.535058,41.06963014602661,4.429687251126524,-0.8862132922887836,0.02779196565746492,0.0,0.0,329.82609205627796,False
1784374626.6446714,41.17924356460571,4.4440937624278325,-0.8950031231234714,0.027792092159698575,0.0,0.0,330.3184834335274,False
1784374626.7182975,41.252869606018066,4.457310602552516,-0.9029170717086775,0.027791854117573327,0.0,0.0,330.77803663519165,False
1784374626.7906396,41.32521176338196,4.466910192061005,-0.9085766214245073,0.027791735001927442,0.0,0.0,331.11929932106665,False
1784374626.882241,41.416813135147095,4.477689665329026,-0.9148434790505345,0.02779182329312144,0.0,0.0,331.51072260904994,False
1784374626.973569,41.508141040802,4.490836199661692,-0.9223596559847063,0.027792238853023194,0.0,0.0,331.99909651643094,False
1784374627.0818677,41.61643981933594,4.508091850861162,-0.931997188187584,0.027791702249628056,0.0,0.0,332.5579170155145,False
1784374627.1758373,41.71040940284729,4.518196376333487,-0.9375280368287692,0.027790765637246712,0.0,0.0,332.8515877888016,False
1784374627.2879088,41.82248091697693,4.536038472938623,-0.9471118622939306,0.02778929517145699,0.0,0.0,333.35688277088366,False
1784374627.3851178,41.919689893722534,4.551440565363182,-0.9552080339689024,0.02778916264288501,0.0,0.0,333.78665447396173,False
1784374627.483806,42.018378019332886,4.564315586180564,-0.9618558814680225,0.027789915960033627,0.0,0.0,334.14696599168855,False
1784374627.5795612,42.11413335800171,4.578488810130257,-0.9690517132970201,0.02779099866710022,0.0,0.0,334.5495327097336,False
1784374627.6563168,42.19088888168335,4.591355555649128,-0.9754754514625396,0.027791611201568107,0.0,0.0,334.9245977822265,False
1784374627.7360106,42.27058267593384,4.606722732896374,-0.9830135373636129,0.027791700115867686,0.0,0.0,335.39234918625885,False
1784374627.842328,42.37690019607544,4.624258634742846,-0.9914421203368831,0.02779208201010413,0.0,0.0,335.9696708598258,False
1784374627.9454794,42.48005151748657,4.636745950634631,-0.997321234015665,0.02779248698174628,0.0,0.0,336.37863739955316,False
1784374628.0307531,42.56532526016235,4.650970995432312,-1.0038809235159372,0.027791794431597978,0.0,0.0,336.7854967715299,False
1784374628.110657,42.64522910118103,4.664171640506456,-1.0098488397032397,0.027790382684680898,0.0,0.0,337.13484143281653,False
1784374628.1880631,42.72263526916504,4.674833486225077,-1.0145910210000946,0.02778920086180551,0.0,0.0,337.4081419273798,False
1784374628.2937028,42.828274965286255,4.6895637464445175,-1.021034265093858,0.027788362975001275,0.0,0.0,337.7827184021599,False
1784374628.388941,42.92351317405701,4.708212224380153,-1.0290210750333642,0.027789553262336484,0.0,0.0,338.27074614810067,False
1784374628.4916513,43.0262234210968,4.722269323752468,-1.0349279056183955,0.027792484585271053,0.0,0.0,338.70590622605636,False
1784374628.5818062,43.11637830734253,4.735052212118046,-1.04022703923903,0.027796921956752433,0.0,0.0,339.32259553412814,True
1784374628.6998606,43.23443269729614,4.749077443976135,-1.0459340291518568,0.027800231470561994,0.0,0.0,340.1566750424279,False
1784374628.8190172,43.35358929634094,4.763432995155329,-1.0516204797918585,0.02779921107826326,0.0,0.0,341.09354468965853,False
1784374628.9387264,43.4732985496521,4.778420340854739,-1.0573476686081311,0.02779612847017126,0.0,0.0,342.1002127445019,False
1784374629.0440984,43.578670501708984,4.790726038062218,-1.0618504793408694,0.027795061403511647,0.0,0.0,342.86199342898766,False
1784374629.143786,43.67835807800293,4.80225963349535,-1.0659084671505454,0.02779568096395564,0.0,0.0,343.54588744851594,False
1784374629.2432961,43.77786827087402,4.816093360372927,-1.0705767303978546,0.027796976299416274,0.0,0.0,344.349682276836,False
1784374629.357326,43.8918981552124,4.828990471866198,-1.0747387020045422,0.027797304729050676,0.0,0.0,345.09134459630394,False
1784374629.4523714,43.98694348335266,4.840882896821623,-1.078416871712336,0.02779673544988993,0.0,0.0,345.7721679289228,False
1784374629.5478826,44.082454681396484,4.854996656123682,-1.0825859785155778,0.027795931931192727,0.0,0.0,346.57842691651945,False
1784374629.6679568,44.202528953552246,4.868050076458873,-1.0862548925648028,0.02779588171796672,0.0,0.0,347.3260438424884,False
1784374629.7825513,44.31712341308594,4.885421136474537,-1.0908625988254674,0.027796716374043143,0.0,0.0,348.33200481585726,False
1784374629.916374,44.45094609260559,4.899483844067582,-1.094363632757282,0.027797203442979774,0.0,0.0,349.15693065994583,False
1784374630.0006218,44.5351939201355,4.912441725556293,-1.097406515499086,0.027797088309244045,0.0,0.0,349.9205458511664,False
1784374630.1256363,44.66020846366882,4.929068701235071,-1.1010344970332948,0.027796118068648276,0.0,0.0,350.83416525353084,False
1784374630.2224667,44.757038831710815,4.939237469988928,-1.1031074171362718,0.02779557069282342,0.0,0.0,351.37282473433163,False
1784374630.3362043,44.870776414871216,4.8,-3.070799999947612,0.12,0.0,0.0,269.9997895408503,False
1784374630.4384007,44.97297286987305,4.970089740048452,-1.1087678322449612,0.027795929019233324,0.0,0.0,352.990909243834,False
1784374630.556648,45.09122014045715,4.985013091708222,-1.1111782256080218,0.02779637028925484,0.0,0.0,353.77418189340875,False
1784374630.640784,45.17535614967346,4.996489907688571,-1.1128897878096218,0.02779640016352983,0.0,0.0,354.3795235016859,False
1784374630.7429507,45.277522802352905,5.011382325868158,-1.1149281291481847,0.027796172537670135,0.0,0.0,355.17118782691904,False
1784374630.8520947,45.386666774749756,5.02623316527895,-1.116755755340104,0.027796042789600395,0.0,0.0,355.96750233999416,False
1784374630.9479249,45.48249697685242,5.036492610143589,-1.117898416083735,0.02779612557633506,0.0,0.0,356.52070749241835,False
1784374631.057219,45.5917911529541,5.05399389141163,-1.11960418837783,0.027795876978173883,0.0,0.0,357.4008737428969,False
1784374631.1450527,45.679624795913696,5.068306286898786,-1.1207816432122308,0.027795301528493088,0.0,0.0,358.0856908183488,False
1784374631.2397065,45.77427864074707,5.079135690772757,-1.121550155580232,0.027794931955348476,0.0,0.0,358.5968616362255,False
1784374631.3385165,45.87308859825134,5.093638771769203,-1.1224198678089263,0.02779482773913503,0.0,0.0,359.276470357945,False
1784374631.4323828,45.966954946517944,5.107816471203397,-1.1230687545099067,0.027793870644802307,0.0,0.0,359.68627962839776,False
1784374631.5269525,46.061524629592896,5.1242032804169,-1.1236150207421651,0.027791519995562355,0.0,0.0,359.8849179364759,False
1784374631.6330044,46.16757655143738,5.139508955789998,-1.1239870874146025,0.02778941668903178,0.0,0.0,359.8849019686372,False
1784374631.733681,46.26825308799744,5.153421335867171,-1.1242461342736338,0.02778879952527061,0.0,0.0,359.73251734997774,False
1784374631.8349848,46.36955690383911,5.174068911709306,-1.1245550360149437,0.027791372604569986,0.0,0.0,359.2714351533298,False
1784374631.922428,46.45700001716614,5.187655465036235,-1.1247468658669144,0.027794121161448592,0.0,0.0,358.86300781920056,False
1784374632.0121496,46.54672169685364,5.201357410248202,-1.1249611867075535,0.027795356488011288,0.0,0.0,358.4420227587537,False
1784374632.1458642,46.68043637275696,5.220998743460039,-1.125344170171804,0.027792864525327917,0.0,0.0,357.8857838400841,False
1784374632.2513394,46.785911560058594,5.24229591345648,-1.1258934422170719,0.027788820965418157,0.0,0.0,357.3053396647237,False
1784374632.3734746,46.90804672241211,5.259398515220882,-1.1264525250120883,0.027788299104201553,0.0,0.0,356.843762045382,False
1784374632.4926789,47.02725100517273,5.2764935054157425,-1.1271259999746175,0.02779030260834268,0.0,0.0,356.37903440588195,False
1784374632.609841,47.144413232803345,5.300612820467729,-1.1282836204449902,0.02779296224070697,0.0,0.0,355.7073444835354,False
1784374632.7483895,47.28296160697937,5.323166552588452,-1.1295983699887666,0.027792284092358753,0.0,0.0,355.0583714852248,False
1784374632.8410602,47.37563228607178,5.337169061297059,-1.1305327033860468,0.0277912818626308,0.0,0.0,354.64278964421203,False
1784374633.0365546,47.57112669944763,5.369035107552238,-1.1330122904757738,0.027791677019696193,0.0,0.0,353.65245072233694,False
1784374633.1705487,47.70512080192566,5.38701523204218,-1.1346423570981778,0.027792553139924913,0.0,0.0,353.09505402988134,False
1784374633.2982068,47.83277893066406,5.412507459164175,-1.1372566215438158,0.02779110663307086,0.0,0.0,352.3986673177941,False
1784374633.419991,47.95456314086914,5.436818987112529,-1.1400586607779974,0.027789328527765084,0.0,0.0,351.76932075505937,False
1784374633.5354092,48.06998133659363,4.8,-3.66919999994356,0.12,0.0,0.0,269.9997895408503,False
1784374633.6580527,48.19262480735779,5.47393709445974,-1.144886170713298,0.027790925774523287,0.0,0.0,350.8022158381011,False
1784374633.764752,48.29932403564453,5.492376269473949,-1.1475265340820475,0.027791781316682123,0.0,0.0,350.3066152254745,False
1784374633.9252777,48.45984983444214,5.516038479785659,-1.151145846340872,0.027792020763935853,0.0,0.0,349.63585113556684,False
1784374634.0322664,48.56683850288391,5.5349809488412465,-1.1542346376468418,0.02779265422058242,0.0,0.0,349.0683513505023,False
1784374634.1576166,48.69218873977661,5.558761252149841,-1.158391931604083,0.027791415294152494,0.0,0.0,348.44469758724534,False
1784374634.2735915,48.8081636428833,5.575875650625187,-1.1615631299509448,0.027789577404326096,0.0,0.0,348.02886209736766,False
1784374634.3836398,48.918211936950684,5.594324395365968,-1.1651345864205052,0.027788771321553118,0.0,0.0,347.57837005632064,False
1784374634.4966278,49.03119993209839,5.611140115234252,-1.1684961590265392,0.027792971839657947,0.0,0.0,347.417584360687,False
1784374634.6122603,49.14683246612549,5.626177689853905,-1.1715474482164985,0.027801947007703068,0.0,0.0,348.06040058947707,False
1784374634.6996832,49.23425531387329,5.635838211810671,-1.1735200574554974,0.027805129064776963,0.0,0.0,348.75867471964955,False
1784374634.8206265,49.35519862174988,5.649329722824662,-1.176257523251789,0.02780149231318294,0.0,0.0,349.8895290727543,False
1784374634.9378195,49.4723916053772,5.6604156115942965,-1.1784579005975513,0.027795929202899063,0.0,0.0,350.88527107802196,False
1784374635.0299888,49.564560890197754,5.6728555774895435,-1.1808318691296424,0.027795422045869485,0.0,0.0,352.03128741955015,False
1784374635.1531315,49.68770360946655,5.685125558721446,-1.1830381645614103,0.02780017947039667,0.0,0.0,353.174317113145,False
1784374635.2539706,49.78854274749756,5.692435167942264,-1.1842772047266537,0.02780212295796134,0.0,0.0,353.86034582303733,False
1784374635.3624907,49.8970627784729,5.703758891753331,-1.1860724393012363,0.027801038971380625,0.0,0.0,354.9278470677223,False
1784374635.4666915,50.00126361846924,5.7142367579749225,-1.1875888021492975,0.027797843035443547,0.0,0.0,355.91987045486246,False
1784374635.5670292,50.101601362228394,5.723873447749854,-1.1888537507189156,0.02779664398859149,0.0,0.0,356.83754390024563,False
1784374635.7399886,50.27456068992615,5.7382528290914365,-1.1904996162751178,0.02779929836926139,0.0,0.0,358.2177237710972,False
1784374635.8784578,50.41302990913391,5.750976470070412,-1.1917035151108255,0.02780100915148058,0.0,0.0,359.4461502585353,False
1784374636.0236924,50.55826449394226,5.761301867428612,-1.1924988364039295,0.027799805611449957,0.0,0.0,0.44346630249623364,False
1784374636.176631,50.71120309829712,5.779307706715782,-1.1934512279963085,0.027797444062429497,0.0,0.0,2.0910988349575743,False
1784374636.314142,50.848714113235474,5.79105701458326,-1.1937855395569834,0.027798381150394152,0.0,0.0,3.133222517850459,False
1784374636.437068,50.97164011001587,5.805431523123491,-1.193903724862499,0.02779985003502723,0.0,0.0,4.402195730637768,False
1784374636.596079,51.130651235580444,4.8,-4.2451999999396595,0.12,0.0,0.0,269.9997895408503,False
1784374636.717157,51.251729011535645,5.8351073730574665,-1.1931526760069078,0.027798128950543028,0.0,0.0,7.021165012566623,False
1784374636.8628345,51.397406578063965,5.849450139509433,-1.1923118984745367,0.027798681209260864,0.0,0.0,8.298123265971954,False
1784374636.9617238,51.49629592895508,5.859515993535862,-1.1915351910169982,0.02779936578561447,0.0,0.0,9.201660922093982,False
1784374637.1205282,51.65510034561157,5.878751366621591,-1.1894019004192633,0.027796628893102873,0.0,0.0,10.048870047400795,False
1784374637.2556057,51.79017782211304,5.896183100080292,-1.1869620102926186,0.02779074627584786,0.0,0.0,10.190056005432078,False
1784374637.3628986,51.89747071266174,5.914702824511825,-1.184114805433859,0.027786321023836547,0.0,0.0,10.052171341015505,False
1784374637.5036323,52.03820443153381,5.9336084105743385,-1.1810627437843357,0.027787999727129045,0.0,0.0,9.681349814764294,False
1784374637.6503274,52.18489956855774,5.956687220503355,-1.1772716412774709,0.027795079763934503,0.0,0.0,9.045715384522522,False
1784374637.7625313,52.29710340499878,5.977026227969562,-1.1739686201897244,0.027796359353088353,0.0,0.0,8.408722408289963,False
1784374637.8989155,52.4334876537323,5.99462265618309,-1.1711937236441687,0.027792709361185948,0.0,0.0,7.8346286219050025,True
1784374638.0057948,52.540366888046265,6.01484772193523,-1.168140604655505,0.027789688521528633,0.0,0.0,7.15546953201096,False
1784374638.122067,52.656639099121094,6.032335949733837,-1.1656432734251934,0.02779105347400114,0.0,0.0,6.559262652784658,False
1784374638.280047,52.814619064331055,4.8,-4.565199999937493,0.12,0.0,0.0,269.9997895408503,False
1784374638.4071739,52.94174599647522,6.077861623056038,-1.1598658768823553,0.027794114410643268,0.0,0.0,4.968593480793922,False
1784374638.5474117,53.08198380470276,6.0991454526961455,-1.1575569830903305,0.027792330825239145,0.0,0.0,4.202141173091624,False
1784374638.6655648,53.20013689994812,6.121625393772785,-1.155406552401838,0.02779260360072859,0.0,0.0,3.37277773106872,False
1784374638.785651,53.32022309303284,6.139991587022572,-1.1538761025093367,0.027793999260671314,0.0,0.0,2.6744958415933686,False
1784374638.928612,53.463184118270874,6.160734032087647,-1.1523986712232452,0.02779475904849802,0.0,0.0,1.8515567771333539,False
1784374639.0533319,53.58790397644043,6.1761889555182234,-1.1514790946740223,0.027794404383030064,0.0,0.0,1.2275241547909357,False
1784374639.192852,53.72742414474487,6.196802032170858,-1.1505033819184276,0.02779367445926915,0.0,0.0,0.39907098226364085,False
1784374639.3445427,53.879114866256714,4.8,-4.763599999936149,0.12,0.0,0.0,269.9997895408503,False
1784374639.5089378,54.04350996017456,6.232422446566363,-1.1494926389799918,0.027794717601680945,0.0,0.0,358.90471386205604,False
1784374639.6524725,54.187044620513916,6.245932618099744,-1.1493305061520487,0.02779565775372716,0.0,0.0,358.2865529936725,False
1784374639.795606,54.330178022384644,6.262365442087878,-1.1492938633659773,0.027796902603412728,0.0,0.0,357.7102227543291,False
1784374639.9648356,54.49940776824951,4.8,-4.833999999935672,0.12,0.0,0.0,269.9997895408503,False
1784374640.1559634,54.69053554534912,4.8,-4.8835999999353366,0.12,0.0,0.0,269.9997895408503,False
1784374640.2636044,54.798176527023315,6.316315735782601,-1.14980631144823,0.02779813566605211,0.0,0.0,0.9339253512031748,False
1784374640.3910782,54.92565035820007,6.326358450974861,-1.149851046274194,0.027797539327692612,0.0,0.0,1.7282507026705778,False
1784374640.515236,55.04980802536011,6.339168107725433,-1.149811517099665,0.02779805059544021,0.0,0.0,2.740229290708853,False
1784374640.624247,55.1588191986084,6.352889689548443,-1.1496212783499913,0.02779901363216796,0.0,0.0,3.8263110885473135,False
1784374640.7359953,55.270567417144775,6.364751320497148,-1.149314711362942,0.02779906754358428,0.0,0.0,4.770159472660146,False
1784374640.8706923,55.405264377593994,6.378369016444508,-1.1487831931684411,0.027798410176648,0.0,0.0,5.863015737972887,False
1784374640.9770226,55.51159477233887,4.8,-5.038799999934286,0.12,0.0,0.0,269.9997895408503,False
1784374641.0830557,55.6176278591156,6.400878202670317,-1.147442552940036,0.02779838183222754,0.0,0.0,7.690345852671083,False
1784374641.1852233,55.71979546546936,6.412827570207318,-1.146461359367829,0.02779859090619402,0.0,0.0,8.613372647622736,False
1784374641.3153899,55.84996199607849,6.424055401949287,-1.14536441411432,0.027798391415567975,0.0,0.0,9.457761632894453,False
1784374641.4200082,55.954580307006836,6.439158397989006,-1.1436298740866964,0.02779792880751713,0.0,0.0,10.583695650525957,False
1784374641.5145624,56.049134492874146,6.448630281088846,-1.1423916109152585,0.02779785739521758,0.0,0.0,11.287901895533546,False
1784374641.6322978,56.16686987876892,6.461896196311687,-1.140462183089117,0.027798094962564333,0.0,0.0,12.27460294243899,False
1784374641.7356958,56.270267963409424,6.471350459805703,-1.1389480022107326,0.027798309243032965,0.0,0.0,12.980875313854522,False
1784374641.848104,56.382676124572754,4.8,-5.2019999999331805,0.12,0.0,0.0,269.9997895408503,False
1784374641.958778,56.4933500289917,4.8,-5.22279999993304,0.12,0.0,0.0,269.9997895408503,False
1784374642.0837069,56.61827898025513,6.51150107820611,-1.1312062884759624,0.027798126699392012,0.0,0.0,16.03363454716063,False
1784374642.172939,56.70751118659973,6.522086154984401,-1.1287747489378734,0.02779777236454946,0.0,0.0,16.775381774470567,False
1784374642.3056412,56.84021329879761,6.534916142531904,-1.12560667726593,0.027797250888946832,0.0,0.0,17.63665007475546,False
1784374642.3969667,56.931538820266724,6.546915560635811,-1.1224392785098893,0.02779701390007258,0.0,0.0,18.42914948590784,False
1784374642.5232263,57.05779838562012,6.558975174736371,-1.119064407617072,0.027797127582685894,0.0,0.0,19.221805540612074,False
1784374642.6674006,57.2019727230072,6.575049673587747,-1.1142734529596419,0.027797469616980902,0.0,0.0,20.2810583190523,False
1784374642.758928,57.29350018501282,6.586044912172724,-1.1108056005869489,0.027797561286393924,0.0,0.0,21.01239382738602,False
1784374642.8877096,57.42228174209595,6.5999303751695715,-1.106204246622266,0.02779747740126597,0.0,0.0,21.948161592326088,False
1784374643.0259018,57.560473918914795,6.614642494187948,-1.1010551691569361,0.027797416558670962,0.0,0.0,22.956347965899475,False
1784374643.1222692,57.65684127807617,6.627263556595121,-1.0964076892973207,0.02779750634746206,0.0,0.0,23.832488989503293,False
1784374643.236444,57.771016120910645,4.8,-5.4435999999315445,0.12,0.0,0.0,269.9997895408503,False
1784374643.3844929,57.91906499862671,6.648178425361219,-1.0881841937361152,0.027796875937244787,0.0,0.0,25.176900984729876,False
1784374643.4946427,58.02921485900879,6.665408667143859,-1.0809428231162028,0.02779626485561025,0.0,0.0,26.246563989311042,False
1784374643.6048017,58.139373779296875,6.677547432668248,-1.0756005185728934,0.027796380963627267,0.0,0.0,27.00498915813719,False
1784374643.7404246,58.274996757507324,6.694709282383998,-1.0677045593452361,0.02779682247670211,0.0,0.0,28.0746006040851,False
1784374643.852753,58.387325048446655,6.707784798308842,-1.0614173908842117,0.02779682897815056,0.0,0.0,28.890556591551714,False
1784374643.942076,58.4766480922699,6.718782200813435,-1.0559471528631579,0.02779663139762723,0.0,0.0,29.58222805700993,False
1784374644.0768611,58.611433267593384,6.733824005501504,-1.048182277271392,0.027796230473035772,0.0,0.0,30.50645443101326,False
1784374644.1952507,58.729822874069214,6.746076896820438,-1.041605872611402,0.027795739942233437,0.0,0.0,31.217018999861416,False
1784374644.33567,58.87024211883545,6.763515236441375,-1.0318772827230813,0.02779539420699059,0.0,0.0,32.2154149722937,False
1784374644.431927,58.9664990901947,6.775778757509925,-1.0247814378912055,0.0277955418158415,0.0,0.0,32.921310295403075,False
1784374644.5350661,59.0696382522583,6.7879543418760235,-1.017529077162324,0.027795825985672755,0.0,0.0,33.63016718061771,False
1784374644.6562614,59.190833568573,6.800017378475157,-1.0101377546665646,0.027796004097932227,0.0,0.0,34.34260197254826,False
1784374644.7764788,59.31105089187622,6.815910642813059,-1.000079451304856,0.027795962275312246,0.0,0.0,35.29702792731456,False
1784374644.8826618,59.41723394393921,6.826717508473453,-0.9930261609463138,0.02779586573532843,0.0,0.0,35.95462755035194,False
1784374644.9857802,59.520352363586426,6.838395664115667,-0.9852038814081878,0.027795842491523594,0.0,0.0,36.673361646203155,False
1784374645.087437,59.62200903892517,6.850910910342254,-0.9765836710521869,0.027795942747886,0.0,0.0,37.45370877471764,False
1784374645.1826413,59.71721339225769,6.859694389704902,-0.9703709795396901,0.02779570078240318,0.0,0.0,37.96634027840042,False
1784374645.286467,59.8210391998291,6.877632681834709,-0.9572684861409211,0.02779433101995385,0.0,0.0,38.938930107935526,False
1784374645.4508038,59.98537588119507,6.897697595633752,-0.9419931045460804,0.02779362541654233,0.0,0.0,39.995095015910074,False
1784374645.55101,60.08558201789856,4.8,-5.886799999928543,0.12,0.0,0.0,269.9997895408503,False
1784374645.6553757,60.189947843551636,6.921705003635274,-0.9228750547139746,0.02779427210915048,0.0,0.0,41.24164806795536,False
1784374645.7819366,60.316508769989014,6.9345740461824565,-0.9122516744559024,0.027794315696947236,0.0,0.0,41.91650172267548,False
1784374645.8933723,60.42794442176819,6.9482622630234765,-0.9006615895086516,0.02779413455359494,0.0,0.0,42.64904431944853,False
1784374646.0129569,60.547528982162476,6.958886215690236,-0.8914543981767648,0.027794088671526607,0.0,0.0,43.22778707795894,False
1784374646.1502364,60.68480849266052,6.977460247844305,-0.8748733296491237,0.02779328746198061,0.0,0.0,44.159371570869546,False
1784374646.306954,60.84152603149414,6.994140659524487,-0.8594735606049692,0.027792404711226362,0.0,0.0,44.96051418051464,False
1784374646.4587424,60.99331450462341,4.8,-6.049999999927438,0.12,0.0,0.0,269.9997895408503,False
1784374646.573938,61.10851001739502,7.025085173900527,-0.8296575315599634,0.027793081923855233,0.0,0.0,46.464006151785455,False
1784374646.6924214,61.226993560791016,7.035531210657408,-0.8192200482477834,0.027793299645571673,0.0,0.0,46.98369508236157,False
1784374646.8287513,61.3633234500885,7.052388991141066,-0.8019646099393754,0.027793084598965193,0.0,0.0,47.83895653540132,False
1784374646.9278495,61.46242165565491,7.064357842940082,-0.7893951356097163,0.027792970753491724,0.0,0.0,48.46346162505518,False
1784374647.0653687,61.59994077682495,7.077040578731885,-0.7757752396961033,0.02779319093192903,0.0,0.0,49.14398417633888,False
1784374647.173065,61.7076370716095,7.088625554189663,-0.7630513032244255,0.02779352549278284,0.0,0.0,49.7821495700766,False
1784374647.2668464,61.80141854286194,7.100195814297818,-0.7500502974453236,0.027793262073623974,0.0,0.0,50.39480845374002,False
1784374647.3841474,61.91871953010559,7.110964359982275,-0.7376769939914167,0.027792233475045832,0.0,0.0,50.92490213671106,False
1784374647.500971,62.03554320335388,7.124397828546439,-0.7218833485950837,0.02779110563228575,0.0,0.0,51.568496437228724,False
1784374647.621213,62.15578508377075,4.8,-6.270799999925943,0.12,0.0,0.0,269.9997895408503,True
1784374647.7547357,62.289307832717896,7.150010220070058,-0.6906774350049919,0.02779187641274745,0.0,0.0,52.79411013922198,False
1784374647.8735027,62.40807485580444,7.16298607823592,-0.6743122618025109,0.027792290928714852,0.0,0.0,53.431331908523184,False
1784374647.9781322,62.512704372406006,7.171524290411655,-0.6633329475352175,0.02779216386275537,0.0,0.0,53.85821407197776,False
1784374648.111935,62.646507024765015,4.8,-6.3603999999253364,0.12,0.0,0.0,269.9997895408503,False
1784374648.2161262,62.75069832801819,7.194473478429166,-0.6329368125230994,0.027790656722566018,0.0,0.0,54.945968753297095,False
1784374648.3556275,62.89019966125488,7.210493893924338,-0.6109486501453071,0.027790165037381086,0.0,0.0,55.66769409018729,False
1784374648.4888606,63.02343273162842,7.222919796699006,-0.5934620812340253,0.027790793986899046,0.0,0.0,56.24283877159263,False
1784374648.6193154,63.15388751029968,7.235106712694941,-0.5759357099380539,0.027791570098300872,0.0,0.0,56.83174289422114,False
1784374648.6994421,63.23401427268982,7.245467251428161,-0.5607298230727018,0.027791798795745448,0.0,0.0,57.35424618007577,False
1784374648.8028314,63.337403535842896,7.2540989171703245,-0.5478348940527948,0.027791656386789963,0.0,0.0,57.802149720764774,False
1784374648.9295485,63.464120626449585,7.265665554797434,-0.5302155639199847,0.027791465053203568,0.0,0.0,58.42208463764567,False
1784374649.040973,63.57554507255554,7.276235001204271,-0.5137554076908358,0.027791686988723925,0.0,0.0,59.012662681733765,False
1784374649.1867764,63.72134852409363,7.28838310801557,-0.49435750391664635,0.027790933851800766,0.0,0.0,59.61954851584169,False
1784374649.322517,63.857089042663574,7.2983636640478,-0.4780349481098883,0.027789156000215594,0.0,0.0,60.047531155457435,False
1784374649.4381664,63.97273850440979,7.309831742497123,-0.4588783873435486,0.027787693597285893,0.0,0.0,60.50890347782848,False
1784374649.5738735,64.10844564437866,7.318919974611849,-0.44340427779321134,0.027787948687634467,0.0,0.0,60.86585539984728,False
1784374649.818563,64.35313510894775,7.33606764554396,-0.4135187749672683,0.027789838738059375,0.0,0.0,61.54018557387291,False
1784374649.971285,64.50585722923279,7.342637688136916,-0.401832721320814,0.027790068560299867,0.0,0.0,61.80567036081454,False
1784374650.165678,64.7002501487732,4.8,-6.689999999923105,0.12,0.0,0.0,269.9997895408503,False
1784374650.2937155,64.82828760147095,7.351891919321738,-0.3851512385523178,0.02779028609797221,0.0,0.0,62.192577802129755,False
1784374650.4337897,64.96836185455322,7.362628675800939,-0.3654379193439559,0.02778920522800033,0.0,0.0,62.60665671298849,False
1784374650.5870488,65.1216208934784,7.373293316774447,-0.34548696661589745,0.027787980610273207,0.0,0.0,63.0033156073541,False
1784374650.7261252,65.26069736480713,7.383308133835992,-0.326460011717228,0.027790322329869242,0.0,0.0,63.09706502909771,False
1784374650.8358154,65.3703875541687,7.3920656040701065,-0.30964727054659574,0.027795285648407584,0.0,0.0,62.75900618841128,False
1784374650.9681025,65.50267457962036,7.404721037920769,-0.2853049235496953,0.027797608202030824,0.0,0.0,61.81397539504773,False
1784374651.0993843,65.63395643234253,4.8,-6.849999999922021,0.12,0.0,0.0,269.9997895408503,False
1784374651.2236059,65.75817799568176,7.420282111186985,-0.2558679089186476,0.027791922938565618,0.0,0.0,60.45929851605342,False
1784374651.3317394,65.86631155014038,7.429962652306596,-0.23805242281644404,0.02779325535169412,0.0,0.0,59.60068428825689,False
1784374651.4754486,66.01002073287964,7.437296269016754,-0.22485964977932624,0.027795573047395675,0.0,0.0,58.94719988769453,False
1784374651.5971763,66.13174843788147,7.44776196961413,-0.2065081915608572,0.027796456686326187,0.0,0.0,57.99989684061526,False
1784374651.7028592,66.2374312877655,7.456439537449648,-0.19172563041020196,0.027795225254408328,0.0,0.0,57.200658281478894,False
1784374651.8068032,66.34137535095215,7.463311206330917,-0.1803014620132671,0.027794575979650796,0.0,0.0,56.563788805838776,False
1784374651.971476,66.50604820251465,7.473999116214217,-0.16302075459763288,0.027795441643865614,0.0,0.0,55.55964054349665,False
1784374652.0527456,66.58731770515442,7.482846760108781,-0.14915709247639702,0.027796664072569595,0.0,0.0,54.71397219399779,False
1784374652.1862779,66.72084999084473,4.8,-7.057999999920613,0.12,0.0,0.0,269.9997895408503,False
1784374652.3201988,66.85477089881897,4.8,-7.078799999920472,0.12,0.0,0.0,269.9997895408503,False
1784374652.4625769,66.9971489906311,7.515969652414903,-0.10076769946376198,0.02779392780239974,0.0,0.0,52.03838233894345,False
1784374652.5660083,67.10058045387268,7.5253903923022545,-0.08785134278486112,0.02779508788749458,0.0,0.0,51.30868229477665,False
1784374652.7016149,67.23618698120117,7.535610191555647,-0.07420927227350035,0.027796112704737263,0.0,0.0,50.5062211415297,False
1784374652.8299158,67.36448788642883,4.8,-7.174799999919822,0.12,0.0,0.0,269.9997895408503,False
1784374652.962146,67.49671816825867,7.556102664729755,-0.04794945092514693,0.02779584716458156,0.0,0.0,48.83813707552204,False
1784374653.1183298,67.65290188789368,7.569509744735272,-0.031496414703165616,0.02779711247858223,0.0,0.0,47.600607914006865,False
1784374653.2109742,67.74554634094238,7.578691785386966,-0.020590988973694758,0.027797741736759005,0.0,0.0,46.758936857106264,False
1784374653.354239,67.8888111114502,7.5881706111031315,-0.009661784534952903,0.027797085145250998,0.0,0.0,45.944090378383954,False
1784374653.5179758,68.05254793167114,7.601622371051736,0.005326525137190076,0.027795855962299828,0.0,0.0,44.81797636397509,False
1784374653.6451845,68.17975664138794,4.8,-7.315599999918868,0.12,0.0,0.0,269.9997895408503,False
1784374653.7658713,68.30044341087341,7.619222860730859,0.024083086686367706,0.027796614197385033,0.0,0.0,43.37187052041112,False
1784374653.9157622,68.45033431053162,4.8,-7.366799999918522,0.12,0.0,0.0,269.9997895408503,False
1784374654.0219777,68.55654978752136,7.643538915671736,0.048526934659787246,0.027796904309851697,0.0,0.0,41.40817089007881,False
1784374654.146678,68.68125009536743,7.656487742421318,0.06088230737165897,0.027796241038565348,0.0,0.0,40.40880014394378,False
1784374654.2443,68.77887201309204,7.668126280678116,0.0716168936875569,0.027796038948381754,0.0,0.0,39.54570426257824,False
1784374654.3679864,68.90255856513977,7.680817775958193,0.08295354825721339,0.027796321824281194,0.0,0.0,38.6195333572454,False
1784374654.501369,69.0359411239624,7.692776105835719,0.09330542300367431,0.027796668895254905,0.0,0.0,37.74589854898038,False
1784374654.6259909,69.16056299209595,7.703079073802834,0.10197802004300363,0.027796794724852504,0.0,0.0,36.990065050232936,False
1784374654.7511919,69.28576397895813,7.717638257740652,0.11386292438547362,0.02779690780552378,0.0,0.0,35.896335313764155,False
1784374654.8742278,69.40879988670349,7.729547098954554,0.12326878230463341,0.027797176065033485,0.0,0.0,34.97775430132014,False
1784374655.0269892,69.56156134605408,7.74138007226281,0.13233602132204209,0.02779749553013786,0.0,0.0,34.0442496537963,False
1784374655.1621156,69.69668769836426,7.760691780358618,0.1464854396208479,0.02779672319351375,0.0,0.0,32.64834753532853,False
1784374655.2691433,69.803715467453,4.8,-7.6259999999167665,0.12,0.0,0.0,269.9997895408503,False
1784374655.3858593,69.92043137550354,7.783851144182883,0.1624842552042724,0.027795786536491708,0.0,0.0,31.107693304997955,False
1784374655.5142753,70.04884743690491,7.798854922438193,0.17235956132586527,0.027796646376414758,0.0,0.0,30.10376035161156,False
1784374655.681687,70.21625924110413,7.8128960992694365,0.18127404917098622,0.027797336531180397,0.0,0.0,29.14435041943768,False
1784374655.8144367,70.34900879859924,4.8,-7.723599999916106,0.12,0.0,0.0,269.9997895408503,False
1784374655.953459,70.48803114891052,7.8406457321201,0.19798861365405762,0.027797150094543796,0.0,0.0,27.170206499708282,False
1784374656.071835,70.60640716552734,7.856115816468992,0.20679037226305624,0.027797479106649387,0.0,0.0,26.021507519457035,False
1784374656.2063785,70.74095058441162,7.869959175597095,0.21433023457879216,0.027797590609790333,0.0,0.0,25.032267532441292,False
1784374656.3146315,70.84920358657837,7.884652571139703,0.22196265030150644,0.027796484970369354,0.0,0.0,24.109379977862034,False
1784374656.4141893,70.94876146316528,7.895742875709037,0.2275052266288587,0.027795676895743696,0.0,0.0,23.438289276399203,False
1784374656.542731,71.07730317115784,7.912067592287495,0.2353562554177632,0.027795765724683293,0.0,0.0,22.45250669474491,False
1784374656.641475,71.1760470867157,7.923317216071799,0.240564884569336,0.027796527791693174,0.0,0.0,21.76516930591758,False
1784374656.7642143,71.29878640174866,4.8,-7.899599999914914,0.12,0.0,0.0,269.9997895408503,False
1784374656.891804,71.42637610435486,7.946744535783674,0.25090237042414015,0.027797344137244804,0.0,0.0,20.301001633099357,False
1784374657.0190127,71.55358481407166,7.958857744661358,0.25598195170409,0.02779708768150564,0.0,0.0,19.521816849284242,False
1784374657.1426952,71.67726731300354,7.968806515088371,0.2600226975896019,0.027797009752633193,0.0,0.0,18.857753413551894,False
1784374657.2826583,71.81723046302795,7.983848354489808,0.26588470523926705,0.02779705208230833,0.0,0.0,17.882609921450275,False
1784374657.3788202,71.91339230537415,7.999550652097334,0.271670028784704,0.027796483649726256,0.0,0.0,16.959858984310085,False
1784374657.4966733,72.031245470047,8.016686337925822,0.2776363604510268,0.027795863402831886,0.0,0.0,15.982088238875315,False
1784374657.6303334,72.1649055480957,4.8,-8.048399999913906,0.12,0.0,0.0,269.9997895408503,False
1784374657.754956,72.28952813148499,4.8,-8.070799999913755,0.12,0.0,0.0,269.9997895408503,False
1784374657.897056,72.43162822723389,8.064234178113997,0.29241798882132974,0.0277954469879165,0.0,0.0,13.442047110058649,True
1784374658.0302331,72.56480526924133,8.090223852656433,0.2993634959748128,0.027787700500396445,0.0,0.0,12.798799472153727,False
1784374658.1584053,72.69297742843628,8.107784055340293,0.3037712030081307,0.027783510967254645,0.0,0.0,12.494330363731397,False
1784374658.3110757,72.84564781188965,8.138073391347413,0.3109944742501962,0.027784207508421786,0.0,0.0,12.118418015411963,False
1784374658.4350338,72.96960592269897,8.15957575120581,0.31590500716939274,0.027787786539179554,0.0,0.0,11.917274868672822,False
1784374658.5852191,73.11979126930237,4.8,-8.229199999912682,0.12,0.0,0.0,269.9997895408503,False
1784374658.694359,73.22893118858337,8.210539424602892,0.3270448709698291,0.02778589195426688,0.0,0.0,11.570901662239491,False
1784374658.818233,73.35280513763428,8.23063641200582,0.331296085266552,0.027784644995009596,0.0,0.0,11.472699026976048,False
1784374658.9363582,73.47093033790588,8.256908395220195,0.3367655856358913,0.027786276889090585,0.0,0.0,11.373500415376373,False
1784374659.0584981,73.59307026863098,8.275443937754622,0.34057611110445934,0.027787785413013417,0.0,0.0,11.323637682909734,False
1784374659.1981957,73.73276782035828,8.300064756388977,0.34559010535692414,0.027787799539831022,0.0,0.0,11.295660077331394,False
1784374659.2908516,73.82542371749878,8.318351497692117,0.3492892522558441,0.027787121784313615,0.0,0.0,11.332157408049248,False
1784374659.4125752,73.94714736938477,8.339590322577521,0.3535737157364778,0.027787187416556395,0.0,0.0,11.437217298154218,False
1784374659.5282245,74.0627965927124,8.356237859886154,0.35693513008673117,0.027787994171635765,0.0,0.0,11.562233690501518,False
1784374659.657593,74.19216513633728,8.378893008979398,0.3615335501117891,0.027788638318306302,0.0,0.0,11.782456945273493,False
1784374659.7681406,74.3027126789093,8.404521737267304,0.36679715205249436,0.027787745322134755,0.0,0.0,12.081823578851557,False
1784374659.9728668,74.50743889808655,8.44066409643273,0.3743886309984945,0.02778738462842215,0.0,0.0,12.553940415950386,False
1784374660.1099858,74.64455795288086,8.46475363003542,0.3795868726795983,0.027788132424816914,0.0,0.0,12.882068910526696,False
1784374660.2307308,74.76530289649963,8.484264978662322,0.38388866473939615,0.027788274910495958,0.0,0.0,13.159249310569413,False
1784374660.362757,74.89732909202576,8.509591147497774,0.3896044629832348,0.027788198274270752,0.0,0.0,13.552072245850434,False
1784374660.4922655,75.02683758735657,8.524435760014596,0.39302985388772343,0.027788304177419083,0.0,0.0,13.792996268156584,False
1784374660.626438,75.16101002693176,8.531848597519259,0.3947623161058339,0.027788402071033932,0.0,0.0,13.91518630866082,False
1784374660.795236,75.32980823516846,8.543698257807835,0.3975630655073041,0.027788553439315505,0.0,0.0,14.112418248663683,False
1784374660.9130025,75.44757461547852,8.558493114294553,0.4011155448518609,0.027788616356272992,0.0,0.0,14.361147422415476,False
1784374661.0324104,75.56698250770569,8.592422062854162,0.40950448579020327,0.02778832205296027,0.0,0.0,14.943399992422133,False
1784374661.1546803,75.6892523765564,8.611527209060316,0.41438192738486884,0.02778836919699656,0.0,0.0,15.279449766740846,False
1784374661.2712617,75.80583381652832,8.630573654646364,0.41935840385730966,0.027788656347538514,0.0,0.0,15.621415323697386,False
1784374661.4355488,75.97012090682983,8.659796190855895,0.427222082486711,0.02778884650587309,0.0,0.0,16.153347440487885,False
1784374661.5596251,76.0941972732544,4.8,-8.755599999909117,0.12,0.0,0.0,269.9997895408503,False
1784374661.7022452,76.23681735992432,8.699139575828216,0.4382597181070126,0.027788446469206956,0.0,0.0,16.872777117305965,False
1784374661.8593,76.39387202262878,8.723881602576236,0.4454716158219255,0.0277884094670639,0.0,0.0,17.319740405411142,False
1784374661.9840088,76.5185809135437,8.745690400974443,0.4520030681591235,0.02778847027281448,0.0,0.0,17.709773195247905,False
1784374662.1301954,76.6647675037384,8.766029351865242,0.458241862677772,0.027788431336517476,0.0,0.0,18.069348485965207,False
1784374662.2975366,76.83210873603821,8.79940977401194,0.46878867722028145,0.027788241182583336,0.0,0.0,18.65006844526445,False
1784374662.426256,76.96082806587219,8.819689439293738,0.47538169601687674,0.027788228774425026,0.0,0.0,18.999942912822924,False
1784374662.5410285,77.07560062408447,8.841375778693234,0.48258646413546746,0.02778829910391244,0.0,0.0,19.373417134044264,False
1784374662.6952634,77.2298355102539,8.86880572517792,0.4919281195465148,0.027788277186665898,0.0,0.0,19.841391120609806,False
1784374662.8082302,77.34280228614807,8.889003426148683,0.4989696564852789,0.027788115813789434,0.0,0.0,20.17967067959323,False
1784374662.9239132,77.45848536491394,8.909169567229043,0.5061369126343511,0.027788004364365716,0.0,0.0,20.514957761741602,False
1784374663.0422866,77.57685875892639,8.92929711710494,0.5134260042656693,0.02778804726411585,0.0,0.0,20.84857460873403,False
1784374663.1776817,77.71225380897522,8.95081644067737,0.521368559921912,0.027788171916127147,0.0,0.0,21.204994711642247,False
1784374663.275502,77.81007409095764,8.966566032961717,0.5272794290303559,0.027788206673111857,0.0,0.0,21.465982077387046,False
1784374663.3832831,77.91785526275635,8.986571720495927,0.5349070656153643,0.02778814918127947,0.0,0.0,21.797874888106293,False
1784374663.51742,78.05199217796326,9.010804104911589,0.5443258027419399,0.02778806734906416,0.0,0.0,22.200653999073705,False
1784374663.668253,78.20282506942749,9.034969437919505,0.5539153880417611,0.027788098981350404,0.0,0.0,22.603299213054473,False
1784374663.7925508,78.32712292671204,9.051985464300543,0.5607865549856916,0.027788147522678254,0.0,0.0,22.8876111375082,False
1784374664.029147,78.56371903419495,9.087287084532871,0.5753567856918842,0.02778822557956237,0.0,0.0,23.48613624528759,False
1784374664.1327624,78.66733455657959,9.09854580730899,0.5800942322373182,0.027788233548582033,0.0,0.0,23.678912263391783,False
1784374664.2899644,78.82453656196594,9.112608004148923,0.5860737710995093,0.02778820217021633,0.0,0.0,23.91847062620663,False
1784374664.422849,78.95742106437683,9.130876862359385,0.5939461965918875,0.027788078507597787,0.0,0.0,24.225754102129113,False
1784374664.5518541,79.08642625808716,9.15331978316213,0.6037783204664231,0.02778793445112411,0.0,0.0,24.600141749188175,False
1784374664.7103508,79.24492287635803,9.185472658896137,0.6181736835983656,0.027788020614062433,0.0,0.0,25.135361297535763,False
1784374664.821746,79.35631823539734,9.200789378275958,0.6251595816119904,0.027788146459921725,0.0,0.0,25.392928936401987,False
1784374664.943701,79.47827315330505,9.218840471989154,0.6334997997827208,0.027788230778826663,0.0,0.0,25.699093763535437,False
1784374665.0548391,79.58941125869751,9.239590374584957,0.6432315445430453,0.027788230598079066,0.0,0.0,26.056560955790008,False
1784374665.1607444,79.69531655311584,9.25614974506327,0.6511106604260751,0.02778817158258301,0.0,0.0,26.342885945204745,False
1784374665.2678597,79.80243182182312,9.276844095807954,0.6610999734925211,0.02778798677077062,0.0,0.0,26.692883007692203,False
1784374665.4430285,79.97760057449341,9.2988773470642,0.6719095296215285,0.0277878247187763,0.0,0.0,27.060110865827667,False
1784374665.5715902,80.1061623096466,9.322213464765701,0.6835532565004833,0.02778787688195139,0.0,0.0,27.447769915017368,False
1784374665.719795,80.2543671131134,9.34135256970108,0.6932525232462318,0.027788078287961142,0.0,0.0,27.768738214437626,False
1784374665.8854072,80.41997933387756,9.371035305964513,0.7085614263394878,0.0277888652538298,0.0,0.0,28.27871532587399,False
1784374666.0157046,80.55027675628662,9.39091453235578,0.7189974962149495,0.027789604804982545,0.0,0.0,28.565055787772984,False
1784374666.121843,80.65641522407532,9.407530882075232,0.727821508055778,0.027791180968940375,0.0,0.0,28.55585100390395,False
1784374666.236537,80.7711091041565,9.423854295722672,0.7365526232355744,0.027792721615558322,0.0,0.0,28.319791929998548,False
1784374666.3918736,80.92644572257996,9.443785218575748,0.7472310598841599,0.027792938511746555,0.0,0.0,27.82188195561,False
1784374666.5135212,81.04809331893921,9.466133511050819,0.7591242367405735,0.027791059894310438,0.0,0.0,27.135593716504058,False
1784374666.6468616,81.18143367767334,9.480996562582833,0.7669372423143263,0.027790538817659107,0.0,0.0,26.64443859615621,False
1784374666.8418498,81.37642192840576,4.8,-9.707599999902671,0.12,0.0,0.0,269.9997895408503,False
1784374666.998378,81.53295016288757,9.535557539846614,0.7946052568199179,0.027792611057922013,0.0,0.0,24.767523338906816,False
1784374667.1055133,81.6400854587555,9.546767149887142,0.8000581623731753,0.027792087461043457,0.0,0.0,24.377563431710545,False
1784374667.242658,81.77723002433777,9.565494555199873,0.8089778469442265,0.027791562135719577,0.0,0.0,23.72441160815301,False
1784374667.3820658,81.91663789749146,9.579316974306103,0.8154046032319118,0.027791683776328034,0.0,0.0,23.249879946198412,False
1784374667.5468118,82.08138394355774,9.598302596925226,0.8240140536641238,0.027792022935800173,0.0,0.0,22.60948464756594,False
1784374667.6891394,82.2237114906311,9.604658267252624,0.8268402937435426,0.02779206610720325,0.0,0.0,22.39661839512788,False
1784374667.839744,82.37431621551514,9.614837296664893,0.8313091099440044,0.02779205633558791,0.0,0.0,22.054307162878047,False
1784374667.9759448,82.51051688194275,9.63648876575106,0.84057982577895,0.027791968457545415,0.0,0.0,21.318414209437222,False
1784374668.0758154,82.61038756370544,9.65690352317555,0.849028336644308,0.02779212312605717,0.0,0.0,20.618145998974374,False
1784374668.2149944,82.7495665550232,9.674887037138856,0.8562334224033316,0.027792170004817315,0.0,0.0,20.011489401115206,False
1784374668.3241758,82.85874795913696,9.695658677864056,0.8642812009077916,0.027791769933556632,0.0,0.0,19.33355712342095,False
1784374668.4465172,82.9810893535614,9.713941957862199,0.8711292323320098,0.027791482928973984,0.0,0.0,18.742682513703066,False
1784374668.574678,83.10925006866455,9.737533765826344,0.8796473132736718,0.02779171342770919,0.0,0.0,17.97969862490386,True
1784374668.7181416,83.25271368026733,9.757239586194423,0.8864916650799822,0.027792080758673135,0.0,0.0,17.338778729325607,False
1784374668.8638093,83.39838147163391,9.778308940845369,0.8935394825080896,0.027792129898221378,0.0,0.0,16.651442825962196,False
1784374668.9988048,83.53337693214417,9.80203160992901,0.9011438438875216,0.02779201862586262,0.0,0.0,15.869286869913418,False
1784374669.1049695,83.63954162597656,9.820510674092692,0.9068247473307469,0.027792078458549283,0.0,0.0,15.256724802805117,False
1784374669.2613056,83.79587769508362,9.839000683864159,0.9122970202250721,0.027792266207241095,0.0,0.0,14.639229058676282,False
1784374669.410002,83.94457411766052,9.865979620437889,0.919891454748745,0.027791414444270197,0.0,0.0,13.815455721656276,False
1784374669.5471926,84.08176469802856,9.887909493733199,0.9257426907044304,0.027790503678862544,0.0,0.0,13.184848601119164,False
1784374669.7015069,84.23607897758484,9.91547285542092,0.932714015844816,0.027790802584573105,0.0,0.0,12.399778024014134,False
1784374669.854208,84.38878011703491,9.938962255436433,0.9383297986976723,0.02779152986160752,0.0,0.0,11.72888292054559,False
1784374669.996871,84.53144311904907,9.961070237767041,0.9433477161812904,0.02779158307527638,0.0,0.0,11.08972890049138,False
1784374670.149636,84.68420815467834,9.984581445975104,0.9484008745843795,0.02779122442922426,0.0,0.0,10.406232843120339,False
1784374670.2542686,84.78884077072144,10.003962897943296,0.9523476301438057,0.027791184807303197,0.0,0.0,9.840685327434526,False
1784374670.384738,84.91931009292603,10.026263099861344,0.9566420129723597,0.027791187740804062,0.0,0.0,9.208020436283196,False
1784374670.487881,85.02245306968689,10.041824933512352,0.9594823653428534,0.027790734576321297,0.0,0.0,8.798107943655799,False
1784374670.6349075,85.16947960853577,10.063196291039315,0.9631848466385223,0.027790001308508783,0.0,0.0,8.252544562978208,False
1784374670.745484,85.28005623817444,10.08321881293193,0.9664536368795774,0.02778988393643168,0.0,0.0,7.747981638561295,False
1784374670.8693936,85.40396571159363,10.104676194484506,0.9697487836069232,0.02779046090112739,0.0,0.0,7.203147323163297,False
1784374670.9757645,85.51033663749695,10.124700557598363,0.9726324706596123,0.027790936032310823,0.0,0.0,6.690387324210955,False
1784374671.2030725,85.7376446723938,10.141844713613192,0.9749558246738861,0.027790951066039675,0.0,0.0,6.245695565950107,False
1784374671.315843,85.85041522979736,10.164674327173234,0.9778410823610117,0.027790694794287658,0.0,0.0,5.645814818256054,False
1784374671.4637053,85.99827742576599,10.17181651109944,0.9786943592243995,0.02779062485257699,0.0,0.0,5.458694188671259,False
1784374671.5873947,86.12196683883667,4.8,-10.518799999897178,0.12,0.0,0.0,269.9997895408503,False
1784374671.7321503,86.2667224407196,4.8,-10.544399999897005,0.12,0.0,0.0,269.9997895408503,False
1784374671.8607545,86.39532661437988,10.236135055542167,0.9853323116162087,0.027789017595207667,0.0,0.0,3.9881818464976715,False
1784374671.998379,86.53295111656189,4.8,-10.589199999896701,0.12,0.0,0.0,269.9997895408503,False
1784374672.1110203,86.64559245109558,10.273769512920467,0.9884247602695134,0.027791275585325126,0.0,0.0,3.134708255397217,False
1784374672.2368445,86.77141666412354,10.29927993987907,0.9902015684795605,0.027792488309579293,0.0,0.0,2.563161300368784,False
1784374672.3323083,86.86688041687012,10.317639520930454,0.9913180556009601,0.027791954673053038,0.0,0.0,2.174773202789556,False
1784374672.486454,87.02102613449097,10.342427608400017,0.9926040949146713,0.02778923367987235,0.0,0.0,1.6808535502586932,False
1784374672.5989952,87.13356733322144,10.364749929205734,0.9935624294637855,0.02778738506216257,0.0,0.0,1.254736563442155,False
1784374672.7058842,87.24045634269714,10.382747311844888,0.9942057277205142,0.027787453355706912,0.0,0.0,0.9199708521826842,False
1784374672.8500922,87.38466429710388,10.40686030196047,0.9948934948369342,0.027788881761415966,0.0,0.0,0.4822603821746878,False
1784374672.9389226,87.4734947681427,10.420464504013337,0.9951959488507673,0.027789440523470824,0.0,0.0,0.24008431428751506,False
1784374673.074803,87.60937523841858,10.437118968322377,0.9954841388089679,0.027789347371224495,0.0,0.0,359.947400774769,False
1784374673.1809871,87.71555924415588,10.467450112226487,0.9957819793185032,0.02778803619120793,0.0,0.0,359.42295969869866,False
1784374673.3077047,87.84227681159973,10.491928752139094,0.9958115384298818,0.027787460075990124,0.0,0.0,359.0348899672267,False
1784374673.4240592,87.95863127708435,10.511958910701473,0.9957022903009961,0.027787429099614284,0.0,0.0,358.74469657942285,False
1784374673.523412,88.05798411369324,10.53052055860684,0.9955001289328452,0.027787404520308985,0.0,0.0,358.49273309784587,False
1784374673.6583397,88.19291186332703,10.555322979623892,0.9950876058070071,0.02778728589486234,0.0,0.0,358.17284196837636,False
1784374673.7774959,88.31206798553467,4.8,-10.93639999989435,0.12,0.0,0.0,269.9997895408503,False
1784374673.916496,88.45106816291809,10.60354544651539,0.9938543217967192,0.027787207919137302,0.0,0.0,357.6007040636316,False
1784374674.066271,88.60084319114685,10.631602238895532,0.9928954689457878,0.02778707087912556,0.0,0.0,357.2896348175612,False
1784374674.21892,88.7534921169281,4.8,-11.021199999893776,0.12,0.0,0.0,269.9997895408503,False
1784374674.390549,88.92512106895447,10.686272821907531,0.9905606754643498,0.027786928817305923,0.0,0.0,356.7239751964367,False
1784374674.510206,89.0447781085968,10.71774358763759,0.9889562815322881,0.027786398173790028,0.0,0.0,356.453080555863,False
1784374674.724213,89.25878500938416,10.739829193330033,0.987728766779383,0.027786047265503572,0.0,0.0,356.2863284958306,False
1784374674.9033537,89.43792581558228,10.750884258317834,0.9870853741077613,0.02778600957795975,0.0,0.0,356.209386058458,False
1784374675.0320113,89.56658339500427,10.76036343693199,0.9865191938722636,0.027786070645782073,0.0,0.0,356.1463329559555,False
1784374675.1953385,89.72991061210632,10.769845667456504,0.9859399729806704,0.027786196683448748,0.0,0.0,356.08580978142254,False
1784374675.3665884,89.90116047859192,10.787244778661075,0.9848453080390273,0.027786443077662985,0.0,0.0,355.98227310230806,False
1784374675.5242112,90.05878329277039,10.810972357019798,0.9832909455923613,0.02778650237897548,0.0,0.0,355.8564157702481,False
1784374675.634976,90.16954803466797,10.837788159575076,0.9814580840492539,0.027786359479606334,0.0,0.0,355.74467340241495,False
1784374675.7611423,90.29571437835693,10.858267061651052,0.9800111590536649,0.02778643761086203,0.0,0.0,355.6793137407826,False
1784374675.8688054,90.40337753295898,10.883460387781607,0.9781843942954299,0.027786723296131872,0.0,0.0,355.6197575627842,False
1784374676.0002084,90.53478050231934,10.911780169784056,0.9760817250903597,0.027786666698991717,0.0,0.0,355.58024769346576,False
1784374676.124633,90.65920519828796,10.93692521157658,0.9741827324069828,0.027786421442349055,0.0,0.0,355.5721778301972,False
1784374676.2499392,90.78451132774353,10.95734837412749,0.9726259082198637,0.027786510785222998,0.0,0.0,355.5840438617793,False
1784374676.4081507,90.9427227973938,10.99029253495668,0.9701031759753831,0.02778699251667771,0.0,0.0,355.64454426726894,False
1784374676.505244,91.03981614112854,11.005938469178409,0.9689066416358099,0.02778706296319256,0.0,0.0,355.6969797564817,False
1784374676.6596224,91.19419455528259,11.03251291742671,0.9668889149777822,0.027786910672299714,0.0,0.0,355.8176190952555,False
1784374676.7913446,91.32591676712036,11.060641048098713,0.9647897947489128,0.02778687859347607,0.0,0.0,355.9813488714862,False
1784374676.8880086,91.42258071899414,11.080955778676291,0.9633079143695377,0.027786946160428722,0.0,0.0,356.11764448776194,False
1784374677.0154507,91.55002284049988,11.099708988388675,0.9619717990380899,0.0277869471805285,0.0,0.0,356.25387437200914,False
1784374677.1199152,91.6544873714447,11.118463952556956,0.9606707896970973,0.027786897499307434,0.0,0.0,356.39798176179016,False
1784374677.2661052,91.80067729949951,11.143473968478949,0.9589973418576401,0.02778688968667342,0.0,0.0,356.5995247543911,False
1784374677.3817303,91.91630244255066,11.170029226450982,0.9573050168733291,0.027787016346657784,0.0,0.0,356.82599601283624,False
1784374677.5249004,92.05947256088257,4.8,-11.565199999890092,0.12,0.0,0.0,269.9997895408503,False
1784374677.646074,92.18064618110657,11.218433586321508,0.9544685945712137,0.02778704121594751,0.0,0.0,357.26355782712454,False
1784374677.75041,92.28498220443726,11.235618103788195,0.9535444121749976,0.02778697582714258,0.0,0.0,357.42253937665225,False
1784374677.905287,92.43985915184021,11.259077306046956,0.9523561158816823,0.02778688183219377,0.0,0.0,357.63767958946875,False
1784374678.059497,92.59406924247742,4.8,-11.662799999889431,0.12,0.0,0.0,269.9997895408503,False
1784374678.2132716,92.7478437423706,11.309225376410442,0.950103790397271,0.02778674994842317,0.0,0.0,358.0808714991751,False
1784374678.337601,92.87217307090759,11.324923082470677,0.9494789766895374,0.027786736020184128,0.0,0.0,358.213816995804,False
1784374678.4856913,93.02026343345642,11.345342119636987,0.9487224187701274,0.02778672720957619,0.0,0.0,358.3829302741417,False
1784374678.6138768,93.1484489440918,11.378340520265624,0.9476312404681103,0.027786711895951485,0.0,0.0,358.6496769965962,False
1784374678.7245357,93.25910782814026,11.39091735157366,0.9472572864889857,0.027786703500262754,0.0,0.0,358.7492678123724,False
1784374678.843768,93.37834000587463,11.4129464820134,0.9466569587417227,0.027786659994900965,0.0,0.0,358.918935414668,False
1784374679.009593,93.54416513442993,11.430264321316786,0.9462329051059644,0.027786615580947895,0.0,0.0,359.04893390931585,False
1784374679.132774,93.66734623908997,11.450735722157715,0.9457847268885448,0.027786577906744072,0.0,0.0,359.1996670174883,False
1784374679.25192,93.7864921092987,11.479085222278052,0.945256790314668,0.027786606051293634,0.0,0.0,359.4044346917642,True
1784374679.3738089,93.90838098526001,11.501137167476625,0.944918881808765,0.02778666285293726,0.0,0.0,359.5613380587219,False
1784374679.514055,94.04862713813782,11.521626924852512,0.9446608860876273,0.02778664449496916,0.0,0.0,359.70387757134665,False
1784374679.6320558,94.16662788391113,11.546866345043659,0.9444156251581627,0.02778650448991617,0.0,0.0,359.8733879323726,False
1784374679.7570539,94.2916259765625,11.572136031455578,0.9442481014260177,0.027786363886312823,0.0,0.0,0.03433335141231815,False
1784374679.9029195,94.43749165534973,11.59901730172048,0.9441522779779671,0.02778634214373824,0.0,0.0,0.19444632003836418,False
1784374680.074204,94.6087760925293,11.624347337704359,0.9441358630448521,0.027786345879024274,0.0,0.0,0.33340880170259196,False
1784374680.2226546,94.75722670555115,11.646533213780927,0.9441769918734481,0.027786282032924253,0.0,0.0,0.4453645030559293,False
1784374680.3671339,94.9017059803009,11.668738620954093,0.9442667854061212,0.027786185862270274,0.0,0.0,0.5475416104447642,False
1784374680.5058455,95.04041767120361,11.689364608721114,0.9443908087668009,0.02778615742077785,0.0,0.0,0.6350503703074835,False
1784374680.615138,95.14971017837524,11.724274997841274,0.9446823928384641,0.027786251948310636,0.0,0.0,0.7697150031710596,False
1784374680.768899,95.30347108840942,11.746491754714322,0.9449169256481444,0.027786282989630633,0.0,0.0,0.8480061864384174,False
1784374680.888576,95.4231481552124,11.771882245179688,0.9452275417845813,0.027786230583786913,0.0,0.0,0.9315233429575168,False
1784374681.015956,95.550528049469,11.806793156290231,0.9457226679602708,0.02778618379225467,0.0,0.0,1.037452986035957,False
1784374681.121639,95.6562111377716,11.82424824814264,0.9459975757665965,0.027786217799451517,0.0,0.0,1.087041504106989,False
1784374681.289605,95.82417702674866,11.851202797734606,0.9464552349564664,0.027786319092950134,0.0,0.0,1.1561656000596852,False
1784374681.4355793,95.97015142440796,11.87813724761432,0.9469495671631684,0.027786381886513768,0.0,0.0,1.214697695952944,False
1784374681.5821865,96.1167585849762,11.906649160999091,0.947508620995722,0.02778635820993872,0.0,0.0,1.266251386701744,False
1784374681.7564793,96.29105138778687,11.933574408725057,0.9480658736212424,0.02778629190874516,0.0,0.0,1.30590251974589,False
1784374681.8998005,96.43437266349792,11.954163190640688,0.9485085255215581,0.02778627611807879,0.0,0.0,1.3306728031991928,False
1784374682.0685184,96.60309052467346,11.989004958655036,0.9492847388075686,0.027786359705052034,0.0,0.0,1.362224175278798,False
1784374682.222522,96.75709414482117,12.014344370056243,0.949866576511815,0.027786377236587584,0.0,0.0,1.3773148805902826,False
1784374682.344127,96.87869906425476,12.038099688060207,0.9504221764675291,0.02778631164185163,0.0,0.0,1.385631228520072,False
1784374682.5260031,97.06057524681091,12.057103564991463,0.9508720138367416,0.027786272302320007,0.0,0.0,1.3882785417696544,False
1784374682.8368845,97.37145662307739,12.098278585449261,0.9518567926136823,0.027786364739524533,0.0,0.0,1.3818791240597903,False
1784374682.9443183,97.47889041900635,12.12836836026953,0.9525795378721207,0.027786361262493356,0.0,0.0,1.3668004976899748,False
1784374683.0756881,97.6102602481842,12.148955892643317,0.9530727957846367,0.02778629619698126,0.0,0.0,1.3515360698172818,False
1784374683.2194724,97.75404453277588,12.17429427066534,0.9536759918127462,0.027786280962222885,0.0,0.0,1.3273984394229514,False
1784374683.3368168,97.87138891220093,12.194881991018205,0.954161188619254,0.027786340411682126,0.0,0.0,1.3035908209221982,False
1784374683.4734578,98.00802993774414,12.228139737371626,0.9549318712283017,0.027786369784822903,0.0,0.0,1.2575890273009465,False
1784374683.6087475,98.143319606781,12.25189532951617,0.9554697356121078,0.027786301189140255,0.0,0.0,1.2193604205485518,False
1784374683.7449555,98.27952766418457,12.283569661426112,0.9561667039679635,0.027786296147137488,0.0,0.0,1.1619636029974234,False
1784374683.8871396,98.42171168327332,12.304158495012787,0.9566054666209789,0.02778635428897803,0.0,0.0,1.1210118009847174,False
1784374684.02638,98.56095218658447,12.334250511386552,0.9572237856467704,0.027786359928817565,0.0,0.0,1.0564506922434451,False
1784374684.1735828,98.7081549167633,12.354839942557765,0.957629646924967,0.02778630604460924,0.0,0.0,1.0093221455242738,False
1784374684.3166115,98.85118365287781,12.386516395291086,0.9582242352329893,0.027786299780112985,0.0,0.0,0.9326021940173487,False
1784374684.457241,98.99181318283081,12.407106639628307,0.9585900012238976,0.027786349197349625,0.0,0.0,0.8802554224821996,False
1784374684.6163192,99.15089130401611,12.44036856178114,0.9591439985100317,0.02778634921294273,0.0,0.0,0.7920477713279481,False
1784374684.7741783,99.30875039100647,12.465721491646692,0.9595340536654825,0.027786272975729717,0.0,0.0,0.7237405369614804,False
1784374685.1266918,99.6612639427185,12.49427124013374,0.9599387852485468,0.027786191374305127,0.0,0.0,0.6511095187035781,False
1784374685.4113224,99.94589447975159,12.513310588333386,0.960188464447912,0.02778617781156056,0.0,0.0,0.6050655663126365,False
1784374685.6751149,100.20968699455261,12.535525425450723,0.9604597468823186,0.02778620289717696,0.0,0.0,0.5535289932599735,False
1784374685.9164002,100.45097231864929,12.552980924062332,0.9606581408068133,0.027786242526034167,0.0,0.0,0.5145609029089763,False
1784374686.1954722,100.7300443649292,12.564089317934378,0.9607777944362551,0.0277862651040516,0.0,0.0,0.4904176980530937,False
1784374686.3598073,100.89437937736511,4.8,-12.963599999880623,0.12,0.0,0.0,269.9997895408503,False
1784374686.5104988,101.04507088661194,12.599002420654859,0.9611215466646998,0.027786245107581698,0.0,0.0,0.41760676766547034,False
1784374686.6237326,101.1583046913147,12.62756782086706,0.9613678110493824,0.027786178037657244,0.0,0.0,0.3612065112404392,False
1784374686.7667484,101.30132055282593,12.659307320842585,0.9616064204070991,0.02778622287136475,0.0,0.0,0.3015480649052441,False
1784374686.8666527,101.40122485160828,12.676764372047854,0.9617226071228742,0.027786268320623253,0.0,0.0,0.2699775312771764,False
1784374686.991316,101.52588820457458,12.695808598013265,0.961837620417434,0.027786271617188055,0.0,0.0,0.236473297902566,False
1784374687.117167,101.6517391204834,12.724374825878327,0.9619879540428303,0.027786198710180735,0.0,0.0,0.18793435149730817,False
1784374687.2233803,101.75795245170593,12.741823183316917,0.9620671340566039,0.02778619976521185,0.0,0.0,0.16055962627079565,False
1784374687.416394,101.95096611976624,12.77510520818054,0.9621932816596138,0.02778638306736117,0.0,0.0,0.11799976197494416,False
1784374687.5736082,102.10818028450012,12.81154461651321,0.9622985847859062,0.027786405038679598,0.0,0.0,0.08512983382499963,False
1784374687.6995292,102.23410129547119,12.828970603901837,0.9623388860013496,0.027786292920258165,0.0,0.0,0.07425441985486839,False
1784374687.8329773,102.36754941940308,12.857484476593577,0.9623937517230723,0.027786213685090464,0.0,0.0,0.06301845491796354,False
1784374687.933003,102.46757507324219,12.87807773622206,0.9624267243578725,0.027786324849628424,0.0,0.0,0.0598943076174826,False
1784374688.0710132,102.60558533668518,12.905008107606273,0.9624641984026008,0.02778644863612751,0.0,0.0,0.062078595658778546,False
1784374688.2718399,102.80641198158264,12.938274808858903,0.962506253444979,0.027786282528918408,0.0,0.0,0.07452936618211081,False
1784374688.4215646,102.95613670349121,12.968360506875255,0.9625451387857227,0.027786260256691814,0.0,0.0,0.09680759239486283,False
1784374688.556025,103.09059715270996,12.998416601709186,0.9625902229156027,0.027786549096635742,0.0,0.0,0.1354983118935393,False
1784374688.6896687,103.22424077987671,13.023720011821782,0.9626378978359831,0.027786584422023263,0.0,0.0,0.18044268428184265,False
1784374688.829483,103.36405515670776,13.047439394485558,0.9626948064990503,0.027786370479770135,0.0,0.0,0.2320777814474053,False
1784374688.9811656,103.51573777198792,13.07748175658797,0.9627897280006031,0.027786280363745454,0.0,0.0,0.30945618817338827,False
1784374689.101835,103.63640713691711,13.098037046066716,0.9628728625481829,0.027786450110145206,0.0,0.0,0.36932374451179406,False
1784374689.2261097,103.76068186759949,13.121762428697355,0.9629905215070678,0.02778656559303558,0.0,0.0,0.44351324392217945,False
1784374689.3430367,103.87760877609253,13.14234268187553,0.9631135705017878,0.027786404082764286,0.0,0.0,0.5087600063968859,False
1784374689.4822116,104.01678371429443,13.170848802121712,0.9633187103534716,0.027786128305360185,0.0,0.0,0.5999438321908265,False
1784374689.6897082,104.22428035736084,13.205694756541513,0.9636271893535661,0.027786348084684477,0.0,0.0,0.7125329978192816,False
1784374689.8177292,104.35230135917664,13.227871111022319,0.9638577426234695,0.027786510764570005,0.0,0.0,0.7847391843698728,False
1784374690.1432512,104.67782330513,13.273806870336337,0.9644221390862755,0.02778619478788885,0.0,0.0,0.935454235413596,False
1784374690.334996,104.86956810951233,13.324492259801897,0.9651832551057163,0.02778643114881883,0.0,0.0,1.1032024012256727,False
1784374690.476678,105.01125001907349,13.34825085765454,0.9655906471093323,0.02778643306264893,0.0,0.0,1.1822480117595147,False
1784374690.7124465,105.24701857566833,4.8,-13.779599999875098,0.12,0.0,0.0,269.9997895408503,False
1784374690.8574922,105.39206433296204,13.42119645542496,0.9670425732077613,0.027786187698663364,0.0,0.0,1.403387257040875,False
1784374691.087595,105.62216711044312,13.465619747292923,0.9680670365196634,0.027786292102656346,0.0,0.0,1.5201028197626296,False
1784374691.2872767,105.82184886932373,13.503696309376965,0.9690217491709195,0.027786174073689912,0.0,0.0,1.611687780171978,False
1784374691.4615543,105.99612641334534,4.8,-13.937999999874025,0.12,0.0,0.0,269.9997895408503,False
1784374691.580854,106.1154260635376,13.559221834409419,0.9705293665991788,0.02778626545405152,0.0,0.0,1.7336526477187213,False
1784374691.708889,106.24346113204956,13.58460390338872,0.971260672026749,0.027786244792588094,0.0,0.0,1.785464933202599,False
1784374691.9659028,106.50047492980957,4.8,-14.032399999873386,0.12,0.0,0.0,269.9997895408503,True
1784374692.1064763,106.64104843139648,13.657573053011017,0.9734968479241797,0.02778624256804756,0.0,0.0,1.9228792490239892,False
1784374692.2635581,106.79813027381897,13.694055600152767,0.9746837592963629,0.027786233996339536,0.0,0.0,1.9860188035514243,False
1784374692.371532,106.90610408782959,13.713080661314025,0.9753196673585321,0.027786232465294432,0.0,0.0,2.0163335252809778,False
1784374692.4800136,107.0145857334137,13.73367445215877,0.9760203903298172,0.02778629694986071,0.0,0.0,2.0444416388251487,False
1784374692.5895736,107.12414574623108,13.749510461300682,0.9765673950740098,0.027786369173769518,0.0,0.0,2.0628386492004194,False
1784374692.7192016,107.25377368927002,13.774844180582248,0.9774557461713568,0.02778641940046687,0.0,0.0,2.08667332257885,False
1784374692.8465004,107.38107252120972,13.793838132611292,0.9781311870383997,0.027786365567473423,0.0,0.0,2.099484439248155,False
1784374692.9921997,107.52677178382874,13.83178314052685,0.9794990302123162,0.027786366246146187,0.0,0.0,2.1042090529285504,False
1784374693.1065874,107.64115953445435,13.850747906829547,0.980188555303171,0.027786490462991205,0.0,0.0,2.0959868851883945,False
1784374693.234387,107.76895904541016,4.8,-14.275599999871739,0.12,0.0,0.0,269.9997895408503,False
1784374693.3675761,107.90214824676514,13.898155838180879,0.9819135427439067,0.027786414985890674,0.0,0.0,2.0454157821993975,False
1784374693.5713263,108.10589838027954,13.93607932043083,0.98327734353717,0.02778631356778025,0.0,0.0,1.9760688242873634,False
1784374693.7336507,108.26822280883789,13.967683938510936,0.9843897070764649,0.027786565443794813,0.0,0.0,1.9007956460079551,False
1784374693.90582,108.4403920173645,14.000870373466082,0.9855233120214403,0.02778644369455316,0.0,0.0,1.8068322321776744,False
1784374694.0632384,108.59781050682068,14.026155248349632,0.9863573949936896,0.027786281228032998,0.0,0.0,1.726344724773189,False
1784374694.2620728,108.79664492607117,14.070406879808276,0.98774296036314,0.027786538963458948,0.0,0.0,1.5701089095259442,False
1784374694.3923361,108.92690825462341,14.094114951237207,0.9884412634139935,0.027786519248241746,0.0,0.0,1.479725417721957,False
1784374694.5314658,109.06603789329529,14.117823417400478,0.9891058063139997,0.027786353858636283,0.0,0.0,1.3855154094794857,False
1784374694.697323,109.23189520835876,14.143113227167193,0.9897751636653642,0.027786335530914124,0.0,0.0,1.2814449745014787,False
1784374694.8680449,109.40261697769165,14.177889274977714,0.9906252024202628,0.027786521328791447,0.0,0.0,1.1333848213856026,False
1784374695.0192611,109.55383324623108,4.8,-14.613199999869453,0.12,0.0,0.0,269.9997895408503,False
1784374695.160946,109.69551801681519,14.236380246243995,0.9918599297546561,0.02778634524507745,0.0,0.0,0.8746080291571866,False
1784374695.344132,109.87870407104492,14.269580018307046,0.992446809065021,0.027786458653817243,0.0,0.0,0.7237691066225471,False
1784374695.4818566,110.01642870903015,14.293295254616899,0.9928138989241905,0.027786492541328013,0.0,0.0,0.6147293938577647,False
1784374695.6380594,110.17263150215149,14.321769416983203,0.9931962604213477,0.027786364551493716,0.0,0.0,0.4851817205146375,False
1784374695.7644038,110.29897594451904,14.347102691992049,0.9934827446132944,0.027786254121197625,0.0,0.0,0.3747224362417983,False
1784374695.9282904,110.46286249160767,14.372453572404803,0.9937195617108197,0.027786251174752783,0.0,0.0,0.26955362315831505,False
1784374696.1295447,110.66411685943604,14.408936960577373,0.9939759894513664,0.027786233611933726,0.0,0.0,0.13290619842140416,False
1784374696.253937,110.7885091304779,14.435912696846778,0.9941054193585447,0.027786193042183816,0.0,0.0,0.041238804163870456,False
1784374696.3852046,110.91977667808533,14.461303813606953,0.9941838076495357,0.02778621425364769,0.0,0.0,359.9610450977315,False
1784374696.4946532,111.02922534942627,14.478760866402762,0.9942146980646038,0.02778625114062862,0.0,0.0,359.9089239757454,False
1784374696.6262798,111.16085195541382,14.508906236037816,0.9942266355927931,0.027786270390903818,0.0,0.0,359.82402719581876,False
1784374696.8506541,111.38522624969482,14.542326007120025,0.9941855855260595,0.027789839841063518,0.0,0.0,359.7388747530093,False
1784374696.9803152,111.51488733291626,14.567344003480635,0.994119191388151,0.027793067290837276,0.0,0.0,359.6845443266063,False
1784374697.192105,111.72667717933655,4.8,-15.011599999866755,0.12,0.0,0.0,269.9997895408503,False
1784374697.355346,111.88991808891296,14.618021555367484,0.9939087768958265,0.027794858218484233,0.0,0.0,359.6232734053148,False
1784374697.4893537,112.02392578125,14.641923959130752,0.9937809725642376,0.027795595775736915,0.0,0.0,359.62717332247024,False
1784374697.642328,112.17690014839172,14.664702422391857,0.9936503750812161,0.027796114967926364,0.0,0.0,359.6576580992436,False
1784374697.755671,112.29024314880371,14.68310664216145,0.9935434142414106,0.027796704440250727,0.0,0.0,359.7041175943787,False
1784374697.8738093,112.40838146209717,14.698388402532137,0.9934571442822133,0.02779812122135194,0.0,0.0,359.760687919657,False
1784374697.987729,112.522301197052,14.71222975106984,0.9933839440359943,0.027798808910191257,0.0,0.0,359.8267167187948,False
1784374698.1061041,112.6406762599945,14.726935678187631,0.9933145599926195,0.027797905792157167,0.0,0.0,359.9124421415429,False
1784374698.2044048,112.73897695541382,14.738391389919679,0.9932687020571266,0.02779669672827845,0.0,0.0,359.990048052399,False
1784374698.3517087,112.88628077507019,14.753919894681593,0.9932213473491536,0.027796378919739986,0.0,0.0,0.11007283363999519,False
1784374698.4571984,112.99177050590515,14.76527377607239,0.9931998417974326,0.027797440369416875,0.0,0.0,0.20688864937969872,False
1784374698.6021514,113.13672351837158,14.784859047920685,0.9931941312939121,0.027798847017934624,0.0,0.0,0.38814748969341695,False
1784374698.749603,113.284175157547,14.802358862089202,0.99322797586428,0.027797496534943962,0.0,0.0,0.5620022623409472,False
1784374698.9178963,113.45246839523315,14.822924448391353,0.9933215228530249,0.02779651101752953,0.0,0.0,0.7767486385704653,False
1784374699.0857365,113.62030863761902,4.8,-15.36679999986435,0.12,0.0,0.0,269.9997895408503,False
1784374699.2911663,113.8257384300232,4.8,-15.397199999864144,0.12,0.0,0.0,269.9997895408503,False
1784374699.4535758,113.98814797401428,14.861268710776594,0.9935626854295944,0.027799370419073197,0.0,0.0,1.266783561241849,False
1784374699.633525,114.16809701919556,14.870514841252138,0.9936210359017873,0.02779827010338718,0.0,0.0,1.4095176742294133,False
1784374699.8011696,114.33574175834656,14.879276484436582,0.9936756536873784,0.02780186220606869,0.0,0.0,1.5534253594885146,False
1784374699.9290955,114.46366763114929,14.884081374029098,0.9937061799733082,0.02780090042545111,0.0,0.0,1.6349976424946284,False
1784374700.0903466,114.62491869926453,14.889566936497216,0.9937410762956267,0.027798331279550767,0.0,0.0,1.7305823285678938,False
1784374700.2308362,114.7654082775116,14.893730259832958,0.9937669519009418,0.027799286665305647,0.0,0.0,1.8053583678660134,False
1784374700.4748752,115.0094473361969,14.900938405156506,0.9938123596867781,0.027801055249343117,0.0,0.0,1.9376471970392455,False
1784374700.6460526,115.18062472343445,14.9046979600652,0.9938363252164547,0.027798800902283365,0.0,0.0,2.0079902976303208,False
1784374700.774501,115.30907320976257,14.907795769839929,0.993855513400557,0.027798988424282512,0.0,0.0,2.067117426566985,False
1784374700.9259422,115.4605143070221,14.910712194406859,0.9938736385493953,0.027800921502372462,0.0,0.0,2.123329794104892,False
1784374701.1081617,115.64273381233215,14.91415328182846,0.993895699900976,0.027800781737174592,0.0,0.0,2.1899575722520894,False
1784374701.3787506,115.91332268714905,14.919773292782443,0.9939307792739254,0.027799437008087825,0.0,0.0,2.3009362262249624,False
1784374701.5053983,116.03997039794922,14.922786568293674,0.993949869711601,0.027801254590029443,0.0,0.0,2.3610555123075443,False
1784374701.6745553,116.20912742614746,14.925369958879582,0.9939664480589154,0.02779990841432676,0.0,0.0,2.412863421578809,False
1784374701.8007991,116.33537125587463,14.927179388113606,0.9939776527155909,0.027798822069449225,0.0,0.0,2.4496079084902282,False
1784374701.904356,116.43892812728882,14.928922292395614,0.9939883620577278,0.02779942924597099,0.0,0.0,2.4852084291354815,False
1784374701.9965076,116.53107976913452,14.930255917417327,0.9939967840384267,0.02780056509284577,0.0,0.0,2.512430904575946,False
1784374702.104617,116.63918924331665,14.931559817065924,0.9940052091336832,0.02780115149662252,0.0,0.0,2.539028023524521,False
1784374702.275938,116.81051015853882,14.934062453121376,0.9940211119823817,0.027799576817337343,0.0,0.0,2.590440065002244,False
1784374702.3706188,116.90519094467163,14.935152846803334,0.9940277874304858,0.02779892792789306,0.0,0.0,2.6130757401359,False
1784374702.4475193,116.98209142684937,14.936325578691392,0.9940349917893146,0.02779918676991044,0.0,0.0,2.637466552887926,False
1784374702.5357509,117.07032299041748,14.937579752894097,0.9940429288242517,0.027800285479701453,0.0,0.0,2.66350245495717,False
1784374702.6153657,117.14993786811829,14.938503519352741,0.9940489125754137,0.02780095367198574,0.0,0.0,2.6826522939726023,False
1784374702.7182646,117.25283670425415,14.939609330101435,0.9940560541701912,0.027800918934900398,0.0,0.0,2.705629118664692,False
1784374702.8045604,117.33913254737854,14.940492709402072,0.9940616193532266,0.027800229394738148,0.0,0.0,2.724095083811043,False
1784374702.9044666,117.43903875350952,14.941547096849055,0.9940680874403985,0.027799261003607134,0.0,0.0,2.7462733698649515,False
1784374702.985261,117.51983308792114,14.942578820349098,0.9940743968919136,0.02779899387479131,0.0,0.0,2.7680291099360996,False
1784374703.0628529,117.59742498397827,14.943501846466024,0.9940801891149993,0.02779957296035828,0.0,0.0,2.7874577174003923,False
1784374703.14305,117.67762207984924,14.9444118476777,0.9940860606942065,0.027800472264459763,0.0,0.0,2.806567412020214,False
1784374703.2547767,117.7893488407135,14.945571415294797,0.9940935759196395,0.027800995696545164,0.0,0.0,2.830941891330153,True
1784374703.3543665,117.88893866539001,14.946613641513185,0.9941001283707123,0.02780035576637267,0.0,0.0,2.852994428418433,False
1784374703.4393332,117.97390532493591,14.94720927629098,0.9941037728666577,0.027799733928641195,0.0,0.0,2.8656679151379616,False
1784374703.5166025,118.05117464065552,14.947964024545154,0.9941083656208761,0.027799130020801116,0.0,0.0,2.881758406877423,False
1784374703.6199484,118.1545205116272,14.948791351979393,0.9941134935926593,0.027799124089417992,0.0,0.0,2.899376143328311,False
1784374703.7292547,118.26382684707642,14.949851927698056,0.9941203032516837,0.02780005962667084,0.0,0.0,2.9218880543005223,False
1784374703.8324537,118.36702585220337,14.950415040774134,0.994123972877808,0.027800616576392278,0.0,0.0,2.9338295775213243,False
1784374703.9436948,118.478266954422,14.951752427282875,0.9941324930862234,0.027800726036225073,0.0,0.0,2.962324380479322,False
1784374704.0310035,118.56557559967041,14.952669883353694,0.9941380987558857,0.02779979941800742,0.0,0.0,2.982025698822274,False
1784374704.130783,118.66535520553589,14.953645120459575,0.9941440736131218,0.027799089357364627,0.0,0.0,3.0029927753947945,False
1784374704.2044718,118.73904395103455,14.954238321100163,0.9941478246223515,0.02779922710845383,0.0,0.0,3.0157098074958837,False
1784374704.3011913,118.83576345443726,14.954972564944446,0.9941525854816801,0.02779992167146449,0.0,0.0,3.031412804205338,False
1784374704.4038942,118.9384663105011,14.95526355433812,0.9941544850707205,0.027800251021931774,0.0,0.0,3.037634136405973,False
1784374704.485485,119.0200572013855,14.95562469269576,0.9941568313161333,0.02780060857104569,0.0,0.0,3.045363387576464,False
1784374704.5903616,119.12493371963501,14.955982651429254,0.9941591291812368,0.027800838653667025,0.0,0.0,3.0530411112921914,False
1784374704.7545285,119.28910064697266,14.956548394827129,0.9941626815531199,0.02780083956628788,0.0,0.0,3.0652213468488734,False
1784374704.826652,119.36122417449951,14.95675836298078,0.9941639750837731,0.02780072154206559,0.0,0.0,3.069756396963365,False
1784374704.9058914,119.44046354293823,14.95738188508599,0.9941677667074802,0.027800101723227146,0.0,0.0,3.0832554262837215,False
1784374704.971456,119.506028175354,14.957793125363702,0.994170264260527,0.027799627270720512,0.0,0.0,3.0921668768179362,False
1784374705.0373309,119.57190299034119,14.958269479847838,0.9941732004792498,0.027799224921776076,0.0,0.0,3.102476951531561,False
1784374705.1041973,119.63876938819885,14.958944698901517,0.9941774875081629,0.027799201317163503,0.0,0.0,3.1170492972822426,False
1784374705.1827786,119.71735072135925,14.959213005606188,0.9941792276958228,0.02779938385447264,0.0,0.0,3.1228275146487765,False
1784374705.2479906,119.78256273269653,14.959679565393467,0.9941822753586086,0.027799876080139577,0.0,0.0,3.1328697916871624,False
1784374705.3655279,119.90009999275208,14.960598122895275,0.9941881906544815,0.02780078120388472,0.0,0.0,3.152694117262546,False
1784374705.426097,119.96066904067993,14.961176927084756,0.9941917778518266,0.02780079054000703,0.0,0.0,3.1652623724082973,False
1784374705.491211,120.0257830619812,14.961684411143514,0.9941948566718984,0.027800367511111427,0.0,0.0,3.1763205518408517,False
1784374705.553366,120.08793807029724,14.961936143510474,0.9941963815763661,0.027800068085012068,0.0,0.0,3.1818097107951013,False
1784374705.6159422,120.15051436424255,14.962186796050121,0.9941979103956875,0.027799761153318676,0.0,0.0,3.187272647414024,False
1784374705.6841407,120.21871280670166,14.962623294305793,0.9942006183811953,0.02779932578650972,0.0,0.0,3.1967711507641288,False
1784374705.759041,120.29361319541931,14.963427407532459,0.9942057843052334,0.0277992855477935,0.0,0.0,3.214208632794866,False
1784374705.8197896,120.35436177253723,14.963672825262956,0.9942073897319075,0.027799489758546077,0.0,0.0,3.2195213945233996,False
1784374705.9007525,120.43532466888428,14.96397788776895,0.9942093835819139,0.027799834396138708,0.0,0.0,3.226127718567688,False
1784374705.9659107,120.50048279762268,14.964521327660602,0.994212883012092,0.027800482818499686,0.0,0.0,3.2379242130645816,False
1784374706.069472,120.60404419898987,14.965233504188767,0.9942173021782388,0.02780081169717756,0.0,0.0,3.25346944290583,False
1784374706.135566,120.67013812065125,14.965467969176878,0.9942187237418704,0.027800711868083628,0.0,0.0,3.25860517917429,False
1784374706.221142,120.75571417808533,14.965584734637584,0.9942194293050285,0.02780062543068805,0.0,0.0,3.26116442187872,False
1784374706.3693266,120.9038987159729,14.966107025879092,0.9942225994025038,0.027800037479762816,0.0,0.0,3.272610522018272,False
1784374706.468089,121.00266122817993,14.966222512929566,0.9942233094091618,0.02779988892877265,0.0,0.0,3.2751386843212353,False
1784374706.559799,121.09437108039856,14.966510487759935,0.994225102455767,0.027799545758565334,0.0,0.0,3.2814351554501946,False
