EpochTime(s),TimeFromStart(s),right_prop_rate(rad/s),left_prop_rate(rad/s),LastDT(s),Yaw(rad),North(m),East(m),IMUSensedYawRate(rad/s),IMUIntegratedYaw(rad),IMUSensedTimeStamp(s),ARUCOSensedNorth(m),ARUCOSensedEast(m),ARUCOSensedYaw(rad),ArucoSensedTimeStamp(s),DepthTimeStamp(s),Depth(m),NavigationMode,APFEncounter,APFSide,APFDCPA(m),APFTCPA(s),APFForceX,APFForceY,NearestObstacleNorth(m),NearestObstacleEast(m),NearestObstacleDistance(m),WebotsEnvironment,SwitchCombination,EKFPredictionEnabled,ClusterSizeAPFEnabled
1784374589.254111,3.7886831760406494,-200.0,200.0,0.2,6.283185305750585,-5.088279067458871e-05,1.0000000005589826,2.11270490135538e-12,6.28318530575095,1784374589.2801554,-5.088279067458871e-05,1.0000000005589826,6.283185305750528, 1784374588.612728, 1784374589.169893,1.0420930158820938,track,none,0.0,nan,nan,0.0,0.0,nan,nan,nan,WEBOTS_UNKNOWN,ekf_on_cluster_on,1,1
1784374589.3146899,3.849261999130249,-200.0,200.0,0.2,6.283185305750281,0.03016678025522853,1.0000000005158016,-1.181225619805601e-12,6.283185305750785,1784374589.2801554,None,None,None, None, 1784374589.3136897,0.9309633933199979,track,none,0.0,nan,nan,0.0,0.0,nan,nan,nan,WEBOTS_UNKNOWN,ekf_on_cluster_on,1,1
1784374589.415433,3.950005054473877,-200.0,200.0,0.2,6.283185305750353,0.08492084100766034,1.0000000004375413,8.074409472791716e-13,6.283185305750853,1784374589.3642957,None,None,None, None, 1784374589.397407,1.045072099789795,track,none,0.0,nan,nan,0.0,0.0,nan,nan,nan,WEBOTS_UNKNOWN,ekf_on_cluster_on,1,1
1784374589.5152614,4.049833536148071,-200.0,200.0,0.2,6.283185305749969,0.15123925119427717,1.0000000003427567,-2.9222874532675967e-12,6.28318530575054,1784374589.4711702,None,None,None, None, 1784374589.4967356,0.9942399372755566,track,none,0.0,nan,nan,0.0,0.0,nan,nan,nan,WEBOTS_UNKNOWN,ekf_on_cluster_on,1,1
1784374589.6238804,4.15845251083374,-200.0,200.0,0.2,6.283185305761644,0.04111895869773108,1.0000000005301752,8.89427941792772e-11,6.28318530575938,1784374589.570561,0.032444841632073194,1.0000000005440268,6.283185305763114, 1784374589.617838, 1784374589.6052368,0.9459412316007623,track,none,0.0,nan,nan,0.0,0.0,nan,nan,nan,WEBOTS_UNKNOWN,ekf_on_cluster_on,1,1
1784374589.72461,4.2591822147369385,-200.0,200.0,0.2,6.283185305772116,0.09363825160182933,1.000000000455706,1.6216742117973957e-10,6.2831853057772165,1784374589.6805508,None,None,None, None, 1784374589.7196102,0.9515134049711635,track,none,0.0,nan,nan,0.0,0.0,nan,nan,nan,WEBOTS_UNKNOWN,ekf_on_cluster_on,1,1
1784374589.8150718,4.34964394569397,-200.0,200.0,0.2,6.283185305775646,0.15921347753282533,1.0000000003634106,1.216007062751338e-10,6.283185305789436,1784374589.7810414,None,None,None, None, 1784374589.791559,0.9213756805691306,track,none,0.0,nan,nan,0.0,0.0,nan,nan,nan,WEBOTS_UNKNOWN,ekf_on_cluster_on,1,1
1784374589.9442956,4.478867769241333,-200.0,200.0,0.2,6.283185305758589,0.22825149213821694,1.0000000002664853,-6.986954704259809e-11,6.283185305778449,1784374589.938286,None,None,None, None, 1784374589.939286,0.9102273776290541,track,none,0.0,nan,nan,0.0,0.0,nan,nan,nan,WEBOTS_UNKNOWN,ekf_on_cluster_on,1,1
1784374590.2068582,4.741430282592773,-200.0,200.0,0.2,6.283185305763707,0.29785203435238616,1.000000000167583,6.943834952811952e-11,6.283185305795145,1784374590.1787338,None,None,None, None, 1784374590.2033396,0.9468228565466001,track,none,0.0,nan,nan,0.0,0.0,nan,nan,nan,WEBOTS_UNKNOWN,ekf_on_cluster_on,1,1
1784374590.3164735,4.851045608520508,-200.0,200.0,0.2,6.283185305773389,0.36752987020633365,1.0000000000689278,1.275541372429099e-10,6.2831853058106075,1784374590.2999582,None,None,None, None, 1784374590.3019586,1.0008520694628447,track,none,0.0,nan,nan,0.0,0.0,nan,nan,nan,WEBOTS_UNKNOWN,ekf_on_cluster_on,1,1
1784374590.4423852,4.976957321166992,-200.0,200.0,0.2,6.28318530577052,0.4372180188300249,0.9999999999709325,4.726977753999489e-11,6.283185305816322,1784374590.4208422,None,None,None, None, 1784374590.426842,0.9901609464067795,track,none,0.0,nan,nan,0.0,0.0,nan,nan,nan,WEBOTS_UNKNOWN,ekf_on_cluster_on,1,1
1784374590.5168233,5.051395416259766,-200.0,200.0,0.2,6.283185305753265,0.5069075377958503,0.9999999998727352,-9.52238662653362e-11,6.2831853058079465,1784374590.5088012,None,None,None, None, 1784374590.502288,0.9647860252544892,track,none,0.0,nan,nan,0.0,0.0,nan,nan,nan,WEBOTS_UNKNOWN,ekf_on_cluster_on,1,1
1784374590.6176264,5.152198553085327,-200.0,200.0,0.2,6.28318530574091,0.5765972387506405,0.9999999997733353,-1.1694576621895057e-10,6.283185305799649,1784374590.579753,None,None,None, None, 1784374590.5807528,1.088762544159817,track,none,0.0,nan,nan,0.0,0.0,nan,nan,nan,WEBOTS_UNKNOWN,ekf_on_cluster_on,1,1
1784374590.7170157,5.251587867736816,-200.0,200.0,0.2,6.283185305767661,0.21891109664369612,1.0000000002827023,9.441519332377085e-11,6.283185305811615,1784374590.7064857,0.21138881921581495,1.0000000002934324,6.283185305783632, 1784374590.620166, 1784374590.713006,1.0803528888308298,track,none,0.0,nan,nan,0.0,0.0,nan,nan,nan,WEBOTS_UNKNOWN,ekf_on_cluster_on,1,1
1784374590.8183687,5.352940797805786,-200.0,200.0,0.2,6.283185305779672,0.26397382667711455,1.0000000002190772,1.4744642820834792e-10,6.283185305825157,1784374590.798329,None,None,None, None, 1784374590.8043423,1.0206535363777047,track,none,0.0,nan,nan,0.0,0.0,nan,nan,nan,WEBOTS_UNKNOWN,ekf_on_cluster_on,1,1
1784374590.9168832,5.451455354690552,-200.0,200.0,0.2,6.283185305784338,0.3266197120983101,1.0000000001313782,1.1270955987403022e-10,6.283185305833771,1784374590.8747559,None,None,None, None, 1784374590.8898814,1.0182125095975303,track,none,0.0,nan,nan,0.0,0.0,nan,nan,nan,WEBOTS_UNKNOWN,ekf_on_cluster_on,1,1
1784374591.0178924,5.552464485168457,-200.0,200.0,0.2,6.28318530577235,0.39506535394398845,1.0000000000358795,-3.3115060639998e-11,6.2831853058296145,1784374591.0002847,None,None,None, None, 1784374591.0118563,0.9913038215527454,track,none,0.0,nan,nan,0.0,0.0,nan,nan,nan,WEBOTS_UNKNOWN,ekf_on_cluster_on,1,1
1784374591.1167922,5.651364326477051,-200.0,200.0,0.2,6.283185305758265,0.4645802450693377,0.9999999999380557,-9.972012774280205e-11,6.283185305822954,1784374591.0670753,None,None,None, None, 1784374591.0807552,1.0347771356808477,track,none,0.0,nan,nan,0.0,0.0,nan,nan,nan,WEBOTS_UNKNOWN,ekf_on_cluster_on,1,1
1784374591.219175,5.753747224807739,-200.0,200.0,0.2,6.283185305757167,0.5342465662400636,0.9999999998390374,-3.454144579214214e-11,6.2831853058183835,1784374591.1993997,None,None,None, None, 1784374591.2044013,1.0793958762530622,track,none,0.0,nan,nan,0.0,0.0,nan,nan,nan,WEBOTS_UNKNOWN,ekf_on_cluster_on,1,1
1784374591.3184323,5.853004455566406,-200.0,200.0,0.2,6.283185305770504,0.6039331832497485,0.9999999997399138,9.183591102069114e-11,6.283185305825347,1784374591.2752252,None,None,None, None, 1784374591.2853699,0.9702449338498103,track,none,0.0,nan,nan,0.0,0.0,nan,nan,nan,WEBOTS_UNKNOWN,ekf_on_cluster_on,1,1
1784374591.4171917,5.951763868331909,-200.0,200.0,0.2,6.2831853057837135,0.6736224987811639,0.9999999996417158,1.3989413358072765e-10,6.283185305842334,1784374591.396654,None,None,None, None, 1784374591.4200234,1.0234466229735113,track,none,0.0,nan,nan,0.0,0.0,nan,nan,nan,WEBOTS_UNKNOWN,ekf_on_cluster_on,1,1
1784374591.5176492,6.052221298217773,-200.0,200.0,0.2,6.2831853057836495,0.7433121727202237,0.9999999995444379,6.823266022429944e-11,6.283185305847214,1784374591.4681695,None,None,None, None, 1784374591.4944253,0.9230548749425682,track,none,0.0,nan,nan,0.0,0.0,nan,nan,nan,WEBOTS_UNKNOWN,ekf_on_cluster_on,1,1
1784374591.6168945,6.151466608047485,-200.0,200.0,0.2,6.283185305776418,0.8130018942548403,0.9999999994471555,5.068996890978906e-13,6.28318530584725,1784374591.5398655,None,None,None, None, 1784374591.562901,1.019856599652504,track,none,0.0,nan,nan,0.0,0.0,nan,nan,nan,WEBOTS_UNKNOWN,ekf_on_cluster_on,1,1
1784374591.7206485,6.255220651626587,-200.0,200.0,0.2,6.283185305783179,0.4082051748958358,1.0000000000040175,-6.618131309339446e-11,6.283185305835816,1784374591.7126353,0.4018011481595376,1.000000000012853,6.283185305815217, 1784374591.62993, 1784374591.7236626,0.9416928378218963,track,none,0.0,nan,nan,0.0,0.0,nan,nan,nan,WEBOTS_UNKNOWN,ekf_on_cluster_on,1,1
1784374591.8176858,6.352257966995239,-200.0,200.0,0.2,6.28318530578287,0.4517679575132578,0.999999999943186,-1.1017657336040205e-11,6.2831853058350795,1784374591.7794964,None,None,None, None, 1784374591.7861388,0.918743862914773,track,none,0.0,nan,nan,0.0,0.0,nan,nan,nan,WEBOTS_UNKNOWN,ekf_on_cluster_on,1,1
1784374591.9175272,6.452099323272705,-200.0,200.0,0.2,6.283185305794832,0.5137409957062775,0.9999999998566272,1.1086975327444967e-10,6.283185305847834,1784374591.8945377,None,None,None, None, 1784374591.899528,0.9756513345275396,track,none,0.0,nan,nan,0.0,0.0,nan,nan,nan,WEBOTS_UNKNOWN,ekf_on_cluster_on,1,1
1784374592.0170121,6.551584243774414,-200.0,200.0,0.2,6.283185305802213,0.5820354938694403,0.9999999997620561,1.1000366473024105e-10,6.283185305858718,1784374591.9934864,None,None,None, None, 1784374591.9934864,0.9774457534140006,track,none,0.0,nan,nan,0.0,0.0,nan,nan,nan,WEBOTS_UNKNOWN,ekf_on_cluster_on,1,1
1784374592.1188834,6.653455495834351,-200.0,200.0,0.2,6.283185305799105,0.6515278319483219,0.9999999996663392,3.761895952681611e-11,6.28318530586138,1784374592.064249,None,None,None, None, 1784374592.064249,1.0219234541793132,track,none,0.0,nan,nan,0.0,0.0,nan,nan,nan,WEBOTS_UNKNOWN,ekf_on_cluster_on,1,1
1784374592.217195,6.751767158508301,-200.0,200.0,0.2,6.2831853057863,0.7211911059695699,0.9999999995701704,-6.474271037494367e-11,6.2831853058528395,1784374592.1961646,None,None,None, None, 1784374592.1961646,1.0459965542233036,track,none,0.0,nan,nan,0.0,0.0,nan,nan,nan,WEBOTS_UNKNOWN,ekf_on_cluster_on,1,1
1784374592.319367,6.853939056396484,-200.0,200.0,0.2,6.2831853057794245,0.7908773173896533,0.9999999994730775,-6.060337486947389e-11,6.2831853058487335,1784374592.2639122,None,None,None, None, 1784374592.2639122,0.9026004236410545,track,none,0.0,nan,nan,0.0,0.0,nan,nan,nan,WEBOTS_UNKNOWN,ekf_on_cluster_on,1,1
1784374592.417032,6.951604127883911,-200.0,200.0,0.2,6.283185305787483,0.8605665790443292,0.9999999993755012,4.722172681551502e-11,6.28318530585535,1784374592.4040425,None,None,None, None, 1784374592.3945,1.0492263539492794,track,none,0.0,nan,nan,0.0,0.0,nan,nan,nan,WEBOTS_UNKNOWN,ekf_on_cluster_on,1,1
1784374592.5205069,7.055078983306885,-200.0,200.0,0.2,6.2831853057971525,0.9302562458285669,0.9999999992784859,9.167113371879102e-11,6.2831853058616165,1784374592.472397,None,None,None, None, 1784374592.472397,0.9503746800500378,track,none,0.0,nan,nan,0.0,0.0,nan,nan,nan,WEBOTS_UNKNOWN,ekf_on_cluster_on,1,1
1784374592.6178885,7.15246057510376,-200.0,200.0,0.2,6.283185305797404,0.9999459664130582,0.9999999991821444,4.267412752468962e-11,6.283185305867505,1784374592.610381,None,None,None, None, 1784374592.6008785,0.9115917187872997,track,none,0.0,nan,nan,0.0,0.0,nan,nan,nan,WEBOTS_UNKNOWN,ekf_on_cluster_on,1,1
1784374592.7173786,7.251950740814209,-200.0,200.0,0.2,6.283185305806408,0.5937561425183737,0.9999999997426015,-2.630913481216124e-11,6.2831853058655955,1784374592.6829586,0.5874701650712651,0.999999999751277,6.283185305836796, 1784374592.631922, 1784374592.6754198,0.9078723391120282,track,none,0.0,nan,nan,0.0,0.0,nan,nan,nan,WEBOTS_UNKNOWN,ekf_on_cluster_on,1,1
1784374592.8174398,7.3520119190216064,-200.0,200.0,0.2,6.2831853058004,0.637280755768403,0.9999999996828344,-5.530533987069064e-11,6.283185305861432,1784374592.7582524,None,None,None, None, 1784374592.8144395,0.9422259801613513,track,none,0.0,nan,nan,0.0,0.0,nan,nan,nan,WEBOTS_UNKNOWN,ekf_on_cluster_on,1,1
1784374592.9179208,7.452492952346802,-200.0,200.0,0.2,6.283185305799245,0.6992363066443918,0.9999999995973861,-2.8050548973537626e-11,6.283185305857755,1784374592.8893292,None,None,None, None, 1784374592.8832712,0.9808649835259516,track,none,0.0,nan,nan,0.0,0.0,nan,nan,nan,WEBOTS_UNKNOWN,ekf_on_cluster_on,1,1
1784374593.017233,7.551805019378662,-200.0,200.0,0.2,6.283185305817251,0.7675268014678545,0.9999999995031219,1.493024147415361e-10,6.283185305876612,1784374593.015629,None,None,None, None, 1784374593.0136178,1.0287037013358658,track,none,0.0,nan,nan,0.0,0.0,nan,nan,nan,WEBOTS_UNKNOWN,ekf_on_cluster_on,1,1
1784374593.117441,7.652013063430786,-200.0,200.0,0.2,6.283185305824315,0.8370185383201811,0.9999999994084509,1.1426647031005018e-10,6.28318530588544,1784374593.0928926,None,None,None, None, 1784374593.0949028,1.0729405266152119,track,none,0.0,nan,nan,0.0,0.0,nan,nan,nan,WEBOTS_UNKNOWN,ekf_on_cluster_on,1,1
1784374593.2169123,7.751484394073486,-200.0,200.0,0.2,6.283185305820837,0.9066817310228981,0.9999999993140383,4.151686245765321e-11,6.2831853058884715,1784374593.165899,None,None,None, None, 1784374593.1649094,1.0091380879016099,track,none,0.0,nan,nan,0.0,0.0,nan,nan,nan,WEBOTS_UNKNOWN,ekf_on_cluster_on,1,1
1784374593.3169174,7.851489543914795,-200.0,200.0,0.2,6.2831853058056915,0.9763679316175282,0.9999999992193521,-7.929118773119112e-11,6.283185305883292,1784374593.3204226,None,None,None, None, 1784374593.3089292,1.0569342756316562,track,none,0.0,nan,nan,0.0,0.0,nan,nan,nan,WEBOTS_UNKNOWN,ekf_on_cluster_on,1,1
1784374593.4197342,7.954306364059448,-200.0,200.0,0.2,6.28318530580208,1.0460571918341706,0.9999999991236064,-3.448673814061654e-11,6.283185305880611,1784374593.3981464,None,None,None, None, 1784374593.3881452,0.936405330500912,track,none,0.0,nan,nan,0.0,0.0,nan,nan,nan,WEBOTS_UNKNOWN,ekf_on_cluster_on,1,1
1784374593.5172422,8.051814317703247,-200.0,200.0,0.2,6.283185305803349,1.1157468584274373,0.9999999990276084,-4.0809488398024314e-12,6.28318530588031,1784374593.4718528,None,None,None, None, 1784374593.4643378,0.9474464264911687,track,none,0.0,nan,nan,0.0,0.0,nan,nan,nan,WEBOTS_UNKNOWN,ekf_on_cluster_on,1,1
1784374593.6231394,8.157711505889893,-200.0,200.0,0.2,6.283185305810162,1.1854365789865686,0.9999999989316988,5.028325169089857e-11,6.283185305884207,1784374593.5493546,None,None,None, None, 1784374593.6356528,0.919080438587836,track,none,0.0,nan,nan,0.0,0.0,nan,nan,nan,WEBOTS_UNKNOWN,ekf_on_cluster_on,1,1
1784374593.717458,8.25203013420105,-200.0,200.0,0.2,6.283185305827651,0.7841450217602091,0.9999999994953687,9.089611630251004e-11,6.2831853058989875,1784374593.711963,0.7779247188453172,0.9999999995040736,6.283185305844484, 1784374593.640651, 1784374593.694416,0.9391694508628906,track,none,0.0,nan,nan,0.0,0.0,nan,nan,nan,WEBOTS_UNKNOWN,ekf_on_cluster_on,1,1
1784374593.8169637,8.35153579711914,-200.0,200.0,0.2,6.283185305823824,0.8281310720844064,0.9999999994359023,3.3453179362076605e-12,6.283185305899195,1784374593.7741354,None,None,None, None, 1784374593.8194144,0.9341613147467649,track,none,0.0,nan,nan,0.0,0.0,nan,nan,nan,WEBOTS_UNKNOWN,ekf_on_cluster_on,1,1
1784374593.9173675,8.451939582824707,-200.0,200.0,0.2,6.28318530581661,0.8902968154052401,0.9999999993516203,-4.60105590551085e-11,6.283185305895867,1784374593.9204335,None,None,None, None, 1784374593.8927348,1.0147043327759389,track,none,0.0,nan,nan,0.0,0.0,nan,nan,nan,WEBOTS_UNKNOWN,ekf_on_cluster_on,1,1
1784374594.017163,8.551735162734985,-200.0,200.0,0.2,6.283185305814187,0.9586351771837818,0.9999999992584767,-2.7792399694868544e-11,6.283185305891988,1784374593.9860559,None,None,None, None, 1784374594.01767,1.0534861554314787,track,none,0.0,nan,nan,0.0,0.0,nan,nan,nan,WEBOTS_UNKNOWN,ekf_on_cluster_on,1,1
1784374594.1199074,8.654479503631592,-200.0,200.0,0.2,6.283185305818162,1.0281340896915703,0.999999999163583,2.2382651166191464e-11,6.283185305893715,1784374594.0632179,None,None,None, None, 1784374594.1053183,0.9033186839814286,track,none,0.0,nan,nan,0.0,0.0,nan,nan,nan,WEBOTS_UNKNOWN,ekf_on_cluster_on,1,1
1784374594.2176049,8.752177000045776,-200.0,200.0,0.2,6.283185305825156,1.097798252639669,0.9999999990687405,6.449635858008818e-11,6.283185305902092,1784374594.1930933,None,None,None, None, 1784374594.1746671,0.9108730156482397,track,none,0.0,nan,nan,0.0,0.0,nan,nan,nan,WEBOTS_UNKNOWN,ekf_on_cluster_on,1,1
1784374594.3183827,8.852954864501953,-200.0,200.0,0.2,6.283185305827144,1.1674845823919389,0.9999999989743552,4.4704129128533996e-11,6.283185305905046,1784374594.2591786,None,None,None, None, 1784374594.3121252,0.9258061320937128,track,none,0.0,nan,nan,0.0,0.0,nan,nan,nan,WEBOTS_UNKNOWN,ekf_on_cluster_on,1,1
1784374594.416616,8.951188087463379,-200.0,200.0,0.2,6.283185305820757,1.2371738597655537,0.9999999988801045,-2.408730838281999e-11,6.2831853059017595,1784374594.3956037,None,None,None, None, 1784374594.3835213,0.9273900248903659,track,none,0.0,nan,nan,0.0,0.0,nan,nan,nan,WEBOTS_UNKNOWN,ekf_on_cluster_on,1,1
1784374594.5189106,9.0534827709198,-200.0,200.0,0.2,6.283185305812744,1.3068635286372676,0.9999999987854081,-6.32269970856149e-11,6.283185305897596,1784374594.5249107,None,None,None, None, 1784374594.501104,0.9721954458123634,track,none,0.0,nan,nan,0.0,0.0,nan,nan,nan,WEBOTS_UNKNOWN,ekf_on_cluster_on,1,1
1784374594.6177177,9.152289867401123,-200.0,200.0,0.2,6.283185305818112,1.3765532494989656,0.9999999986901532,2.5761746131985068e-11,6.283185305901274,1784374594.6042035,None,None,None, None, 1784374594.5668855,0.9977843793146949,track,none,0.0,nan,nan,0.0,0.0,nan,nan,nan,WEBOTS_UNKNOWN,ekf_on_cluster_on,1,1
1784374594.7170782,9.251650333404541,-200.0,200.0,0.2,6.283185305832846,0.9746132160967231,0.9999999992514135,4.864607039977075e-11,6.283185305904596,1784374594.6725137,0.9683843502378299,0.9999999992600792,6.283185305850216, 1784374594.641857, 1784374594.6955438,0.9141460281085335,track,none,0.0,nan,nan,0.0,0.0,nan,nan,nan,WEBOTS_UNKNOWN,ekf_on_cluster_on,1,1
1784374594.8170712,9.351643323898315,-200.0,200.0,0.2,6.28318530583708,1.0185384153212587,0.9999999991922576,6.59930628038949e-11,6.28318530591376,1784374594.8113644,None,None,None, None, 1784374594.76089,1.0672142491149772,track,none,0.0,nan,nan,0.0,0.0,nan,nan,nan,WEBOTS_UNKNOWN,ekf_on_cluster_on,1,1
1784374594.9180827,9.452654838562012,-200.0,200.0,0.2,6.283185305833585,1.0806765915957384,0.9999999991088366,2.5101681165853014e-12,6.2831853059139355,1784374594.8814514,None,None,None, None, 1784374594.892475,0.9825976945222386,track,none,0.0,nan,nan,0.0,0.0,nan,nan,nan,WEBOTS_UNKNOWN,ekf_on_cluster_on,1,1
1784374595.0173366,9.551908731460571,-200.0,200.0,0.2,6.283185305827414,1.1490087068769816,0.9999999990168615,-3.719281431525188e-11,6.283185305910878,1784374594.9636452,None,None,None, None, 1784374594.9681613,1.003445468914344,track,none,0.0,nan,nan,0.0,0.0,nan,nan,nan,WEBOTS_UNKNOWN,ekf_on_cluster_on,1,1
1784374595.1176727,9.652244806289673,-200.0,200.0,0.2,6.283185305826266,1.218506684600354,0.9999999989228883,-1.4441908503438317e-11,6.283185305908683,1784374595.115674,None,None,None, None, 1784374595.103615,1.066041424137755,track,none,0.0,nan,nan,0.0,0.0,nan,nan,nan,WEBOTS_UNKNOWN,ekf_on_cluster_on,1,1
1784374595.2184706,9.753042697906494,-200.0,200.0,0.2,6.2831853058295675,1.288170721189292,0.9999999988286105,2.170156296435928e-11,6.283185305910147,1784374595.1831336,None,None,None, None, 1784374595.1628063,0.915742279850108,track,none,0.0,nan,nan,0.0,0.0,nan,nan,nan,WEBOTS_UNKNOWN,ekf_on_cluster_on,1,1
1784374595.317012,9.851584196090698,-200.0,200.0,0.2,6.283185305838267,1.3578570341214795,0.9999999987345326,8.202169398782583e-11,6.283185305921004,1784374595.3154998,None,None,None, None, 1784374595.3034728,1.0472619691772203,track,none,0.0,nan,nan,0.0,0.0,nan,nan,nan,WEBOTS_UNKNOWN,ekf_on_cluster_on,1,1
1784374595.417594,9.952166080474854,-200.0,200.0,0.2,6.283185305840406,1.427546309260769,0.999999998641057,5.460031937121624e-11,6.283185305924446,1784374595.3785427,None,None,None, None, 1784374595.3785427,0.9411781732798594,track,none,0.0,nan,nan,0.0,0.0,nan,nan,nan,WEBOTS_UNKNOWN,ekf_on_cluster_on,1,1
1784374595.5170615,10.051633596420288,-200.0,200.0,0.2,6.283185305835628,1.4972359778357645,0.99999999854773,-1.0856588497305883e-12,6.2831853059243645,1784374595.4536102,None,None,None, None, 1784374595.4465876,1.0619503044382415,track,none,0.0,nan,nan,0.0,0.0,nan,nan,nan,WEBOTS_UNKNOWN,ekf_on_cluster_on,1,1
1784374595.6174412,10.152013301849365,-200.0,200.0,0.2,6.283185305826617,1.5669256986580598,0.99999999845407,-5.800605953023791e-11,6.2831853059163425,1784374595.5919037,None,None,None, None, 1784374595.5969036,1.0572622808781507,track,none,0.0,nan,nan,0.0,0.0,nan,nan,nan,WEBOTS_UNKNOWN,ekf_on_cluster_on,1,1
1784374595.7188468,10.253418922424316,-200.0,200.0,0.2,6.283185305838078,1.1650650304765773,0.9999999989991196,-2.197863670794706e-11,6.283185305914789,1784374595.6625674,1.1588372130639824,0.9999999990075634,6.283185305862217, 1784374595.649552, 1784374595.681643,0.9722345805779022,track,none,0.0,nan,nan,0.0,0.0,nan,nan,nan,WEBOTS_UNKNOWN,ekf_on_cluster_on,1,1
1784374595.8203297,10.354901790618896,-200.0,200.0,0.2,6.283185305843593,1.2089976814611614,0.9999999989401835,4.570256286272819e-11,6.283185305920896,1784374595.7961917,None,None,None, None, 1784374595.8223076,0.9016110577903999,track,none,0.0,nan,nan,0.0,0.0,nan,nan,nan,WEBOTS_UNKNOWN,ekf_on_cluster_on,1,1
1784374595.917879,10.452451229095459,-200.0,200.0,0.2,6.283185305849217,1.2711392360422265,0.9999999988571628,6.638299253650177e-11,6.283185305925527,1784374595.865959,None,None,None, None, 1784374595.8938174,1.069380521953628,track,none,0.0,nan,nan,0.0,0.0,nan,nan,nan,WEBOTS_UNKNOWN,ekf_on_cluster_on,1,1
1784374596.0167866,10.551358699798584,-200.0,200.0,0.2,6.283185305846448,1.3394721173322304,0.9999999987662548,6.53215903640525e-12,6.283185305926453,1784374596.0075855,None,None,None, None, 1784374595.9582655,1.0983792162659438,track,none,0.0,nan,nan,0.0,0.0,nan,nan,nan,WEBOTS_UNKNOWN,ekf_on_cluster_on,1,1
1784374596.117221,10.651793241500854,-200.0,200.0,0.2,6.28318530584139,1.4089702097144552,0.9999999986736042,-2.6190025846228834e-11,6.2831853059247385,1784374596.0730355,None,None,None, None, 1784374596.0952108,0.9325826426592806,track,none,0.0,nan,nan,0.0,0.0,nan,nan,nan,WEBOTS_UNKNOWN,ekf_on_cluster_on,1,1
1784374596.2172751,10.751847267150879,-200.0,200.0,0.2,6.28318530583828,1.478634261802949,0.99999999858038,-2.7899360243892256e-11,6.28318530592084,1784374596.2127538,None,None,None, None, 1784374596.1797092,1.0810581744778158,track,none,0.0,nan,nan,0.0,0.0,nan,nan,nan,WEBOTS_UNKNOWN,ekf_on_cluster_on,1,1
1784374596.3172362,10.851808309555054,-200.0,200.0,0.2,6.283185305840157,1.548320576798344,0.9999999984869092,5.442808752034125e-12,6.28318530592119,1784374596.276982,None,None,None, None, 1784374596.3182425,0.9289219747641756,track,none,0.0,nan,nan,0.0,0.0,4.870024720596574,-2.4911842529259443,5.019993980800007,WEBOTS_UNKNOWN,ekf_on_cluster_on,1,1
1784374596.4178474,10.952419519424438,-200.0,200.0,0.2,6.28318530584433,1.6180098522117035,0.9999999983935653,3.3163640013329026e-11,6.283185305923872,1784374596.3578234,None,None,None, None, 1784374596.390266,0.9375579837980548,track,none,0.0,nan,nan,0.0,0.0,5.034937893209591,-2.5714904250319455,4.910691768020973,WEBOTS_UNKNOWN,ekf_on_cluster_on,1,1
1784374596.5176542,11.052226305007935,-200.0,200.0,0.2,6.283185305852023,1.6876995208230956,0.9999999983005118,7.93747129418739e-11,6.283185305934925,1784374596.4970758,None,None,None, None, 1784374596.4619863,1.0757202852209968,track,none,0.0,nan,nan,0.0,0.0,5.073544513550805,-2.5770647354336234,4.88169387292888,WEBOTS_UNKNOWN,ekf_on_cluster_on,1,1
1784374596.6168234,11.151395559310913,-200.0,200.0,0.2,6.283185305849707,1.7573892416502241,0.9999999982079942,1.7803506205469345e-11,6.283185305936298,1784374596.5742104,None,None,None, None, 1784374596.6118164,0.9305694996051866,track,none,0.0,nan,nan,0.0,0.0,5.126343226211967,-2.556959563302312,4.854986084699869,WEBOTS_UNKNOWN,ekf_on_cluster_on,1,1
1784374596.7170105,11.251582622528076,-200.0,200.0,0.2,6.283185305855202,1.35237267430093,0.9999999987434902,-3.611194282779019e-11,6.2831853059311955,1784374596.715505,1.346103176587488,0.9999999987517866,6.283185305879646, 1784374596.65087, 1784374596.696479,0.9277401407055013,track,none,0.0,nan,nan,0.0,0.0,5.175647260799785,-2.533469614210438,4.823679232153835,WEBOTS_UNKNOWN,ekf_on_cluster_on,1,1
1784374596.8167024,11.351274490356445,-200.0,200.0,0.2,6.283185305851838,1.3960082115482664,0.9999999986857,-3.611194282779019e-11,6.283185305923973,1784374596.715505,None,None,None, None, 1784374596.8097024,1.0589719570585447,track,none,0.0,nan,nan,0.0,0.0,4.721384313675672,-2.543695787452678,4.796881728455455,WEBOTS_UNKNOWN,ekf_on_cluster_on,1,1
1784374596.917474,11.452046155929565,-200.0,200.0,0.2,6.283185305855782,1.4580145321034697,0.9999999986033712,2.485894384102326e-11,6.2831853059284715,1784374596.8964665,None,None,None, None, 1784374596.8839521,1.0131892016318227,track,none,0.0,nan,nan,0.0,0.0,4.721384313675672,-2.543695787452678,4.796881728455455,WEBOTS_UNKNOWN,ekf_on_cluster_on,1,1
1784374597.0176458,11.552217960357666,-200.0,200.0,0.2,6.283185305860255,1.5263166390239393,0.9999999985129525,4.4521845378006926e-11,6.283185305931727,1784374596.9695733,None,None,None, None, 1784374596.9580605,1.0126615056628867,track,none,0.0,nan,nan,0.0,0.0,4.802730349011931,-2.5321551870987578,4.7390077118809,WEBOTS_UNKNOWN,ekf_on_cluster_on,1,1
1784374597.1188018,11.653373956680298,-200.0,200.0,0.2,6.283185305866571,1.5958101192457659,0.9999999984212675,7.702784675825868e-11,6.283185305938355,1784374597.0556297,None,None,None, None, 1784374597.039621,1.0623803356194415,track,none,0.0,nan,nan,0.0,0.0,4.864617973902003,-2.513301664827135,4.714446979997828,WEBOTS_UNKNOWN,ekf_on_cluster_on,1,1
1784374597.2190998,11.753671884536743,-200.0,200.0,0.2,6.283185305863426,1.6654735477344729,0.9999999983297984,1.3261469216573033e-11,6.283185305939664,1784374597.1543357,None,None,None, None, 1784374597.151336,0.940559408042614,track,none,0.0,nan,nan,0.0,0.0,4.940661081923978,-2.52373168618063,4.683183092529943,WEBOTS_UNKNOWN,ekf_on_cluster_on,1,1
1784374597.3215814,11.85615348815918,-200.0,200.0,0.2,6.283185305856087,1.735159779717665,0.9999999982380801,-3.784936847895263e-11,6.283185305936286,1784374597.3361099,None,None,None, None, 1784374597.2541354,1.0449672667915897,track,none,0.0,nan,nan,0.0,0.0,4.940661081923978,-2.52373168618063,4.683183092529943,WEBOTS_UNKNOWN,ekf_on_cluster_on,1,1
1784374597.4172235,11.95179557800293,-200.0,200.0,0.2,6.283185305854505,1.8048490441039031,0.9999999981458463,-1.4693145870290732e-11,6.283185305933771,1784374597.4147182,None,None,None, None, 1784374597.4147182,1.0791923134626524,track,none,0.0,nan,nan,0.0,0.0,5.010612176482107,-2.4821529371448015,4.629670298542986,WEBOTS_UNKNOWN,ekf_on_cluster_on,1,1
1784374597.5173383,12.051910400390625,-200.0,200.0,0.2,6.283185305859412,1.8745387112508927,0.9999999980535018,3.703819947768673e-11,6.28318530593722,1784374597.507831,None,None,None, None, 1784374597.512834,0.9410188474850792,track,none,0.0,nan,nan,0.0,0.0,5.010612176482107,-2.4821529371448015,4.629670298542986,WEBOTS_UNKNOWN,ekf_on_cluster_on,1,1
1784374597.6171374,12.15170955657959,-200.0,200.0,0.2,6.283185305865944,1.9442284318835557,0.9999999979614992,6.924618343744508e-11,6.283185305942641,1784374597.5861123,None,None,None, None, 1784374597.5946186,0.9662793200082143,track,none,0.0,nan,nan,0.0,0.0,5.107066981897981,-2.4740397443547963,4.573929096660651,WEBOTS_UNKNOWN,ekf_on_cluster_on,1,1
1784374597.717244,12.251816034317017,-200.0,200.0,0.2,6.283185305872049,1.5364902027651546,0.9999999985008836,7.61005349573444e-13,6.28318530594274,1784374597.717244,1.5301847597688059,0.9999999985092164,6.283185305891094, 1784374597.652741, 1784374597.6667743,0.9914403533237423,track,none,0.0,nan,nan,0.0,0.0,5.153322649236306,-2.489787467166635,4.547159176125989,WEBOTS_UNKNOWN,ekf_on_cluster_on,1,1
1784374597.8175764,12.352148532867432,-200.0,200.0,0.2,6.283185305864893,1.5798681758907411,0.9999999984441653,-5.925975587985628e-11,6.283185305938516,1784374597.7885292,None,None,None, None, 1784374597.79756,1.0734863138268447,track,none,0.0,nan,nan,0.0,0.0,5.153322649236306,-2.489787467166635,4.547159176125989,WEBOTS_UNKNOWN,ekf_on_cluster_on,1,1
1784374597.917291,12.451863050460815,-200.0,200.0,0.2,6.283185305861923,1.6417563748950201,0.9999999983628013,-4.322165768854859e-11,6.283185305935034,1784374597.869088,None,None,None, None, 1784374597.869088,0.9384102750753427,track,none,0.0,nan,nan,0.0,0.0,4.726757600241999,-2.463035904176917,4.513650158089899,WEBOTS_UNKNOWN,ekf_on_cluster_on,1,1
1784374598.0188963,12.553468465805054,-200.0,200.0,0.2,6.283185305868201,1.7100314154244745,0.9999999982728378,3.41434135374578e-11,6.283185305939994,1784374598.014349,None,None,None, None, 1784374598.014349,1.0097706406526812,track,none,0.0,nan,nan,0.0,0.0,4.7769701191903575,-2.441697871786495,4.486929670876881,WEBOTS_UNKNOWN,ekf_on_cluster_on,1,1
1784374598.1169884,12.651560544967651,-200.0,200.0,0.2,6.283185305872842,1.7795208294606786,0.9999999981817104,4.296515564495684e-11,6.283185305943024,1784374598.0848804,None,None,None, None, 1784374598.0848804,0.9920057636287816,track,none,0.0,nan,nan,0.0,0.0,4.824932472925883,-2.4578309016785935,4.460185611278687,WEBOTS_UNKNOWN,ekf_on_cluster_on,1,1
1784374598.2179916,12.752563714981079,-200.0,200.0,0.2,6.283185305876974,1.8491837079500575,0.9999999980906789,5.48388975557361e-11,6.283185305947107,1784374598.2245557,None,None,None, None, 1784374598.1608512,0.903048627748501,track,none,0.0,nan,nan,0.0,0.0,4.876233908965384,-2.4325077551871193,4.428943756775959,WEBOTS_UNKNOWN,ekf_on_cluster_on,1,1
1784374598.3171866,12.8517587184906,-200.0,200.0,0.2,6.28318530587148,1.9188698667145587,0.9999999979999048,-1.7265334892147385e-11,6.283185305944802,1784374598.2928271,None,None,None, None, 1784374598.3161752,0.9486892307745118,track,none,0.0,nan,nan,0.0,0.0,4.924318389409626,-2.44931975227531,4.40217275524476,WEBOTS_UNKNOWN,ekf_on_cluster_on,1,1
1784374598.418869,12.953441143035889,-4.65122063897263,200.0,0.2,6.2831853058655165,1.9885591213745486,0.9999999979087438,-4.295115115023365e-11,6.283185305941622,1784374598.3668783,None,None,None, None, 1784374598.3775957,1.058207061987854,apf_colreg,crossing_from_starboard,-1.0,2.7678556812984274,6.0914003082724415,23.962404652024926,7.478251644372271,4.975283046107265,-2.4236322601922153,4.3709472020320055,WEBOTS_UNKNOWN,ekf_on_cluster_on,1,1
1784374598.5178812,13.05245327949524,47.64055757745673,200.0,0.2,6.282927738839419,2.043310671337099,0.9997007291489055,0.03963739258249847,0.005655043337720933,1784374598.5095477,None,None,None, None, 1784374598.5229018,0.9215551723366711,apf_colreg,crossing_from_starboard,-1.0,2.674808640166993,7.527074134833753,23.86090759141221,7.496066036106954,5.028753872939568,-2.4049738123787785,4.348517253092104,WEBOTS_UNKNOWN,ekf_on_cluster_on,1,1
1784374598.6195114,13.154083490371704,94.05264043516401,200.0,0.2,6.283750350550875,2.0933328790957835,0.9993241951273384,0.06278953402138307,0.011125166276102938,1784374598.596666,None,None,None, None, 1784374598.5956628,1.0632206381769551,apf_colreg,crossing_from_starboard,-1.0,2.6298445559915304,8.24483300502083,23.814233878417912,7.497969611999974,5.040304089656409,-2.4132253620998303,4.318325398955609,WEBOTS_UNKNOWN,ekf_on_cluster_on,1,1
1784374598.7192192,13.253791332244873,-85.03372214495961,200.0,0.2,6.292462846434592,1.7202175991703816,1.0000088973312253,0.10366847172143616,0.018837773879503195,1784374598.671063,1.7146710721668246,1.0000224488859346,0.016469085181186394, 1784374598.655528, 1784374598.679054,0.998194548279018,apf_colreg,crossing_from_starboard,-1.0,0.800980001247941,37.64257984387829,24.05452933178453,7.49473092892437,5.031856386941892,-2.4640593914295437,4.289491866563164,WEBOTS_UNKNOWN,ekf_on_cluster_on,1,1
1784374598.8202045,13.354776620864868,-84.73351494961236,200.0,0.2,0.017783685982029424,1.7382852718470323,1.0001081192456434,0.13812734250152367,0.028989298921595918,1784374598.8422487,None,None,None, None, 1784374598.7640646,0.9279544803908649,apf_colreg,crossing_from_starboard,-1.0,2.0563845570913775,18.304148476437582,24.03034731183383,7.264613620465312,4.598385089848886,-2.4675845219627655,4.290136217147163,WEBOTS_UNKNOWN,ekf_on_cluster_on,1,1
1784374598.9327326,13.467304706573486,-81.89736669699275,200.0,0.2,0.02906725744580828,1.7740733297500364,1.0007352725775718,0.11435322612838492,0.040160668486815695,1784374598.947251,None,None,None, None, 1784374598.8772988,1.0855405412764811,apf_colreg,crossing_from_starboard,-1.0,2.4593678042912868,11.360003122031628,24.048855179035062,7.03557201786873,4.6072116355495965,-2.4806191363591723,4.26356081203635,WEBOTS_UNKNOWN,ekf_on_cluster_on,1,1
1784374599.0197642,13.554336309432983,151.3831551508788,200.0,0.2,0.0400048166354441,1.8214314839217214,1.0021402172671046,0.09759774457959673,0.05040866622035846,1784374599.0342798,None,None,None, None, 1784374599.0587964,1.0004513801494372,apf_colreg,crossing_from_starboard,-1.0,2.6038742215019255,8.601690853200633,24.44608605731366,6.872633524016692,4.638900308055618,-2.460249549639331,4.240089018492275,WEBOTS_UNKNOWN,ekf_on_cluster_on,1,1
1784374599.1570423,13.691614389419556,175.39060181435,200.0,0.2,0.04716466861615466,1.8648145598709382,1.0037407516667507,0.09122005295559928,0.06703171782927861,1784374599.1294813,None,None,None, None, 1784374599.1570423,1.056023003206359,apf_colreg,crossing_from_starboard,-1.0,3.102363147302044,8.656208049015193,24.0139686914832,6.660702526694003,4.675613907933197,-2.4307576192168,4.210984579173018,WEBOTS_UNKNOWN,ekf_on_cluster_on,1,1
1784374599.2243743,13.758946418762207,194.88141542397912,200.0,0.2,0.05670321932682991,1.9052982969725234,1.0054164711257978,0.13190336941721906,0.07725553217309773,1784374599.2069912,None,None,None, None, 1784374599.2484877,0.9279450538854275,apf_colreg,crossing_from_starboard,-1.0,2.615875825112853,8.456976283865618,24.219822760476987,6.5581316360282065,4.66386218256467,-2.4729005188041757,4.1892522944990835,WEBOTS_UNKNOWN,ekf_on_cluster_on,1,1
1784374599.317905,13.852477073669434,200.0,200.0,0.2,0.06759914508716693,1.943361895254036,1.0073502633168543,0.1434327934304024,0.08833769944123177,1784374599.284255,None,None,None, None, 1784374599.3334594,0.9812220170205136,apf_colreg,crossing_from_starboard,-1.0,3.194959816178562,8.643223277110996,24.18861049479247,6.29201625488672,4.685510353988535,-2.4450688250268593,4.164397427088454,WEBOTS_UNKNOWN,ekf_on_cluster_on,1,1
1784374599.4178386,13.952410697937012,200.0,200.0,0.2,0.07698455871732662,1.9798942283998961,1.0096161015877012,0.1268061530990911,0.10502332106229084,1784374599.4158387,None,None,None, None, 1784374599.400314,0.9882404048303379,apf_colreg,crossing_from_starboard,-1.0,3.2319011039540624,8.695144038747685,24.300147235610833,6.094258285352512,4.691470530647959,-2.44097896334547,4.106147272685561,WEBOTS_UNKNOWN,ekf_on_cluster_on,1,1
1784374599.5179641,14.052536249160767,200.0,200.0,0.2,0.08525570861373286,2.015598567237611,1.0121484981600322,0.12042754100079005,0.11345091520772042,1784374599.4858193,None,None,None, None, 1784374599.4747372,0.9839822568570334,apf_colreg,crossing_from_starboard,-1.0,3.2145259670378574,8.857498880789596,24.39897052505676,5.893797638341685,4.691470530647959,-2.44097896334547,4.106147272685561,WEBOTS_UNKNOWN,ekf_on_cluster_on,1,1
1784374599.6175635,14.152135610580444,200.0,200.0,0.2,0.09535915648168462,2.0508396266036,1.0149221633539045,0.14038398178846923,0.12542432565701458,1784374599.5711098,None,None,None, None, 1784374599.6175635,1.0758238016430264,apf_colreg,crossing_from_starboard,-1.0,3.1898750500317687,9.217729853131054,24.342168632909637,5.646519187760982,4.739883933073609,-2.4054510855820688,4.102339491618202,WEBOTS_UNKNOWN,ekf_on_cluster_on,1,1
1784374599.7172883,14.25186038017273,191.89652318776328,200.0,0.2,0.1200533489907165,1.846429423104577,1.0049731867619387,0.11162775829933043,0.14146221422523542,1784374599.7147827,1.8432680197639475,1.0048005071504396,0.15347946653974365, 1784374599.663289, 1784374599.689129,0.981015526575626,apf_colreg,crossing_from_starboard,-1.0,2.9715675160594315,18.53300520836161,24.185226418967428,5.02661327909037,4.729215213367105,-2.4319191038957437,4.0934743464867545,WEBOTS_UNKNOWN,ekf_on_cluster_on,1,1
1784374599.8175726,14.352144718170166,195.51401129665226,200.0,0.2,0.12788520264990674,1.8613624229050703,1.0066712763688683,0.1668912938578328,0.1521735190665996,1784374599.778964,None,None,None, None, 1784374599.76592,1.097091833349383,apf_colreg,crossing_from_starboard,-1.0,3.1179608509476644,12.966686039276642,24.44579449170214,4.985043990586843,4.536064767515296,-2.4201863707613054,4.063775894123516,WEBOTS_UNKNOWN,ekf_on_cluster_on,1,1
1784374599.9214063,14.455978393554688,199.71020872717253,200.0,0.2,0.1415328424415836,1.8826064089405063,1.0092928768014853,0.18527522164843432,0.16871646071627583,1784374599.8682525,None,None,None, None, 1784374599.9150999,1.0586488592900998,apf_colreg,crossing_from_starboard,-1.0,3.1033879091663605,10.550017166512802,24.719179259713254,4.691605726321445,4.5253322923976,-2.396802391824717,4.056401906562294,WEBOTS_UNKNOWN,ekf_on_cluster_on,1,1
1784374600.0178034,14.552375555038452,200.0,200.0,0.2,0.15225066904224055,1.908462210309992,1.0128843660116655,0.13161145832905127,0.18780589332920636,1784374600.0132964,None,None,None, None, 1784374599.9770503,1.0758105622679925,apf_colreg,crossing_from_starboard,-1.0,3.2028962768924725,9.103522051871721,24.31061150753313,4.318716893486677,4.520728675394279,-2.417915192963379,4.031100715736443,WEBOTS_UNKNOWN,ekf_on_cluster_on,1,1
1784374600.117093,14.651665210723877,200.0,200.0,0.2,0.1583137336140465,1.9375399184021576,1.017202051176699,0.09534439402888321,0.19483704410613759,1784374600.0870411,None,None,None, None, 1784374600.1140833,0.9056661592042664,apf_colreg,crossing_from_starboard,-1.0,3.156426134487447,8.572294612817984,24.407628398273438,4.208026367820072,4.541315050997699,-2.3742496266887443,4.013633776531271,WEBOTS_UNKNOWN,ekf_on_cluster_on,1,1
1784374600.2171566,14.751728773117065,200.0,200.0,0.2,0.17071501115301974,1.9687325612750153,1.0219577577909296,0.1673537543069846,0.2069509976798715,1784374600.1594265,None,None,None, None, 1784374600.1940262,1.0495319881166898,apf_colreg,crossing_from_starboard,-1.0,3.2836625965831723,7.962894391499197,24.750305367684902,4.0034684856265335,4.517018764724773,-2.4306005037430514,3.994008774754223,WEBOTS_UNKNOWN,ekf_on_cluster_on,1,1
1784374600.3280785,14.862650632858276,200.0,200.0,0.2,0.2029246559108902,2.001170498358003,1.0273743277344272,0.3278855251313723,0.23398614697109069,1784374600.3457255,None,None,None, None, 1784374600.3215923,0.9768102751584794,apf_colreg,crossing_from_starboard,-1.0,3.2900139488513767,7.810706426073772,24.272713016453256,2.9892365783124166,4.52520083947872,-2.4202181048388542,3.954827305543839,WEBOTS_UNKNOWN,ekf_on_cluster_on,1,1
1784374600.4166346,14.951206684112549,200.0,200.0,0.2,0.22603146808443278,2.034124080184585,1.0342296951370793,0.18787964549020467,0.2534967103801818,1784374600.4261668,None,None,None, None, 1784374600.3878598,0.9386403964945016,apf_colreg,crossing_from_starboard,-1.0,3.247984537710293,7.872921629003365,24.386983281436354,2.4415708388424475,4.52520083947872,-2.4202181048388542,3.954827305543839,WEBOTS_UNKNOWN,ekf_on_cluster_on,1,1
1784374600.5213437,15.055915832519531,200.0,200.0,0.2,0.2390750290312639,2.0673596114398745,1.0418891749511943,0.11159002638360367,0.26247315008309696,1784374600.5223439,None,None,None, None, 1784374600.4885292,1.083898086967597,apf_colreg,crossing_from_starboard,-1.0,3.1068443255580824,7.479466382895758,24.66797206557253,2.2939002433479154,4.668934616228459,-2.3174623432505843,3.906855836524456,WEBOTS_UNKNOWN,ekf_on_cluster_on,1,1
1784374600.6289907,15.163562774658203,200.0,200.0,0.2,0.25065732846781197,2.1007864342320213,1.0499117629830605,0.1290857191565646,0.2753360990133719,1784374600.6219904,None,None,None, None, 1784374600.5874891,1.0318089816539115,apf_colreg,crossing_from_starboard,-1.0,3.1366929590268136,7.246395850586613,24.776832090004998,1.9950972043971384,4.668934616228459,-2.3174623432505843,3.906855836524456,WEBOTS_UNKNOWN,ekf_on_cluster_on,1,1
1784374600.7182512,15.25282335281372,200.0,200.0,0.2,0.2779415643508506,1.9398647729516854,1.0199994650388278,0.12506468474439933,0.2854950641770287,1784374600.7032201,1.9372970697761418,1.0194934686251005,0.31135414998329214, 1784374600.670089, 1784374600.6749961,0.9672009288104283,apf_colreg,crossing_from_starboard,-1.0,2.7540946874092085,14.220691540909652,24.57302947655504,1.441186352908936,4.668211077587295,-2.278809612757424,3.871577925311026,WEBOTS_UNKNOWN,ekf_on_cluster_on,1,1
1784374600.8182774,15.35284948348999,200.0,200.0,0.2,0.2879628186286099,1.9575163738323451,1.0249257689181268,0.17843148733793684,0.3006592374658554,1784374600.788206,None,None,None, None, 1784374600.824285,1.0460218601100417,apf_colreg,crossing_from_starboard,-1.0,2.917088359024019,10.98647120809246,24.951447829853656,1.3076905684593183,4.525486556437485,-2.2843743618279446,3.8671918074490375,WEBOTS_UNKNOWN,ekf_on_cluster_on,1,1
1784374600.9179194,15.452491521835327,200.0,200.0,0.2,0.29735451557090653,1.980331865291551,1.0315803312830207,0.1339376440885634,0.3127324864725358,1784374600.878347,None,None,None, None, 1784374600.8938656,1.040921233268006,apf_colreg,crossing_from_starboard,-1.0,3.0352015119593103,9.24838303372529,24.2670535473907,0.892898791287982,4.510729175483452,-2.30953188949402,3.8371448783892586,WEBOTS_UNKNOWN,ekf_on_cluster_on,1,1
1784374601.0173059,15.551877975463867,200.0,200.0,0.2,0.3083617407325589,2.0069346664444154,1.0395843784554828,0.14828247472813272,0.3238996384338146,1784374601.0243523,None,None,None, None, 1784374600.978731,1.0724910998935422,apf_colreg,crossing_from_starboard,-1.0,3.088985076735637,7.945888846489648,24.359048574514112,0.6962849929549213,4.510117819411764,-2.2867285239019144,3.804769432127396,WEBOTS_UNKNOWN,ekf_on_cluster_on,1,1
1784374601.119144,15.653716087341309,200.0,200.0,0.2,0.32633722193417447,2.0360473000206545,1.048696992992307,0.20551834819787124,0.3532719813061425,1784374601.0965753,None,None,None, None, 1784374601.0594642,1.0421845063308872,apf_colreg,crossing_from_starboard,-1.0,3.118710500700357,7.076301496870511,24.48401215265928,0.32311485441071675,4.511674706452161,-2.286452070599705,3.8092770609317315,WEBOTS_UNKNOWN,ekf_on_cluster_on,1,1
1784374601.2178342,15.752406358718872,200.0,200.0,0.2,0.3396621783395427,2.066606163698763,1.0589492827065667,0.14080329418363777,0.364725200311373,1784374601.1779172,None,None,None, None, 1784374601.206828,0.9381827097753813,apf_colreg,crossing_from_starboard,-1.0,3.1217138652818606,6.508472784565324,24.748680721200536,0.0549736100021585,4.543800560790863,-2.24997546802835,3.7803312084987466,WEBOTS_UNKNOWN,ekf_on_cluster_on,1,1
1784374601.318065,15.85263705253601,200.0,200.0,0.2,0.3489548233997071,2.098035137517824,1.0699135576180172,0.11401926863220715,0.37296044297826353,1784374601.250144,None,None,None, None, 1784374601.3135533,0.9797079244048285,apf_colreg,crossing_from_starboard,-1.0,3.1217567535949406,6.234801804750693,24.90962170159804,-0.16397450292759075,4.556802104648558,-2.2563910232558224,3.7518281478124624,WEBOTS_UNKNOWN,ekf_on_cluster_on,1,1
1784374601.4177916,15.952363729476929,200.0,200.0,0.2,0.36069722423713835,2.1299723201495513,1.0813238941045995,0.14891184049081052,0.3905449324164478,1784374601.3682306,None,None,None, None, 1784374601.3887446,0.9452404264810861,apf_colreg,crossing_from_starboard,-1.0,3.1064127130013395,6.138839536761825,24.72759546914921,-0.4558396738400594,4.547948642399477,-2.2168266418386775,3.7524978832891662,WEBOTS_UNKNOWN,ekf_on_cluster_on,1,1
1784374601.5189295,16.05350160598755,200.0,200.0,0.2,0.37047297241041144,2.1621079908035448,1.0932488870289032,0.1275002930207641,0.4070321944094406,1784374601.4975421,None,None,None, None, 1784374601.4709535,1.0338883152473903,apf_colreg,crossing_from_starboard,-1.0,3.1325151133399944,5.927962005941075,24.84412730476687,-0.7419660737050142,4.547948642399477,-2.2168266418386775,3.7524978832891662,WEBOTS_UNKNOWN,ekf_on_cluster_on,1,1
1784374601.617767,16.152339220046997,-200.0,-200.0,0.2,0.38217658929775766,2.1943300086586026,1.1055424174116144,0.1490061926174454,0.41753349200564405,1784374601.5680177,None,None,None, None, 1784374601.617767,1.0244190037075132,apf_colreg,crossing_from_starboard,-1.0,3.069160635032826,6.299410617908366,24.442122323752084,-1.7241145971279188,4.556580793987577,-2.20420641233733,3.7047380816255004,WEBOTS_UNKNOWN,ekf_on_cluster_on,1,1
1784374601.7174659,16.25203800201416,-200.0,-200.0,0.2,0.4198189119817196,2.0288478927350284,1.0487210815313783,0.029563305353688046,0.4216105641719834,1784374601.7059276,2.026240214270527,1.0477954744089044,0.467227827974809, 1784374601.670166, 1784374601.693405,0.9528663620248461,apf_colreg,crossing_from_starboard,-1.0,2.487135882488678,13.924232189732422,24.680224448184276,-1.7025432528133702,4.556580793987577,-2.20420641233733,3.7047380816255004,WEBOTS_UNKNOWN,ekf_on_cluster_on,1,1
1784374601.8182015,16.352773666381836,-200.0,-200.0,0.2,0.4333498854038535,2.0444760563543616,1.0559904957395363,-0.03692829694697005,0.41924219150504316,1784374601.770062,None,None,None, None, 1784374601.8280594,1.0864351324386603,apf_colreg,crossing_from_starboard,-1.0,2.6376796680074053,11.398450717333853,25.427534379562548,-2.1716669732875804,4.531349615960936,-2.132741680835107,3.681963736439135,WEBOTS_UNKNOWN,ekf_on_cluster_on,1,1
1784374601.91763,16.452202081680298,-200.0,-200.0,0.2,0.43604072178899805,2.065124229944246,1.0659254689219089,-0.12161527798843538,0.4023910847070078,1784374601.9086227,None,None,None, None, 1784374601.902618,1.040390008544819,apf_colreg,crossing_from_starboard,-1.0,2.7033381690743177,9.982204689423028,26.086290959361072,-2.6449841705560635,4.594219013108685,-2.097825348151219,3.669845081558334,WEBOTS_UNKNOWN,ekf_on_cluster_on,1,1
1784374602.01945,16.554022073745728,-200.0,-200.0,0.2,0.4373247683791821,2.0896290808914433,1.0776863103832086,-0.08846809491821578,0.395951352618089,1784374601.9814143,None,None,None, None, 1784374601.9829283,0.9577738297048856,apf_colreg,crossing_from_starboard,-1.0,2.6828782916511082,9.377003166779968,26.191244504729784,-2.7609969305490756,4.662467539824042,-1.9857925115429425,3.663114218068634,WEBOTS_UNKNOWN,ekf_on_cluster_on,1,1
1784374602.1270351,16.661607265472412,-200.0,-200.0,0.2,0.43098935504876634,2.116774270712343,1.0907364762179683,-0.14713501122944217,0.38464417652890626,1784374602.145543,None,None,None, None, 1784374602.1330307,1.0305866706911584,apf_colreg,crossing_from_starboard,-1.0,2.610340939884751,9.328559128493566,26.45851698478608,-2.865224593811316,4.725158679866565,-1.9383716344875663,3.645213172018809,WEBOTS_UNKNOWN,ekf_on_cluster_on,1,1
1784374602.2177684,16.75234055519104,-200.0,-200.0,0.2,0.4206818959314532,2.145751721506806,1.1043462434533864,-0.15717021421399774,0.37092639220067636,1784374602.222786,None,None,None, None, 1784374602.2147644,0.926280639823447,apf_colreg,crossing_from_starboard,-1.0,2.4917929520125934,9.692892042041041,26.25662695631685,-3.408826179878174,4.776299507280496,-1.8996186750453359,3.618703164531043,WEBOTS_UNKNOWN,ekf_on_cluster_on,1,1
1784374602.3191276,16.853699684143066,-200.0,-200.0,0.2,0.41110159708638044,2.1759504182308347,1.1180839654637418,-0.13410659514295573,0.3516998610437721,1784374602.2889106,None,None,None, None, 1784374602.2799149,1.0099901739455897,apf_colreg,crossing_from_starboard,-1.0,2.318359019390203,10.463685223187447,26.007989770763988,-2.9460483658932266,4.816804762664491,-1.8231329262664393,3.6145478933220763,WEBOTS_UNKNOWN,ekf_on_cluster_on,1,1
1784374602.4172008,16.951772928237915,-200.0,-200.0,0.2,0.40143317386373795,2.2069094618655933,1.1318092166162388,-0.1334882682689168,0.3382483123505911,1784374602.3896801,None,None,None, None, 1784374602.4162009,1.092080666670512,apf_colreg,crossing_from_starboard,-1.0,2.1059715487488835,11.568516433157406,25.881500276254442,-2.6863338098883562,4.851219041657797,-1.8034243331655488,3.5788275874254705,WEBOTS_UNKNOWN,ekf_on_cluster_on,1,1
1784374602.5172973,17.05186939239502,-200.0,-200.0,0.2,0.3956144433111705,2.2383662246485807,1.1453926506971488,-0.09889731022227821,0.32855087714759496,1784374602.4877357,None,None,None, None, 1784374602.5032918,0.9082157858731535,apf_colreg,crossing_from_starboard,-1.0,2.132360911826237,11.31757291050654,26.055646794692844,-2.886415117224944,4.851219041657797,-1.8034243331655488,3.5788275874254705,WEBOTS_UNKNOWN,ekf_on_cluster_on,1,1
1784374602.617536,17.152108192443848,-200.0,-200.0,0.2,0.3843756443054902,2.2700941603307268,1.1589271523732578,-0.15713174769418636,0.3091783939449837,1784374602.611024,None,None,None, None, 1784374602.569925,1.0645373665057365,apf_colreg,crossing_from_starboard,-1.0,2.745480074024278,12.326783660315254,26.782267907909816,-4.173117143038752,4.955397935665322,-1.6988324929857328,3.5663370952901547,WEBOTS_UNKNOWN,ekf_on_cluster_on,1,1
1784374602.7201,17.254672050476074,-200.0,-200.0,0.2,0.36256186050093786,2.1151801748764423,1.0864391433556893,-0.09562266526680904,0.30211584736760677,1784374602.6848824,2.1127113501567107,1.0853077920079157,0.33152650159769254, 1784374602.67986, 1784374602.7190957,0.9297733736960497,apf_colreg,crossing_from_starboard,-1.0,3.6422717825047766,4.048553574364262,27.226063463519914,-1.3614150331399377,4.996180438812152,-1.6332246325547317,3.5530825621967943,WEBOTS_UNKNOWN,ekf_on_cluster_on,1,1
1784374602.8178208,17.35239291191101,-200.0,-200.0,0.2,0.35716198354337064,2.1316529420693993,1.0928300656804508,-0.14864337280540807,0.2831745823893633,1784374602.81231,None,None,None, None, 1784374602.7927728,1.023872995869904,apf_colreg,crossing_from_starboard,-1.0,3.481987152257547,5.577097704599505,27.294613655245627,-1.3037379338478288,4.806284947691884,-1.7363611258074647,3.514267719902833,WEBOTS_UNKNOWN,ekf_on_cluster_on,1,1
1784374602.9171605,17.451732635498047,-200.0,-200.0,0.2,0.3512086860845657,2.153397867552947,1.101101099592025,-0.12085542141496065,0.2732269196991544,1784374602.8946204,None,None,None, None, 1784374602.8836133,1.0298621265193915,apf_colreg,crossing_from_starboard,-1.0,3.298743287993327,6.57728225188011,27.138989254409076,-2.0718549774815833,4.847915315135372,-1.6575602828596174,3.5165483251517315,WEBOTS_UNKNOWN,ekf_on_cluster_on,1,1
1784374603.0172427,17.551814794540405,-200.0,-200.0,0.2,0.341700885489364,2.179093511047671,1.110713677613047,-0.14887598235486002,0.2619793984091756,1784374602.97017,None,None,None, None, 1784374603.0434148,0.9105879629952272,apf_colreg,crossing_from_starboard,-1.0,3.183505156400231,7.1344116830555455,27.30019680380707,-3.153782299386706,4.896599167811587,-1.6093174558869312,3.5038682044598324,WEBOTS_UNKNOWN,ekf_on_cluster_on,1,1
1784374603.1170316,17.65160369873047,-200.0,-200.0,0.2,0.333670112956891,2.2075701709333178,1.121030342477268,-0.121869553663641,0.2506748843471581,1784374603.1271954,None,None,None, None, 1784374603.1039839,1.0943209635254747,apf_colreg,crossing_from_starboard,-1.0,3.1269980474145376,7.4886838689033794,27.298034233205563,-3.08371817444441,4.924995494571446,-1.5958635316022296,3.4735401674589172,WEBOTS_UNKNOWN,ekf_on_cluster_on,1,1
1784374603.2176948,17.752266883850098,-200.0,-200.0,0.2,0.3166704293211333,2.2378449504834315,1.1317452411424807,-0.2045080946238074,0.22301436568954355,1784374603.198183,None,None,None, None, 1784374603.1785116,0.9068114670682458,apf_colreg,crossing_from_starboard,-1.0,3.1121148890903165,7.2491769503455235,27.360031372364908,-2.7061076622826765,4.978325186469346,-1.520261040308817,3.455052961585254,WEBOTS_UNKNOWN,ekf_on_cluster_on,1,1
1784374603.3178093,17.852381467819214,-200.0,-200.0,0.2,0.3047696766681686,2.2693823810999243,1.1422015186702845,-0.13311337275001642,0.2120778032492021,1784374603.2803428,None,None,None, None, 1784374603.325822,0.9289090326791555,apf_colreg,crossing_from_starboard,-1.0,3.0448188345272866,7.59113158964062,27.33175657897009,-2.5680741023714115,4.994219409299262,-1.5322193874779146,3.4418659456278933,WEBOTS_UNKNOWN,ekf_on_cluster_on,1,1
1784374603.4201632,17.954735279083252,-200.0,-200.0,0.2,0.29380113392645296,2.301655769891311,1.1525227991786076,-0.1339093963698241,0.20236726614124068,1784374603.4261656,None,None,None, None, 1784374603.400597,1.0611175434371223,apf_colreg,crossing_from_starboard,-1.0,3.090535623681256,7.434661042890437,27.376663329735074,-2.338754885671899,5.02529276950468,-1.4803469164841607,3.4344027928950958,WEBOTS_UNKNOWN,ekf_on_cluster_on,1,1
1784374603.5169592,18.051531314849854,-200.0,-200.0,0.2,0.2606561449436604,2.3343989397947675,1.1626231748626075,-0.3342920688758852,0.14970278618574473,1784374603.5103989,None,None,None, None, 1784374603.4828284,1.0703015341905784,apf_colreg,crossing_from_starboard,-1.0,3.069758845737081,7.3197835596907055,27.44015482100863,-1.4500255364000751,5.02529276950468,-1.4803469164841607,3.4344027928950958,WEBOTS_UNKNOWN,ekf_on_cluster_on,1,1
1784374603.6176326,18.152204751968384,-200.0,-200.0,0.2,0.2426590429189106,2.3677092436152996,1.1714236953446076,-0.14070040778219678,0.14163302519643803,1784374603.567753,None,None,None, None, 1784374603.6141357,1.0368649892824577,apf_colreg,crossing_from_starboard,-1.0,3.045041754453885,7.641309843794707,27.44100842350774,-0.9064801457336855,4.994649801130248,-1.517496011012504,3.407780651148047,WEBOTS_UNKNOWN,ekf_on_cluster_on,1,1
1784374603.7170231,18.25159525871277,-200.0,-200.0,0.2,0.2077169962751557,2.2053776116478905,1.1161774870692582,-0.14856146455207284,0.11997965364016994,1784374603.7135067,2.20279065908277,1.1153375493521778,0.1707052344149185, 1784374603.682976, 1784374603.6934843,1.0997731006893443,apf_colreg,crossing_from_starboard,-1.0,3.5673252932279507,1.0986153639417953,27.636909243437234,0.13755131693736022,5.02509348378795,-1.4672005143282913,3.4009674938491763,WEBOTS_UNKNOWN,ekf_on_cluster_on,1,1
1784374603.817738,18.352310180664062,-200.0,-200.0,0.2,0.199829802750931,2.2225951019253447,1.1198583241362372,-0.12078039104044501,0.11041606043633342,1784374603.7926884,None,None,None, None, 1784374603.7896972,1.092828976757513,apf_colreg,crossing_from_starboard,-1.0,3.5475203011322094,2.3522883198971654,27.621790293708028,0.14825480308758765,4.793303294750965,-1.5825238894039673,3.383344094988263,WEBOTS_UNKNOWN,ekf_on_cluster_on,1,1
1784374603.9189687,18.453540802001953,-200.0,-200.0,0.2,0.19018611657787238,2.2453211899553307,1.1245785669094448,-0.14421634455176935,0.09894388689819746,1784374603.8722367,None,None,None, None, 1784374603.8619447,1.0555750807506328,apf_colreg,crossing_from_starboard,-1.0,3.509098074797913,3.284453118080649,27.597468821095365,0.25925099473531754,4.834217667046388,-1.5115506246931847,3.3500690298420572,WEBOTS_UNKNOWN,ekf_on_cluster_on,1,1
1784374604.0201662,18.55473828315735,-200.0,-200.0,0.2,0.18262726058447945,2.2721910458104304,1.129893732817298,-0.1159329213916079,0.08179399591758221,1784374604.0201662,None,None,None, None, 1784374604.026166,0.9844028825825121,apf_colreg,crossing_from_starboard,-1.0,3.40719826305893,4.368371693535063,27.563762879396947,1.0412540801433727,4.863945386784237,-1.5034291887429576,3.34918959301673,WEBOTS_UNKNOWN,ekf_on_cluster_on,1,1
1784374604.1175108,18.652082920074463,-200.0,-200.0,0.2,0.17379790052431085,2.3019067968744755,1.1355763501968155,-0.13286198050439163,0.07238314592004991,1784374604.090998,None,None,None, None, 1784374604.1019967,1.0827024949646822,apf_colreg,overtaking,-1.0,3.3801451534537086,4.489345096123338,27.56700533652409,1.013515635265152,4.9065537061784115,-1.4235416520169792,3.335868530053008,WEBOTS_UNKNOWN,ekf_on_cluster_on,1,1
1784374604.2191553,18.753727436065674,-200.0,-200.0,0.2,0.16697485749479563,2.333477153291742,1.1413239792831176,-0.111421929609188,0.06217677088818792,1784374604.182599,None,None,None, None, 1784374604.1931095,1.072972040356123,apf_colreg,overtaking,-1.0,3.377246261481216,4.370863694809722,27.556838789307044,1.0327648325884042,4.948907458637606,-1.4247365242153547,3.299653273667521,WEBOTS_UNKNOWN,ekf_on_cluster_on,1,1
1784374604.3174047,18.85197687149048,-200.0,-200.0,0.2,0.16173761287104285,2.366188223469606,1.1470776009317172,-0.10236603164339018,0.050681073813138126,1784374604.294899,None,None,None, None, 1784374604.306902,1.0080604697289772,apf_colreg,overtaking,-1.0,3.3183544749325637,4.668851323816686,27.545372823814844,1.0070859335336368,4.948907458637606,-1.4247365242153547,3.299653273667521,WEBOTS_UNKNOWN,ekf_on_cluster_on,1,1
1784374604.4171696,18.951741695404053,-200.0,-200.0,0.2,0.1527725328372244,2.3995831626365725,1.1527995203767132,-0.14083438874208687,0.03508360374590816,1784374604.4056494,None,None,None, None, 1784374604.401643,0.9292138609955244,apf_colreg,overtaking,-1.0,3.4572786086690086,3.4381061242306767,27.52507912046307,1.2149535878995332,5.047669048933817,-1.2881875807481522,3.2779089838539432,WEBOTS_UNKNOWN,ekf_on_cluster_on,1,1
1784374604.5191176,19.05368971824646,-200.0,-200.0,0.2,0.12835778404531864,2.4334159625678864,1.1582457692863097,-0.26808105402394067,0.014065885077681785,1784374604.48405,None,None,None, None, 1784374604.476053,1.0543352885823252,apf_colreg,overtaking,-1.0,3.4159793376250347,3.5340609566817984,27.48379803785728,1.742075039767606,5.047669048933817,-1.2881875807481522,3.2779089838539432,WEBOTS_UNKNOWN,ekf_on_cluster_on,1,1
1784374604.619688,19.15426015853882,-200.0,-200.0,0.2,0.11549001368122819,2.4676006263430206,1.1626954646667862,-0.12174578561232516,0.004627642248906463,1784374604.5615742,None,None,None, None, 1784374604.5585752,0.9955687033604809,apf_colreg,overtaking,-1.0,3.527820742026878,2.5508192347698717,27.45426919438877,2.0207168859358333,5.083330890910973,-1.2523883323985128,3.2318403583379043,WEBOTS_UNKNOWN,ekf_on_cluster_on,1,1
1784374604.7184215,19.2529935836792,-200.0,-40.47217543057204,0.2,0.06716510778388401,2.297398352791906,1.131853782448354,-0.20573624645153044,6.2613221827289145,1784374604.690335,2.294696820776079,1.131392012780148,0.012563972892090547, 1784374604.687319, 1784374604.690335,1.0047935163270014,apf_colreg,overtaking,-1.0,3.873453506483444,0.0,21.7682455508284,4.922156740758302,5.121382726331246,-1.2443745520834806,3.221903399998637,WEBOTS_UNKNOWN,ekf_on_cluster_on,1,1
1784374604.8172138,19.351785898208618,-200.0,-47.29770803789808,0.2,0.05332793912508431,2.321378010116989,1.1334549944593881,-0.1456233317176402,6.248680292518993,1784374604.7771473,None,None,None, None, 1784374604.7756197,0.9983438047610953,apf_colreg,overtaking,-1.0,3.7982510276963617,0.0,27.312211695349152,3.6988586821794387,4.842562832435405,-1.3243550667419763,3.203303331430493,WEBOTS_UNKNOWN,ekf_on_cluster_on,1,1
1784374604.9173033,19.45187544822693,-200.0,-64.42419676589267,0.2,0.04156856340512479,2.355692781010779,1.135280031001514,-0.1146071055750272,6.232791089805269,1784374604.915788,None,None,None, None, 1784374604.9087765,0.9458828981266992,apf_colreg,overtaking,-1.0,3.579162171806563,2.4273486221382488,27.221630224707283,4.512241974982556,4.864333666828447,-1.3257378835736746,3.1758045292302137,WEBOTS_UNKNOWN,ekf_on_cluster_on,1,1
1784374605.0181813,19.552753448486328,-200.0,-89.04978510870023,0.2,0.03231893975188521,2.396074971914542,1.1370164908780165,-0.09929033139602673,6.226556445084848,1784374604.97858,None,None,None, None, 1784374604.979569,1.0647398687455283,apf_colreg,overtaking,-1.0,3.358182425540564,4.0501152764242185,27.220692660934468,4.399071042575956,4.904881638895992,-1.2889740838547925,3.154505362623547,WEBOTS_UNKNOWN,ekf_on_cluster_on,1,1
1784374605.1192138,19.653785943984985,-200.0,-114.85680864660542,0.2,0.021093395416710976,2.4388716874630414,1.138536443970903,-0.12878215525113298,6.216038063663079,1784374605.0602558,None,None,None, None, 1784374605.1447396,0.9262823598236989,apf_colreg,overtaking,-1.0,3.1618253349598264,4.8603534867455895,26.911166850455196,5.691724174310786,4.955720382079132,-1.2883432578052905,3.1392905135419666,WEBOTS_UNKNOWN,ekf_on_cluster_on,1,1
1784374605.2174442,19.752016305923462,-200.0,-133.82722640965537,0.2,-0.0022464674377233006,2.481853534734483,1.139584860919614,-0.23596891146593738,6.194212858922273,1784374605.2249777,None,None,None, None, 1784374605.210435,0.9754756523124253,apf_colreg,overtaking,-1.0,3.0260384285341555,5.237196777925856,26.96162110474651,5.797470252497439,4.961480434920282,-1.259635749330321,3.119019118373319,WEBOTS_UNKNOWN,ekf_on_cluster_on,1,1
1784374605.3169765,19.851548671722412,-200.0,-158.44880366383086,0.2,6.267806931692146,2.5241135205917424,1.1394604592044466,-0.11149019816161235,6.17852601719738,1784374605.2934492,None,None,None, None, 1784374605.2743387,1.0554301884684685,apf_colreg,overtaking,-1.0,2.8898176186141424,5.548864526295301,26.943452130223807,5.903811256249567,4.961480434920282,-1.259635749330321,3.119019118373319,WEBOTS_UNKNOWN,ekf_on_cluster_on,1,1
1784374605.4226313,19.95720338821411,-200.0,-200.0,0.2,6.253505379399535,2.564905664152267,1.1389404067615514,-0.14700710108038142,6.1669375169680904,1784374605.4576602,None,None,None, None, 1784374605.4466543,0.9481707062904784,apf_colreg,crossing_from_starboard,-1.0,2.7908671703154204,5.761033840384378,26.870437717247054,6.223171860825534,5.031079176531239,-1.239979465025883,3.0705859299763034,WEBOTS_UNKNOWN,ekf_on_cluster_on,1,1
1784374605.5190048,20.053576946258545,-200.0,-200.0,0.2,6.243722076457682,2.602844606524795,1.1379562630470952,-0.1151468712435674,6.157106103474395,1784374605.5290132,None,None,None, None, 1784374605.5220053,1.0479958001026304,apf_colreg,crossing_from_starboard,-1.0,2.7416459574126035,5.843752583780013,26.808957776016243,6.4849183897036475,5.031079176531239,-1.239979465025883,3.0705859299763034,WEBOTS_UNKNOWN,ekf_on_cluster_on,1,1
1784374605.617101,20.151673078536987,-200.0,-200.0,0.2,6.223455279980016,2.6393306913385746,1.1367213723021687,-0.2217588676599109,6.127879620629919,1784374605.5894542,None,None,None, None, 1784374605.5833142,0.9454189311707474,apf_colreg,crossing_from_starboard,-1.0,2.666957026257612,6.150833604734869,26.665646590247206,7.023454077049709,5.069145544870516,-1.1978308918588612,3.056515065686202,WEBOTS_UNKNOWN,ekf_on_cluster_on,1,1
1784374605.717318,20.251890182495117,-200.0,-200.0,0.2,6.18302962804977,2.4114951011792827,1.1320231989418794,-0.20522427779611482,6.108524616130463,1784374605.6837656,2.4080151145051114,1.1319882176718292,6.1462174524640485, 1784374605.696776, 1784374605.678251,1.0859658126686722,apf_colreg,crossing_from_starboard,-1.0,3.3576555494322053,0.0,26.102674696867293,8.832854947885833,5.087434601776706,-1.1538815717021136,3.033089921964123,WEBOTS_UNKNOWN,ekf_on_cluster_on,1,1
1784374605.8171952,20.35176730155945,-200.0,-200.0,0.2,6.173127635777624,2.4241154819228394,1.1307692517023984,-0.12172076082315343,6.098073118517421,1784374605.7696302,None,None,None, None, 1784374605.7696302,0.9181041361749934,apf_colreg,crossing_from_starboard,-1.0,3.2325655550427026,1.5922167500768816,26.271004975714767,8.463288637307285,4.775271192971952,-1.2301985993281876,3.009185790904043,WEBOTS_UNKNOWN,ekf_on_cluster_on,1,1
1784374605.917237,20.45180916786194,-200.0,-200.0,0.2,6.154467941601754,2.443228008025172,1.1287340953200893,-0.2238667474767104,6.080233769102266,1784374605.9223123,None,None,None, None, 1784374605.9121869,1.0407033461583584,apf_colreg,crossing_from_starboard,-1.0,2.931689178587518,4.768448400223544,25.953197190441003,9.382573622375455,4.799736497117,-1.199465700670331,2.9963308825292088,WEBOTS_UNKNOWN,ekf_on_cluster_on,1,1
1784374606.0172439,20.5518159866333,-200.0,-200.0,0.2,6.14099709473598,2.467487759973187,1.1256274700967754,-0.1385051510224246,6.059444212982077,1784374605.999417,None,None,None, None, 1784374605.9872239,1.0367490262819432,apf_colreg,crossing_from_starboard,-1.0,2.56478461193011,6.877353666920273,25.837293926290833,9.351296443350101,4.80325056190058,-1.1752704465501553,2.970104084061244,WEBOTS_UNKNOWN,ekf_on_cluster_on,1,1
1784374606.1173296,20.651901721954346,-200.0,-200.0,0.2,6.1280768227121305,2.4954846308506284,1.1217169976866952,-0.1461472769411834,6.047042142427726,1784374606.0842772,None,None,None, None, 1784374606.11034,1.0868904193609474,apf_colreg,crossing_from_starboard,-1.0,2.1151728240893015,8.576918429419395,25.07322973570453,10.019553424881234,4.82441168105991,-1.1769065429761802,2.9567303622141097,WEBOTS_UNKNOWN,ekf_on_cluster_on,1,1
1784374606.2169213,20.751493453979492,-200.0,-200.0,0.2,6.094586295816676,2.525960573609102,1.1170825832887359,-0.3343715737774072,6.023585053811495,1784374606.2219887,None,None,None, None, 1784374606.1827924,1.0125778914377033,apf_colreg,crossing_from_starboard,-1.0,1.7520819866229977,9.27579296140564,24.499993787816884,10.643307043124464,4.85557962473513,-1.1647331584903138,2.941678802202822,WEBOTS_UNKNOWN,ekf_on_cluster_on,1,1
1784374606.3176394,20.852211475372314,-200.0,-200.0,0.2,6.0769068877219485,2.557784059564402,1.1109091909781377,-0.13392549508318616,6.003586132575587,1784374606.3037586,None,None,None, None, 1784374606.2666676,1.0531055651706867,apf_colreg,crossing_from_starboard,-1.0,1.393358475947762,9.809041126841768,23.66619968122541,11.947560561955479,4.828705446681988,-1.1699950665562564,2.909514025371189,WEBOTS_UNKNOWN,ekf_on_cluster_on,1,1
1784374606.418387,20.952959060668945,-200.0,-200.0,0.2,6.063659543727247,2.590471080787355,1.104112584222758,-0.1271660929697922,5.99463979438714,1784374606.3741102,None,None,None, None, 1784374606.4141746,0.9591641889829431,apf_colreg,crossing_from_starboard,-1.0,1.158983833140134,9.862003595344397,23.64664203645944,12.06279917348311,4.855514960736689,-1.151466731727051,2.892809467581486,WEBOTS_UNKNOWN,ekf_on_cluster_on,1,1
1784374606.5172808,21.05185294151306,-200.0,-200.0,0.2,6.0510571353949985,2.623646068369423,1.0968436043137944,-0.14065471221890943,5.984010636942924,1784374606.5228007,None,None,None, None, 1784374606.486238,0.9692595713845079,apf_colreg,crossing_from_starboard,-1.0,0.9739147191608354,9.851480069875217,23.49482023818437,12.790634004695253,4.88926249819164,-1.1312382280873328,2.88047961672099,WEBOTS_UNKNOWN,ekf_on_cluster_on,1,1
1784374606.617672,21.152244091033936,-200.0,-200.0,0.2,6.017000079294257,2.657059656956667,1.089108486081392,-0.33581022752645984,5.9390463124516835,1784374606.5835774,None,None,None, None, 1784374606.5664518,0.939053463011362,apf_colreg,crossing_from_starboard,-1.0,0.7721492027182525,10.0596355935732,22.48531140849245,14.61244710349688,4.924944114037977,-1.0905892829551969,2.8610927437618945,WEBOTS_UNKNOWN,ekf_on_cluster_on,1,1
1784374606.7190113,21.253583431243896,-200.0,-200.0,0.2,5.9942769678872585,2.505267586576779,1.1184901112279708,-0.14412036241737952,5.928743415516146,1784374606.730541,2.502824235652712,1.1189990844757403,5.986743411489273, 1784374606.70394, 1784374606.7119896,0.9142314215539336,apf_colreg,crossing_from_starboard,-1.0,1.7057948179414097,12.112857331501745,21.95258208827879,14.417429124368352,4.8910187743350155,-1.1512689919522887,2.8379521293033334,WEBOTS_UNKNOWN,ekf_on_cluster_on,1,1
1784374606.8178651,21.352437257766724,-200.0,-200.0,0.2,5.977814645086276,2.5236311502804476,1.1130506194276553,-0.1912597249009478,5.899811938422555,1784374606.8063335,None,None,None, None, 1784374606.8063335,0.9624525499569138,apf_colreg,crossing_from_starboard,-1.0,1.2934310647021903,11.845823521217358,22.11831055095977,14.867989239395465,4.711754771125837,-1.1128215836597442,2.8184223771825607,WEBOTS_UNKNOWN,ekf_on_cluster_on,1,1
1784374606.9175217,21.452093839645386,-200.0,-200.0,0.2,5.958770294328332,2.546897637738387,1.105743418626636,-0.1990764681431926,5.886587412747641,1784374606.872763,None,None,None, None, 1784374606.872763,0.90550192660652,apf_colreg,crossing_from_starboard,-1.0,0.8471411749397579,11.575654631646824,20.58708195657961,16.90079474028501,4.722140480449407,-1.1030344153993787,2.7988732311256004,WEBOTS_UNKNOWN,ekf_on_cluster_on,1,1
1784374607.018337,21.55290913581848,-200.0,-200.0,0.2,5.943689923934022,2.5736309389642624,1.0967770149419565,-0.14879362044232836,5.865443541234652,1784374607.014865,None,None,None, None, 1784374607.0203514,0.9550226369720638,apf_colreg,crossing_from_starboard,-1.0,1.018444085793386,10.399198205089982,21.658640272807517,17.59200986109581,4.730460939201686,-1.1073120660747346,2.784114554764698,WEBOTS_UNKNOWN,ekf_on_cluster_on,1,1
1784374607.11765,21.652222156524658,-200.0,-200.0,0.2,5.928572184935432,2.6026642519226186,1.0866114530582953,-0.16034705928152335,5.85523131311486,1784374607.0785532,None,None,None, None, 1784374607.09007,1.0877839220942571,apf_colreg,crossing_from_starboard,-1.0,1.025584596544574,9.806943119617264,22.071108168740107,17.46293326404155,4.753594537963655,-1.0892826828100242,2.7685897500220644,WEBOTS_UNKNOWN,ekf_on_cluster_on,1,1
1784374607.2181146,21.752686738967896,-200.0,-200.0,0.2,5.915484772609002,2.6330689814276953,1.075465632868867,-0.14344365521590477,5.8365852973029595,1784374607.2085416,None,None,None, None, 1784374607.1586778,0.9199226838915653,apf_colreg,crossing_from_starboard,-1.0,0.8878604262394164,9.68015357456457,18.600057683947337,18.557247891322312,4.78692958199968,-1.0443076913242844,2.7468149516016203,WEBOTS_UNKNOWN,ekf_on_cluster_on,1,1
1784374607.3180034,21.852575540542603,-200.0,-200.0,0.2,5.9025009464611,2.6642581829256677,1.0636017111193183,-0.14854590611701216,5.825050520185953,1784374607.286193,None,None,None, None, 1784374607.3164515,0.946152182284112,apf_colreg,crossing_from_starboard,-1.0,0.1505320183704803,9.44299657281202,18.859408038792456,18.917104571183653,4.809836638938043,-1.0789300348233986,2.729207520841412,WEBOTS_UNKNOWN,ekf_on_cluster_on,1,1
1784374607.4173894,21.951961517333984,-200.0,-200.0,0.2,5.8922162905504,2.6958364569742104,1.0511294960565651,-0.12607376055647176,5.813577016359218,1784374607.3771992,None,None,None, None, 1784374607.388188,1.0769132983587002,apf_colreg,crossing_from_starboard,-1.0,0.030990523564517824,9.144609057444667,19.60638106128545,19.131207367875998,4.843659003090633,-1.0659286544753843,2.7126987619525424,WEBOTS_UNKNOWN,ekf_on_cluster_on,1,1
1784374607.5167654,22.051337480545044,-200.0,-200.0,0.2,5.881142712496579,2.727616145040767,1.038238209378291,-0.14080620115551817,5.803463237814907,1784374607.540805,None,None,None, None, 1784374607.555985,0.914747525001945,apf_colreg,crossing_from_starboard,-1.0,0.04776057248299429,8.954040838496315,19.206163736160782,18.495194499145672,4.879559880828249,-1.033783132865116,2.6901768157462826,WEBOTS_UNKNOWN,ekf_on_cluster_on,1,1
1784374607.6308618,22.165433883666992,-200.0,-147.03184830742563,0.2,5.862628539683136,2.7594328133482264,1.0249188928330408,-0.20593221806323295,5.766739995049022,1784374607.6273537,None,None,None, None, 1784374607.6478934,0.9525578829517547,apf_colreg,crossing_from_starboard,-1.0,0.09420262550481057,8.8390612786406,19.696592276936357,17.81521755606858,4.879559880828249,-1.033783132865116,2.6901768157462826,WEBOTS_UNKNOWN,ekf_on_cluster_on,1,1
1784374607.7222676,22.256839752197266,-200.0,-126.50141742907259,0.2,5.841997016644543,2.5941748621766836,1.0912329985472353,-0.14250390967499518,5.753499439850443,1784374607.7202673,2.5915426446257115,1.0923088583567095,5.830167208021067, 1784374607.705201, 1784374607.7407923,1.0777424465126721,apf_colreg,crossing_from_starboard,-1.0,0.504596998047409,14.34864554775127,19.107766734076595,18.138975356025526,4.7056253433950275,-0.9491788581772641,2.6515401373062497,WEBOTS_UNKNOWN,ekf_on_cluster_on,1,1
1784374607.8435235,22.378095626831055,-200.0,-122.156109505363,0.2,5.833438654422565,2.6145487049862126,1.0816672738501403,-0.12017659327213061,5.742346032292654,1784374607.8130758,None,None,None, None, 1784374607.823489,0.9126003584825726,apf_colreg,crossing_from_starboard,-1.0,0.10883813608754463,11.403950486587672,16.191719169055055,17.894095657401532,4.7056253433950275,-0.9491788581772641,2.6515401373062497,WEBOTS_UNKNOWN,ekf_on_cluster_on,1,1
1784374607.918047,22.452619075775146,-200.0,-107.53840616673824,0.2,5.808882449573446,2.6421836152823857,1.0684373934585505,-0.27520099996858066,5.723152449062204,1784374607.8828197,None,None,None, None, 1784374607.9175282,1.0397442297811803,apf_colreg,crossing_from_starboard,-1.0,0.010611303099445359,9.581699439669531,17.192288161922473,18.94222045429523,4.7056253433950275,-0.9491788581772641,2.6515401373062497,WEBOTS_UNKNOWN,ekf_on_cluster_on,1,1
1784374608.019041,22.55361318588257,-200.0,-98.85252716276395,0.2,5.79359623799728,2.674743124241726,1.0516103907417378,-0.11990721542673538,5.710747897504436,1784374607.986271,None,None,None, None, 1784374608.0005248,0.9098283863695333,apf_colreg,crossing_from_starboard,-1.0,0.143518831171084,8.150388781193625,18.581707063885485,18.988101122867526,4.727725152597178,-0.9355234528480066,2.607808881192159,WEBOTS_UNKNOWN,ekf_on_cluster_on,1,1
1784374608.118762,22.653334140777588,-200.0,-92.6796385731807,0.2,5.781959245932619,2.710476933002745,1.0325825782504765,-0.10865204313142073,5.7022766055235135,1784374608.064238,None,None,None, None, 1784374608.0782714,0.9104880384628055,apf_colreg,crossing_from_starboard,-1.0,0.21389994489915654,7.530723899251538,15.125734261848335,18.67118075395573,4.749458108726467,-0.9516029967819458,2.588668384336745,WEBOTS_UNKNOWN,ekf_on_cluster_on,1,1
1784374608.2198918,22.75446391105652,-200.0,-86.77535683680573,0.2,5.770730141863486,2.747980455581744,1.0121444307589424,-0.1188771940629742,5.685806845382519,1784374608.2027824,None,None,None, None, 1784374608.2148163,0.9075726712513116,apf_colreg,crossing_from_starboard,-1.0,0.2348373688518695,6.997612214771183,16.13471752435022,19.84272315377029,4.786088484972516,-0.9205540082679629,2.567423818029371,WEBOTS_UNKNOWN,ekf_on_cluster_on,1,1
1784374608.317322,22.85189414024353,-200.0,-38.58146582810319,0.2,5.757616315354291,2.7863888268401165,0.9906783131473427,-0.1387262414553814,5.675083396193824,1784374608.2800817,None,None,None, None, 1784374608.2943575,0.9882918585409204,apf_colreg,crossing_from_starboard,-1.0,0.2211821632597849,6.706943571269982,16.908560996762905,20.59383748476558,4.822746365140384,-0.920105042286874,2.542241606245258,WEBOTS_UNKNOWN,ekf_on_cluster_on,1,1
1784374608.433894,22.96846604347229,-200.0,-32.55407894305659,0.2,5.747224523435039,2.8263159083868716,0.9676145294784391,-0.10555279340203867,5.665960485743234,1784374608.4434016,None,None,None, None, 1784374608.4218843,1.0966973603805357,apf_colreg,crossing_from_starboard,-1.0,0.21710561641517603,6.371816192113988,17.43195097698087,20.86298794027195,4.822746365140384,-0.920105042286874,2.542241606245258,WEBOTS_UNKNOWN,ekf_on_cluster_on,1,1
1784374608.5173798,23.05195188522339,-200.0,-25.131744117618496,0.2,5.735253604237636,2.866958863940525,0.943609877400652,-0.12465221480082542,5.648837978079714,1784374608.5038738,None,None,None, None, 1784374608.4867938,1.090653433800534,apf_colreg,head_on,-1.0,0.17211082970405361,6.21979511074964,17.271122000086798,21.09760507470553,4.888778147598,-0.8923751631883388,2.498137168522667,WEBOTS_UNKNOWN,ekf_on_cluster_on,1,1
1784374608.6171257,23.151697874069214,-200.0,-17.116772478336877,0.2,5.72273709197106,2.907854614221635,0.9187650367865299,-0.12569774586810306,5.638760051115904,1784374608.5840497,None,None,None, None, 1784374608.5605915,1.0900206933732879,apf_colreg,crossing_from_starboard,-1.0,0.10116727962402139,6.231568607900434,16.855600545242694,21.355029849852325,4.923317002602339,-0.8986148224094282,2.4736862565835387,WEBOTS_UNKNOWN,ekf_on_cluster_on,1,1
1784374608.7177846,23.25235676765442,-200.0,10.918804460465736,0.2,5.7028428663736594,2.6977492472899876,1.0388259292973228,-0.13077209940936294,5.626355903885441,1784374608.6789029,2.6944333641437552,1.0407498649328668,5.690388084894931, 1784374608.713287, 1784374608.7257922,1.0274618879725674,apf_colreg,crossing_from_starboard,-1.0,2.2168151034904597,10.915840554774617,18.037266897652557,21.151608638915327,4.954612893063721,-0.9037253378617617,2.448914475647521,WEBOTS_UNKNOWN,ekf_on_cluster_on,1,1
1784374608.8183465,23.35291862487793,-200.0,13.335679905150695,0.2,5.695438381283892,2.7219660939565316,1.0229795635969072,-0.09190409347217696,5.6187146126665075,1784374608.762047,None,None,None, None, 1784374608.7920203,0.9403544892908673,apf_colreg,crossing_from_starboard,-1.0,0.3045464257215025,9.324865343359017,15.769094819513327,21.59879785367886,4.703016704354206,-0.7674552564886513,2.4276917902386788,WEBOTS_UNKNOWN,ekf_on_cluster_on,1,1
1784374608.9587135,23.493285655975342,-200.0,35.50290235074661,0.2,5.679269134087371,2.7547839840916666,1.0012124075058315,-0.18078575852830941,5.60545683060715,1784374608.9847636,None,None,None, None, 1784374608.991765,0.9418359675798151,apf_colreg,crossing_from_starboard,-1.0,0.22125513317738488,7.652231661102676,16.907993375435005,21.846249532068793,4.7316571975522566,-0.7593313776650423,2.4025463982110877,WEBOTS_UNKNOWN,ekf_on_cluster_on,1,1
1784374609.051439,23.586011171340942,-200.0,39.2846615821059,0.2,5.667204726870097,2.79298716859123,0.974784476139213,-0.10223624198314815,5.590184540235315,1784374609.0891957,None,None,None, None, 1784374609.0852091,1.033531345611852,apf_colreg,crossing_from_starboard,-1.0,0.25145623715363163,6.669448265701551,17.183922564772605,21.838312236915677,4.7316571975522566,-0.7593313776650423,2.4025463982110877,WEBOTS_UNKNOWN,ekf_on_cluster_on,1,1
1784374609.1623607,23.696932792663574,-200.0,42.61123198343898,0.2,5.655988978441371,2.833756374485545,0.945925653124581,-0.1019659424157104,5.579536022126725,1784374609.1718743,None,None,None, None, 1784374609.1623607,0.9397178404789107,apf_colreg,crossing_from_starboard,-1.0,0.3008203388060901,6.27497643693295,13.586011522258497,21.705591297739822,4.776895564075758,-0.7570934381938342,2.355467826508814,WEBOTS_UNKNOWN,ekf_on_cluster_on,1,1
1784374609.2557502,23.790322303771973,-200.0,45.15178945063494,0.2,5.646588220131643,2.8754991807718184,0.9157129628856921,-0.08994403846310633,5.572099578866008,1784374609.1718743,None,None,None, None, 1784374609.2527597,0.9439649478298994,apf_colreg,crossing_from_starboard,-1.0,0.3594696452536775,5.9311757777152145,14.014391049466912,22.322114209988413,4.810087777738966,-0.759697085883265,2.3315550943521637,WEBOTS_UNKNOWN,ekf_on_cluster_on,1,1
1784374609.387136,23.92170810699463,-200.0,47.532529202517985,0.2,5.637515034165476,2.917563338593885,0.8847114675329486,-0.09223257904463548,5.553029885170104,1784374609.3786309,None,None,None, None, 1784374609.3480883,0.9697112472264787,apf_colreg,crossing_from_starboard,-1.0,0.36250969956433826,5.720646782910035,13.995256742607753,23.419949570519258,4.810087777738966,-0.759697085883265,2.3315550943521637,WEBOTS_UNKNOWN,ekf_on_cluster_on,1,1
1784374609.4708736,24.00544571876526,-200.0,49.82453016082904,0.2,5.62861811327115,2.9596664809228397,0.853105692900618,-0.09223257904463548,5.534583369361177,1784374609.4768736,None,None,None, None, 1784374609.4448373,0.9981675640609547,apf_colreg,crossing_from_starboard,-1.0,0.49281068199183714,5.5536101241608495,13.618357199207507,23.78025801714012,4.8784772488275125,-0.734057664083038,2.2792251038362448,WEBOTS_UNKNOWN,ekf_on_cluster_on,1,1
1784374609.5713973,24.105969429016113,-200.0,92.24546571851074,0.2,5.613915022820808,3.001702844110163,0.82096782846126,-0.14395441911449752,5.508453897940652,1784374609.560143,None,None,None, None, 1784374609.53414,1.0823101700119555,apf_colreg,crossing_from_starboard,-1.0,0.49538866351341465,5.377460530971063,13.663171352589984,24.24895844946333,4.8784772488275125,-0.734057664083038,2.2792251038362448,WEBOTS_UNKNOWN,ekf_on_cluster_on,1,1
1784374609.6321387,24.16671085357666,-200.0,97.290349048997,0.2,5.596534006520019,3.045399373923642,0.786314003811782,-0.14395441911449752,5.479663014117753,1784374609.6386545,None,None,None, None, 1784374609.6231387,0.9686424777733605,apf_colreg,crossing_from_starboard,-1.0,0.48899170280777654,5.027066687151734,13.63833211260441,24.64156863151236,4.947308380656967,-0.7931501665632303,2.228541517398693,WEBOTS_UNKNOWN,ekf_on_cluster_on,1,1
1784374609.7407367,24.275308847427368,-200.0,108.6363354946549,0.2,5.578285871590313,2.810502276181296,0.9593481427322703,-0.09223554511748311,5.463929790976487,1784374609.7307196,2.8068185829140138,0.9621129062879302,5.568292673164144, 1784374609.716119, 1784374609.7161198,0.9466572535496134,apf_colreg,crossing_from_starboard,-1.0,1.9215207080162415,8.611103917536246,14.851435373821952,23.422729317289228,4.947308380656967,-0.7931501665632303,2.228541517398693,WEBOTS_UNKNOWN,ekf_on_cluster_on,1,1
1784374609.8167093,24.35128140449524,-200.0,111.42373983295712,0.2,5.568184406894442,2.8382874732360213,0.935606782431404,-0.0846590331431018,5.456863070468453,1784374609.8141923,None,None,None, None, 1784374609.7933207,0.9700670010684045,apf_colreg,crossing_from_starboard,-1.0,0.9685371248161518,7.1821867581608885,12.398593368745543,23.400432946148342,4.947308380656967,-0.7931501665632303,2.228541517398693,WEBOTS_UNKNOWN,ekf_on_cluster_on,1,1
1784374609.9168956,24.451467752456665,-200.0,114.0515632716804,0.2,5.557932689569527,2.875986897457702,0.9027751303684202,-0.08693530870035877,5.450588698850843,1784374609.8863652,None,None,None, None, 1784374609.8733652,0.9137460373089311,apf_colreg,crossing_from_starboard,-1.0,0.9697137034095099,5.58293102850044,14.233610509223562,23.78145357760859,4.700977656733679,-0.6159269436316162,2.1805737138875854,WEBOTS_UNKNOWN,ekf_on_cluster_on,1,1
1784374610.0191724,24.553744554519653,-200.0,116.36268006257808,0.2,5.548349132047898,2.91814832180132,0.8653054052867493,-0.07866865257219509,5.444558735407552,1784374609.9630153,None,None,None, None, 1784374610.028419,0.9479290538218133,apf_colreg,crossing_from_starboard,-1.0,0.9632621904080042,4.835914103599074,13.877185631401236,24.45009075142554,4.732806569491806,-0.6322545958462429,2.1486422841716677,WEBOTS_UNKNOWN,ekf_on_cluster_on,1,1
1784374610.119043,24.65361523628235,-200.0,118.83176738723543,0.2,5.538128120485171,2.9617072299584173,0.8258693725926491,-0.08566982545672296,5.437171239138687,1784374610.1333783,None,None,None, None, 1784374610.0972257,1.0721504063664906,apf_colreg,crossing_from_starboard,-1.0,0.9455370715673457,4.533706164996162,10.137510225016891,24.571031887540016,4.765445625615967,-0.6191750972417965,2.122832933077153,WEBOTS_UNKNOWN,ekf_on_cluster_on,1,1
1784374610.217168,24.751740217208862,-200.0,140.2207960686195,0.2,5.522326471777729,3.0054912028804317,0.7853945294810813,-0.13331215039641642,5.415785661469406,1784374610.2096648,None,None,None, None, 1784374610.1700182,1.0206895699981247,apf_colreg,crossing_from_starboard,-1.0,0.9390571526886623,4.276485264052101,10.600351959621984,25.54418189248679,4.794109478794078,-0.6466299733263066,2.096893726512492,WEBOTS_UNKNOWN,ekf_on_cluster_on,1,1
1784374610.3178198,24.852391958236694,-200.0,143.03512704026187,0.2,5.510294672750868,3.0500090916753893,0.7426877787105477,-0.07763355854221947,5.408718021428427,1784374610.3007033,None,None,None, None, 1784374610.3117514,0.9294296061656495,apf_colreg,crossing_from_starboard,-1.0,0.9640378568873241,3.9925796136989677,10.434680863565788,26.023901139964664,4.817515760010164,-0.6604407816972299,2.068690917969691,WEBOTS_UNKNOWN,ekf_on_cluster_on,1,1
1784374610.4183095,24.952881574630737,-200.0,145.20578982298764,0.2,5.500458790726495,3.094584689777598,0.6989474745618516,-0.06359964970681146,5.402893389011874,1784374610.392286,None,None,None, None, 1784374610.392286,0.9315891302914787,apf_colreg,crossing_from_starboard,-1.0,0.9631739451510234,3.836200328804215,10.342092533962216,26.405771318456413,4.843938316026077,-0.691230896058687,2.042375994220852,WEBOTS_UNKNOWN,ekf_on_cluster_on,1,1
1784374610.516846,25.05141806602478,-200.0,155.73612675982676,0.2,5.459500832637383,3.139031345566364,0.654545777633075,-0.3452172688536004,5.376686679987127,1784374610.4681997,None,None,None, None, 1784374610.4772215,1.0063476147957786,apf_colreg,crossing_from_starboard,-1.0,0.9963038671067923,3.735276994727017,8.94879222856833,27.068318744328973,4.876363732794303,-0.7052824714876339,2.0158309712221274,WEBOTS_UNKNOWN,ekf_on_cluster_on,1,1
1784374610.6181605,25.152732610702515,-200.0,160.31111886888928,0.2,5.440146630798055,3.1817790950061497,0.607127760549588,-0.067842769617903,5.36730747415277,1784374610.606449,None,None,None, None, 1784374610.6266894,1.0397709656613388,apf_colreg,crossing,-1.0,1.0165510784475018,3.645624683331751,7.525056332049754,27.47602883157662,4.845333793793546,-0.7975634162026612,1.9846783069044527,WEBOTS_UNKNOWN,ekf_on_cluster_on,1,1
1784374610.7190762,25.253648281097412,-200.0,163.46544429594508,0.2,5.426053515484311,3.224287115438053,0.5585979037617799,-0.060074015209986335,5.361986525343967,1784374610.695022,None,None,None, None, 1784374610.7040277,1.0204668608130167,apf_colreg,crossing,-1.0,1.0262267829017437,3.421936808525796,7.276587165904449,27.89386383233872,4.845333793793546,-0.7975634162026612,1.9846783069044527,WEBOTS_UNKNOWN,ekf_on_cluster_on,1,1
1784374610.8169906,25.35156273841858,-200.0,164.09164069110523,0.2,5.437175246755269,2.929831416928691,0.8509179567296595,-0.05191890662116615,5.357668210332455,1784374610.7781963,2.9262832711057607,0.8545183172020246,5.477658398084445, 1784374610.719076, 1784374610.7899394,1.0006115934913948,apf_colreg,crossing_from_starboard,-1.0,1.8399918219351663,6.551660092385993,8.055781730379712,25.90366975551805,4.8981167669756855,-0.8440526666131711,1.9353621226707431,WEBOTS_UNKNOWN,ekf_on_cluster_on,1,1
1784374610.917094,25.451666116714478,-200.0,191.28390446084165,0.2,5.4283323914973725,2.9555308786633874,0.8216890334688531,-0.05460981348228909,5.35235532360552,1784374610.9541123,None,None,None, None, 1784374610.8925157,1.0095939656881834,apf_colreg,head_on,-1.0,0.5802833335939214,7.868776256204639,5.939858565296939,22.28097538702047,4.597191831270261,-0.4822337259210156,1.9063538216480898,WEBOTS_UNKNOWN,ekf_on_cluster_on,1,1
1784374611.0715954,25.606167554855347,-200.0,193.41326179472995,0.2,5.4170677972312,2.9939287122015066,0.7772130975959932,-0.07483858972492902,5.346470928085598,1784374611.1036432,None,None,None, None, 1784374611.099631,1.0951522772208748,apf_colreg,head_on,-1.0,0.4544386446158663,4.856445885156357,4.887764563305371,21.79145942679144,4.619087063496585,-0.49089947032195197,1.8755050228785775,WEBOTS_UNKNOWN,ekf_on_cluster_on,1,1
1784374611.1875336,25.722105741500854,-200.0,195.1071217017854,0.2,5.407896811510761,3.0369387931799516,0.7261405750758945,-0.04425216396675054,5.339853862729263,1784374611.1978588,None,None,None, None, 1784374611.1968586,1.0723546447586487,apf_colreg,head_on,-1.0,0.42956435682353866,4.446542287635359,4.4040445611822125,23.22422743545785,4.619087063496585,-0.49089947032195197,1.8755050228785775,WEBOTS_UNKNOWN,ekf_on_cluster_on,1,1
1784374611.2977037,25.832275867462158,-200.0,196.44629280226803,0.2,5.400520623952096,3.080746339834057,0.6732102669760573,-0.03317790449019372,5.3367279855063705,1784374611.3052423,None,None,None, None, 1784374611.3052423,1.0758786311335513,apf_colreg,crossing_from_port,-1.0,0.4368568129914003,4.009604627395557,3.6738978295699094,23.221056235774313,4.666024210104675,-0.5322278844703263,1.826894587903263,WEBOTS_UNKNOWN,ekf_on_cluster_on,1,1
1784374611.4244077,25.958979845046997,-200.0,198.0693185629375,0.2,5.391544533970724,3.1244857379263165,0.6196415735878382,-0.05352866492805579,5.325902476456344,1784374611.4000964,None,None,None, None, 1784374611.4102588,0.9088909427131551,apf_colreg,crossing_from_port,-1.0,0.4256900400868323,3.996277292245442,3.288224147929803,24.255562563777218,4.712015323348174,-0.579032037271417,1.7640344967227626,WEBOTS_UNKNOWN,ekf_on_cluster_on,1,1
1784374611.5388048,26.073376893997192,-197.30834554546638,200.0,0.2,5.385554532064036,3.1678661951573073,0.5654726984309724,-0.022845273307734386,5.323480088928841,1784374611.506131,None,None,None, None, 1784374611.5680535,0.9813309397901001,apf_colreg,head_on,-1.0,0.4517022592547589,3.9671840939956824,5.4482352777323575,25.962550194223514,4.741809153612497,-0.5953715550069443,1.7371695792852853,WEBOTS_UNKNOWN,ekf_on_cluster_on,1,1
1784374611.6721494,26.206721544265747,-196.23296451214915,200.0,0.2,5.380003121595096,3.2109331339939615,0.5111182973099675,-0.025134142788255175,5.32122503539016,1784374611.6791503,None,None,None, None, 1784374611.6670902,1.080478162884602,apf_colreg,head_on,-1.0,0.5127952295053663,4.23102720618107,3.6119706758336836,26.128530622030507,4.751241291934332,-0.5983531217016235,1.7103113477587306,WEBOTS_UNKNOWN,ekf_on_cluster_on,1,1
1784374611.7542815,26.288853645324707,-199.10340985437173,200.0,0.2,5.394060889105042,3.056531247187193,0.7145007068203113,-0.016234091461898074,5.319872756948979,1784374611.777288,3.0522963328002306,0.7200410790286672,5.43142373539303, 1784374611.725176, 1784374611.7542815,1.078868215843748,apf_colreg,head_on,-1.0,0.5200074236302215,8.658341510466292,4.596781656571582,24.13452126505525,4.616151561333194,-0.349580890483006,1.6863400049830901,WEBOTS_UNKNOWN,ekf_on_cluster_on,1,1
1784374611.8248723,26.35944437980652,-198.39257571332882,200.0,0.2,5.390232550289006,3.0885929667776733,0.6748177781937068,-0.0169192318980038,5.318212343847157,1784374611.777288,None,None,None, None, 1784374611.8283923,0.9202211677945443,apf_colreg,head_on,-1.0,0.6042314359931268,4.380856353615387,4.308097531103547,24.715393489004214,4.616151561333194,-0.349580890483006,1.6863400049830901,WEBOTS_UNKNOWN,ekf_on_cluster_on,1,1
1784374611.8810408,26.415612936019897,-197.75891166482458,200.0,0.2,5.386914754521072,3.1291718211692334,0.6242219620714682,-0.014512661265898345,5.317106669241745,1784374611.8534749,None,None,None, None, 1784374611.8283923,0.9202211677945443,apf_colreg,head_on,-1.0,0.5948428907677136,3.750839416888155,5.913235357616382,26.13283102181013,4.616151561333194,-0.349580890483006,1.6863400049830901,WEBOTS_UNKNOWN,ekf_on_cluster_on,1,1
1784374611.9257855,26.460357666015625,-197.15058433993715,200.0,0.2,5.383801716073728,3.171956586500313,0.5705330937565751,-0.014512661265898345,5.314204136988565,1784374611.9388351,None,None,None, None, 1784374611.904724,0.9798492970271271,apf_colreg,head_on,-1.0,0.5934528746307168,3.6077572207444866,6.066878980466712,26.405043654968697,4.616151561333194,-0.349580890483006,1.6863400049830901,WEBOTS_UNKNOWN,ekf_on_cluster_on,1,1
1784374612.0176966,26.552268743515015,-196.6158641627586,200.0,0.2,5.381142270603396,3.2149358583803167,0.5162631955513142,-0.011094211216044649,5.312481958273129,1784374612.008707,None,None,None, None, 1784374611.9917042,1.0296662671020813,apf_colreg,head_on,-1.0,0.6746870051245305,3.4296991137677355,5.7663677839442204,27.14534387663383,4.712724500333017,-0.4534673723230789,1.6329979556120648,WEBOTS_UNKNOWN,ekf_on_cluster_on,1,1
1784374612.1171913,26.651763439178467,-196.16533089855952,200.0,0.2,5.37897903482464,3.257793876948652,0.46186753619627297,-0.007982091925294078,5.311899092747784,1784374612.0817287,None,None,None, None, 1784374612.1212337,1.0312281510424135,apf_colreg,head_on,-1.0,0.7122176553932542,3.525102306776216,4.929511354366773,27.90978681819063,4.744056408638311,-0.4985875898851226,1.6103908868488026,WEBOTS_UNKNOWN,ekf_on_cluster_on,1,1
1784374612.2217937,26.75636577606201,-181.56488748512945,200.0,0.2,5.376751045153638,3.300516302549429,0.40742364012425725,-0.010118985805143758,5.311131654426053,1784374612.2394135,None,None,None, None, 1784374612.1921773,0.9819574260330614,apf_colreg,crossing,-1.0,0.7987182764507845,2.5605282254139365,4.4483927839301725,28.70892452231609,4.773548415413472,-0.5135836777091002,1.5823646249520855,WEBOTS_UNKNOWN,ekf_on_cluster_on,1,1
1784374612.317998,26.852570056915283,-180.9330878589614,200.0,0.2,5.375062890054705,3.3421188949995777,0.3541016713716161,-0.0010486058041458122,5.310977630548288,1784374612.3044546,None,None,None, None, 1784374612.2659526,0.999733067663808,apf_colreg,crossing,-1.0,0.8155490028382972,2.519769370216139,4.13579417784885,29.289859419537088,4.804592398200219,-0.5441906200826737,1.5633574614906391,WEBOTS_UNKNOWN,ekf_on_cluster_on,1,1
1784374612.4173522,26.951924324035645,-180.55891017962534,200.0,0.2,5.374606223475797,3.383449868139884,0.30094811401567867,0.009427506532452697,5.311697467625442,1784374612.3808095,None,None,None, None, 1784374612.411821,0.9473363488676779,apf_colreg,crossing,-1.0,0.8176960245308191,2.503700520607059,3.703591880171876,29.57461845485463,4.833650562714758,-0.570206374954859,1.5426126151459334,WEBOTS_UNKNOWN,ekf_on_cluster_on,1,1
1784374612.5181649,27.05273699760437,-180.38756752349636,200.0,0.2,5.375105803247916,3.4247263792639657,0.24786219410927757,0.014497553434660998,5.312873488626876,1784374612.4619281,None,None,None, None, 1784374612.4989643,0.9110327606141417,apf_colreg,crossing,-1.0,0.8271343638582458,2.5290821675330846,2.831726989897376,29.899548661469993,4.8639938273231325,-0.5979212757162207,1.5192935405239605,WEBOTS_UNKNOWN,ekf_on_cluster_on,1,1
1784374612.6169505,27.151522636413574,-180.52039323638516,200.0,0.2,5.377008758638989,3.4660326885264467,0.19483979678068408,0.02355638694124317,5.315935029729529,1784374612.5918946,None,None,None, None, 1784374612.5738168,0.981243295609512,apf_colreg,overtaking,-1.0,0.9882169701151876,4.687896277493015,0.8847919300646048,30.92202574342139,4.891733702209845,-0.622306987309462,1.494043194955033,WEBOTS_UNKNOWN,ekf_on_cluster_on,1,1
1784374612.721889,27.256461143493652,-180.9754585957915,200.0,0.2,5.380384108551235,3.5074770096405388,0.1419141843780949,0.031927300163193464,5.318376240701418,1784374612.6683562,None,None,None, None, 1784374612.7318811,0.925322549019337,apf_colreg,overtaking,-1.0,1.0583603582706893,5.002511962593258,-0.515659018310016,31.577803673437085,4.924760756284703,-0.6462112942975771,1.476497365865436,WEBOTS_UNKNOWN,ekf_on_cluster_on,1,1
1784374612.8180568,27.35262894630432,-188.0978951197716,200.0,0.2,5.402974821304255,3.1777905376329265,0.5758030373702384,0.04919069881747388,5.322489347617744,1784374612.8280694,3.1744770516790113,0.5801453359319564,5.433626758620494, 1784374612.735403, 1784374612.7980142,0.9145173317327421,apf_colreg,crossing,-1.0,1.3960602252879848,14.019174402329847,1.3733020797665887,27.153126096066167,4.953626300372282,-0.6621710895723302,1.4549377417131124,WEBOTS_UNKNOWN,ekf_on_cluster_on,1,1
1784374612.9187448,27.453316926956177,-200.0,48.04487240605922,0.2,5.408351968492312,3.1998230824069926,0.549237455996705,0.03751864844870812,5.327950214207186,1784374612.8975224,None,None,None, None, 1784374612.8721912,1.0037162412328922,apf_colreg,crossing,-1.0,1.0189088364049033,6.672173115178605,3.6703444283633053,25.902279564002377,4.60602299640467,-0.13678079884725153,1.4364341055899743,WEBOTS_UNKNOWN,ekf_on_cluster_on,1,1
1784374613.0170035,27.551575660705566,-200.0,43.41643085093332,0.2,5.417521591237386,3.2286127242080584,0.5152732587830364,0.020364109833864944,5.329430515542367,1784374612.9702141,None,None,None, None, 1784374613.0120072,1.0678711367654492,apf_colreg,crossing,-1.0,0.9834334290153538,5.047369778323135,5.730695226169317,27.998947840723098,4.6326337535258295,-0.14576211414963086,1.4179765943356195,WEBOTS_UNKNOWN,ekf_on_cluster_on,1,1
1784374613.118067,27.652639150619507,-200.0,41.12576031730427,0.2,5.420484485677837,3.260951719321495,0.4779939399267221,-0.05530381517508073,5.324960329157233,1784374613.118067,None,None,None, None, 1784374613.0880067,1.0238312863470955,apf_colreg,crossing,-1.0,0.9681809295430933,4.190027407912614,3.2145355998088148,25.03646164463459,4.665353187166927,-0.13598518798596143,1.3999458355078855,WEBOTS_UNKNOWN,ekf_on_cluster_on,1,1
1784374613.223851,27.75842308998108,-200.0,41.74951417415455,0.2,5.4161175221140505,3.2945676836886286,0.439332246294303,-0.10288888279170248,5.311403186961191,1784374613.1828086,None,None,None, None, 1784374613.2308524,1.0622830005279926,apf_colreg,crossing,-1.0,0.9864715405210109,3.5690512780631374,2.9743541017641375,26.428920889923358,4.694426768152268,-0.14624868265452323,1.3877534101219886,WEBOTS_UNKNOWN,ekf_on_cluster_on,1,1
1784374613.318122,27.852694034576416,-200.0,44.683792514672064,0.2,5.405988125498284,3.3283818475660256,0.3998663405901861,-0.12855295820820925,5.2992293931123164,1784374613.2775073,None,None,None, None, 1784374613.3130999,0.9276354847482484,apf_colreg,crossing,-1.0,1.0102244923009773,2.9775320089442063,3.590965556316882,28.03547136886631,4.717832073291497,-0.1495918195872588,1.3644867571281765,WEBOTS_UNKNOWN,ekf_on_cluster_on,1,1
1784374613.4178324,27.952404499053955,-200.0,46.910756637246635,0.2,5.397583414564603,3.3619609276259865,0.35964577188205205,-0.09086541834057484,5.291234270797862,1784374613.365496,None,None,None, None, 1784374613.3936298,1.043016902590775,apf_colreg,crossing,-1.0,1.0039269732481004,2.8021390364384287,3.7685046633230304,28.59458628762044,4.717832073291497,-0.1495918195872588,1.3644867571281765,WEBOTS_UNKNOWN,ekf_on_cluster_on,1,1
1784374613.5243604,28.058932542800903,-200.0,77.65631719566159,0.2,5.389930121165227,3.3953763780299333,0.3189361608439256,-0.08415767144836575,5.278117821734602,1784374613.5213516,None,None,None, None, 1784374613.493956,0.9027575169183188,apf_colreg,crossing,-1.0,1.038528771548158,2.385877235121507,3.866061454597401,28.973812397354177,4.757274987623783,-0.20393389873265025,1.3569574607674149,WEBOTS_UNKNOWN,ekf_on_cluster_on,1,1
1784374613.6183589,28.152930974960327,-200.0,79.8946984761098,0.2,5.381054622822571,3.429722744120145,0.27639924239584523,-0.09164526630889377,5.270559361405267,1784374613.6038268,None,None,None, None, 1784374613.5741527,0.9589959907888931,apf_colreg,crossing,-1.0,1.0753975411550356,2.007839066716894,3.834675267226047,29.26035430793184,4.783079610214833,-0.20994256632495956,1.3389130252716102,WEBOTS_UNKNOWN,ekf_on_cluster_on,1,1
1784374613.7182002,28.252772331237793,-200.0,82.23457438695498,0.2,5.371836089877446,3.4641729142631483,0.23289970814777838,-0.09015261989594534,5.263777448269579,1784374613.6790538,None,None,None, None, 1784374613.663002,1.0717534722566775,apf_colreg,crossing,-1.0,1.0981191881976322,1.723107791404324,3.553501232214835,29.526288617150918,4.809119324377899,-0.22405597587341589,1.3248598697008303,WEBOTS_UNKNOWN,ekf_on_cluster_on,1,1
1784374613.8209796,28.355551719665527,-200.0,90.50973346293809,0.2,5.363178455923195,3.28040840790979,0.45792875024516516,-0.10382178471933405,5.25599835914295,1784374613.8309913,3.2776691664052398,0.46131028410319164,5.367675947120345, 1784374613.739968, 1784374613.8124557,0.9827706601729845,apf_colreg,crossing,-1.0,1.3871772154116992,3.007703016681107,2.7253960926132894,27.912992833160892,4.833505448996698,-0.2556775380493922,1.3171200242265944,WEBOTS_UNKNOWN,ekf_on_cluster_on,1,1
1784374613.9165444,28.45111656188965,-200.0,94.06474670559186,0.2,5.3514304471382905,3.30137588338866,0.4303925344215511,-0.12958023666731966,5.235777027673811,1784374613.9100337,None,None,None, None, 1784374613.8930316,0.9207313150179837,apf_colreg,crossing,-1.0,1.2965092293938856,2.1782209847271092,4.968247661745809,28.344052450810544,4.630818148030529,0.021819853248304214,1.304116158688139,WEBOTS_UNKNOWN,ekf_on_cluster_on,1,1
1784374614.017912,28.552484035491943,-200.0,97.02598378258863,0.2,5.3407447780551305,3.3296899528869073,0.3921527405841827,-0.08938773132342093,5.228102430243024,1784374613.995891,None,None,None, None, 1784374613.9873743,1.023845061508962,apf_colreg,crossing,-1.0,1.2521800902072877,1.7065023373162065,1.094306444770063,27.637916483741257,4.645366375896579,0.013140501819554147,1.2905989816284116,WEBOTS_UNKNOWN,ekf_on_cluster_on,1,1
1784374614.1172955,28.651867628097534,-200.0,99.10164749550559,0.2,5.332309223666405,3.3614670831283817,0.3483249477812098,-0.07037340395654774,5.221529537427775,1784374614.0892913,None,None,None, None, 1784374614.095292,0.9082684022572922,apf_colreg,crossing,-1.0,1.2326974037277736,1.4736915380877216,2.3662322309674195,28.818017965196468,4.645366375896579,0.013140501819554147,1.2905989816284116,WEBOTS_UNKNOWN,ekf_on_cluster_on,1,1
1784374614.2174006,28.751972675323486,-200.0,66.30326541687779,0.2,5.322773663316572,3.394406200825405,0.30217806710703726,-0.08658051606034034,5.213553870015069,1784374614.1814098,None,None,None, None, 1784374614.173836,0.9538694861469273,apf_colreg,crossing,-1.0,1.2580492998643886,1.0192738930599834,2.6734072055136915,28.918169312159243,4.689768621574873,-0.0417969398554993,1.273116378233703,WEBOTS_UNKNOWN,ekf_on_cluster_on,1,1
1784374614.319211,28.853783130645752,-200.0,68.59138646561443,0.2,5.313858884673517,3.4260889259398475,0.25696119598526934,-0.08650285377608485,5.204283618205313,1784374614.2885768,None,None,None, None, 1784374614.3392897,1.0524782117741995,apf_colreg,crossing,-1.0,1.2649143535002905,0.7809487699410919,2.213419214713136,29.077702697793747,4.712213288353692,-0.06050977200376512,1.2622294825379203,WEBOTS_UNKNOWN,ekf_on_cluster_on,1,1
1784374614.4176137,28.95218586921692,-200.0,71.5612510725274,0.2,5.303110155584395,3.457210230990434,0.2117258558001378,-0.10469403529451476,5.196069800747583,1784374614.449909,None,None,None, None, 1784374614.442905,1.0346282524199966,apf_colreg,crossing,-1.0,1.257674237975278,0.5983806021471905,1.679987310750577,29.273442367266696,4.734290065640442,-0.07681227104683795,1.2521608814456162,WEBOTS_UNKNOWN,ekf_on_cluster_on,1,1
1784374614.5174341,29.052006244659424,-200.0,74.14322065404158,0.2,5.293364884966038,3.487867955556567,0.1660609369747732,-0.09040242798341142,5.183017489822189,1784374614.5114124,None,None,None, None, 1784374614.5114124,1.0123803915451448,apf_colreg,crossing,-1.0,1.2478373557445204,0.44860946785647865,1.0992179960251505,29.446106976705458,4.734290065640442,-0.07681227104683795,1.2521608814456162,WEBOTS_UNKNOWN,ekf_on_cluster_on,1,1
1784374614.6192887,29.153860807418823,-200.0,76.22893033875046,0.2,5.284925960343615,3.518197607728027,0.11993790249291791,-0.08000214535833153,5.176514038598999,1784374614.5927033,None,None,None, None, 1784374614.5927033,1.0658205560797236,apf_colreg,crossing,-1.0,1.2690907590662206,0.25472041850187377,0.4455375085081006,29.760036972999707,4.777448944082937,-0.11733875618077252,1.23398856636353,WEBOTS_UNKNOWN,ekf_on_cluster_on,1,1
1784374614.7190342,29.25360631942749,-200.0,80.355152801551,0.2,5.270855606986351,3.548268933708588,0.07340403113034633,-0.13310942708679782,5.16537224781282,1784374614.6764073,None,None,None, None, 1784374614.6814466,0.9407267869647106,apf_colreg,crossing,-1.0,1.2580148190218023,0.10713209665954172,-0.3064433494338814,29.924666563182544,4.777448944082937,-0.11733875618077252,1.23398856636353,WEBOTS_UNKNOWN,ekf_on_cluster_on,1,1
1784374614.8207004,29.3552725315094,-200.0,81.8714030983148,0.2,5.257868894132358,3.36965205536686,0.33622624371272675,-0.1147968015094477,5.1568955536599175,1784374614.8342068,3.3669045588278683,0.34032039050677293,5.259308360105641, 1784374614.74023, 1784374614.765577,1.011251509508541,apf_colreg,crossing,-1.0,1.4239214789898447,0.0,0.5375961640732793,29.156916322162964,4.818659001848496,-0.1822314292979861,1.2176591107404227,WEBOTS_UNKNOWN,ekf_on_cluster_on,1,1
1784374614.920774,29.45534610748291,-200.0,84.72913052979393,0.2,5.248441741810216,3.3857765128948234,0.3095867015776186,-0.08919401169331902,5.142045316715781,1784374614.9167418,None,None,None, None, 1784374614.8812568,1.0842888709999439,apf_colreg,crossing,-1.0,1.408055620759607,0.3494725260014082,0.9676866941916282,29.10668708189488,4.818659001848496,-0.1822314292979861,1.2176591107404227,WEBOTS_UNKNOWN,ekf_on_cluster_on,1,1
1784374615.0194643,29.554036378860474,-200.0,89.61264555514599,0.2,5.232580741795157,3.408673691361791,0.27100807778311875,-0.15319359547671085,5.130372073027402,1784374614.9929411,None,None,None, None, 1784374614.9648151,0.9843905818985026,apf_colreg,crossing,-1.0,1.3620728116367664,0.5799254081489053,-3.547343660853393,27.57463612039987,4.818659001848496,-0.1822314292979861,1.2176591107404227,WEBOTS_UNKNOWN,ekf_on_cluster_on,1,1
1784374615.1166575,29.65122961997986,-200.0,98.03388538204703,0.2,5.205939401306396,3.4346133104704517,0.22543666480064495,-0.22651004373535422,5.107911185049332,1784374615.0921018,None,None,None, None, 1784374615.1262288,1.0963977033498582,apf_colreg,crossing,-1.0,1.323579106617069,0.2437987359925911,-1.59049420028835,29.158033506949085,4.640327648449366,0.08135585077021833,1.1998927539804423,WEBOTS_UNKNOWN,ekf_on_cluster_on,1,1
1784374615.217521,29.752093076705933,-200.0,102.44656308762002,0.2,5.19053253868549,3.4608019678481985,0.17590946992626266,-0.08160815483285287,5.102593458537124,1784374615.1572635,None,None,None, None, 1784374615.189962,1.0820399870122623,apf_colreg,crossing,-1.0,1.3140786600047842,0.10703211977871536,-2.153165031897288,29.254982420857434,4.640327648449366,0.08135585077021833,1.1998927539804423,WEBOTS_UNKNOWN,ekf_on_cluster_on,1,1
1784374615.3170002,29.851572275161743,-200.0,106.32747106411303,0.2,5.176494371128585,3.4870797158927265,0.12473447703780138,-0.0961436295255441,5.088493483675297,1784374615.3039188,None,None,None, None, 1784374615.2646046,1.0241244354887624,apf_colreg,crossing,-1.0,1.2712057419205913,0.0,-2.464294684972657,28.976370160162233,4.672156250208647,-0.01132864056994861,1.1829324728532455,WEBOTS_UNKNOWN,ekf_on_cluster_on,1,1
1784374615.4176116,29.952183723449707,-200.0,110.25088672785964,0.2,5.162173110149223,3.513023444010196,0.072560397066046,-0.10677668439146909,5.079594136793709,1784374615.3872643,None,None,None, None, 1784374615.3545768,1.0002558307606344,apf_colreg,crossing,-1.0,1.2116123194742032,0.0,-6.965610657300738,24.995121687330382,4.68987691685999,-0.03800619784808295,1.1734714341917343,WEBOTS_UNKNOWN,ekf_on_cluster_on,1,1
1784374615.517167,30.05173921585083,-46.35536551605666,200.0,0.2,5.149428586879363,3.5384425107449324,0.01955679275278044,-0.09275245757810621,5.0676373672586665,1784374615.5161748,None,None,None, None, 1784374615.4900885,1.068425812539883,apf_colreg,crossing,-1.0,1.1880853116985965,0.0,-7.7636245157004815,25.79504836997062,4.705379731932236,-0.08227408164553578,1.1649778301492253,WEBOTS_UNKNOWN,ekf_on_cluster_on,1,1
1784374615.6180754,30.152647495269775,-39.48995202150501,200.0,0.2,5.137713375817122,3.5610579576256995,-0.030125268436060892,-0.027831185273470824,5.065711660489926,1784374615.5853672,None,None,None, None, 1784374615.5662267,1.024814715103038,apf_colreg,crossing,-1.0,1.1724833999801747,0.0,-8.498896301150893,25.653373341305013,4.724095814741577,-0.10694282056601134,1.1574021240777819,WEBOTS_UNKNOWN,ekf_on_cluster_on,1,1
1784374615.7170684,30.251640558242798,-33.85293443054775,200.0,0.2,5.129298930741669,3.582371872395221,-0.07862185066354344,0.011671392055027542,5.066724240369861,1784374615.6721246,None,None,None, None, 1784374615.7105634,1.0934928837519953,apf_colreg,crossing,-1.0,1.1576614045199107,0.0,-9.138429649489785,25.602895885122557,4.737613420550631,-0.15050333013888081,1.1501837127859602,WEBOTS_UNKNOWN,ekf_on_cluster_on,1,1
1784374615.8180056,30.352577686309814,-51.89935749175234,200.0,0.2,5.145569895684905,3.4465413760663144,0.20273841661779812,0.08971520666598143,5.0792671171685155,1784374615.8119323,3.4444751850800714,0.20708697051615887,5.174626648055265, 1784374615.74475, 1784374615.788912,0.9204805714262924,apf_colreg,crossing,-1.0,1.2172811599721716,0.0,-2.843717226373238,28.901276375812344,4.751263828602258,-0.19451664694697368,1.1439196704053414,WEBOTS_UNKNOWN,ekf_on_cluster_on,1,1
1784374615.920944,30.45551609992981,-51.08984312086747,200.0,0.2,5.145964000519822,3.457722479958249,0.17814500134029143,0.08140757998692003,5.085325506076968,1784374615.8863528,None,None,None, None, 1784374615.9384842,1.0248507391882642,apf_colreg,crossing,-1.0,1.1803675324034508,0.36705687705687384,-5.426793687566797,28.657002656520547,4.603372301561596,0.14459751406920648,1.1386339380323252,WEBOTS_UNKNOWN,ekf_on_cluster_on,1,1
1784374616.0167863,30.551358461380005,-50.008989047152326,200.0,0.2,5.152005324902434,3.4743832872643083,0.14170099575092077,0.10681882068538515,5.094415831766041,1784374615.9714532,None,None,None, None, 1784374616.0152729,0.9734193158767833,apf_colreg,crossing,-1.0,1.15183885491262,0.29358246235755453,-3.044936433070987,28.176237101806976,4.611652030086554,0.12318677609015449,1.1337613969579867,WEBOTS_UNKNOWN,ekf_on_cluster_on,1,1
1784374616.118046,30.652618169784546,-52.4415283244465,200.0,0.2,5.162109228936973,3.494524140391288,0.098555990247847,0.1201795856766139,5.103006588033961,1784374616.124077,None,None,None, None, 1784374616.086949,0.9589169688812968,apf_colreg,crossing,-1.0,1.1268911192509175,0.20805727240860886,-2.897394452110741,28.500768988544518,4.62757989468308,0.09948179539066757,1.1286127379841,WEBOTS_UNKNOWN,ekf_on_cluster_on,1,1
1784374616.219122,30.7536940574646,-53.968753749924815,200.0,0.2,5.170214459143309,3.5167156975983325,0.05243613077347753,0.08432978209533387,5.116339016757383,1784374616.2010345,None,None,None, None, 1784374616.1638327,1.0963997272436927,apf_colreg,crossing,-1.0,1.094665055887834,0.3025861907210275,-6.72429808943777,25.084730381381398,4.64481396936167,0.06583149873752174,1.1243529661928653,WEBOTS_UNKNOWN,ekf_on_cluster_on,1,1
1784374616.3192897,30.853861808776855,-57.891396077716635,200.0,0.2,5.184612681608347,3.53989901507488,0.005171579874464705,0.14377263297925713,5.127855521717429,1784374616.2811368,None,None,None, None, 1784374616.318175,1.0431981537816826,apf_colreg,crossing,-1.0,1.0743388420074065,0.24270668734571246,-6.856865101619856,26.54746456438339,4.661849252137231,0.033917848856199376,1.1189406390141743,WEBOTS_UNKNOWN,ekf_on_cluster_on,1,1
1784374616.4174569,30.95202898979187,-60.44206295445741,200.0,0.2,5.195555853700194,3.564203385875679,-0.042366576418203294,0.09439038328805664,5.135803903202003,1784374616.3653443,None,None,None, None, 1784374616.4104307,0.9933582118037663,apf_colreg,crossing,-1.0,1.0593934748367289,0.2208926941603787,-6.5196521222376855,28.134351175933322,4.681288884208434,0.011458940135732282,1.113952281274177,WEBOTS_UNKNOWN,ekf_on_cluster_on,1,1
1784374616.5192564,31.053828477859497,-62.503360460817575,200.0,0.2,5.2052907892930085,3.5891799232751254,-0.0900174462685257,0.08918847047626617,5.149128724109473,1784374616.514745,None,None,None, None, 1784374616.4962106,0.9012458307538836,apf_colreg,crossing,-1.0,1.047204661130687,0.23996931803612712,-6.206397503632808,28.95958606855111,4.7002812584450036,-0.025521010569995176,1.1080609934326775,WEBOTS_UNKNOWN,ekf_on_cluster_on,1,1
1784374616.6181278,31.152699947357178,-43.63150087397051,200.0,0.2,5.2123585841037565,3.6147165578387828,-0.13767026295212048,0.06977338830134217,5.154978484272158,1784374616.5985844,None,None,None, None, 1784374616.5724595,0.9638168661530903,apf_colreg,crossing,-1.0,1.0455968721252453,0.19156190248440558,-6.07476514462172,29.603293553964846,4.721039459557695,-0.05669170010680099,1.1030528603102205,WEBOTS_UNKNOWN,ekf_on_cluster_on,1,1
1784374616.7172086,31.25178074836731,-47.90714752587044,200.0,0.2,5.2290778119243715,3.640030448556116,-0.18428218110899053,0.1662244969628408,5.1675752795470435,1784374616.6743662,None,None,None, None, 1784374616.7237325,0.982561217983734,apf_colreg,crossing,-1.0,1.0383459351124082,0.2570783392535978,-6.125167603148976,29.837198166319997,4.741653943402901,-0.08518322623077466,1.0958323810469568,WEBOTS_UNKNOWN,ekf_on_cluster_on,1,1
1784374616.8204272,31.35499930381775,-72.41592225402809,200.0,0.2,5.258400201905172,3.5154131379932934,0.07609776978535915,0.1123200767314196,5.176609267118145,1784374616.754797,3.513421502175095,0.08014420917429191,5.2890056908321395, 1784374616.751802, 1784374616.8083808,0.950574584601264,apf_colreg,crossing,-1.0,1.0353955598554971,2.38878416976702,-2.0273435703289286,29.606550216150747,4.617412359139499,0.2098635683225752,1.0903707219319583,WEBOTS_UNKNOWN,ekf_on_cluster_on,1,1
1784374616.9598405,31.494412660598755,-75.23251852469787,200.0,0.2,5.268965625107136,3.531693463485766,0.049358357940771924,0.1050690007240596,5.192931182105417,1784374616.9101417,None,None,None, None, 1784374616.9478295,1.0141194526693535,apf_colreg,crossing,-1.0,1.0147510323181133,1.6836560891724177,-4.461446110075379,25.83068352039648,4.617412359139499,0.2098635683225752,1.0903707219319583,WEBOTS_UNKNOWN,ekf_on_cluster_on,1,1
1784374617.0183322,31.5529043674469,-78.64919178870582,200.0,0.2,5.282445346385765,3.5551298528435495,0.011746110563741752,0.12709032053126407,5.2024986867232,1784374616.9854228,None,None,None, None, 1784374617.0303528,1.0551326918028814,apf_colreg,crossing,-1.0,1.0093496437184186,1.18968715998667,-4.288278760489826,28.22573270976317,4.617412359139499,0.2098635683225752,1.0903707219319583,WEBOTS_UNKNOWN,ekf_on_cluster_on,1,1
1784374617.1176841,31.65225625038147,-80.8984178837001,200.0,0.2,5.293418334128262,3.582952405211328,-0.0315111396379919,0.08979944846273126,5.210627431324496,1784374617.075944,None,None,None, None, 1784374617.1087172,1.044365483916868,apf_colreg,crossing,-1.0,1.010829613360114,0.8948785421049332,-2.634010342305243,30.01591984129408,4.647797002492098,0.17925988783342864,1.0772817754301822,WEBOTS_UNKNOWN,ekf_on_cluster_on,1,1
1784374617.2348557,31.76942777633667,-67.49096625150834,200.0,0.2,5.303960864783045,3.6128679475698604,-0.07701808495059836,0.09197319764168364,5.216878524091761,1784374617.2528613,None,None,None, None, 1784374617.2662535,1.0482688671738067,apf_colreg,crossing,-1.0,1.014012553509388,0.6967476522914934,-1.9094605381022707,30.427368877037658,4.6935820880610155,0.13087361829004399,1.0637704706240556,WEBOTS_UNKNOWN,ekf_on_cluster_on,1,1
1784374617.317915,31.852487087249756,-69.18819370314591,200.0,0.2,5.314001134104794,3.643304596389882,-0.12234624724026588,0.0922013075046302,5.226923935224171,1784374617.3264465,None,None,None, None, 1784374617.2662535,1.0482688671738067,apf_colreg,crossing,-1.0,1.028442119324826,0.4936076168272314,-1.7813921599453,30.65163911117369,4.6935820880610155,0.13087361829004399,1.0637704706240556,WEBOTS_UNKNOWN,ekf_on_cluster_on,1,1
1784374617.417042,31.951614141464233,-70.20193235291515,200.0,0.2,5.322269340999973,3.6742647219554527,-0.16750328166516582,0.07838375456089158,5.237959807162241,1784374617.393654,None,None,None, None, 1784374617.4098492,1.026121554877707,apf_colreg,crossing,-1.0,1.0346445607773187,0.3609401863528903,-1.906184063798516,30.839758667171544,4.720536303971974,0.10441900343485688,1.0553796653803806,WEBOTS_UNKNOWN,ekf_on_cluster_on,1,1
1784374617.5172493,32.05182147026062,-75.53477444518971,200.0,0.2,5.342230175411236,3.7056300359744228,-0.2125196713963522,0.18716261026137662,5.252103571684569,1784374617.4692235,None,None,None, None, 1784374617.4997292,1.0882195263311953,apf_colreg,crossing,-1.0,1.0492195660199704,0.23470762553199773,-2.066020068850696,31.019456371263125,4.747932706542961,0.07179645127189684,1.0488150837886203,WEBOTS_UNKNOWN,ekf_on_cluster_on,1,1
1784374617.6168916,32.151463747024536,-79.99276978883367,200.0,0.2,5.359914714001861,3.7382933952252477,-0.2570696535214392,0.13467192888582824,5.269968592093234,1784374617.6018794,None,None,None, None, 1784374617.5788302,0.9159428908132037,apf_colreg,crossing,-1.0,1.0384230634881788,0.19367482013067014,-5.486915315393605,27.600218916428418,4.747932706542961,0.07179645127189684,1.0488150837886203,WEBOTS_UNKNOWN,ekf_on_cluster_on,1,1
1784374617.7178924,32.25246453285217,-83.22817516638665,200.0,0.2,5.374332519418457,3.771999362255439,-0.30135884610466235,0.10420122713743993,5.2768574734127975,1784374617.6679907,None,None,None, None, 1784374617.7178924,1.0080160365326898,apf_colreg,crossing,-1.0,1.055404763008243,0.15730851975651808,-6.737142118067286,28.361663997089344,4.7935330667448595,0.04480058692907796,1.033243509381721,WEBOTS_UNKNOWN,ekf_on_cluster_on,1,1
1784374617.8199434,32.35451555252075,-100.81540887548852,200.0,0.2,5.391988731174374,3.5958271579794574,-0.04157473285730662,0.11555139325686926,5.284698557629533,1784374617.8229427,3.5930446191101537,-0.03756113198284497,5.397467010502938, 1784374617.758384, 1784374617.8073568,1.0521626995772522,apf_colreg,crossing,-1.0,1.1118284222986197,2.636728662633107,0.9643805919943894,26.625143795208103,4.821101479065398,0.020439627011554776,1.0283748003497326,WEBOTS_UNKNOWN,ekf_on_cluster_on,1,1
1784374617.9179387,32.452510833740234,-120.99313855222351,200.0,0.2,5.406117240529182,3.616715549750399,-0.06730332103918535,0.12682740040556062,5.295033001827333,1784374617.904427,None,None,None, None, 1784374617.899419,1.0123463777722654,apf_colreg,crossing,-1.0,1.1018109243021337,1.4039267976051095,-3.0987784710980195,27.77088391884627,4.624086615177751,0.3389837763400278,1.0209223825234222,WEBOTS_UNKNOWN,ekf_on_cluster_on,1,1
1784374618.0365188,32.57109093666077,-123.62983153020632,200.0,0.2,5.417830626341514,3.6480816410444463,-0.10474750626936302,0.08103650615331476,5.302088211885897,1784374617.9914892,None,None,None, None, 1784374617.9894824,0.9233021426073813,apf_colreg,crossing,-1.0,1.113690106061664,0.7357176108156287,0.7016791070908532,30.466955439529865,4.640917342792444,0.3250165500637955,1.012613668624675,WEBOTS_UNKNOWN,ekf_on_cluster_on,1,1
1784374618.155773,32.69034504890442,-127.37504621138932,200.0,0.2,5.433758170351775,3.6849861009623535,-0.14786653535031746,0.12811429798243001,5.322750963917954,1784374618.152773,None,None,None, None, 1784374618.167245,0.9833654062605531,apf_colreg,crossing,-1.0,1.1309361112405696,0.3425896038157244,1.9022356872874924,30.52228281306027,4.666686090244496,0.3110062693439397,1.0025637552000282,WEBOTS_UNKNOWN,ekf_on_cluster_on,1,1
1784374618.2869058,32.82147789001465,-129.71974806924877,200.0,0.2,5.445309199929326,3.72463873110768,-0.19260089205428788,0.07339614512394954,5.330133653980152,1784374618.2533598,None,None,None, None, 1784374618.2623594,1.0034351166702258,apf_colreg,crossing,-1.0,1.1332425278533362,0.12001634643898092,-2.102550755760988,27.882501405427334,4.691756870271641,0.306035997685162,0.9939925030215986,WEBOTS_UNKNOWN,ekf_on_cluster_on,1,1
1784374618.405099,32.9396710395813,-131.64291030906668,200.0,0.2,5.455565223347742,3.7654357147273014,-0.23769391169404397,0.072213582611322,5.337796003123102,1784374618.3594666,None,None,None, None, 1784374618.3690522,1.0719355759590683,apf_colreg,crossing,-1.0,1.124894858098255,0.0,-1.7979012233037204,29.624970453078564,4.691756870271641,0.306035997685162,0.9939925030215986,WEBOTS_UNKNOWN,ekf_on_cluster_on,1,1
1784374618.499492,33.034064054489136,-137.1583143444004,200.0,0.2,5.478130664991517,3.806947821323609,-0.28270726835350857,0.18704557731559016,5.356531046092892,1784374618.4596295,None,None,None, None, 1784374618.4666257,1.0746800561105272,apf_colreg,crossing,-1.0,1.1641778016478537,0.0,-0.840754322224512,30.76460451159212,4.746380593694397,0.27521261460208307,0.9740112207031884,WEBOTS_UNKNOWN,ekf_on_cluster_on,1,1
1784374618.5586832,33.093255281448364,-200.0,-76.44836310559661,0.2,5.492729860026415,3.85005872880187,-0.32699225534571585,0.08130431514799888,5.36438388439684,1784374618.5562153,None,None,None, None, 1784374618.5702088,1.0042017880457588,apf_colreg,crossing,-1.0,1.1865322298314533,0.0,0.2044006705489232,31.476041666186443,4.773364597053264,0.25739447994088344,0.9661049817116388,WEBOTS_UNKNOWN,ekf_on_cluster_on,1,1
1784374618.667858,33.20243000984192,-200.0,-92.09804768269137,0.2,5.509217848170129,3.8864261621136498,-0.362793419532184,0.04670978750668216,5.367526009148801,1784374618.6234844,None,None,None, None, 1784374618.6648593,1.045072091348982,apf_colreg,crossing,-1.0,1.2099018707183695,0.0,-1.7482908579562855,30.87124226169176,4.815673005142217,0.23325862532276243,0.9564342752451427,WEBOTS_UNKNOWN,ekf_on_cluster_on,1,1
1784374618.7671869,33.301759004592896,-200.0,-102.67719492098409,0.2,5.519662723519017,3.9207305201475346,-0.39531350928282705,-0.024483889628092788,5.365657079276553,1784374618.6998174,None,None,None, None, 1784374618.7456617,0.9675208975228143,apf_colreg,crossing,-1.0,1.234233994490812,0.0,-2.2095223462558264,30.827874660332636,4.829099618184645,0.24681265529084842,0.9471971577974478,WEBOTS_UNKNOWN,ekf_on_cluster_on,1,1
1784374618.8646564,33.39922857284546,-200.0,-71.48316675533995,0.2,5.505787742669753,3.698570956823944,-0.16158186710763345,-0.08562837366752034,5.357176422041561,1784374618.8751683,3.6951978620756587,-0.15808618136468003,5.4748666949952, 1784374618.769273, 1784374618.840121,1.0749860427389517,apf_colreg,crossing,-1.0,1.3598281218062274,0.0,0.402272148751067,29.774015547269997,4.841679972006442,0.2518616988248044,0.9414071854009942,WEBOTS_UNKNOWN,ekf_on_cluster_on,1,1
1784374618.9494777,33.484049797058105,-200.0,-71.68531975748495,0.2,5.504577567262073,3.7101117254173053,-0.1727138676541825,-0.1324792075554285,5.337222405962537,1784374618.9494777,None,None,None, None, 1784374618.924363,1.0922697170810247,apf_colreg,crossing,-1.0,1.3722767554921924,0.0,3.0070914053831945,30.03032326401341,4.598216877686313,0.5042966010019404,0.9328438657740454,WEBOTS_UNKNOWN,ekf_on_cluster_on,1,1
1784374619.0387154,33.57328748703003,-200.0,-68.11012437811951,0.2,5.497373752927827,3.7298897566328515,-0.191983586016514,-0.1324792075554285,5.310726564451452,1784374619.0492396,None,None,None, None, 1784374618.995577,1.0894945781695538,apf_colreg,crossing,-1.0,1.3314103892606053,0.0,-1.0280790427776654,28.940575795581644,4.598216877686313,0.5042966010019404,0.9328438657740454,WEBOTS_UNKNOWN,ekf_on_cluster_on,1,1
1784374619.212148,33.7467200756073,-200.0,-12.060569963574075,0.2,5.48586869298424,3.755555861193894,-0.2174587110093804,-0.14460811411204086,5.27921076217716,1784374619.2517388,None,None,None, None, 1784374619.2111473,0.9160362210483922,apf_colreg,crossing,-1.0,1.3648810511437008,0.0,2.1044795806640293,30.542238340764925,4.62222100169496,0.511797323908253,0.9258324215268642,WEBOTS_UNKNOWN,ekf_on_cluster_on,1,1
1784374619.3769205,33.911492586135864,-200.0,-7.832337980264382,0.2,5.477034609212963,3.7855636951823053,-0.2480690970082433,-0.09700799210602123,5.260732819211341,1784374619.3578956,None,None,None, None, 1784374619.3228638,1.0782986036115279,apf_colreg,crossing,-1.0,1.4083579969438584,0.0,2.6209032479653525,28.09398652450819,4.634408564331538,0.5268879021821293,0.9183370067370962,WEBOTS_UNKNOWN,ekf_on_cluster_on,1,1
1784374619.5067496,34.041321754455566,-200.0,4.583839311896814,0.2,5.460584127751618,3.817753591200095,-0.2814416943146236,-0.16945440104723683,5.243412554069816,1784374619.4601076,None,None,None, None, 1784374619.5187702,0.9206916974058283,apf_colreg,crossing,-1.0,1.359563581155748,0.0,1.8891586273912582,28.359645481155216,4.634408564331538,0.5268879021821293,0.9183370067370962,WEBOTS_UNKNOWN,ekf_on_cluster_on,1,1
1784374619.5658033,34.10037541389465,-200.0,11.633988730660532,0.2,5.439957636620295,3.8505814744942324,-0.3168077696603778,-0.1831792674617232,5.23028513398482,1784374619.531772,None,None,None, None, 1784374619.5187702,0.9206916974058283,apf_colreg,crossing,-1.0,1.363918805993771,0.0,1.0152758837007267,28.63073950260441,4.634408564331538,0.5268879021821293,0.9183370067370962,WEBOTS_UNKNOWN,ekf_on_cluster_on,1,1
1784374619.6601548,34.19472694396973,-200.0,16.324272776052982,0.2,5.424557929558565,3.883307060282947,-0.35370658406396416,-0.12070210555956294,5.217691815281714,1784374619.6361058,None,None,None, None, 1784374619.6281004,0.9441087075149893,apf_colreg,crossing,-1.0,1.3989760591330425,0.0,-2.3313161907333697,31.011579289448516,4.700884431039763,0.4770934122848239,0.9153065236208617,WEBOTS_UNKNOWN,ekf_on_cluster_on,1,1
1784374619.733686,34.2682580947876,-200.0,20.47166947420753,0.2,5.4102899680879535,3.9159220081463353,-0.39153891061855717,-0.12070210555956294,5.193551394169802,1784374619.7442014,None,None,None, None, 1784374619.7266893,0.9834007914728143,apf_colreg,crossing,-1.0,1.4098663809381669,0.0,-1.96057667580204,31.562932996004196,4.700884431039763,0.4770934122848239,0.9153065236208617,WEBOTS_UNKNOWN,ekf_on_cluster_on,1,1
1784374619.8134615,34.34803366661072,-200.0,4.685893650820913,0.2,5.3790236991185925,3.7853906877670327,-0.260228728138614,-0.11301711017205408,5.181334736647489,1784374619.8384845,3.782641807418508,-0.25736164014205365,5.342131794478316, 1784374619.776274, 1784374619.8384845,1.0587705840438562,apf_colreg,crossing,-1.0,1.4672300291862495,0.0,-4.684684368963602,28.025736971536592,4.757401072775715,0.4355966324077111,0.9211682039007091,WEBOTS_UNKNOWN,ekf_on_cluster_on,1,1
1784374619.882556,34.41712808609009,-200.0,6.473171113238739,0.2,5.371338916030173,3.8060955315208247,-0.2865031115841159,-0.09264419842339752,5.172599954057832,1784374619.8384845,None,None,None, None, 1784374619.8384845,1.0587705840438562,apf_colreg,crossing,-1.0,1.4731983417097205,0.0,-1.5928182005699703,30.692242343677247,4.757401072775715,0.4355966324077111,0.9211682039007091,WEBOTS_UNKNOWN,ekf_on_cluster_on,1,1
1784374619.9913971,34.52596926689148,-200.0,9.559687217868117,0.2,5.359748700720343,3.831785564756111,-0.31953290511393995,-0.13498878374003104,5.159344140871836,1784374620.0289607,None,None,None, None, 1784374620.044021,1.0261504400991888,apf_colreg,crossing,-1.0,1.4893295087379965,0.0,-1.4926812090005055,30.76426797165665,4.655746130273798,0.5355111541115312,0.9262783657895084,WEBOTS_UNKNOWN,ekf_on_cluster_on,1,1
1784374620.0907078,34.625279903411865,-200.0,13.630871420652435,0.2,5.345362638206503,3.859827423158297,-0.3565428077097703,-0.14414178030953861,5.146043196966563,1784374620.0289607,None,None,None, None, 1784374620.044021,1.0261504400991888,apf_colreg,crossing,-1.0,1.4429339514682773,0.0,-5.96905778784139,26.85131402732297,4.655746130273798,0.5355111541115312,0.9262783657895084,WEBOTS_UNKNOWN,ekf_on_cluster_on,1,1
1784374620.2079313,34.74250340461731,-200.0,17.049912421604333,0.2,5.332203819502545,3.888621560888559,-0.3957890354247986,-0.11964484687245527,5.126128509053788,1784374620.195409,None,None,None, None, 1784374620.214937,1.0827683089577458,apf_colreg,crossing,-1.0,1.4749831880695157,0.0,-6.853919579807813,29.087962907844926,4.702257465010897,0.5170445652008031,0.9401329310325169,WEBOTS_UNKNOWN,ekf_on_cluster_on,1,1
1784374620.3517401,34.88631224632263,-200.0,34.80061575088814,0.2,5.2847260715508275,3.9175349495567104,-0.43626712793235356,-0.42993427306143106,5.092309669271534,1784374620.2740695,None,None,None, None, 1784374620.3124862,1.0800413128575936,apf_colreg,crossing,-1.0,1.4972189734369994,0.0,-7.144634062532826,30.657683567986673,4.716839493783473,0.507174683563805,0.9521857123072522,WEBOTS_UNKNOWN,ekf_on_cluster_on,1,1
1784374620.4653487,34.99992084503174,112.46412099223468,200.0,0.2,5.259293996005248,3.944611702479443,-0.4794452724022549,-0.13092704999365343,5.067397156292007,1784374620.4643474,None,None,None, None, 1784374620.4187512,1.0109811001201103,apf_colreg,crossing,-1.0,1.516605430610662,0.0,-8.629177464007594,30.35905448028203,4.77946573490482,0.4587703284708267,0.9587542244207972,WEBOTS_UNKNOWN,ekf_on_cluster_on,1,1
1784374620.581384,35.11595606803894,148.46420883797478,200.0,0.2,5.239515057604054,3.9680115617075304,-0.5195383841012806,-0.03165400859090493,5.064453811000747,1784374620.5573323,None,None,None, None, 1784374620.5833774,1.0217233265197503,apf_colreg,crossing,-1.0,1.5305973316343902,0.0,-10.335865340871795,28.414197457982254,4.807412723621988,0.43877026807432157,0.9727593413816162,WEBOTS_UNKNOWN,ekf_on_cluster_on,1,1
1784374620.673901,35.208473205566406,174.77143744010672,200.0,0.2,5.228030694420816,3.988994650277446,-0.5571762644522388,0.040721635023500825,5.0673764979112095,1784374620.6291046,None,None,None, None, 1784374620.6653695,1.0186727450603232,apf_colreg,crossing,-1.0,1.5524121255360648,0.0,-11.199350370779392,28.228083845167,4.807412723621988,0.43877026807432157,0.9727593413816162,WEBOTS_UNKNOWN,ekf_on_cluster_on,1,1
1784374620.7159767,35.25054883956909,192.90670222783467,200.0,0.2,5.225984997383228,4.008332497337073,-0.5926079227677602,0.10451827402503958,5.075564988397224,1784374620.7074497,None,None,None, None, 1784374620.6653695,1.0186727450603232,apf_colreg,crossing,-1.0,1.5739484401058565,0.0,-11.60223849893029,28.302812456813946,4.807412723621988,0.43877026807432157,0.9727593413816162,WEBOTS_UNKNOWN,ekf_on_cluster_on,1,1
1784374620.7970386,35.331610679626465,60.88379483675601,200.0,0.2,5.241393570457704,3.8600226393219548,-0.3673130634391056,0.11932299977101195,5.084449213515978,1784374620.781905,3.8577690851313986,-0.36381378217423105,5.266114489810502, 1784374620.783872, 1784374620.7587652,1.0454385949674279,apf_colreg,crossing,-1.0,1.5625152721747264,0.0,-3.8589672580714156,30.892389969753452,4.888027411332443,0.35229520697669414,1.0029735306794896,WEBOTS_UNKNOWN,ekf_on_cluster_on,1,1
1784374620.886323,35.42089509963989,66.9127418760101,200.0,0.2,5.2443708433942176,3.8679861811355134,-0.38118473237033834,0.12551904722830665,5.0932128544794075,1784374620.8517241,None,None,None, None, 1784374620.8386753,1.0521331127509035,apf_colreg,crossing,-1.0,1.5304951422523299,0.0,-6.497750274627688,26.43798978946443,4.726093344453528,0.6118782446112517,1.018264927406392,WEBOTS_UNKNOWN,ekf_on_cluster_on,1,1
1784374620.9681063,35.50267839431763,72.6917708555342,200.0,0.2,5.255911724991318,3.8819282344010264,-0.4051616943378944,0.16601337585062606,5.108289132894492,1784374620.9425378,None,None,None, None, 1784374620.9184744,1.0775758205195947,apf_colreg,crossing,-1.0,1.5408352939021897,0.0,-6.498949500191938,29.42718680314382,4.749326620147183,0.5910276302777757,1.0291220578167437,WEBOTS_UNKNOWN,ekf_on_cluster_on,1,1
1784374621.0445662,35.57913827896118,83.8101596436649,200.0,0.2,5.266693942226521,3.900519009901935,-0.43609331056680256,0.12188115757062595,5.117785555703911,1784374621.0204532,None,None,None, None, 1784374621.0069325,0.9261347827558803,apf_colreg,crossing,-1.0,1.5629139595235477,0.0,-4.883282109076632,29.96110796097738,4.749326620147183,0.5910276302777757,1.0291220578167437,WEBOTS_UNKNOWN,ekf_on_cluster_on,1,1
1784374621.1268198,35.66139197349548,74.56143755350126,200.0,0.2,5.275877181020943,3.9218704352646614,-0.4707933169584617,0.1061107660863904,5.127527153788065,1784374621.1122591,None,None,None, None, 1784374621.1031919,0.9800988832849848,apf_colreg,crossing,-1.0,1.57880943814406,0.0,-4.439613183983772,30.152632875134415,4.749326620147183,0.5910276302777757,1.0291220578167437,WEBOTS_UNKNOWN,ekf_on_cluster_on,1,1
1784374621.2180946,35.75266671180725,90.76527518682735,200.0,0.2,5.287253779473889,3.9449739931056675,-0.5076377374737806,0.12937523549369956,5.14095461428299,1784374621.216046,None,None,None, None, 1784374621.216046,0.9511883885879582,apf_colreg,crossing,-1.0,1.6069575328075378,0.0,-4.181284624596303,30.393423701031207,4.79871059233957,0.564701344651031,1.0659127611040566,WEBOTS_UNKNOWN,ekf_on_cluster_on,1,1
1784374621.3179505,35.85252261161804,107.5868619443002,200.0,0.2,5.299163984362492,3.9689079047963403,-0.544829537055628,0.12988572534470635,5.151514450248211,1784374621.297347,None,None,None, None, 1784374621.306364,0.9706340316065761,apf_colreg,crossing,-1.0,1.6251890407789933,0.0,-3.906353141530013,30.64099960223851,4.79871059233957,0.564701344651031,1.0659127611040566,WEBOTS_UNKNOWN,ekf_on_cluster_on,1,1
1784374621.4170427,35.95161485671997,125.83890187219389,200.0,0.2,5.3092474704799795,3.99311624710719,-0.58148275393836,0.11305961012460268,5.160624388859463,1784374621.3779235,None,None,None, None, 1784374621.3864632,1.0919874669508378,apf_colreg,crossing,-1.0,1.604207279238398,0.0,-6.397951311997042,27.3460801064127,4.850710765520652,0.5462154983647568,1.1052177416607973,WEBOTS_UNKNOWN,ekf_on_cluster_on,1,1
1784374621.517996,36.052568197250366,142.79682714457206,200.0,0.2,5.320957413494815,4.0171669819743805,-0.6171850822203968,0.1344144902115877,5.173646138705358,1784374621.474801,None,None,None, None, 1784374621.486866,0.9499000066077871,apf_colreg,crossing,-1.0,1.6227592484483642,0.0,-6.338600837370139,28.02120507355891,4.875288934690478,0.5296506070668576,1.1243521023958583,WEBOTS_UNKNOWN,ekf_on_cluster_on,1,1
1784374621.6200068,36.15457892417908,150.6904961970976,200.0,0.2,5.348330491953113,4.040985296481847,-0.6516582108676223,0.27166243905769943,5.1949283830390485,1784374621.6315093,None,None,None, None, 1784374621.5793054,1.0238843872843413,apf_colreg,crossing,-1.0,1.639968222681169,0.0,-5.982068481516055,28.7947280769481,4.875288934690478,0.5296506070668576,1.1243521023958583,WEBOTS_UNKNOWN,ekf_on_cluster_on,1,1
1784374621.7190855,36.253657579422,165.22980451982062,200.0,0.2,5.363041938837919,4.065371379814966,-0.6845860835965274,0.11811326472909489,5.204184620969503,1784374621.7335963,None,None,None, None, 1784374621.6625767,0.9208758144435315,apf_colreg,crossing,-1.0,1.7045216660519655,0.0,-2.5610448049969765,33.01473073052975,4.906155567633541,0.5148791829017775,1.162697342002214,WEBOTS_UNKNOWN,ekf_on_cluster_on,1,1
1784374621.849429,36.38400101661682,-17.78229800373762,200.0,0.2,5.387820385299675,3.925439277203991,-0.46458089819946075,0.1419716150523077,5.235123016842031,1784374621.849429,3.9237109060316566,-0.4619276682260131,5.407322841090941, 1784374621.796785, 1784374621.849429,1.066179330586394,apf_colreg,crossing,-1.0,1.6470366293180112,0.0,0.01078267223561502,31.930245449494294,4.906155567633541,0.5148791829017775,1.162697342002214,WEBOTS_UNKNOWN,ekf_on_cluster_on,1,1
1784374621.9303024,36.464874505996704,-16.696072645240413,200.0,0.2,5.400144146888366,3.9399445575530407,-0.482707024567933,0.1419716150523077,5.263517339852492,1784374621.9483643,None,None,None, None, 1784374621.941362,0.9281725367432677,apf_colreg,crossing,-1.0,1.659127573248106,0.0,-4.703798471935592,29.204185489299466,4.770419328901126,0.7797631733326214,1.2034960363842095,WEBOTS_UNKNOWN,ekf_on_cluster_on,1,1
1784374622.074919,36.60949110984802,-11.781224645999353,200.0,0.2,5.412441145734909,3.962594219160465,-0.5102657236874109,0.12032233167620807,5.290287778059226,1784374622.0719182,None,None,None, None, 1784374622.0719182,1.0543411487707663,apf_colreg,crossing,-1.0,1.6681156747866792,0.0,-1.19078366006579,30.820966184709768,4.770419328901126,0.7797631733326214,1.2034960363842095,WEBOTS_UNKNOWN,ekf_on_cluster_on,1,1
1784374622.1513455,36.6859176158905,-3.860879885258014,200.0,0.2,5.424867086338935,3.990503410766081,-0.5434231728538776,0.12032233167620807,5.314352244394468,1784374622.176865,None,None,None, None, 1784374622.1758623,0.9195250395260482,apf_colreg,crossing,-1.0,1.731323646700522,0.0,-1.5074175263477456,31.121629141958685,4.810870460800547,0.7672886206372687,1.246481739376051,WEBOTS_UNKNOWN,ekf_on_cluster_on,1,1
1784374622.2898288,36.824400901794434,21.114419008384374,200.0,0.2,5.434880452239121,4.0211309702094695,-0.578936152231897,0.09819114692771536,5.334865660098164,1784374622.2808313,None,None,None, None, 1784374622.2718284,1.0228779007784017,apf_colreg,crossing,-1.0,1.6994522446147284,0.0,-5.309185208758761,27.099777556038134,4.810870460800547,0.7672886206372687,1.246481739376051,WEBOTS_UNKNOWN,ekf_on_cluster_on,1,1
1784374622.3546138,36.88918590545654,46.66897204733226,200.0,0.2,5.4438895986863995,4.052685916593687,-0.6148897084537914,0.09819114692771536,5.354503889483707,1784374622.3821738,None,None,None, None, 1784374622.3781726,1.0879315102053193,apf_colreg,crossing,-1.0,1.7552408152958228,0.0,-5.20456466432411,27.24765168677675,4.870556555346783,0.732844170802836,1.295244057052312,WEBOTS_UNKNOWN,ekf_on_cluster_on,1,1
1784374622.4723847,37.006956815719604,-12.757811261649081,200.0,0.2,5.45367591415531,4.084333226334537,-0.6503688485862336,0.11157186644324038,5.3748144825883095,1784374622.4628718,None,None,None, None, 1784374622.4638734,0.9651923682294887,apf_colreg,crossing,-1.0,1.7921261042261505,0.0,-4.785345717525942,27.324273528013787,4.907198505535367,0.7229276574713811,1.312136664716609,WEBOTS_UNKNOWN,ekf_on_cluster_on,1,1
1784374622.5722077,37.10677981376648,-5.753541205725725,200.0,0.2,5.472169159236099,4.117396987220143,-0.6866668372453395,0.18303409292308748,5.392170870380946,1784374622.5576978,None,None,None, None, 1784374622.5526881,0.9736939428336041,apf_colreg,crossing,-1.0,1.8341853654163498,0.0,-3.783066045020364,27.83141949281722,4.938866076361868,0.7297692845160101,1.3354943171780644,WEBOTS_UNKNOWN,ekf_on_cluster_on,1,1
1784374622.6903656,37.22493767738342,15.145404306420737,200.0,0.2,5.486400531487802,4.151449382527385,-0.7224641365606637,0.12080218286417271,5.404930734584863,1784374622.6633239,None,None,None, None, 1784374622.6533225,1.0938701108291335,apf_colreg,crossing,-1.0,1.8499996407760955,0.0,-3.0130617430921367,31.471701427917708,4.938866076361868,0.7297692845160101,1.3354943171780644,WEBOTS_UNKNOWN,ekf_on_cluster_on,1,1
1784374622.7349806,37.26955270767212,37.9961214590921,200.0,0.2,5.499737429674281,4.185666753098737,-0.7574988403751348,0.12080218286417271,5.429091171157698,1784374622.6633239,None,None,None, None, 1784374622.7249014,0.9173069429120057,apf_colreg,crossing,-1.0,1.8662288024879472,0.0,-0.010091004301754136,32.653708077226106,4.938866076361868,0.7297692845160101,1.3354943171780644,WEBOTS_UNKNOWN,ekf_on_cluster_on,1,1
1784374622.8172612,37.35183334350586,-70.15191554306546,200.0,0.2,5.521930389319981,4.010895945244992,-0.5623506853663985,0.11500874417607278,5.440268338893936,1784374622.7605093,4.008205238799655,-0.5593981738003762,5.541260278334388, 1784374622.807225, 1784374622.7997005,0.9996791608080531,apf_colreg,crossing,-1.0,1.8960089178042094,0.0,4.2257917651692924,32.07352111580687,5.003505354941193,0.6107790356679823,1.3851206228499213,WEBOTS_UNKNOWN,ekf_on_cluster_on,1,1
1784374622.9181774,37.452749490737915,-68.40650989698571,200.0,0.2,5.532135655840949,4.03281881586328,-0.5832444491663438,0.11325976400199793,5.45721270495626,1784374622.9101155,None,None,None, None, 1784374622.8794904,0.9310468257508163,apf_colreg,crossing,-1.0,1.8776352964158232,0.0,1.8561554223244074,31.49986605579168,4.806309220571542,0.8603439061369602,1.4098063205281928,WEBOTS_UNKNOWN,ekf_on_cluster_on,1,1
1784374623.019391,37.55396318435669,-64.12364279847856,200.0,0.2,5.543130427251523,4.064431241506078,-0.6127393071547829,0.1061714559899064,5.464891529265954,1784374622.9824402,None,None,None, None, 1784374622.9647875,1.005619644477808,apf_colreg,crossing,-1.0,1.8649800844277498,0.0,-1.2758426507775322,26.631591404489775,4.830545454378523,0.874352909460847,1.434642977633715,WEBOTS_UNKNOWN,ekf_on_cluster_on,1,1
1784374623.1188502,37.653422355651855,-59.53433167148655,200.0,0.2,5.553966367509713,4.101347168042054,-0.6464421509720921,0.10079403815017916,5.474033683754383,1784374623.0731416,None,None,None, None, 1784374623.1063232,1.0776144242923562,apf_colreg,crossing,-1.0,1.9099718615299583,0.0,-0.8263818495870976,26.752573926613522,4.860444465224052,0.8762473184408922,1.4542440469928388,WEBOTS_UNKNOWN,ekf_on_cluster_on,1,1
1784374623.2173977,37.75196981430054,-53.315116740332286,200.0,0.2,5.568606591372883,4.14051209524883,-0.6814565531051215,0.13606915221216503,5.4872355549461185,1784374623.1701648,None,None,None, None, 1784374623.1918674,0.9005326924118713,apf_colreg,crossing,-1.0,1.9226277068134006,0.0,3.116539697558877,27.64156801610804,4.860444465224052,0.8762473184408922,1.4542440469928388,WEBOTS_UNKNOWN,ekf_on_cluster_on,1,1
1784374623.3167605,37.851332664489746,-47.53469279198381,200.0,0.2,5.587622814235417,4.180632966627538,-0.7162067899765674,0.1645977652179965,5.509904683330779,1784374623.3078892,None,None,None, None, 1784374623.3319225,1.0078014231009156,apf_colreg,crossing,-1.0,1.9652538668981308,0.0,4.306049081059456,30.20787460872072,4.931143565069959,0.7866688019421674,1.5051602315220178,WEBOTS_UNKNOWN,ekf_on_cluster_on,1,1
1784374623.4179783,37.952550411224365,-39.291940076972196,200.0,0.2,5.603572001325005,4.22133995360083,-0.750021028394265,0.1233226962086495,5.52051757575932,1784374623.3939471,None,None,None, None, 1784374623.4064639,0.9215985158756145,apf_colreg,crossing,-1.0,1.991864118612711,0.0,4.942401459249874,31.249895765652454,4.953981095039809,0.7976860886489983,1.5327487691134485,WEBOTS_UNKNOWN,ekf_on_cluster_on,1,1
1784374623.5189245,38.05349659919739,-28.541256367938153,200.0,0.2,5.617273126876497,4.262148881449576,-0.7829003789821893,0.11048779217150177,5.530672680473017,1784374623.4858587,None,None,None, None, 1784374623.4908555,0.9082338357107176,apf_colreg,crossing,-1.0,2.017006426166489,0.0,5.936437013581013,32.00474967838018,4.9812515256287995,0.801230258044303,1.5543211336692035,WEBOTS_UNKNOWN,ekf_on_cluster_on,1,1
1784374623.617425,38.151997089385986,-14.380888635479645,200.0,0.2,5.627578129022713,4.3027857403783685,-0.814814833963851,0.08978203234981719,5.538785100018205,1784374623.5762155,None,None,None, None, 1784374623.5792227,0.9409107397877606,apf_colreg,being_overtaken,-1.0,0.7563002803811243,6.2603368683469585,6.055116102209094,33.25198266737714,5.025265465971146,0.7232481503675824,1.5803039837793473,WEBOTS_UNKNOWN,ekf_on_cluster_on,1,1
1784374623.716721,38.25129318237305,11.583358749749689,200.0,0.2,5.637045412446656,4.342959017469408,-0.8458133036812683,0.09562477443374266,5.547567213656469,1784374623.6680548,None,None,None, None, 1784374623.676582,1.0874255586508643,apf_colreg,being_overtaken,-1.0,0.7506011758866947,6.202395745541969,2.6200554474788635,28.730952469275284,5.025265465971146,0.7232481503675824,1.5803039837793473,WEBOTS_UNKNOWN,ekf_on_cluster_on,1,1
1784374623.8176363,38.352208375930786,-200.0,-88.56679607463825,0.2,5.654840310285388,4.11798559337055,-0.6563969973273229,0.14458633505982169,5.567387515501625,1784374623.8051376,4.114493386043893,-0.6535004063868459,5.661785857449734, 1784374623.811137, 1784374623.8131359,0.914089328148492,apf_colreg,being_overtaken,-1.0,1.2130439930193324,5.970216829978782,7.885089589838772,29.993073039828637,5.10141250818512,0.7265431998523184,1.6285207366719936,WEBOTS_UNKNOWN,ekf_on_cluster_on,1,1
1784374623.9192371,38.45380926132202,-200.0,-104.1117714164822,0.2,5.671856989303451,4.135807281292543,-0.6690503252744242,0.05610471147113376,5.572208452334641,1784374623.8910651,None,None,None, None, 1784374623.9005866,0.9893412225114739,apf_colreg,crossing,-1.0,2.0585535443762835,0.0,6.311727008182922,26.777574650744796,4.836018550055772,0.9729342573733987,1.6542276719293159,WEBOTS_UNKNOWN,ekf_on_cluster_on,1,1
1784374624.018475,38.55304718017578,-200.0,-117.75997990435475,0.2,5.684902862285959,4.1613735061605714,-0.6864123523080772,-0.015748178692568535,5.570873611203415,1784374623.9758267,None,None,None, None, 1784374623.9828434,1.021811267897063,apf_colreg,crossing,-1.0,2.0205189157758583,0.0,4.39164883786215,26.598559758716164,4.818862662687544,0.9837151613511038,1.6749339365093618,WEBOTS_UNKNOWN,ekf_on_cluster_on,1,1
1784374624.118337,38.65290904045105,-200.0,-123.78434104452293,0.2,5.685281115144212,4.1917664449361185,-0.7065073123153689,-0.12046772744000812,5.56018360771026,1784374624.0645642,None,None,None, None, 1784374624.1303504,1.078149333180401,apf_colreg,crossing,-1.0,2.0374325215763975,0.0,5.605242220624252,27.33072444032586,4.812409347041886,0.9742450316973116,1.6880562743397192,WEBOTS_UNKNOWN,ekf_on_cluster_on,1,1
1784374624.219265,38.75383710861206,-200.0,-128.12601151099946,0.2,5.68230851453001,4.2245438534200535,-0.7283740637377238,-0.10632466792905136,5.552228366276919,1784374624.220265,None,None,None, None, 1784374624.2071927,1.0223560328196373,apf_colreg,crossing,-1.0,2.0599669847806705,0.0,6.471035229142394,28.32282592456368,4.838811442308987,0.9559327686914826,1.7130612558108518,WEBOTS_UNKNOWN,ekf_on_cluster_on,1,1
1784374624.353403,38.887975215911865,-200.0,-130.4426071100174,0.2,5.675653039772144,4.258364704951905,-0.7511692363708147,-0.12211373686262451,5.536950698416254,1784374624.345375,None,None,None, None, 1784374624.3083,0.9867370992935182,apf_colreg,crossing,-1.0,2.0688616246070914,0.0,6.353807157878928,28.74326875769664,4.838811442308987,0.9559327686914826,1.7130612558108518,WEBOTS_UNKNOWN,ekf_on_cluster_on,1,1
1784374624.5009434,39.035515546798706,-110.30412053733572,200.0,0.2,5.668558231868131,4.292487093353978,-0.7745768291248412,-0.11215987180118148,5.5206843369656875,1784374624.4904034,None,None,None, None, 1784374624.4878814,1.0662952530130798,apf_colreg,crossing,-1.0,2.0367504814220334,0.0,4.85760966664763,28.434851924189775,4.857790568206921,0.975102981068621,1.7496564782728818,WEBOTS_UNKNOWN,ekf_on_cluster_on,1,1
1784374624.6353312,39.16990327835083,-100.01079009530196,200.0,0.2,5.6599162160430545,4.335159582822973,-0.8049739705705266,-0.043140259705683415,5.516126869043637,1784374624.5960464,None,None,None, None, 1784374624.6020794,0.9966621407841338,apf_colreg,being_overtaken,-1.0,2.782550852743641,0.0,5.287763822829495,29.251128477719355,4.8462938949088805,1.012045799596382,1.8072119331493532,WEBOTS_UNKNOWN,ekf_on_cluster_on,1,1
1784374624.757036,39.29160809516907,-87.4220278911799,200.0,0.2,5.651336328393407,4.380529642327867,-0.8381057399472067,-0.018469381716987088,5.514636673224942,1784374624.7800474,None,None,None, None, 1784374624.7710578,0.9506469935589439,apf_colreg,being_overtaken,-1.0,2.5611516961869714,4.3692581617703325,5.299625622181994,29.875108165522885,4.906340103457871,0.9887709170719965,1.82805786524636,WEBOTS_UNKNOWN,ekf_on_cluster_on,1,1
1784374624.9035149,39.43808698654175,-106.6402778862221,200.0,0.2,5.634626235871567,4.217821138002277,-0.732203207461873,0.09518059277273112,5.535840119638905,1784374624.8995018,4.214311364993818,-0.7298467979703932,5.594559778562268, 1784374624.814109, 1784374624.866455,0.9606711542177206,apf_colreg,being_overtaken,-1.0,0.6212563079403499,11.932810639656179,5.038513791270237,28.610061573869608,4.97172637947104,0.974773661460451,1.8511402362244704,WEBOTS_UNKNOWN,ekf_on_cluster_on,1,1
1784374625.0170257,39.55159783363342,-101.88473080875146,200.0,0.2,5.637119409760125,4.251606295679139,-0.7580240563211085,0.07441817440724405,5.543915361237069,1784374625.0080135,None,None,None, None, 1784374625.0251036,1.0010790568896681,apf_colreg,being_overtaken,-1.0,0.3988851792389541,15.541305369315179,4.246641136753284,28.454113042104968,4.97172637947104,0.974773661460451,1.8511402362244704,WEBOTS_UNKNOWN,ekf_on_cluster_on,1,1
1784374625.1178422,39.652414321899414,-104.70632317052748,200.0,0.2,5.6439531067282545,4.293274338098807,-0.7896059761749399,0.09192797779108565,5.553000316947046,1784374625.1068404,None,None,None, None, 1784374625.1078515,1.056184056711249,apf_colreg,crossing,-1.0,2.121430412930976,0.0,4.996016284516038,29.39989654179927,4.840649021905039,1.1121872177310823,1.905872304025472,WEBOTS_UNKNOWN,ekf_on_cluster_on,1,1
1784374625.2408993,39.775471448898315,-98.7811888798975,200.0,0.2,5.651204003859699,4.338590856475243,-0.8233553392502522,0.07593559562529238,5.557812336732078,1784374625.261914,None,None,None, None, 1784374625.1940627,1.0683727021154303,apf_colreg,crossing,-1.0,2.1666926043051102,0.0,5.326217834739546,29.894337433952472,4.87729986444687,1.1102869381348222,1.9341205289358752,WEBOTS_UNKNOWN,ekf_on_cluster_on,1,1
1784374625.3762803,39.91085243225098,-92.41839695592968,200.0,0.2,5.660841162814339,4.384886159906813,-0.8573116554536746,0.09500377099764351,5.574763753977483,1784374625.348639,None,None,None, None, 1784374625.3141022,1.0196560318617898,apf_colreg,crossing,-1.0,2.1476804148788604,0.0,4.357115995249948,29.57442729362043,4.9117139345681196,1.1070276339942298,1.9580679126503564,WEBOTS_UNKNOWN,ekf_on_cluster_on,1,1
1784374625.4534616,39.98803377151489,-84.72448305335884,200.0,0.2,5.670309193849868,4.431357863032019,-0.8906695415308405,0.08691372467077886,5.582653369183588,1784374625.4394143,None,None,None, None, 1784374625.4163852,1.0917474486646697,apf_colreg,crossing,-1.0,2.1695954103543222,0.0,4.670693913325295,29.848114032616415,4.9117139345681196,1.1070276339942298,1.9580679126503564,WEBOTS_UNKNOWN,ekf_on_cluster_on,1,1
1784374625.5763752,40.110947370529175,-75.7268890762825,200.0,0.2,5.680398183144577,4.477636375580538,-0.9232429431837801,0.093197767181394,5.590422486564773,1784374625.6139166,None,None,None, None, 1784374625.601899,1.0540257271511442,apf_colreg,crossing,-1.0,2.221502538384232,0.0,4.8869697323432195,30.16962509707872,4.9775834226316835,1.1094244425075215,2.0102120484646675,WEBOTS_UNKNOWN,ekf_on_cluster_on,1,1
1784374625.6759343,40.210506439208984,-64.40796030941164,200.0,0.2,5.689221565207079,4.5235821112415415,-0.9548989641789234,0.0820909371566064,5.597904315904928,1784374625.6139166,None,None,None, None, 1784374625.6989896,0.9400133973157991,apf_colreg,crossing,-1.0,2.243978417371473,0.0,5.187460332622092,30.456179919308525,5.040969118348518,1.1238557190986984,2.061376120035283,WEBOTS_UNKNOWN,ekf_on_cluster_on,1,1
1784374625.7983325,40.33290457725525,-115.48840595611343,200.0,0.2,5.697208006220249,4.568974399248637,-0.9856368496387695,0.08027620081305911,5.6062579286701135,1784374625.8231678,None,None,None, None, 1784374625.818151,1.0393589669299441,apf_colreg,crossing,-1.0,2.2930531657540363,0.0,4.922733762622128,30.73415688615549,5.040969118348518,1.1238557190986984,2.061376120035283,WEBOTS_UNKNOWN,ekf_on_cluster_on,1,1
1784374625.8672395,40.401811599731445,-143.09873254901186,200.0,0.2,5.702289487759623,4.3399862231405395,-0.8269242339077563,0.08841610092904299,5.615558442826907,1784374625.8231678,4.335189227940915,-0.8236235384989076,5.692990406745633, 1784374625.818151, 1784374625.818151,1.0393589669299441,apf_colreg,crossing,-1.0,2.3136543543627406,0.0,6.301204797921185,29.555710618656324,5.040969118348518,1.1238557190986984,2.061376120035283,WEBOTS_UNKNOWN,ekf_on_cluster_on,1,1
1784374625.9814167,40.51598882675171,-143.09727091217434,200.0,0.2,5.710945519998456,4.372388754003156,-0.8481375584916861,0.07953156103427597,5.623416516871512,1784374626.002481,None,None,None, None, 1784374625.974899,1.0288679371651683,apf_colreg,crossing,-1.0,2.349986596314326,0.0,5.794489890360646,29.620518948465367,4.849423087445173,1.3567512899501903,2.130857271324023,WEBOTS_UNKNOWN,ekf_on_cluster_on,1,1
1784374626.0514336,40.58600568771362,-142.41072950486713,200.0,0.2,5.721128419909381,4.417715009451346,-0.8772203147722326,0.08325795650292554,5.630119507459699,1784374626.002481,None,None,None, None, 1784374626.0570183,1.0565458942912105,apf_colreg,crossing,-1.0,2.303950390232443,0.0,5.197356549384356,29.769074045675264,4.849423087445173,1.3567512899501903,2.130857271324023,WEBOTS_UNKNOWN,ekf_on_cluster_on,1,1
1784374626.1199768,40.65454888343811,-141.22783267710003,200.0,0.2,5.73200256693703,4.468725312320003,-0.9091920815863332,0.08284649929151647,5.636527577233886,1784374626.0798297,None,None,None, None, 1784374626.1340046,1.0804579433979,apf_colreg,crossing,-1.0,2.3744167035690644,0.0,6.909094601807573,30.248768754260396,4.9526726981694855,1.2722147707858495,2.1844477170617833,WEBOTS_UNKNOWN,ekf_on_cluster_on,1,1
1784374626.2292778,40.76384997367859,-139.5607963395066,200.0,0.2,5.742890699132168,4.521564191866305,-0.941502956718681,0.07992359588151023,5.64438410323418,1784374626.1781301,None,None,None, None, 1784374626.2167475,1.091588637324142,apf_colreg,crossing,-1.0,2.4136432033056883,0.0,7.2025116221320875,30.521000059747333,4.992013078582954,1.2664954098397132,2.2132379732826815,WEBOTS_UNKNOWN,ekf_on_cluster_on,1,1
1784374626.3382158,40.872787952423096,-137.09304778379789,200.0,0.2,5.7526927784443105,4.574975906278498,-0.9733764699464498,0.06997291258797218,5.655479728248237,1784374626.3367004,None,None,None, None, 1784374626.3171585,0.9296341725360749,apf_colreg,crossing,-1.0,2.380872026440439,0.0,6.56188574515541,30.463666986266468,5.026077782697609,1.2642202774121714,2.2399859212005158,WEBOTS_UNKNOWN,ekf_on_cluster_on,1,1
1784374626.437524,40.97209620475769,-135.37557302577807,200.0,0.2,5.763133880672253,4.628542392225585,-1.004672389105215,0.07937487756889228,5.6629646113961405,1784374626.4309983,None,None,None, None, 1784374626.404123,0.9523381118454783,apf_colreg,crossing,-1.0,2.403326765209802,0.0,6.907224104819267,30.69791052626166,5.026077782697609,1.2642202774121714,2.2399859212005158,WEBOTS_UNKNOWN,ekf_on_cluster_on,1,1
1784374626.52087,41.055442094802856,-132.39853621651991,200.0,0.2,5.773647289885842,4.682269540254886,-1.035311158551833,0.07937487756889228,5.678839586909919,1784374626.5390515,None,None,None, None, 1784374626.5238557,0.9092726026058703,apf_colreg,crossing,-1.0,2.4264880139894647,0.0,7.268548403356199,30.94085236961712,5.026077782697609,1.2642202774121714,2.2399859212005158,WEBOTS_UNKNOWN,ekf_on_cluster_on,1,1
1784374626.6181366,41.152708768844604,-128.45638784350842,200.0,0.2,5.78337973577684,4.736047045838477,-1.0652389307118728,0.07285994775835153,5.6867123379560205,1784374626.6231422,None,None,None, None, 1784374626.5935893,0.9260249900652411,apf_colreg,crossing,-1.0,2.4696041550494607,0.0,7.464339939654507,31.134748051269007,5.113454533342822,1.2492340176635157,2.297400256098384,WEBOTS_UNKNOWN,ekf_on_cluster_on,1,1
1784374626.7182975,41.252869606018066,-123.99371265098132,200.0,0.2,5.794514694493943,4.789739379916986,-1.0944683061895724,0.08840411544893373,5.7014054323327015,1784374626.7052553,None,None,None, None, 1784374626.6785877,0.9690160382867291,apf_waypoint,static_obstacle,0.0,2.32871354661402,0.0,7.459855258612391,26.138096159405727,5.113454533342822,1.2492340176635157,2.297400256098384,WEBOTS_UNKNOWN,ekf_on_cluster_on,1,1
1784374626.821145,41.355717182159424,-118.43414341128704,200.0,0.2,5.805808652809452,4.84333899927266,-1.1228600667869415,0.0877310527365844,5.707092749330286,1784374626.770082,None,None,None, None, 1784374626.8336675,0.9127957004226096,apf_waypoint,static_obstacle,0.0,2.389420461989073,0.0,7.611644769247995,26.29690092706504,5.182422614997894,1.2566253774304863,2.3553424397812557,WEBOTS_UNKNOWN,ekf_on_cluster_on,1,1
1784374626.9338627,41.46843481063843,-160.23653222238568,200.0,0.2,5.804558248888829,4.476238810312461,-0.9139251509114609,0.08168811987369028,5.714659220343186,1784374626.9398522,4.47170401723506,-0.9113751320730868,5.782140746928158, 1784374626.827171, 1784374626.917902,0.9331232700163877,apf_colreg,crossing,-1.0,2.6202112136344824,0.0,8.643070319203463,29.678071851128607,4.852796062648191,1.490287848852202,2.402779128841928,WEBOTS_UNKNOWN,ekf_on_cluster_on,1,1
1784374627.0653555,41.5999276638031,-153.80869618674365,200.0,0.2,5.822849033637386,4.506369390159308,-0.929462416945313,0.17043191180586395,5.73340037383787,1784374627.049815,None,None,None, None, 1784374627.0808818,1.0105267160984739,apf_colreg,crossing,-1.0,2.558763225829425,0.0,9.179568712758147,29.645096412833702,4.863693813285538,1.5167667754546734,2.4338492901405413,WEBOTS_UNKNOWN,ekf_on_cluster_on,1,1
1784374627.1768456,41.71141767501831,-153.5977048657265,200.0,0.2,5.834885485724657,4.553294169915977,-0.9523521536795103,0.055453184053112274,5.738397435651005,1784374627.139928,None,None,None, None, 1784374627.1597762,1.0335365527537042,apf_colreg,crossing,-1.0,2.530606484111477,0.0,9.315266956948236,29.7032478575417,4.853025443162263,1.5247969383760895,2.4584986266116884,WEBOTS_UNKNOWN,ekf_on_cluster_on,1,1
1784374627.28891,41.823482036590576,-152.42210155362577,200.0,0.2,5.846794460088013,4.6080851416794335,-0.9784377218922184,0.07710308951184414,5.745244701129986,1784374627.2287347,None,None,None, None, 1784374627.255335,0.9974317049514287,apf_waypoint,static_obstacle,0.0,2.5115206919059707,0.0,9.344707271568407,24.703341014704215,4.892192374263774,1.525215560732328,2.4855101893000477,WEBOTS_UNKNOWN,ekf_on_cluster_on,1,1
1784374627.3632708,41.89784288406372,-150.0233049587433,200.0,0.2,5.856755602478329,4.665354217317539,-1.0049070941013927,0.06251187809873444,5.7505563948658525,1784374627.3137057,None,None,None, None, 1784374627.344256,1.0608465496311807,apf_waypoint,static_obstacle,0.0,2.5115206919059707,0.0,9.469396381812459,24.84455697979172,4.892192374263774,1.525215560732328,2.4855101893000477,WEBOTS_UNKNOWN,ekf_on_cluster_on,1,1
1784374627.46024,41.99481201171875,-146.59592877330022,200.0,0.2,5.865946922210943,4.723157025309939,-1.030993542232455,0.06270902683080051,5.756636397237894,1784374627.4106615,None,None,None, None, 1784374627.4363067,0.9263564696731045,apf_waypoint,static_obstacle,0.0,2.5391077202416263,0.0,9.579482802521675,24.990465947104195,4.9489437313188835,1.5133280931997173,2.5147981092045133,WEBOTS_UNKNOWN,ekf_on_cluster_on,1,1
1784374627.580562,42.11513423919678,-141.7172880663834,200.0,0.2,5.873777118563386,4.780953285608942,-1.056482628010988,0.05504333077571953,5.762537640868917,1784374627.5981047,None,None,None, None, 1784374627.5309734,1.0248245384270662,apf_waypoint,static_obstacle,0.0,2.5652139286704823,0.0,9.660666695625409,25.14501456497799,4.986577326906007,1.5151577064042843,2.541796244751453,WEBOTS_UNKNOWN,ekf_on_cluster_on,1,1
1784374627.644243,42.17881512641907,-135.97087384258208,200.0,0.2,5.883829857123025,4.838470112697211,-1.0813670329117429,0.08073329348591701,5.76901506529752,1784374627.5981047,None,None,None, None, 1784374627.6001103,1.0001505941182067,apf_waypoint,static_obstacle,0.0,2.5652139286704823,0.0,9.802946579074806,25.273336677668603,4.986577326906007,1.5151577064042843,2.541796244751453,WEBOTS_UNKNOWN,ekf_on_cluster_on,1,1
1784374627.718436,42.253008127212524,-115.60338783418644,192.71650639207496,0.2,5.896807518920305,4.8956692285256285,-1.1054056239188093,0.10310616943039207,5.7778066013674465,1784374627.6833715,None,None,None, None, 1784374627.6728344,0.9636802967945055,apf_waypoint,static_obstacle,0.0,2.616589901836959,0.0,10.025809131913618,25.365271315579804,5.07815406549716,1.516266012984176,2.591533868980953,WEBOTS_UNKNOWN,ekf_on_cluster_on,1,1
1784374627.851358,42.38593006134033,-161.3918540159058,200.0,0.2,5.894814289043143,4.629542190605995,-0.9936466241860458,0.10301916157281676,5.791034860193167,1784374627.8117774,4.624258634742846,-0.9914421203368831,5.863776943345608, 1784374627.838328, 1784374627.8623567,1.0442088264344376,apf_waypoint,static_obstacle,0.0,2.616589901836959,0.0,10.457676006394081,24.360826345197374,5.07815406549716,1.516266012984176,2.591533868980953,WEBOTS_UNKNOWN,ekf_on_cluster_on,1,1
1784374627.9414809,42.47605299949646,-161.31984292210555,200.0,0.2,5.904693785148568,4.666978566111257,-1.0087962007195292,0.0623643902217469,5.797248306057708,1784374627.9114087,None,None,None, None, 1784374627.9484873,0.9056260991635254,apf_waypoint,static_obstacle,0.0,2.676884484038958,0.0,10.63421145147571,24.395700367743032,4.8378646391112525,1.6727962930307074,2.663842204601683,WEBOTS_UNKNOWN,ekf_on_cluster_on,1,1
1784374628.0392678,42.57383990287781,-160.22852175767267,200.0,0.2,5.915894293737574,4.719459779131789,-1.0294783205169482,0.08049426429436367,5.803460443013151,1784374627.9885836,None,None,None, None, 1784374628.0392678,1.0681244837841506,apf_waypoint,static_obstacle,0.0,2.676884484038958,0.0,10.821463870631879,24.466998497950996,4.8378646391112525,1.6727962930307074,2.663842204601683,WEBOTS_UNKNOWN,ekf_on_cluster_on,1,1
1784374628.1177585,42.65233063697815,-158.13929795616144,200.0,0.2,5.927181328393339,4.778029809124307,-1.0517853765508898,0.07619281070124788,5.809313167213154,1784374628.0653982,None,None,None, None, 1784374628.1177585,0.9427921888383526,apf_waypoint,static_obstacle,0.0,2.7313552387492286,0.0,11.006419882418289,24.552336121983096,4.892499658211391,1.6862527071542743,2.7216705865211934,WEBOTS_UNKNOWN,ekf_on_cluster_on,1,1
1784374628.2216039,42.75617599487305,-154.9806083998596,200.0,0.2,5.938280587740312,4.838177718283787,-1.0739253685477106,0.07403033339751705,5.820505339909911,1784374628.2165818,None,None,None, None, 1784374628.1940634,1.0646642564244546,apf_waypoint,static_obstacle,0.0,2.7313552387492286,0.0,11.189850054809472,24.63818727387097,4.959106672837426,1.6756858008733413,2.746309969816904,WEBOTS_UNKNOWN,ekf_on_cluster_on,1,1
1784374628.3177207,42.85229277610779,-131.65570385406264,188.12370238423426,0.2,5.949775606577675,4.898558858783346,-1.0954099799119827,0.07889838380580956,5.82659006369514,1784374628.2937028,None,None,None, None, 1784374628.2750483,0.9235698330541129,apf_waypoint,static_obstacle,0.0,2.7559299487261493,0.0,11.388002725558284,24.713326469662757,4.989010829991044,1.684464950161124,2.7776471894051316,WEBOTS_UNKNOWN,ekf_on_cluster_on,1,1
1784374628.4174519,42.95202398300171,68.21016624776175,200.0,0.2,5.9592349004282195,4.955939842411856,-1.1151021406911639,0.062194308413232015,5.832513338224152,1784374628.388941,None,None,None, None, 1784374628.3693917,1.0333759614989688,apf_waypoint,static_obstacle,0.0,2.7860127277992475,0.0,11.544917937356244,24.794568560961032,5.020334379273693,1.690683894174246,2.8042528179210717,WEBOTS_UNKNOWN,ekf_on_cluster_on,1,1
1784374628.5262325,43.06080460548401,80.4864462391785,200.0,0.2,5.967958782113508,5.0042975899625795,-1.1314565501795055,0.09402893182681353,5.841324829154359,1784374628.4826515,None,None,None, None, 1784374628.5468602,0.9413471477926109,apf_waypoint,static_obstacle,0.0,2.811133799446598,0.0,11.698278561254902,24.851870959718525,5.0425252043998645,1.6985260933661859,2.8283228492474866,WEBOTS_UNKNOWN,ekf_on_cluster_on,1,1
1784374628.6548028,43.189374923706055,91.43748429679577,200.0,0.2,5.977356363686837,5.0495974636013035,-1.1464140605498923,0.11131359098828927,5.860376359126346,1784374628.6538033,None,None,None, None, 1784374628.636579,0.9762133584762877,apf_waypoint,static_obstacle,0.0,2.8622300028717316,0.0,11.875021799078207,24.887392562875434,5.07560293224132,1.7178436083094757,2.8585469203597094,WEBOTS_UNKNOWN,ekf_on_cluster_on,1,1
1784374628.8746014,43.40917348861694,-11.708294111378637,200.0,0.2,5.978060557727289,4.772984077576828,-1.0549992637767291,0.124273266209704,5.887691415066972,1784374628.8736017,4.767444193928751,-1.0531763338087443,5.957922896543789, 1784374628.842082, 1784374628.858093,0.9533720762422007,apf_waypoint,static_obstacle,0.0,2.909244441015711,0.0,12.231679813059987,23.987286450827206,5.153429949623227,1.7446735325952043,2.9052430118292194,WEBOTS_UNKNOWN,ekf_on_cluster_on,1,1
1784374629.012409,43.5469810962677,-12.952390071023514,200.0,0.2,5.988208939949724,4.7911759062797685,-1.0607785200284514,0.13933032511070034,5.901312807431788,1784374628.971365,None,None,None, None, 1784374628.9510221,0.9125987458454307,apf_waypoint,static_obstacle,0.0,2.909244441015711,0.0,12.45377472747775,23.91844898476262,5.153429949623227,1.7446735325952043,2.9052430118292194,WEBOTS_UNKNOWN,ekf_on_cluster_on,1,1
1784374629.1317635,43.666335582733154,-11.86091064383447,200.0,0.2,5.998226456434781,4.822217635061773,-1.0702448789384693,0.10881867073015615,5.9104253084231075,1784374629.0551052,None,None,None, None, 1784374629.1342738,1.0676061362772107,apf_waypoint,static_obstacle,0.0,2.9604183645802156,0.0,12.659468061760624,23.885917342343497,4.895277577456193,1.8954600743360834,2.9521451090561084,WEBOTS_UNKNOWN,ekf_on_cluster_on,1,1
1784374629.263318,43.797890186309814,-9.969738929048543,200.0,0.2,6.01034096506455,4.862009998827746,-1.0819657421030868,0.1266811037162016,5.936357775171569,1784374629.2598119,None,None,None, None, 1784374629.2122276,1.0467338112241074,apf_waypoint,static_obstacle,0.0,2.9878219246707727,0.0,12.907710261040544,23.847586429128505,4.937686018389079,1.912089284512721,2.986406126564407,WEBOTS_UNKNOWN,ekf_on_cluster_on,1,1
1784374629.4144924,43.94906449317932,-7.7428384945257624,200.0,0.2,6.024191513615952,4.906557441664061,-1.094481423043991,0.1349503150304074,5.952024422640656,1784374629.3759038,None,None,None, None, 1784374629.4094338,1.0746739710573285,apf_waypoint,static_obstacle,0.0,3.0364029720072536,0.0,13.195039371063393,23.79272665981749,4.982824418095096,1.9438288769680432,3.035707472324785,WEBOTS_UNKNOWN,ekf_on_cluster_on,1,1
1784374629.5242014,44.05877351760864,-3.575211258701584,200.0,0.2,6.03520778701386,4.953285091798369,-1.1068871287425281,0.10297726478456294,5.963468236886356,1784374629.4870334,None,None,None, None, 1784374629.4910214,0.902864854604745,apf_waypoint,static_obstacle,0.0,3.0364029720072536,0.0,13.415718969746582,23.772600517940766,4.982824418095096,1.9438288769680432,3.035707472324785,WEBOTS_UNKNOWN,ekf_on_cluster_on,1,1
1784374629.6080327,44.14260482788086,8.860996929982255,200.0,0.2,6.045988935107486,5.000791426720767,-1.1189952008024022,0.10831369946226367,5.972824633014764,1784374629.5734158,None,None,None, None, 1784374629.5839438,0.9423461603944254,apf_waypoint,static_obstacle,0.0,3.086632920174522,0.0,13.63238140752857,23.751572715689328,5.07134157872926,1.9718312177029513,3.0863925745797047,WEBOTS_UNKNOWN,ekf_on_cluster_on,1,1
1784374629.7180417,44.25261378288269,19.56529793588409,200.0,0.2,6.056505659035601,5.0483703772059885,-1.1306007664022157,0.10900162840139667,5.984988400633458,1784374629.6850083,None,None,None, None, 1784374629.6764777,0.9875742315338777,apf_waypoint,static_obstacle,0.0,3.086632920174522,0.0,13.844881186874483,23.728077272203684,5.07134157872926,1.9718312177029513,3.0863925745797047,WEBOTS_UNKNOWN,ekf_on_cluster_on,1,1
1784374629.8236742,44.35824632644653,28.229107660747083,200.0,0.2,6.070038042675432,5.095803626456265,-1.1416593374014656,0.13768978655639266,5.996863661498683,1784374629.7712548,None,None,None, None, 1784374629.7712548,1.0249420635961723,apf_waypoint,static_obstacle,0.0,3.1381660669916878,0.0,14.13090508941313,23.65551867026189,5.159800947739654,1.9990082689481314,3.138452103403408,WEBOTS_UNKNOWN,ekf_on_cluster_on,1,1
1784374629.9682078,44.502779960632324,-34.52213680396935,200.0,0.2,6.084286885759159,4.897251229909413,-1.0937810333850548,0.12381695174793693,6.020383014883574,1784374629.9612074,4.893001185987676,-1.0927751356690611,6.087276106832677, 1784374629.845206, 1784374629.9591954,0.9277852487908324,apf_waypoint,static_obstacle,0.0,3.1381660669916878,0.0,14.603117154855514,22.947721909743958,5.159800947739654,1.9990082689481314,3.138452103403408,WEBOTS_UNKNOWN,ekf_on_cluster_on,1,1
1784374630.0541348,44.588706970214844,-33.96478556906099,200.0,0.2,6.094937675344031,4.9281843083477455,-1.100038657283818,0.12381695174793693,6.045146405233162,1784374630.0661469,None,None,None, None, 1784374630.0521226,1.0070426732184377,apf_waypoint,static_obstacle,0.0,3.187287701028038,0.0,14.829019906545895,22.8584302787382,4.9747282022078805,2.0910103516899374,3.1876689371409745,WEBOTS_UNKNOWN,ekf_on_cluster_on,1,1
1784374630.1784594,44.71303153038025,-31.406254984415394,200.0,0.2,6.105174476230688,4.9694451327368085,-1.107913136088058,0.10419012158009171,6.0663998233907055,1784374630.1651943,None,None,None, None, 1784374630.1331818,0.9624325142467033,apf_waypoint,static_obstacle,0.0,3.187287701028038,0.0,15.04041872625798,22.791643802685652,4.9747282022078805,2.0910103516899374,3.1876689371409745,WEBOTS_UNKNOWN,ekf_on_cluster_on,1,1
1784374630.234012,44.76858401298523,-27.596339628989426,200.0,0.2,6.115382187598247,5.016223022079317,-1.1163760314258049,0.10419012158009171,6.0872378477067235,1784374630.2620559,None,None,None, None, 1784374630.2136385,1.0402173408606226,apf_waypoint,static_obstacle,0.0,3.234469297127316,0.0,15.24928710956577,22.73092172673208,5.046671014207546,2.122344691594849,3.234232303852286,WEBOTS_UNKNOWN,ekf_on_cluster_on,1,1
1784374630.3953445,44.92991662025452,-26.207952820840223,200.0,0.2,6.133280403836958,5.06530616177454,-1.124760167003192,0.1745676875760142,6.117966734165135,1784374630.3412228,None,None,None, None, 1784374630.4068577,0.9045488180841873,apf_waypoint,static_obstacle,0.0,3.234469297127316,0.0,15.632016035551024,22.549134741524895,5.046671014207546,2.122344691594849,3.234232303852286,WEBOTS_UNKNOWN,ekf_on_cluster_on,1,1
1784374630.4788992,45.013471364974976,-22.42962689028722,200.0,0.2,6.146639992438433,5.115353503227404,-1.1322563083016348,0.11017092114150193,6.128342748386565,1784374630.4354038,None,None,None, None, 1784374630.4068577,0.9045488180841873,apf_waypoint,static_obstacle,0.0,3.2831166082059173,0.0,15.912648550679293,22.42583736815811,5.10353618909744,2.154849252668031,3.282084387024701,WEBOTS_UNKNOWN,ekf_on_cluster_on,1,1
1784374630.624229,45.15880107879639,-16.83354991416585,200.0,0.2,6.157025410429915,5.165608798985002,-1.1391614011991036,0.09187520121597957,6.145691095242454,1784374630.624229,None,None,None, None, 1784374630.5947044,1.0957779980127675,apf_waypoint,static_obstacle,0.0,3.2831166082059173,0.0,16.127123079915005,22.34203363075939,5.10353618909744,2.154849252668031,3.282084387024701,WEBOTS_UNKNOWN,ekf_on_cluster_on,1,1
1784374630.7759879,45.31055998802185,-12.017930428441394,200.0,0.2,6.170617531500429,5.215710293518519,-1.145596347309322,0.1325726090276975,6.158642253827684,1784374630.72192,None,None,None, None, 1784374630.7859871,0.9349182966425443,apf_waypoint,static_obstacle,0.0,3.354028223648342,0.0,16.41340520788849,22.199549374131575,5.218555898210188,2.208192784375439,3.3515179870829463,WEBOTS_UNKNOWN,ekf_on_cluster_on,1,1
1784374630.9056356,45.440207719802856,-57.70783258925026,200.0,0.2,6.195781692002129,5.032640478473693,-1.1176479626450073,0.15329701991256103,6.186652165329894,1784374630.9046366,5.027373493195136,-1.1168876294502128,6.213877630851352, 1784374630.852094, 1784374630.8781192,1.0595806162299075,apf_waypoint,static_obstacle,0.0,3.378332207555617,0.0,17.022215053567393,21.450681427719235,5.252715419613632,2.2283014001509867,3.375514128454097,WEBOTS_UNKNOWN,ekf_on_cluster_on,1,1
1784374631.0346801,45.569252252578735,-56.83865846485864,200.0,0.2,6.206254120291266,5.0663681605211695,-1.1205576661046397,0.09741841932685322,6.195176750838761,1784374630.9921415,None,None,None, None, 1784374630.9721184,1.0739178148100434,apf_waypoint,static_obstacle,0.0,3.378332207555617,0.0,17.238958118283417,21.310917695504884,5.252715419613632,2.2283014001509867,3.375514128454097,WEBOTS_UNKNOWN,ekf_on_cluster_on,1,1
1784374631.1450527,45.679624795913696,-55.06863693280114,200.0,0.2,6.219107931599207,5.110887545236439,-1.1239819904153876,0.12482169526331512,6.208235742882156,1784374631.0967627,None,None,None, None, 1784374631.1746032,1.090986967533254,apf_waypoint,static_obstacle,0.0,3.4223364742038136,0.0,17.503274028203045,21.13636466169233,5.050257972803091,2.3005231694280277,3.419259362531137,WEBOTS_UNKNOWN,ekf_on_cluster_on,1,1
1784374631.2231736,45.75774574279785,-51.24994024696822,200.0,0.2,6.2297460286950255,5.160851594232394,-1.1271573752934074,0.09426765287115971,6.215905188905479,1784374631.1781209,None,None,None, None, 1784374631.1746032,1.090986967533254,apf_waypoint,static_obstacle,0.0,3.4223364742038136,0.0,17.719031134759437,20.997840423688768,5.050257972803091,2.3005231694280277,3.419259362531137,WEBOTS_UNKNOWN,ekf_on_cluster_on,1,1
1784374631.3025992,45.83717131614685,-200.0,156.2565906478387,0.2,6.2407527883972564,5.212839335370914,-1.129962808448937,0.10415904408644362,6.22404179472084,1784374631.256238,None,None,None, None, 1784374631.256238,1.0254400649363022,apf_waypoint,static_obstacle,0.0,3.4693834734887385,0.0,17.941497429056668,20.848088025318038,5.110670591564637,2.3396096558128057,3.4640213202331567,WEBOTS_UNKNOWN,ekf_on_cluster_on,1,1
1784374631.4178965,45.95246863365173,-200.0,147.84004196218802,0.2,6.256768703403173,5.273671505973733,-1.1322028999016789,0.09902072905104187,6.232833390740944,1784374631.4223819,None,None,None, None, 1784374631.4223819,0.9860302805493808,apf_waypoint,static_obstacle,0.0,3.4693834734887385,0.0,18.265647535196756,20.60326377726668,5.110670591564637,2.3396096558128057,3.4640213202331567,WEBOTS_UNKNOWN,ekf_on_cluster_on,1,1
1784374631.4766238,46.01119589805603,-200.0,138.52719939255562,0.2,6.269964459864755,5.336355265740401,-1.1332974783825072,0.0475886159366815,6.236514773938227,1784374631.4223819,None,None,None, None, 1784374631.4223819,0.9860302805493808,apf_waypoint,static_obstacle,0.0,3.5121409107602126,0.0,18.529396593424874,20.396105119015946,5.1631024819102,2.3753794608189724,3.5055608615325706,WEBOTS_UNKNOWN,ekf_on_cluster_on,1,1
1784374631.5871305,46.121702671051025,-200.0,128.3286147144041,0.2,-0.00298389475714831,5.398621714513965,-1.1335628708495387,0.021568801337602535,6.238726943131736,1784374631.5249453,None,None,None, None, 1784374631.610136,1.000285106535812,apf_waypoint,static_obstacle,0.0,3.5121409107602126,0.0,18.73134164398786,20.233472047740527,5.1631024819102,2.3753794608189724,3.5055608615325706,WEBOTS_UNKNOWN,ekf_on_cluster_on,1,1
1784374631.6783857,46.21295785903931,-200.0,117.46985854057912,0.2,0.0029237128374761494,5.459903780117432,-1.1332412199051163,-0.010919053791540111,6.237720317868598,1784374631.7070684,None,None,None, None, 1784374631.7040548,1.06897769534049,apf_waypoint,static_obstacle,0.0,3.5121409107602126,0.0,18.845050545126927,20.145012554819825,5.226146151818795,2.410588715341096,3.5449531776610526,WEBOTS_UNKNOWN,ekf_on_cluster_on,1,1
1784374631.8011234,46.33569550514221,-200.0,105.51005451370298,0.2,0.00514441772019884,5.520052344159238,-1.1326525768546984,-0.03282548445502379,6.234768210596376,1784374631.809129,None,None,None, None, 1784374631.8001235,0.9949563608552497,apf_waypoint,static_obstacle,0.0,3.552943656776266,0.0,18.88440068784245,20.122988636645665,5.199611934173966,2.428672820251728,3.5672665145145612,WEBOTS_UNKNOWN,ekf_on_cluster_on,1,1
1784374631.9039185,46.43849062919617,-200.0,146.32929189005998,0.2,-0.00373231673962883,5.184966964124487,-1.124731924934972,-0.0694331207576436,6.227681827658447,1784374631.9119163,5.179521845605209,-1.1246312076084624,6.267741804007439, 1784374631.852656, 1784374631.8885493,0.9153067792123989,apf_waypoint,static_obstacle,0.0,3.576485915241475,0.0,18.739399106134012,20.078419463666858,5.199611934173966,2.428672820251728,3.5672665145145612,WEBOTS_UNKNOWN,ekf_on_cluster_on,1,1
1784374632.0472612,46.581833362579346,-200.0,145.49915360903188,0.2,-0.010848283127164814,5.221812007888505,-1.1247907578693646,-0.10244736981867465,6.207702545652972,1784374632.004149,None,None,None, None, 1784374632.0031497,0.9376039596736016,apf_waypoint,static_obstacle,0.0,3.617050931449565,0.0,18.592681559136118,20.226428744714052,4.843786235438294,2.47559574171501,3.606407138439605,WEBOTS_UNKNOWN,ekf_on_cluster_on,1,1
1784374632.2543418,46.78891396522522,-200.0,143.16845766428008,0.2,6.265198021786281,5.274882895150583,-1.125418403742927,-0.060953575069126346,6.19437380494983,1784374632.2228193,None,None,None, None, 1784374632.214304,1.0136086033785374,apf_waypoint,static_obstacle,0.0,3.668564432768777,0.0,18.442432117328835,20.385711581869167,4.850081134285463,2.520978974334053,3.6474524263868213,WEBOTS_UNKNOWN,ekf_on_cluster_on,1,1
1784374632.3979332,46.9325053691864,-200.0,139.64158447337888,0.2,6.2581504127890835,5.334882585380839,-1.126550865489456,-0.058356815120327685,6.187071369844335,1784374632.3479536,None,None,None, None, 1784374632.3439538,1.0141020940258427,apf_waypoint,static_obstacle,0.0,3.668564432768777,0.0,18.291633611697936,20.549959077238288,4.850081134285463,2.520978974334053,3.6474524263868213,WEBOTS_UNKNOWN,ekf_on_cluster_on,1,1
1784374632.5466332,47.08120536804199,-200.0,135.0936116788241,0.2,6.251046774683994,5.396609150675399,-1.12813445183275,-0.059730527200046915,6.175503157214116,1784374632.541627,None,None,None, None, 1784374632.5456338,0.9554280955819205,apf_waypoint,static_obstacle,0.0,3.709800074051072,0.0,18.137656335675253,20.719334907494737,4.889947693376112,2.5534377020181624,3.6851302009646782,WEBOTS_UNKNOWN,ekf_on_cluster_on,1,1
1784374632.6809258,47.215497970581055,-200.0,130.70253503948442,0.2,6.239522875643097,5.45833948717711,-1.1301424114615912,-0.10047759675840758,6.164171380214969,1784374632.654406,None,None,None, None, 1784374632.683923,0.9652823453434625,apf_waypoint,static_obstacle,0.0,3.7445375622885777,0.0,17.88920607780915,20.971140326782816,4.912872400081747,2.578450139840069,3.729295635992516,WEBOTS_UNKNOWN,ekf_on_cluster_on,1,1
1784374632.8255155,47.360087633132935,-200.0,123.79955319202033,0.2,6.232078594902448,5.519655631530082,-1.132929597251966,-0.05251527689372714,6.158052967526278,1784374632.7709134,None,None,None, None, 1784374632.781914,0.9530741548656135,apf_waypoint,static_obstacle,0.0,3.7445375622885777,0.0,17.722983880951183,21.155293787465446,4.912872400081747,2.578450139840069,3.729295635992516,WEBOTS_UNKNOWN,ekf_on_cluster_on,1,1
1784374633.0460682,47.58064031600952,-200.0,152.4660337733536,0.2,6.212526787929781,5.348233729023944,-1.1309804764014808,-0.06940826329898525,6.1395457201419426,1784374633.0375566,5.341355876849454,-1.1308301774782001,6.187483906536016, 1784374632.857576, 1784374633.0375566,1.0723885326270612,apf_waypoint,static_obstacle,0.0,3.7849751509894745,0.0,17.32904121125458,21.409392837095716,4.985019702700372,2.610123443639382,3.768055355907303,WEBOTS_UNKNOWN,ekf_on_cluster_on,1,1
1784374633.1912086,47.725780725479126,-200.0,151.2710129316925,0.2,6.202735197247387,5.39491822643271,-1.1343442800569754,-0.09066832820944566,6.130935490537115,1784374633.1325207,None,None,None, None, 1784374633.1345153,0.9682165967326667,apf_waypoint,static_obstacle,0.0,3.846261292207275,0.0,17.10887533733532,21.628152776505793,4.752724431643088,2.6669213327265133,3.8161352355453944,WEBOTS_UNKNOWN,ekf_on_cluster_on,1,1
1784374633.3362844,47.870856523513794,-200.0,149.36532216282293,0.2,6.190161290169016,5.453105152790101,-1.1391828843506904,-0.0992068292830846,6.1107207376183235,1784374633.3362844,None,None,None, None, 1784374633.3352835,0.935476320725328,apf_waypoint,static_obstacle,0.0,3.89259156258875,0.0,16.821714246128746,21.910169885835955,4.774658976321676,2.7014239452963094,3.8584764488296055,WEBOTS_UNKNOWN,ekf_on_cluster_on,1,1
1784374633.474574,48.009146213531494,-200.0,145.7274185049438,0.2,6.179710052311687,5.515022560138956,-1.14517568471258,-0.06760198476313664,6.103539361271966,1784374633.4425147,None,None,None, None, 1784374633.4425147,1.0830821536020134,apf_waypoint,static_obstacle,0.0,3.89259156258875,0.0,16.574918851780353,22.165850871977028,4.882279611417601,2.7369964559211395,3.903720842280408,WEBOTS_UNKNOWN,ekf_on_cluster_on,1,1
1784374633.668053,48.202625036239624,-200.0,141.80524040293335,0.2,6.165372467128755,5.577491752660349,-1.1518248748907212,-0.10949300569140023,6.078954037246801,1784374633.6670525,None,None,None, None, 1784374633.6580527,1.073829366883344,apf_waypoint,static_obstacle,0.0,3.937787312112639,0.0,16.236050214868236,22.4887674572084,4.882279611417601,2.7369964559211395,3.903720842280408,WEBOTS_UNKNOWN,ekf_on_cluster_on,1,1
1784374633.7687755,48.30334758758545,-190.94186174000183,120.01541294621362,0.2,6.152164214512138,5.6396262554728125,-1.1594094210837653,-0.08948416675674212,6.070390293527662,1784374633.7627537,None,None,None, None, 1784374633.7577524,1.0897974864382582,apf_waypoint,static_obstacle,0.0,3.9753691851929402,0.0,15.91532198121907,22.797507607837133,4.891025043798171,2.7574558376204323,3.949781562536362,WEBOTS_UNKNOWN,ekf_on_cluster_on,1,1
1784374633.9700494,48.504621505737305,-200.0,160.59414078616138,0.2,6.131741318850959,5.517171622938295,-1.1508013292436448,-0.060991682267267026,6.061058050090236,1784374633.9157622,5.509188240370009,-1.1500721204795006,6.1058074322470475, 1784374633.859041, 1784374633.9856966,0.9934873134573828,apf_waypoint,static_obstacle,0.0,4.028641757686078,0.0,15.482314204447505,22.987821092931245,4.96378540493985,2.795612763455088,3.9947490198484386,WEBOTS_UNKNOWN,ekf_on_cluster_on,1,1
1784374634.1346087,48.66918087005615,-200.0,158.32161397414455,0.2,6.123543669761987,5.5665161681824955,-1.1584675325856058,-0.05695252816842161,6.049022004330666,1784374634.127097,None,None,None, None, 1784374634.0647995,0.9096911593124103,apf_waypoint,static_obstacle,0.0,4.028641757686078,0.0,15.270517464136345,23.204655336980935,4.812596434328323,2.8400705775185355,4.04652307374585,WEBOTS_UNKNOWN,ekf_on_cluster_on,1,1
1784374634.2861092,48.82068133354187,-191.0773397080168,139.64763893283202,0.2,6.1158313131649065,5.626033099668439,-1.1681818668981787,-0.05480832776947353,6.042681908780728,1784374634.2427745,None,None,None, None, 1784374634.2627783,0.9206700324725434,apf_waypoint,static_obstacle,0.0,4.071980044780348,0.0,15.061519445226828,23.435603884847378,4.812596434328323,2.8400705775185355,4.04652307374585,WEBOTS_UNKNOWN,ekf_on_cluster_on,1,1
1784374634.386639,48.92121124267578,200.0,200.0,0.2,6.105843346188193,5.686009917027956,-1.1784067750856622,-0.08013011163997845,6.035152593175885,1784374634.336738,None,None,None, None, 1784374634.3666053,0.9991534997621528,apf_waypoint,static_obstacle,0.0,4.137417842086483,0.0,14.794515011884265,23.703760060481553,4.846596888452911,2.8852280681337428,4.094426279868636,WEBOTS_UNKNOWN,ekf_on_cluster_on,1,1
1784374634.5382638,49.07283592224121,200.0,200.0,0.2,6.106282025338778,5.730536181989859,-1.1869556622184982,0.10501302523874932,6.0555259719330055,1784374634.5307462,None,None,None, None, 1784374634.4976287,1.0331321136828602,apf_waypoint,static_obstacle,0.0,4.137417842086483,0.0,14.77883325278696,23.794646864146166,4.846596888452911,2.8852280681337428,4.094426279868636,WEBOTS_UNKNOWN,ekf_on_cluster_on,1,1
1784374634.664579,49.199151039123535,200.0,200.0,0.2,6.12924241003875,5.76991866086141,-1.194428810735352,0.29003668845669534,6.084258613738971,1784374634.6298118,None,None,None, None, 1784374634.5959485,0.9326192586453727,apf_waypoint,static_obstacle,0.0,4.181666637183726,0.0,15.300150345500127,23.53512782413054,4.908232016176939,2.908263359147043,4.147087700809559,WEBOTS_UNKNOWN,ekf_on_cluster_on,1,1
1784374634.7552326,49.28980469703674,200.0,200.0,0.2,6.142826472610728,5.807087377839875,-1.2002805446457767,0.13802103713888508,6.098733055610134,1784374634.734683,None,None,None, None, 1784374634.6856258,0.956704805665441,apf_waypoint,static_obstacle,0.0,4.181666637183726,0.0,15.601645261076012,23.395665457618165,4.908232016176939,2.908263359147043,4.147087700809559,WEBOTS_UNKNOWN,ekf_on_cluster_on,1,1
1784374634.913315,49.44788718223572,193.64298335370202,200.0,0.2,6.139268601332154,5.658709965429097,-1.177839094966272,0.09934036332194165,6.108818782256366,1784374634.9372337,5.652787311122181,-1.176950242707704,6.112062890984996, 1784374634.86274, 1784374634.8662512,1.0246216835540678,apf_waypoint,static_obstacle,0.0,4.221709782403346,0.0,15.583973808901387,23.179236763273092,4.926322765347234,2.924928366716768,4.196516623223755,WEBOTS_UNKNOWN,ekf_on_cluster_on,1,1
1784374635.0435126,49.57808470726013,194.07688535792934,200.0,0.2,6.145132619522334,5.674206519853339,-1.1801844775318047,0.13298806647779943,6.136253145027395,1784374635.042502,None,None,None, None, 1784374634.9600513,0.9176448483622864,apf_waypoint,static_obstacle,0.0,4.277944556415743,0.0,15.713018509828458,23.11576186721618,4.898909555319019,3.0305855602477285,4.24628027801788,WEBOTS_UNKNOWN,ekf_on_cluster_on,1,1
1784374635.164646,49.69921803474426,194.94470253759596,200.0,0.2,6.152764184649559,5.695980508617821,-1.183346522905277,0.13299528888594017,6.149633866823494,1784374635.1431124,None,None,None, None, 1784374635.134587,1.0588206415930361,apf_waypoint,static_obstacle,0.0,4.277944556415743,0.0,15.880174957918758,23.03383463487368,4.898909555319019,3.0305855602477285,4.24628027801788,WEBOTS_UNKNOWN,ekf_on_cluster_on,1,1
1784374635.2819688,49.81654095649719,195.3403015199772,200.0,0.2,6.163878626498254,5.722531206428801,-1.1869938898956232,0.1562451270405408,6.16718532269464,1784374635.2554452,None,None,None, None, 1784374635.237968,0.9830899667574767,apf_waypoint,static_obstacle,0.0,4.325842394846012,0.0,16.125275922538325,22.901319129338862,5.049617700479136,3.0918623840854007,4.298157501838252,WEBOTS_UNKNOWN,ekf_on_cluster_on,1,1
1784374635.348486,49.883058071136475,195.80048700863142,200.0,0.2,6.176457481033492,5.752415003767088,-1.1907317845657341,0.1562451270405408,6.198434348102748,1784374635.3494735,None,None,None, None, 1784374635.320933,0.944152082619529,apf_waypoint,static_obstacle,0.0,4.325842394846012,0.0,16.40201374065561,22.744599448975357,5.049617700479136,3.0918623840854007,4.298157501838252,WEBOTS_UNKNOWN,ekf_on_cluster_on,1,1
1784374635.436174,49.97074604034424,198.65309708469005,200.0,0.2,6.183782319882904,5.784445909778849,-1.194313141799623,0.10224407019367208,6.208048177509293,1784374635.3494735,None,None,None, None, 1784374635.440686,0.9522594841699427,apf_waypoint,static_obstacle,0.0,4.325842394846012,0.0,16.55829650980251,22.67145110086285,5.066798770142858,3.13750606131211,4.348646793264526,WEBOTS_UNKNOWN,ekf_on_cluster_on,1,1
1784374635.569978,50.10455012321472,200.0,200.0,0.2,6.193770490731981,5.817629632200983,-1.1978436818831324,0.14011668798639873,6.226927115174533,1784374635.5729861,None,None,None, None, 1784374635.538965,0.9757695680565129,apf_waypoint,static_obstacle,0.0,4.386102985130775,0.0,16.77433537867329,22.55280485005729,5.066798770142858,3.13750606131211,4.348646793264526,WEBOTS_UNKNOWN,ekf_on_cluster_on,1,1
1784374635.6559644,50.19053649902344,200.0,200.0,0.2,6.202142937057921,5.851444366661473,-1.2010845797406362,0.12138769665767395,6.237703356056973,1784374635.7122247,None,None,None, None, 1784374635.6684732,0.9255331113943966,apf_waypoint,static_obstacle,0.0,4.435928210337744,0.0,16.953579465343648,22.457231374724447,5.23415741851184,3.196068982110622,4.39689896438422,WEBOTS_UNKNOWN,ekf_on_cluster_on,1,1
1784374635.915169,50.44974112510681,173.62496036525835,200.0,0.2,6.229436901230093,5.754078100638497,-1.1919888312245683,0.1217613817340232,6.273802321383162,1784374635.8694592,5.750976470070412,-1.1917035151108255,6.273518805629708, 1784374635.86394, 1784374635.9061685,0.9723884665427324,apf_waypoint,static_obstacle,0.0,4.474307108083817,0.0,17.582006389771816,21.856660477185613,5.341871209165479,3.235756823024349,4.439257356292239,WEBOTS_UNKNOWN,ekf_on_cluster_on,1,1
1784374636.2223523,50.75692439079285,177.06551761123623,200.0,0.2,6.232474691879943,5.777460678069132,-1.1933942871070915,0.10372860329115674,0.027047400752028494,1784374636.2206678,None,None,None, None, 1784374636.1517117,0.9040779419249524,apf_waypoint,static_obstacle,0.0,4.530018008758363,0.0,17.643941690785095,21.826857364980757,5.228099353844257,3.30414031928592,4.485933569618706,WEBOTS_UNKNOWN,ekf_on_cluster_on,1,1
1784374636.482754,51.01732611656189,180.38389691204276,200.0,0.2,6.238155010245022,5.80616877085478,-1.1950533007945303,0.12257398433341046,0.04477860215243155,1784374636.5052822,None,None,None, None, 1784374636.5132842,0.9318786113917583,apf_waypoint,static_obstacle,0.0,4.617251826651862,0.0,17.76244980240676,21.75487708513156,5.54044971704415,3.412670038863316,4.585059431849367,WEBOTS_UNKNOWN,ekf_on_cluster_on,1,1
1784374636.721669,51.25624108314514,184.26670870786896,200.0,0.2,6.24411318841118,5.838310535543521,-1.1967172926690615,0.11359225171715401,0.07520812365060388,1784374636.7256696,None,None,None, None, 1784374636.6558444,0.9090029649987037,apf_waypoint,static_obstacle,0.0,4.673280168006496,0.0,17.886245646377045,21.678996188274333,5.7003969362668165,3.473294525297767,4.626779415846475,WEBOTS_UNKNOWN,ekf_on_cluster_on,1,1
1784374636.937718,51.4722900390625,-200.0,142.31546158284812,0.2,6.299489690321112,5.852214833725884,-1.1927784486013953,0.11939065583569068,0.10136801094460363,1784374636.9567232,5.8502905966414716,-1.1922529839072211,0.14614326928133625, 1784374636.865833, 1784374636.9627235,1.096064161723078,apf_waypoint,static_obstacle,0.0,4.707480501635696,0.0,19.058501466169954,20.625080634244362,5.814426186896593,3.508003337595297,4.669517311139115,WEBOTS_UNKNOWN,ekf_on_cluster_on,1,1
1784374637.1661947,51.700766801834106,-200.0,135.4885963974955,0.2,0.02507005021866622,5.900808499942099,-1.191811307470723,0.05263237610472748,0.1146814182048878,1784374637.1052713,None,None,None, None, 1784374637.104272,1.0600731048768561,apf_waypoint,static_obstacle,0.0,4.754278364439684,0.0,19.233908681545916,20.47086897451687,5.667244712125594,3.555603349450891,4.7178319329177425,WEBOTS_UNKNOWN,ekf_on_cluster_on,1,1
1784374637.3463821,51.88095426559448,-200.0,127.67414703000098,0.2,0.030371910438931952,5.9584493268911,-1.1899965381831459,-0.009065434340317088,0.11284543985633437,1784374637.3077965,None,None,None, None, 1784374637.2912812,1.0081615673286328,apf_waypoint,static_obstacle,0.0,4.79763538149817,0.0,19.33677661581535,20.378765766620223,5.663051696369866,3.5971337664904564,4.759741599074562,WEBOTS_UNKNOWN,ekf_on_cluster_on,1,1
1784374637.527341,52.06191301345825,-200.0,121.24657815400204,0.2,0.02571769600743013,6.01847731384972,-1.1878331624831926,-0.09207985701896855,0.09315253590318809,1784374637.5216641,None,None,None, None, 1784374637.5206573,0.9017337187334251,apf_waypoint,static_obstacle,0.0,4.8392064745936265,0.0,19.23601866627031,20.476806549489382,5.657699383788803,3.63591803782901,4.7931511599222825,WEBOTS_UNKNOWN,ekf_on_cluster_on,1,1
1784374637.764533,52.299105167388916,-200.0,116.68560109963406,0.2,0.010937696233831229,6.078628618638895,-1.1861602891025118,-0.15130786420715292,0.059431473281495895,1784374637.744528,None,None,None, None, 1784374637.8028464,1.0111091602537077,apf_waypoint,static_obstacle,0.0,4.883939381873604,0.0,18.92515283859278,20.7720630184187,5.6786721359002,3.679592267535258,4.833136891719125,WEBOTS_UNKNOWN,ekf_on_cluster_on,1,1
1784374638.0067945,52.54136657714844,-200.0,113.56368748346867,0.2,0.037094341539129834,6.0007511309944475,-1.1724580668355686,-0.07530942228785077,0.04281971330599727,1784374637.9651082,5.991920852669005,-1.1716133833394986,0.13830260409938688, 1784374637.871707, 1784374638.0127926,0.9816638195238305,apf_waypoint,static_obstacle,0.0,4.910277977053653,0.0,19.471385431585265,20.102425189525952,5.704517282776947,3.7056062261666267,4.8688928490307966,WEBOTS_UNKNOWN,ekf_on_cluster_on,1,1
1784374638.183461,52.71803307533264,-200.0,109.16001750836362,0.2,0.026543236903866115,6.049666151897593,-1.170684848372062,-0.10101058262870362,0.022686396522109707,1784374638.164427,None,None,None, None, 1784374638.1916988,0.9661745436967359,apf_waypoint,static_obstacle,0.0,4.941930946979143,0.0,19.25358231650017,20.31339030235547,5.358129528894257,3.726333222989694,4.906530789691667,WEBOTS_UNKNOWN,ekf_on_cluster_on,1,1
1784374638.3606231,52.8951952457428,-200.0,103.766002975748,0.2,0.012194940735646424,6.105243569898242,-1.1692861393978689,-0.1259337733691587,0.007874037168788177,1784374638.3866518,None,None,None, None, 1784374638.4081743,0.9207350309338903,apf_waypoint,static_obstacle,0.0,4.941930946979143,0.0,18.95447968244837,20.601110614446434,5.510456025261703,3.7625190691467423,4.955955786195203,WEBOTS_UNKNOWN,ekf_on_cluster_on,1,1
1784374638.5894542,53.12402629852295,-200.0,95.03032500285913,0.2,0.0019620789433476907,6.162736785055494,-1.1687298717101697,-0.07338850572165628,6.268904008473723,1784374638.5839384,None,None,None, None, 1784374638.5348835,0.9581116285917035,apf_waypoint,none,0.0,nan,nan,18.736150648824445,20.816710245638266,nan,nan,nan,WEBOTS_UNKNOWN,ekf_on_cluster_on,1,1
1784374638.7341464,53.26871848106384,-200.0,83.01146556789075,0.2,-0.006028207663662604,6.220143343720223,-1.1686608007876131,-0.06627413809762109,6.26027655960014,1784374638.7141166,None,None,None, None, 1784374638.7256243,1.0503431867749495,apf_waypoint,none,0.0,nan,nan,18.56212829827237,20.993330778599663,nan,nan,nan,WEBOTS_UNKNOWN,ekf_on_cluster_on,1,1
1784374638.9361303,53.47070240974426,-200.0,89.15117363177961,0.2,6.27860845842112,6.162991592319105,-1.153734620625522,-0.12096488017068399,6.234088148021248,1784374638.9306126,6.1555710709386755,-1.1527409132703912,0.03594018125311926, 1784374638.880526, 1784374638.9771643,0.9905289455739376,apf_waypoint,none,0.0,nan,nan,18.607574616212162,20.79653504857377,nan,nan,nan,WEBOTS_UNKNOWN,ekf_on_cluster_on,1,1
1784374639.097684,53.63225603103638,-200.0,81.55782866644155,0.2,6.264616351088246,6.2105920293811545,-1.153984064758042,-0.1387366729004872,6.219560454523611,1784374639.0353267,None,None,None, None, 1784374639.0718458,0.9194980223552227,apf_waypoint,none,0.0,nan,nan,18.308485438168645,21.080399678378107,nan,nan,nan,WEBOTS_UNKNOWN,ekf_on_cluster_on,1,1
1784374639.2458858,53.780457973480225,-200.0,68.78868464609997,0.2,6.254407279446662,6.2635590932197065,-1.1550766456845185,-0.07947201521422628,6.203224284281935,1784374639.2408855,None,None,None, None, 1784374639.1968527,0.9691605481082936,apf_waypoint,none,0.0,nan,nan,18.08429225527704,21.30258410678234,nan,nan,nan,WEBOTS_UNKNOWN,ekf_on_cluster_on,1,1
1784374639.40367,53.93824219703674,-195.68089766132852,39.23596808131595,0.2,6.247247999598326,6.317694916380444,-1.1566349981246518,-0.06730223538921089,6.194158669144228,1784374639.3755856,None,None,None, None, 1784374639.446215,1.034276988136117,apf_waypoint,none,0.0,nan,nan,17.92233146573044,21.47314058976106,nan,nan,nan,WEBOTS_UNKNOWN,ekf_on_cluster_on,1,1
1784374639.6985066,54.233078718185425,161.2584565573779,200.0,0.2,6.23341763457121,6.3700042215669415,-1.1584155661685198,-0.14086321605601232,6.153182400332166,1784374639.6664796,None,None,None, None, 1784374639.6975067,0.9283856729447474,apf_waypoint,none,0.0,nan,nan,17.61398888543638,21.761984460905452,nan,nan,nan,WEBOTS_UNKNOWN,ekf_on_cluster_on,1,1
1784374639.846703,54.38127517700195,177.26014209926103,200.0,0.2,6.220488137190759,6.414721816863716,-1.1611926483359007,-0.018929953173496675,6.15123345151515,1784374639.7694354,None,None,None, None, 1784374639.793605,0.9204298717633753,apf_waypoint,none,0.0,nan,nan,17.320904944512147,22.036745504733418,nan,nan,nan,WEBOTS_UNKNOWN,ekf_on_cluster_on,1,1
1784374640.180465,54.71503710746765,143.92553058692275,200.0,0.2,6.225302833867704,6.277930120380559,-1.1499731883488218,0.09920597588608436,6.190371629858062,1784374640.1639497,6.26991640015326,-1.149323306137914,6.244125016294475, 1784374639.899273, 1784374640.1659489,0.9083024942844766,apf_waypoint,none,0.0,nan,nan,17.45989248185209,21.778511582118657,nan,nan,nan,WEBOTS_UNKNOWN,ekf_on_cluster_on,1,1
1784374640.3212013,54.85577344894409,150.33446850130863,200.0,0.2,6.222525114852842,6.298733879391968,-1.1514143245267339,0.09383937005695527,6.199817016680891,1784374640.2646046,None,None,None, None, 1784374640.2896295,0.9887681371777463,apf_waypoint,none,0.0,nan,nan,17.394591965053547,21.850790391818023,nan,nan,nan,WEBOTS_UNKNOWN,ekf_on_cluster_on,1,1
1784374640.5322645,55.06683659553528,152.40494778100134,200.0,0.2,6.230616352003527,6.326850204550232,-1.1533931233099954,0.16791606940480355,6.236019683516232,1784374640.4802043,None,None,None, None, 1784374640.5117223,0.936676150055238,apf_waypoint,none,0.0,nan,nan,17.56460320664593,21.74201930768761,nan,nan,nan,WEBOTS_UNKNOWN,ekf_on_cluster_on,1,1
1784374640.6437604,55.178332567214966,156.21109901575792,200.0,0.2,6.237708478448205,6.359995904015383,-1.1553278441972337,0.11481701611312005,6.245747051340238,1784374640.564925,None,None,None, None, 1784374640.6167314,0.9317536261234388,apf_waypoint,none,0.0,nan,nan,17.71161210985229,21.65183698636462,nan,nan,nan,WEBOTS_UNKNOWN,ekf_on_cluster_on,1,1
1784374640.7785373,55.313109397888184,158.59825220737062,200.0,0.2,6.248891692660824,6.39607117467344,-1.1571823933823087,0.14921424771246808,6.272692038655038,1784374640.7455041,None,None,None, None, 1784374640.7329965,0.9737495519551073,apf_waypoint,none,0.0,nan,nan,17.945857936272283,21.488283821855397,nan,nan,nan,WEBOTS_UNKNOWN,ekf_on_cluster_on,1,1
1784374640.8531842,55.38775634765625,162.00030633311522,200.0,0.2,6.258990260116345,6.433714440149345,-1.158647719321893,0.12680370919132092,6.2829793247795935,1784374640.8266318,None,None,None, None, 1784374640.8266318,0.9926865941264524,apf_waypoint,none,0.0,nan,nan,18.155517206612586,21.339158384826863,nan,nan,nan,WEBOTS_UNKNOWN,ekf_on_cluster_on,1,1
1784374641.0316107,55.56618285179138,122.67098433803939,200.0,0.2,6.30404918358898,6.3875690266118,-1.1489959219669823,0.14212866000106542,0.028713172071269,1784374641.0301034,6.383792602304291,-1.148514556432469,0.10997680932602005, 1784374640.908773, 1784374641.0261023,1.0773222490134213,apf_waypoint,none,0.0,nan,nan,19.10675021400716,20.38371157660442,nan,nan,nan,WEBOTS_UNKNOWN,ekf_on_cluster_on,1,1
1784374641.1872268,55.72179889678955,125.88956824797431,200.0,0.2,0.02901243911789283,6.4193998316048795,-1.148444822062621,0.1242469693586637,0.03964498724019931,1784374641.118088,None,None,None, None, 1784374641.1185946,0.9373076781543741,apf_waypoint,none,0.0,nan,nan,19.268748314837193,20.238457146238726,nan,nan,nan,WEBOTS_UNKNOWN,ekf_on_cluster_on,1,1
1784374641.3409302,55.87550234794617,126.63110796046819,200.0,0.2,0.04340404588118028,6.45605656573386,-1.1475223518896218,0.17544635361722158,0.07663220396182233,1784374641.3289058,None,None,None, None, 1784374641.3344162,1.0711531739515114,apf_waypoint,none,0.0,nan,nan,19.554188964966233,19.969292887493772,nan,nan,nan,WEBOTS_UNKNOWN,ekf_on_cluster_on,1,1
1784374641.4210076,55.95557975769043,126.56577949232229,200.0,0.2,0.060511350118765954,6.495429061399295,-1.1458890220705804,0.17544635361722158,0.11172147468526664,1784374641.4320078,None,None,None, None, 1784374641.4200082,1.0343144963242141,apf_waypoint,none,0.0,nan,nan,19.888935127292882,19.636923841640137,nan,nan,nan,WEBOTS_UNKNOWN,ekf_on_cluster_on,1,1
1784374641.5622096,56.096781730651855,129.77483614434755,200.0,0.2,0.07323211978156065,6.536200513086401,-1.143456600267406,0.12285998185805194,0.13471600932997185,1784374641.5160663,None,None,None, None, 1784374641.5145624,0.9691784390983366,apf_waypoint,none,0.0,nan,nan,20.132867966150005,19.380682957216706,nan,nan,nan,WEBOTS_UNKNOWN,ekf_on_cluster_on,1,1
1784374641.6951404,56.22971248626709,135.7433163247899,200.0,0.2,0.08197975293531581,6.577521758417563,-1.1405313375740018,0.09850347483823718,0.14749690696057194,1784374641.645817,None,None,None, None, 1784374641.6392996,1.0625379640317136,apf_waypoint,none,0.0,nan,nan,20.297151305180236,19.197928682009064,nan,nan,nan,WEBOTS_UNKNOWN,ekf_on_cluster_on,1,1
1784374641.8601124,56.39468455314636,141.52211962379198,200.0,0.2,0.09131257198371896,6.6188477944840525,-1.1373233762073607,0.11796922293337145,0.17218742016383665,1784374641.8551133,None,None,None, None, 1784374641.8511028,1.0764770910234795,apf_waypoint,none,0.0,nan,nan,20.47076625738693,18.999245448446167,nan,nan,nan,WEBOTS_UNKNOWN,ekf_on_cluster_on,1,1
1784374642.0016477,56.53621983528137,64.51713309455417,200.0,0.2,0.14668517300113415,6.49992256152961,-1.1346655489739716,0.1384188826007532,0.18921025665479088,1784374641.9780939,6.494777267744079,-1.1346945028668132,0.2575625836262514, 1784374641.918159, 1784374641.9462574,1.0406960193150516,apf_waypoint,none,0.0,nan,nan,21.49506952286763,17.747619458629625,nan,nan,nan,WEBOTS_UNKNOWN,ekf_on_cluster_on,1,1
1784374642.135776,56.670348167419434,59.78746551205792,200.0,0.2,0.16425667775723934,6.528371264103072,-1.1305447714899106,0.21653343340043574,0.21316195076807692,1784374642.0887082,None,None,None, None, 1784374642.1317763,1.001148404195049,apf_waypoint,none,0.0,nan,nan,21.798004802690812,17.343149377129592,nan,nan,nan,WEBOTS_UNKNOWN,ekf_on_cluster_on,1,1
1784374642.2275257,56.76209783554077,63.16804323226531,200.0,0.2,0.17495091339512475,6.565025610368447,-1.1244260748830772,0.09305364041013262,0.2209999426304922,1784374642.172939,None,None,None, None, 1784374642.2350383,1.0040930638298515,apf_waypoint,none,0.0,nan,nan,21.973762950256976,17.070494693118274,nan,nan,nan,WEBOTS_UNKNOWN,ekf_on_cluster_on,1,1
1784374642.3979676,56.93253970146179,65.94866191330354,200.0,0.2,0.18882297181309032,6.6064151892503595,-1.117185008824043,0.14406433962574214,0.2520646127269644,1784374642.3885696,None,None,None, None, 1784374642.359713,1.0521808366242,apf_waypoint,none,0.0,nan,nan,22.19785178295312,16.71755090989308,nan,nan,nan,WEBOTS_UNKNOWN,ekf_on_cluster_on,1,1
1784374642.549254,57.08382606506348,72.85245619876378,200.0,0.2,0.19871791318655627,6.650025531324426,-1.1089083423708637,0.10014345238291182,0.263442223667212,1784374642.5021827,None,None,None, None, 1784374642.469156,1.0464291595768014,apf_waypoint,none,0.0,nan,nan,22.34964090551258,16.442132104578278,nan,nan,nan,WEBOTS_UNKNOWN,ekf_on_cluster_on,1,1
1784374642.7609286,57.29550075531006,82.58950688479256,200.0,0.2,0.20563007949438883,6.6944197473515965,-1.1001008230942686,0.08458873988329227,0.2849912869519709,1784374642.7569337,None,None,None, None, 1784374642.6986682,0.9753710585199314,apf_waypoint,none,0.0,nan,nan,22.449049738511835,16.227826032809098,nan,nan,nan,WEBOTS_UNKNOWN,ekf_on_cluster_on,1,1
1784374642.9262605,57.460832595825195,86.94439353249209,200.0,0.2,0.22040883403126146,6.738820627322646,-1.091046778021001,0.16613019114642233,0.30098223835191457,1784374642.8531892,None,None,None, None, 1784374642.9252603,0.9651728648694102,apf_waypoint,none,0.0,nan,nan,22.6714402298204,15.832791291698152,nan,nan,nan,WEBOTS_UNKNOWN,ekf_on_cluster_on,1,1
1784374643.0842075,57.61877965927124,-6.917564985554743,200.0,0.2,0.2730120065815563,6.612226294787059,-1.1031363416302407,0.054687825273717454,0.3124797353777597,1784374643.063428,6.606816801974023,-1.103829563393825,0.3912695641007051, 1784374642.92426, 1784374643.030413,0.9492574893566551,apf_waypoint,none,0.0,nan,nan,23.49587064012235,14.663118745617487,nan,nan,nan,WEBOTS_UNKNOWN,ekf_on_cluster_on,1,1
1784374643.2018619,57.73643398284912,0.8903255195933157,200.0,0.2,0.27584118608896696,6.6434201321353195,-1.094536724915629,0.074674546757585,0.31833129230073637,1784374643.1417887,None,None,None, None, 1784374643.2018619,1.0058830036966457,apf_waypoint,none,0.0,nan,nan,23.519643996807112,14.532841498513463,nan,nan,nan,WEBOTS_UNKNOWN,ekf_on_cluster_on,1,1
1784374643.4195368,57.95410895347595,14.29526120067509,200.0,0.2,0.277230632780944,6.682875547808399,-1.083566459029818,0.057535621188173146,0.3319781530424874,1784374643.3789785,None,None,None, None, 1784374643.4300451,1.0761933772920569,apf_waypoint,none,0.0,nan,nan,23.517220626924782,14.418659894246739,nan,nan,nan,WEBOTS_UNKNOWN,ekf_on_cluster_on,1,1
1784374643.56977,58.104342222213745,0.8232604371448541,200.0,0.2,0.3111453780944234,6.726527774359685,-1.0714177660303692,0.3656160291946011,0.36382854996441777,1784374643.5797696,None,None,None, None, 1784374643.518695,0.9488970344188852,apf_waypoint,none,0.0,nan,nan,23.964539134881214,13.523550307851556,nan,nan,nan,WEBOTS_UNKNOWN,ekf_on_cluster_on,1,1
1784374643.754431,58.289003133773804,4.100243460014493,200.0,0.2,0.3272124173143284,6.771777750977676,-1.056555984933806,0.09536878763094164,0.3844089114330442,1784374643.7644324,None,None,None, None, 1784374643.7289124,0.9166056090982071,apf_waypoint,none,0.0,nan,nan,24.142257451728923,13.023481178999225,nan,nan,nan,WEBOTS_UNKNOWN,ekf_on_cluster_on,1,1
1784374643.8292344,58.36380648612976,7.836982267825358,200.0,0.2,0.34389488121596334,6.817694796312997,-1.040889004067738,0.13676219522751126,0.39569752870087593,1784374643.7644324,None,None,None, None, 1784374643.8402357,1.0995843472233293,apf_waypoint,none,0.0,nan,nan,24.315615856401493,12.499078319689328,nan,nan,nan,WEBOTS_UNKNOWN,ekf_on_cluster_on,1,1
1784374643.9685974,58.503169536590576,-44.108319193736996,200.0,0.2,0.40099765498467715,6.7239305408845995,-1.055099462163283,0.09985636424840157,0.41473509555829025,1784374643.955082,6.717785326039917,-1.0564499249868997,0.5152089725377227, 1784374643.929563, 1784374643.929564,1.0492314238000626,apf_waypoint,none,0.0,nan,nan,25.0277846759591,11.169242088999003,nan,nan,nan,WEBOTS_UNKNOWN,ekf_on_cluster_on,1,1
1784374644.068854,58.60342621803284,-41.98544241912125,200.0,0.2,0.4095977793771628,6.759226025020428,-1.0401352461564315,0.09089780441743352,0.4249399209452174,1784374644.067349,None,None,None, None, 1784374644.0007706,0.9551231568067763,apf_waypoint,none,0.0,nan,nan,25.075957732647637,10.83718706602228,nan,nan,nan,WEBOTS_UNKNOWN,ekf_on_cluster_on,1,1
1784374644.2604315,58.79500365257263,-38.372433420520586,200.0,0.2,0.41810056628898806,6.801693324496423,-1.0217546577806758,0.09328998494897339,0.43532990155920814,1784374644.274913,None,None,None, None, 1784374644.2147515,1.097740400665901,apf_waypoint,none,0.0,nan,nan,25.10817808289576,10.480461512298968,nan,nan,nan,WEBOTS_UNKNOWN,ekf_on_cluster_on,1,1
1784374644.397123,58.931695222854614,-35.341279165116596,200.0,0.2,0.43031818392703275,6.847270271473689,-1.0015977310410928,0.12829505211311062,0.46065159447320597,1784374644.3760927,None,None,None, None, 1784374644.4065723,1.0775253150395856,apf_waypoint,none,0.0,nan,nan,25.167551263115413,10.01603054830525,nan,nan,nan,WEBOTS_UNKNOWN,ekf_on_cluster_on,1,1
1784374644.542571,59.07714319229126,-31.359453044019926,200.0,0.2,0.44167601645881915,6.8937271161574145,-0.9803101457587076,0.1084045227415315,0.47370884385082485,1784374644.496542,None,None,None, None, 1784374644.5280604,0.9401759546673969,apf_waypoint,none,0.0,nan,nan,25.20700893099458,9.563515461334939,nan,nan,nan,WEBOTS_UNKNOWN,ekf_on_cluster_on,1,1
1784374644.701837,59.236409187316895,-30.524046852977047,200.0,0.2,0.4618173066064557,6.94018306734494,-0.9583993039403005,0.18805545941994603,0.4936740528109777,1784374644.7028358,None,None,None, None, 1784374644.6367326,1.0930286544528482,apf_waypoint,none,0.0,nan,nan,25.316020213200055,8.883567888167118,nan,nan,nan,WEBOTS_UNKNOWN,ekf_on_cluster_on,1,1
1784374644.8971856,59.43175768852234,-27.46519950084558,200.0,0.2,0.4774162797866381,6.9861545083169485,-0.9353995342413768,0.1225207756276422,0.5191971598769469,1784374644.9061835,None,None,None, None, 1784374644.8826618,1.0347459459261683,apf_waypoint,none,0.0,nan,nan,25.365875102620052,8.308316061452995,nan,nan,nan,WEBOTS_UNKNOWN,ekf_on_cluster_on,1,1
1784374645.0343335,59.56890559196472,-81.5786167053266,200.0,0.2,0.538725151459216,6.839712554489598,-0.9860912981344047,0.18853077218150696,0.5525210871627754,1784374644.987781,6.833545414524827,-0.9884781935581873,0.6348372617869824, 1784374644.934438, 1784374644.9857802,1.0961044229756298,apf_waypoint,none,0.0,nan,nan,26.032443422062542,7.097477612744506,nan,nan,nan,WEBOTS_UNKNOWN,ekf_on_cluster_on,1,1
1784374645.19665,59.73122215270996,-81.51114402533247,200.0,0.2,0.5507365437781032,6.871714807836958,-0.9667672623043742,0.07675687102644929,0.5683229443298538,1784374645.19365,None,None,None, None, 1784374645.19365,0.999722478650572,apf_waypoint,none,0.0,nan,nan,26.032034255716354,6.636238196171476,nan,nan,nan,WEBOTS_UNKNOWN,ekf_on_cluster_on,1,1
1784374645.328538,59.863110065460205,-87.62244909718989,200.0,0.2,0.5841726023298763,6.91276696578613,-0.9414658139185033,0.3102793540285405,0.5968122772793365,1784374645.2854683,None,None,None, None, 1784374645.3180199,0.98080976494166,apf_waypoint,none,0.0,nan,nan,26.122898403918335,5.571485818126195,nan,nan,nan,WEBOTS_UNKNOWN,ekf_on_cluster_on,1,1
1784374645.5540175,60.088589668273926,-87.6827616683253,200.0,0.2,0.6023126540398128,6.957271551618025,-0.9114196879424705,0.0855959483927097,0.6182545286260264,1784374645.5359738,None,None,None, None, 1784374645.547496,0.9554189631988582,apf_waypoint,none,0.0,nan,nan,26.076226825886884,4.87012474433653,nan,nan,nan,WEBOTS_UNKNOWN,ekf_on_cluster_on,1,1
1784374645.6844084,60.21898055076599,-84.48651966032696,200.0,0.2,0.6130109534001128,7.003015841597122,-0.8796399137329036,0.05744172078593694,0.6241637220666344,1784374645.6388466,None,None,None, None, 1784374645.652371,0.978322208499647,apf_waypoint,none,0.0,nan,nan,25.971984782588336,4.351680252078691,nan,nan,nan,WEBOTS_UNKNOWN,ekf_on_cluster_on,1,1
1784374645.8074903,60.34206247329712,-80.98116321585015,200.0,0.2,0.6245926276896786,7.048881178827653,-0.8473032971284091,0.09516197334098948,0.6313460925511447,1784374645.8200033,None,None,None, None, 1784374645.7413778,1.0305846784985953,apf_waypoint,none,0.0,nan,nan,25.859777370617458,3.8081846580176117,nan,nan,nan,WEBOTS_UNKNOWN,ekf_on_cluster_on,1,1
1784374645.9595208,60.49409294128418,-113.70487804810246,200.0,0.2,0.6727477284329995,6.959978202077757,-0.8922349751780039,0.1531145879484485,0.6592207477315781,1784374645.9825559,6.954066557317483,-0.8956549352957682,0.7498859608762043, 1784374645.937006, 1784374645.9665182,0.9681880470900112,apf_waypoint,none,0.0,nan,nan,26.246727266541605,2.872323805305774,nan,nan,nan,WEBOTS_UNKNOWN,ekf_on_cluster_on,1,1
1784374646.19179,60.726362228393555,-112.42643751151664,200.0,0.2,0.6824934073043919,6.996176978484996,-0.8631775366863828,0.06232719030958846,0.6727639816753853,1784374646.2068043,None,None,None, None, 1784374646.184792,0.9658555446324351,apf_waypoint,none,0.0,nan,nan,26.11554012235762,2.4051687492004383,nan,nan,nan,WEBOTS_UNKNOWN,ekf_on_cluster_on,1,1
1784374646.335015,60.86958718299866,-110.90445186990249,200.0,0.2,0.6950505407481361,7.038689894084634,-0.8285242916699751,0.10885201794924161,0.6945657149342487,1784374646.3139532,None,None,None, None, 1784374646.283428,0.9834733875789904,apf_waypoint,none,0.0,nan,nan,25.95161330350239,1.826725988666949,nan,nan,nan,WEBOTS_UNKNOWN,ekf_on_cluster_on,1,1
1784374646.5709383,61.10551047325134,-109.63865777885229,200.0,0.2,0.710510950643422,7.083035859599072,-0.791391995884366,0.12624286498468443,0.7241645112365396,1784374646.5484123,None,None,None, None, 1784374646.5424101,1.0064677386605878,apf_waypoint,none,0.0,nan,nan,25.766001296452657,1.1591343494934172,nan,nan,nan,WEBOTS_UNKNOWN,ekf_on_cluster_on,1,1
1784374646.7109356,61.24550771713257,-105.27860449599856,200.0,0.2,0.7181648391393128,7.1273594865684595,-0.7530189534315532,0.044573589205927557,0.7302038160738255,1784374646.683903,None,None,None, None, 1784374646.6483772,1.031010373268589,apf_waypoint,none,0.0,nan,nan,25.55326673087035,0.6871890458506087,nan,nan,nan,WEBOTS_UNKNOWN,ekf_on_cluster_on,1,1
1784374646.9188406,61.453412771224976,-100.20942169095005,200.0,0.2,0.726052754201167,7.171408959696919,-0.7145148955269178,0.06938171886820647,0.73913996054379,1784374646.9268494,None,None,None, None, 1784374646.860806,1.0099771908048745,apf_waypoint,none,0.0,nan,nan,25.333396372264474,0.21089756413788763,nan,nan,nan,WEBOTS_UNKNOWN,ekf_on_cluster_on,1,1
1784374647.139024,61.673596143722534,-130.86806741804727,200.0,0.2,0.7652761639323422,7.072531596006634,-0.7826937586320042,0.06823347059879832,0.7563804336083291,1784374647.1580324,7.0661845392425215,-0.7874527263852795,0.8475295586459151, 1784374646.942373, 1784374647.1655464,0.9031335817545684,apf_waypoint,none,0.0,nan,nan,25.732396362899625,-0.3219315381633887,nan,nan,nan,WEBOTS_UNKNOWN,ekf_on_cluster_on,1,1
1784374647.3105938,61.845165967941284,-131.39110681790712,200.0,0.2,0.7806432161530892,7.106278882931662,-0.7502649757322502,0.15962760120217448,0.786864127088943,1784374647.2563362,None,None,None, None, 1784374647.263335,1.0311749245113275,apf_waypoint,none,0.0,nan,nan,25.522556412157016,-0.9389607633275752,nan,nan,nan,WEBOTS_UNKNOWN,ekf_on_cluster_on,1,1
1784374647.5220191,62.056591272354126,-132.0234175717777,200.0,0.2,0.7998545579897135,7.146323200311332,-0.7102750813831689,0.1481685218947262,0.8260804747908118,1784374647.5210102,None,None,None, None, 1784374647.4699397,0.9794317721173743,apf_waypoint,none,0.0,nan,nan,25.24460688488416,-1.6987751248163043,nan,nan,nan,WEBOTS_UNKNOWN,ekf_on_cluster_on,1,1
1784374647.6666594,62.201231479644775,-129.70406111432928,200.0,0.2,0.8112155424197771,7.187975597800413,-0.6669084156750862,0.05660107096953911,0.8318086574880591,1784374647.622213,None,None,None, None, 1784374647.6731722,1.0965978554181612,apf_waypoint,none,0.0,nan,nan,24.94230610859537,-2.2761383929931274,nan,nan,nan,WEBOTS_UNKNOWN,ekf_on_cluster_on,1,1
1784374647.8589897,62.39356184005737,-128.90619299546097,200.0,0.2,0.8300359259828521,7.229786558790176,-0.6226339422508422,0.14805776818143562,0.8640479648429007,1784374647.839961,None,None,None, None, 1784374647.7957878,1.0764622516636384,apf_waypoint,none,0.0,nan,nan,24.601155426258345,-3.0373650394973453,nan,nan,nan,WEBOTS_UNKNOWN,ekf_on_cluster_on,1,1
1784374647.9941566,62.528728723526,-150.01517515229096,200.0,0.2,0.8667694657652288,7.1767374168641815,-0.6591604546360681,0.05128800440828103,0.8687220984081017,1784374647.931096,7.170674570502459,-0.6644332570725453,0.9392567813891564, 1784374647.949612, 1784374647.9781322,0.9531582886480982,apf_waypoint,none,0.0,nan,nan,24.71855967928656,-3.7140811211059237,nan,nan,nan,WEBOTS_UNKNOWN,ekf_on_cluster_on,1,1
1784374648.1139321,62.64850425720215,-148.71917886204287,200.0,0.2,0.8764925553072922,7.211602307792878,-0.6178522097685732,0.06888323979856109,0.8811788624396383,1784374648.111935,None,None,None, None, 1784374648.111935,1.0294429635839166,apf_waypoint,none,0.0,nan,nan,24.393358716001284,-4.215425501917898,nan,nan,nan,WEBOTS_UNKNOWN,ekf_on_cluster_on,1,1
1784374648.2326894,62.76726150512695,-145.22968182022996,200.0,0.2,0.8818211040105666,7.250421712087922,-0.5709921028549054,0.028392210027846764,0.8835974069132385,1784374648.1971183,None,None,None, None, 1784374648.2021184,1.0798767474438975,apf_waypoint,none,0.0,nan,nan,24.041160901480524,-4.640720421298523,nan,nan,nan,WEBOTS_UNKNOWN,ekf_on_cluster_on,1,1
1784374648.3581324,62.892704486846924,-141.0001135979277,200.0,0.2,0.8880949435389035,7.290112877721874,-0.5227579150234973,0.05453148737392144,0.8922956408522454,1784374648.3566267,None,None,None, None, 1784374648.3566267,1.0647751420387448,apf_waypoint,none,0.0,nan,nan,23.669440944124187,-5.094058914166516,nan,nan,nan,WEBOTS_UNKNOWN,ekf_on_cluster_on,1,1
1784374648.498868,63.03344011306763,-136.47423837600593,200.0,0.2,0.8970651627159573,7.329502614618448,-0.4742901621676765,0.07921316711015344,0.899954794959424,1784374648.4533172,None,None,None, None, 1784374648.4553144,0.9494490943960213,apf_waypoint,none,0.0,nan,nan,23.27499056943827,-5.607914333310433,nan,nan,nan,WEBOTS_UNKNOWN,ekf_on_cluster_on,1,1
1784374648.6844149,63.21898698806763,-134.12433956294413,200.0,0.2,0.917554372179139,7.3681638551022495,-0.42576148134724434,0.17531896798188273,0.9382762671009012,1784374648.6718986,None,None,None, None, 1784374648.6764069,0.9198522924124192,apf_waypoint,none,0.0,nan,nan,22.79942811449719,-6.379345434997279,nan,nan,nan,WEBOTS_UNKNOWN,ekf_on_cluster_on,1,1
1784374648.8268845,63.361456632614136,-129.14758759111163,200.0,0.2,0.9328335459973679,7.4054256931484135,-0.3765412623638227,0.0949815160765327,0.9491921449398627,1784374648.786825,None,None,None, None, 1784374648.7693143,1.083485762724836,apf_waypoint,none,0.0,nan,nan,22.33207164609074,-7.022543139790619,nan,nan,nan,WEBOTS_UNKNOWN,ekf_on_cluster_on,1,1
1784374649.0329661,63.567538261413574,-169.847415473287,200.0,0.2,0.9756606354196282,7.274139700378954,-0.5192876472041071,0.18433471474234897,0.9888028215586405,1784374649.0017095,7.268706196890275,-0.5255166500528786,1.0225891344896176, 1784374648.953157, 1784374648.9801908,1.0697319112054742,apf_waypoint,none,0.0,nan,nan,23.10051869460331,-7.170400404826004,nan,nan,nan,WEBOTS_UNKNOWN,ekf_on_cluster_on,1,1
1784374649.2032924,63.73786449432373,-170.72570037456327,200.0,0.2,0.989163777204978,7.300005016131994,-0.4803660389702864,0.04708945423383646,0.9942347364327507,1784374649.2162995,None,None,None, None, 1784374649.1847723,0.9790311235887237,apf_waypoint,none,0.0,nan,nan,22.699376272679928,-7.698994600329872,nan,nan,nan,WEBOTS_UNKNOWN,ekf_on_cluster_on,1,1
1784374649.3896205,63.924192667007446,-170.91415904482778,200.0,0.2,1.0038211275738251,7.332839589973625,-0.42984025990300134,0.0918457685794254,1.013655949435417,1784374649.3285172,None,None,None, None, 1784374649.3871152,0.9478310122452674,apf_waypoint,none,0.0,nan,nan,22.186337755522906,-8.307761962527813,nan,nan,nan,WEBOTS_UNKNOWN,ekf_on_cluster_on,1,1
1784374649.5683618,64.10293388366699,-169.2391086239599,200.0,0.2,1.0133725168620065,7.367340267404868,-0.3749974389396846,0.042005328558310275,1.01838800647399,1784374649.441171,None,None,None, None, 1784374649.5033019,0.9886585897158435,apf_waypoint,none,0.0,nan,nan,21.669591517649287,-8.816415379933153,nan,nan,nan,WEBOTS_UNKNOWN,ekf_on_cluster_on,1,1
1784374649.8516097,64.38618183135986,-148.97773793786845,188.6239757561655,0.2,1.0187795791236316,7.40186758935966,-0.3191856192731901,0.021258038622480747,1.026229809317454,1784374649.8100574,None,None,None, None, 1784374649.8110554,0.9170314592685244,apf_waypoint,none,0.0,nan,nan,21.17416851779765,-9.233944524454746,nan,nan,nan,WEBOTS_UNKNOWN,ekf_on_cluster_on,1,1
1784374650.0884519,64.6230239868164,-178.97515698926054,200.0,0.2,1.0373434117832285,7.348147204335462,-0.3936882548546162,0.019529323440164167,1.0313244747476267,1784374650.07093,7.342637688136916,-0.401832721320814,1.0787124441984854, 1784374649.961766, 1784374650.0774534,1.0431605316053707,apf_waypoint,none,0.0,nan,nan,21.60082777715403,-9.237727882729422,nan,nan,nan,WEBOTS_UNKNOWN,ekf_on_cluster_on,1,1
1784374650.3322353,64.86680746078491,-176.13051447215753,199.9211201364417,0.2,1.0412624400774542,7.375847223321905,-0.3467061737164485,0.03316773660862684,1.0397923575528953,1784374650.3262348,None,None,None, None, 1784374650.3322353,0.9834786307579476,apf_waypoint,none,0.0,nan,nan,21.182358826694674,-9.566938139226234,nan,nan,nan,WEBOTS_UNKNOWN,ekf_on_cluster_on,1,1
1784374650.516429,65.05100107192993,-200.0,89.21033342103651,0.2,1.0458378956059258,7.407972751668545,-0.2917176428973818,0.03688067931874966,1.0441838387211952,1784374650.5650272,None,None,None, None, 1784374650.5765302,1.0592533615064659,apf_waypoint,none,0.0,nan,nan,20.688378652531085,-9.948337020596991,nan,nan,nan,WEBOTS_UNKNOWN,ekf_on_cluster_on,1,1
1784374650.7916493,65.32622146606445,-200.0,77.84387326733363,0.2,1.0442221343207756,7.437017701062518,-0.24091052527853618,-0.06329339582893864,1.0234977694734635,1784374650.7721357,None,None,None, None, 1784374650.7896485,1.029608408648647,apf_waypoint,none,0.0,nan,nan,20.287558478931466,-10.178883404936219,nan,nan,nan,WEBOTS_UNKNOWN,ekf_on_cluster_on,1,1
1784374651.0061355,65.5407075881958,-200.0,82.91036806608246,0.2,1.0496229863657331,7.410126232940857,-0.27696000210864413,-0.07724400094746013,1.005886861243154,1784374651.0001264,7.404721037920769,-0.2853049235496953,1.0788573943903454, 1784374650.964587, 1784374651.0051353,0.9023013000254378,apf_waypoint,none,0.0,nan,nan,20.527192842136227,-10.10423513727624,nan,nan,nan,WEBOTS_UNKNOWN,ekf_on_cluster_on,1,1
1784374651.125407,65.65997910499573,-200.0,73.69533023290002,0.2,1.0471622188598066,7.433481975447585,-0.23597718251895428,-0.06046427878115979,0.9995225849932619,1784374651.1053832,None,None,None, None, 1784374651.1013825,1.0795103235743042,apf_waypoint,none,0.0,nan,nan,20.214930442338243,-10.265639986211347,nan,nan,nan,WEBOTS_UNKNOWN,ekf_on_cluster_on,1,1
1784374651.3407383,65.87531042098999,-200.0,62.642811609774995,0.2,1.0419606291224028,7.459495086681274,-0.1905733052336589,-0.0816964903462313,0.9805399873551922,1784374651.3377383,None,None,None, None, 1784374651.299225,1.0687071144776947,apf_waypoint,none,0.0,nan,nan,19.894927859809343,-10.397202030094562,nan,nan,nan,WEBOTS_UNKNOWN,ekf_on_cluster_on,1,1
1784374651.5000448,66.03461694717407,-200.0,49.83558958368231,0.2,1.0347163317992711,7.486396461328322,-0.1442348966189284,-0.09154960246499111,0.9670561273941676,1784374651.485023,None,None,None, None, 1784374651.4278996,0.9234559114217028,apf_waypoint,none,0.0,nan,nan,19.589721440795447,-10.49734325484453,nan,nan,nan,WEBOTS_UNKNOWN,ekf_on_cluster_on,1,1
1784374651.7008588,66.23543095588684,-200.0,37.3726949777636,0.2,1.020184635292719,7.513476754410998,-0.09839810304479268,-0.15168467584876102,0.9498924818506347,1784374651.7083662,None,None,None, None, 1784374651.6538234,0.9300505699694745,apf_waypoint,none,0.0,nan,nan,19.36691805442289,-10.45894550033756,nan,nan,nan,WEBOTS_UNKNOWN,ekf_on_cluster_on,1,1
1784374651.8628597,66.39743185043335,-200.0,20.17581217392315,0.2,1.0106339235810542,7.540906323101632,-0.05372069310786439,-0.08485799890417581,0.932188833571181,1784374651.8068032,None,None,None, None, 1784374651.7537158,0.9798647247429921,apf_waypoint,none,0.0,nan,nan,19.103650891935416,-10.518003609494597,nan,nan,nan,WEBOTS_UNKNOWN,ekf_on_cluster_on,1,1
1784374652.0340216,66.56859374046326,-200.0,72.8099765443515,0.2,0.9826246464065603,7.479869770555728,-0.1535571046806204,-0.21154735279292827,0.8849688746383532,1784374652.0300155,7.475888844095669,-0.1600259544677714,0.9665483439137406, 1784374651.965236, 1784374652.0149949,1.0709909476578987,apf_waypoint,none,0.0,nan,nan,20.18327927028285,-9.410266937493894,nan,nan,nan,WEBOTS_UNKNOWN,ekf_on_cluster_on,1,1
1784374652.2118034,66.7463755607605,-200.0,67.63950587775123,0.2,0.9680901585457614,7.501536147457588,-0.12131611027840083,-0.11325675577265905,0.8646064672566107,1784374652.2098053,None,None,None, None, 1784374652.2219384,0.9385887610551519,apf_waypoint,none,0.0,nan,nan,20.065764275601254,-9.302632336308836,nan,nan,nan,WEBOTS_UNKNOWN,ekf_on_cluster_on,1,1
1784374652.3789353,66.91350746154785,-200.0,57.05075022322282,0.2,0.9569300999543214,7.528859047148339,-0.08179684476547244,-0.08716615879815819,0.854983887798527,1784374652.3201988,None,None,None, None, 1784374652.3583763,0.9923752501231091,apf_waypoint,none,0.0,nan,nan,19.861276307892204,-9.310417313794048,nan,nan,nan,WEBOTS_UNKNOWN,ekf_on_cluster_on,1,1
1784374652.5374389,67.07201099395752,-200.0,45.087890191795005,0.2,0.9394229911293632,7.558600381221211,-0.0396116440589509,-0.16039048052292496,0.8390526155608407,1784374652.5445971,None,None,None, None, 1784374652.476615,0.9688193807864253,apf_waypoint,none,0.0,nan,nan,19.69705621293575,-9.215088470010247,nan,nan,nan,WEBOTS_UNKNOWN,ekf_on_cluster_on,1,1
1784374652.712611,67.24718308448792,-200.0,28.020979802520678,0.2,0.925501135922328,7.5895303967002725,0.00252195320788573,-0.11095769609103866,0.8159493474289393,1784374652.6277437,None,None,None, None, 1784374652.6657772,1.020724794497924,apf_waypoint,none,0.0,nan,nan,19.502542273235942,-9.197952307049377,nan,nan,nan,WEBOTS_UNKNOWN,ekf_on_cluster_on,1,1
1784374652.8774767,67.41204881668091,-200.0,-69.95639493441591,0.2,0.90577335066645,7.6205790328643275,0.04373001426169765,-0.1732100979373431,0.7745161505596815,1784374652.8669515,None,None,None, None, 1784374652.8754647,1.0794740804339085,apf_waypoint,none,0.0,nan,nan,19.37059962014747,-9.070021648428835,nan,nan,nan,WEBOTS_UNKNOWN,ekf_on_cluster_on,1,1
1784374653.1078086,67.6423807144165,-200.0,8.587193585946839,0.2,0.8839990137619722,7.561515834992544,-0.04068410498576695,-0.07411885178911717,0.7575170559144057,1784374653.0963006,7.557535821390178,-0.04616325481336624,0.850166647274821, 1784374652.966148, 1784374653.1013014,1.0469466648881123,apf_waypoint,none,0.0,nan,nan,20.18605310685523,-8.101947319350906,nan,nan,nan,WEBOTS_UNKNOWN,ekf_on_cluster_on,1,1
1784374653.2736309,67.80820298194885,-200.0,-1.4078601620163513,0.2,0.8762456345714047,7.583722628127911,-0.013503718242988683,-0.1003968367795159,0.7459037263868301,1784374653.2119749,None,None,None, None, 1784374653.3036737,1.0360420055618695,apf_waypoint,none,0.0,nan,nan,20.05034424354157,-8.120995725082068,nan,nan,nan,WEBOTS_UNKNOWN,ekf_on_cluster_on,1,1
1784374653.5495303,68.08410239219666,-200.0,-11.634397761419041,0.2,0.8597531326006317,7.610846395317647,0.019218073472402786,-0.18224249126438916,0.6852979342183987,1784374653.5445306,None,None,None, None, 1784374653.5204911,1.0954591577752508,apf_waypoint,none,0.0,nan,nan,19.94632115873487,-8.004916391436748,nan,nan,nan,WEBOTS_UNKNOWN,ekf_on_cluster_on,1,1
1784374653.7741723,68.30874443054199,-200.0,-18.386767263202156,0.2,0.8355747369536982,7.640946672040762,0.05413088720368364,-0.22036194058386827,0.6351347611122022,1784374653.7721705,None,None,None, None, 1784374653.7658713,0.9123949190800372,apf_waypoint,none,0.0,nan,nan,19.888240502099904,-7.756513935778207,nan,nan,nan,WEBOTS_UNKNOWN,ekf_on_cluster_on,1,1
1784374654.0074654,68.54203748703003,-200.0,14.158595306196574,0.2,0.795620111456277,7.643272349505493,0.049340866158403406,-0.12266299426274382,0.6092811243362123,1784374653.9829402,7.640363311521979,0.04542698322930234,0.7271406624659128, 1784374653.967394, 1784374654.0004563,0.9270156055925266,apf_waypoint,none,0.0,nan,nan,20.215963251675838,-6.92047833360895,nan,nan,nan,WEBOTS_UNKNOWN,ekf_on_cluster_on,1,1
1784374654.237788,68.77236008644104,-200.0,8.657016615185121,0.2,0.7780728227946904,7.674243372771686,0.08084474227212368,-0.16491205012333773,0.5677481999657242,1784374654.2347891,None,None,None, None, 1784374654.2291968,1.0646178472731394,apf_waypoint,none,0.0,nan,nan,20.125317715122012,-6.789541138532226,nan,nan,nan,WEBOTS_UNKNOWN,ekf_on_cluster_on,1,1
1784374654.3679864,68.90255856513977,-200.0,-9.163352516813015,0.2,0.7662857492006027,7.708112294781278,0.11407657471098531,-0.09373320458644253,0.5581239903977998,1784374654.3374658,None,None,None, None, 1784374654.32694,0.9303090634375382,apf_waypoint,none,0.0,nan,nan,19.98589598062381,-6.791723554062779,nan,nan,nan,WEBOTS_UNKNOWN,ekf_on_cluster_on,1,1
1784374654.5620155,69.09658765792847,-200.0,-34.337851347420866,0.2,0.7570207898384897,7.742908281345429,0.14761085439576505,-0.09149937998732555,0.5376690784155077,1784374654.5610182,None,None,None, None, 1784374654.5490088,0.978530951805879,apf_waypoint,none,0.0,nan,nan,19.829582268499255,-6.850645444028482,nan,nan,nan,WEBOTS_UNKNOWN,ekf_on_cluster_on,1,1
1784374654.643496,69.17806816101074,-200.0,-61.76079735354769,0.2,0.7491398925056832,7.777766541855332,0.18070799095065038,-0.09149937998732555,0.5193692024180426,1784374654.5610182,None,None,None, None, 1784374654.6665082,1.0436022558232743,apf_waypoint,none,0.0,nan,nan,19.6687068115298,-6.9373832833028946,nan,nan,nan,WEBOTS_UNKNOWN,ekf_on_cluster_on,1,1
1784374654.8396778,69.37424993515015,-200.0,-83.30309203382534,0.2,0.732804862143815,7.81219114577489,0.21296263981353558,-0.1756157545482299,0.4737148859784013,1784374654.8209853,None,None,None, None, 1784374654.8003538,0.9901986795823112,apf_waypoint,none,0.0,nan,nan,19.57389012531686,-6.85595115936816,nan,nan,nan,WEBOTS_UNKNOWN,ekf_on_cluster_on,1,1
1784374654.9751952,69.50976729393005,-200.0,22.442582973154323,0.2,0.6880755079292279,7.745088129395009,0.13651957381047425,-0.11074271465984166,0.4619983691632448,1784374654.9267848,7.740537117765064,0.13169927613769244,0.5953545008047225, 1784374654.973195, 1784374654.9162683,0.9392548374253676,apf_waypoint,none,0.0,nan,nan,20.323276748284034,-5.37904605263522,nan,nan,nan,WEBOTS_UNKNOWN,ekf_on_cluster_on,1,1
1784374655.1726308,69.70720291137695,-200.0,14.579723957250906,0.2,0.67986099186369,7.7719486440394405,0.15865178656210155,-0.09764025601746461,0.4404380579618786,1784374655.1475985,None,None,None, None, 1784374655.161115,1.0558078705384863,apf_waypoint,none,0.0,nan,nan,20.235886014116492,-5.383076727701082,nan,nan,nan,WEBOTS_UNKNOWN,ekf_on_cluster_on,1,1
1784374655.2606268,69.79519891738892,-200.0,0.0,0.2,0.6706897820905134,7.805315561555444,0.18573453843115928,-0.10675281371577451,0.4296533692500038,1784374655.2486234,None,None,None, None, 1784374655.2656274,1.0667720755041128,apf_waypoint,none,0.0,nan,nan,20.12580357289752,-5.408410983294355,nan,nan,nan,WEBOTS_UNKNOWN,ekf_on_cluster_on,1,1
1784374655.4264126,69.96098470687866,-200.0,-30.12414654410238,0.2,0.662805557021989,7.841746413347025,0.21477160694530184,-0.0922648543592175,0.4207802629507322,1784374655.3447933,None,None,None, None, 1784374655.384859,0.9080507249918219,apf_waypoint,none,0.0,nan,nan,19.999120350712907,-5.4775898941437395,nan,nan,nan,WEBOTS_UNKNOWN,ekf_on_cluster_on,1,1
1784374655.5753791,70.10995125770569,-200.0,-60.809430008458435,0.2,0.6528134026901506,7.879079581417143,0.2441098622204363,-0.11691410506507581,0.39651490198274797,1784374655.552342,None,None,None, None, 1784374655.4972708,1.0329954171948608,apf_waypoint,none,0.0,nan,nan,19.88421147192062,-5.509948669275846,nan,nan,nan,WEBOTS_UNKNOWN,ekf_on_cluster_on,1,1
1784374655.827456,70.36202812194824,-200.0,-91.22606901021122,0.2,0.6413234606146606,7.916305761873413,0.27275840516252625,-0.127284265840914,0.3630277281628245,1784374655.8154316,None,None,None, None, 1784374655.769943,1.052173281615188,apf_waypoint,none,0.0,nan,nan,19.78368328628871,-5.510328938051149,nan,nan,nan,WEBOTS_UNKNOWN,ekf_on_cluster_on,1,1
1784374656.0933478,70.62791991233826,-200.0,26.794825082394212,0.2,0.5880341518407575,7.850696746430058,0.20539377467325726,-0.0985509079627991,0.3378576439749085,1784374656.0708334,7.846120639110082,0.20114639987230276,0.4671537448204841, 1784374655.980652, 1784374656.0998564,1.0677382269104314,apf_waypoint,none,0.0,nan,nan,20.40412105859288,-3.8853272404557,nan,nan,nan,WEBOTS_UNKNOWN,ekf_on_cluster_on,1,1
1784374656.296623,70.83119511604309,-200.0,16.203416182429535,0.2,0.5812956724912115,7.880355951663793,0.2252697766652796,-0.09640979520254876,0.31754211995598,1784374656.281554,None,None,None, None, 1784374656.281554,1.0074406264380267,apf_waypoint,none,0.0,nan,nan,20.327854940107734,-3.9117867356030347,nan,nan,nan,WEBOTS_UNKNOWN,ekf_on_cluster_on,1,1
1784374656.4424558,70.9770278930664,-200.0,-2.627728043780289,0.2,0.5717364591584397,7.916695733662827,0.24928386816878234,-0.11727728346891084,0.3053921065526606,1784374656.4644594,None,None,None, None, 1784374656.3881626,1.0261953691345627,apf_waypoint,none,0.0,nan,nan,20.242710231149122,-3.9169324088055273,nan,nan,nan,WEBOTS_UNKNOWN,ekf_on_cluster_on,1,1
1784374656.6595042,71.19407629966736,-200.0,-37.94281776301206,0.2,0.5613914464276575,7.956000955258822,0.27469684600349176,-0.11492888260147902,0.2752439572811063,1784374656.6474748,None,None,None, None, 1784374656.6770127,0.9786646816652914,apf_waypoint,none,0.0,nan,nan,20.155319683333186,-3.9201952582287003,nan,nan,nan,WEBOTS_UNKNOWN,ekf_on_cluster_on,1,1
1784374656.902818,71.43739008903503,-200.0,-79.37036061687157,0.2,0.5558079851646287,7.996037359622607,0.30000889783820917,-0.07003723163421496,0.2584133300887193,1784374656.8877845,None,None,None, None, 1784374656.9038186,0.9122729018832193,apf_waypoint,none,0.0,nan,nan,20.051410956218902,-4.020650738169241,nan,nan,nan,WEBOTS_UNKNOWN,ekf_on_cluster_on,1,1
1784374657.1557024,71.690274477005,-200.0,23.401572187675367,0.2,0.4970206696237243,7.962547010686055,0.25975358139043503,-0.06633520590233746,0.24303198454021002,1784374657.1196575,7.957856386071599,0.25556861843617834,0.3418699087830914, 1784374656.984973, 1784374657.1506963,0.9053105768771142,apf_waypoint,none,0.0,nan,nan,20.435383006793703,-2.4780099163348748,nan,nan,nan,WEBOTS_UNKNOWN,ekf_on_cluster_on,1,1
1784374657.3828206,71.91739273071289,-200.0,15.236832588988609,0.2,0.4727200336881207,7.997222854860505,0.27877025874423556,-0.304197690538692,0.17439316247809028,1784374657.3452964,None,None,None, None, 1784374657.3798208,0.9116625199660261,apf_waypoint,none,0.0,nan,nan,20.40954705666168,-2.1467005795302505,nan,nan,nan,WEBOTS_UNKNOWN,ekf_on_cluster_on,1,1
1784374657.543735,72.07830715179443,-200.0,-11.272082033321347,0.2,0.4583176380863877,8.03788073955732,0.29932965456330596,-0.09680451371323151,0.16172549971637093,1784374657.4761546,None,None,None, None, 1784374657.4956732,1.0132194946767679,apf_waypoint,none,0.0,nan,nan,20.35447368156993,-2.032804760423077,nan,nan,nan,WEBOTS_UNKNOWN,ekf_on_cluster_on,1,1
1784374657.7777576,72.31232976913452,-200.0,185.41536903253188,0.2,0.4458547966391451,8.080496963389296,0.3203161423691654,-0.10940715269140243,0.13894262897152934,1784374657.7892761,None,None,None, None, 1784374657.7169394,1.0469475698891821,apf_waypoint,none,0.0,nan,nan,20.29472004459941,-1.9642506855223978,nan,nan,nan,WEBOTS_UNKNOWN,ekf_on_cluster_on,1,1
1784374658.008704,72.54327607154846,-200.0,200.0,0.2,0.3805730004223674,8.090494116830254,0.3026143740373177,-0.0867054999033565,0.11082316272133856,1784374658.008704,8.08595395934598,0.2982607137173206,0.22492227440195833, 1784374657.992189, 1784374658.0066965,1.0182935852961459,apf_waypoint,none,0.0,nan,nan,20.44325365540571,-0.4633513988808424,nan,nan,nan,WEBOTS_UNKNOWN,ekf_on_cluster_on,1,1
1784374658.2119489,72.74652099609375,-199.6285836167659,200.0,0.2,0.37037870560593694,8.150491993753796,0.32618952100899623,-0.03929317648998686,0.10482302179403481,1784374658.1614058,None,None,None, None, 1784374658.2259858,0.9139049808349818,apf_waypoint,none,0.0,nan,nan,20.36986043151896,-0.4667232270322641,nan,nan,nan,WEBOTS_UNKNOWN,ekf_on_cluster_on,1,1
1784374658.4500558,72.98462796211243,-198.313649151566,200.0,0.2,0.3635741789905288,8.214731812870998,0.3507723198811732,-0.02007970710878507,0.10015805495383426,1784374658.3937283,None,None,None, None, 1784374658.434034,0.9153449453900178,apf_waypoint,none,0.0,nan,nan,20.293463743932946,-0.549938676123328,nan,nan,nan,WEBOTS_UNKNOWN,ekf_on_cluster_on,1,1
1784374658.688358,73.22293019294739,-197.2665020876005,200.0,0.2,0.35859442477053216,8.279656969546112,0.37521632935751903,-0.01633031469291117,0.0965978566307273,1784374658.6117399,None,None,None, None, 1784374658.6698444,0.903299978769739,apf_waypoint,none,0.0,nan,nan,20.218074750151327,-0.6705070222110701,nan,nan,nan,WEBOTS_UNKNOWN,ekf_on_cluster_on,1,1
1784374658.855132,73.38970422744751,-196.38413693452543,200.0,0.2,0.3548032471295779,8.344651800356939,0.3993812525400422,-0.012955603113310725,0.09405215702491578,1784374658.808234,None,None,None, None, 1784374658.7751958,0.9810545948483504,apf_waypoint,none,0.0,nan,nan,20.143972058209375,-0.8139883316189156,nan,nan,nan,WEBOTS_UNKNOWN,ekf_on_cluster_on,1,1
1784374659.0900364,73.62460851669312,-185.12387497354416,200.0,0.2,0.31330309144702784,8.274938909603284,0.3438443826912694,-0.006317623162017311,0.09267663872240874,1784374659.0259612,8.266176641844254,0.33867534622018797,0.19803443348477145, 1784374658.994438, 1784374659.088036,1.0731001091713654,apf_waypoint,none,0.0,nan,nan,20.31922160433256,0.5550717828594474,nan,nan,nan,WEBOTS_UNKNOWN,ekf_on_cluster_on,1,1
1784374659.2878542,73.82242631912231,-184.22971554969251,200.0,0.2,0.31205250094429116,8.33114660668695,0.36191419183690066,0.011271187655651535,0.0953125860279371,1784374659.2598271,None,None,None, None, 1784374659.286855,0.9269274741878207,apf_waypoint,none,0.0,nan,nan,20.26919949053087,0.4163449156471595,nan,nan,nan,WEBOTS_UNKNOWN,ekf_on_cluster_on,1,1
1784374659.466183,74.00075507164001,-183.4752419381267,200.0,0.2,0.31210748086245055,8.393838914111814,0.3820431640086177,0.013266689657564737,0.0969474083050708,1784374659.4852188,None,None,None, None, 1784374659.4135737,1.0106362442711307,apf_waypoint,none,0.0,nan,nan,20.214048183533922,0.2317104686159599,nan,nan,nan,WEBOTS_UNKNOWN,ekf_on_cluster_on,1,1
1784374659.695872,74.23044419288635,-183.83366690463376,200.0,0.2,0.3177515687991512,8.457895680635751,0.4026510969066166,0.05949107632857771,0.11508145343688399,1784374659.6878743,None,None,None, None, 1784374659.6605928,1.0830787685116983,apf_waypoint,none,0.0,nan,nan,20.157206456972492,-0.07076700466569985,nan,nan,nan,WEBOTS_UNKNOWN,ekf_on_cluster_on,1,1
1784374659.813674,74.3482460975647,-184.42548607646128,200.0,0.2,0.32452351138842633,8.522061636183913,0.42384852964959663,0.05065727279987408,0.12076964511619094,1784374659.800162,None,None,None, None, 1784374659.7551339,0.9744214791902583,apf_waypoint,none,0.0,nan,nan,20.095061063670226,-0.4019243482702999,nan,nan,nan,WEBOTS_UNKNOWN,ekf_on_cluster_on,1,1
1784374660.1119866,74.64655876159668,-177.51658837550755,200.0,0.2,0.30210662542529626,8.456648925768464,0.3802637488647749,0.030110658078357683,0.13015888782776575,1784374660.1119866,8.448193529048684,0.376000527579699,0.2208840646428909, 1784374660.002379, 1784374660.1089852,0.9500137614620857,apf_waypoint,none,0.0,nan,nan,20.21930597114997,0.4684342633478624,nan,nan,nan,WEBOTS_UNKNOWN,ekf_on_cluster_on,1,1
1784374660.362757,74.89732909202576,-177.52201772108168,200.0,0.2,0.3066689292319146,8.51231408513732,0.397688621928566,0.033790956161159146,0.1344079013465762,1784374660.3657558,None,None,None, None, 1784374660.35576,1.0329738250729008,apf_waypoint,none,0.0,nan,nan,20.17421842030767,0.21665820943598746,nan,nan,nan,WEBOTS_UNKNOWN,ekf_on_cluster_on,1,1
1784374660.608911,75.14348316192627,-177.24362625223077,200.0,0.2,0.3107228696462535,8.574197157901166,0.4173632164628138,0.028342185576861318,0.14210408499646596,1784374660.6244397,None,None,None, None, 1784374660.6059134,0.9731459548913135,apf_waypoint,none,0.0,nan,nan,20.120816010822672,-0.04601174152431753,nan,nan,nan,WEBOTS_UNKNOWN,ekf_on_cluster_on,1,1
1784374660.8649464,75.39951848983765,-176.57883705149388,200.0,0.2,0.31354145742753986,8.637457782338029,0.4377385669462157,0.018677959523939833,0.14676274030858757,1784374660.8704584,None,None,None, None, 1784374660.8619444,1.0442186932584816,apf_waypoint,none,0.0,nan,nan,20.063702259595384,-0.2909281532011976,nan,nan,nan,WEBOTS_UNKNOWN,ekf_on_cluster_on,1,1
1784374661.0314076,75.56597971916199,-174.28591581665526,200.0,0.2,0.30790399297774124,8.598144111113546,0.41287811181431566,0.08857864869686027,0.16701686902297375,1784374660.9873528,8.588003631536832,0.40839244565696126,0.2594752153363009, 1784374661.006879, 1784374660.9873528,1.0845870349273168,apf_waypoint,none,0.0,nan,nan,20.135333359085298,0.0621477401479833,nan,nan,nan,WEBOTS_UNKNOWN,ekf_on_cluster_on,1,1
1784374661.229301,75.76387310028076,-174.61378970806285,200.0,0.2,0.31498013356752347,8.654387341366384,0.43092683928994724,0.045267448284433534,0.1729825330226414,1784374661.236302,None,None,None, None, 1784374661.2152772,1.0943009258184742,apf_waypoint,none,0.0,nan,nan,20.084697468730397,-0.24685105254584627,nan,nan,nan,WEBOTS_UNKNOWN,ekf_on_cluster_on,1,1
1784374661.4690707,76.00364279747009,-175.83497935529678,200.0,0.2,0.3267725639561348,8.715992268496072,0.45115192876914456,0.09291220656866855,0.19456429260591862,1784374661.351421,None,None,None, None, 1784374661.4645598,0.9133008315982625,apf_waypoint,none,0.0,nan,nan,20.021144378774178,-0.6707544517772965,nan,nan,nan,WEBOTS_UNKNOWN,ekf_on_cluster_on,1,1
1784374661.6322324,76.16680455207825,-176.08574538115758,200.0,0.2,0.33446300686580377,8.778688723510058,0.4726817107458503,0.037066667329910256,0.20397026309333427,1784374661.6051793,None,None,None, None, 1784374661.6031787,1.048822823766715,apf_waypoint,none,0.0,nan,nan,19.95025497741291,-1.0250227138526422,nan,nan,nan,WEBOTS_UNKNOWN,ekf_on_cluster_on,1,1
1784374661.8728123,76.40738439559937,-177.8917969815981,200.0,0.2,0.3494639024425096,8.841531141551206,0.49471104750733197,0.11393650003595156,0.23434947058847674,1784374661.871812,None,None,None, None, 1784374661.8612998,1.0984181544182134,apf_waypoint,none,0.0,nan,nan,19.86242200185335,-1.529422988592791,nan,nan,nan,WEBOTS_UNKNOWN,ekf_on_cluster_on,1,1
1784374662.0531151,76.58768725395203,-178.1612062161095,200.0,0.2,0.348416312537517,8.762195447878817,0.45810688478956396,0.0600343674044875,0.2412052448158656,1784374661.9860096,8.752956707739813,0.45421561467267274,0.3113425548180597, 1784374662.016532, 1784374661.9840088,0.9031439126625003,apf_waypoint,none,0.0,nan,nan,19.98181790035498,-1.1615619984478176,nan,nan,nan,WEBOTS_UNKNOWN,ekf_on_cluster_on,1,1
1784374662.3045416,76.83911371231079,-178.8094922793708,200.0,0.2,0.35664534991851204,8.815699256269522,0.47779852190324235,0.03980100751960667,0.25141344432841517,1784374662.2424905,None,None,None, None, 1784374662.2975366,1.026515862531848,apf_waypoint,none,0.0,nan,nan,19.907567658629368,-1.5091322602268895,nan,nan,nan,WEBOTS_UNKNOWN,ekf_on_cluster_on,1,1
1784374662.5685403,77.10311245918274,-180.0634497346987,200.0,0.2,0.3686028937776788,8.87626176658954,0.500572552622792,0.08697897534741975,0.27189167197083874,1784374662.5735478,None,None,None, None, 1784374662.5380197,0.9418377697615086,apf_waypoint,none,0.0,nan,nan,19.811012469945503,-1.9592953228997718,nan,nan,nan,WEBOTS_UNKNOWN,ekf_on_cluster_on,1,1
1784374662.761038,77.29561018943787,-180.61965192748738,200.0,0.2,0.37759783528979224,8.93837820340951,0.5248768674331368,0.046183734610810066,0.2818827337867854,1784374662.6942623,None,None,None, None, 1784374662.7600396,1.014934652324868,apf_waypoint,none,0.0,nan,nan,19.70756957656474,-2.36488887960812,nan,nan,nan,WEBOTS_UNKNOWN,ekf_on_cluster_on,1,1
1784374662.9219165,77.45648860931396,-180.91323384062704,200.0,0.2,0.38578632813853664,9.000695299695263,0.5498411916603807,0.04634912594144271,0.29092598188183555,1784374662.8893738,None,None,None, None, 1784374662.835768,1.0960840325418522,apf_waypoint,none,0.0,nan,nan,19.59759809649268,-2.7606694369857028,nan,nan,nan,WEBOTS_UNKNOWN,ekf_on_cluster_on,1,1
1784374663.0723894,77.60696148872375,-180.7790483662602,200.0,0.2,0.38430795693277736,8.936137365008316,0.5167268954808398,0.026464955170928044,0.29354002389760225,1784374662.9881475,8.927860784237984,0.5129013649411059,0.3634610167209029, 1784374663.026761, 1784374663.0622885,1.0113115390201288,apf_waypoint,none,0.0,nan,nan,19.721739149703403,-2.416415284702001,nan,nan,nan,WEBOTS_UNKNOWN,ekf_on_cluster_on,1,1
1784374663.320548,77.85512018203735,-180.61569671071473,200.0,0.2,0.3895286747677622,8.990609382938242,0.5388724056673251,0.034475899035445824,0.3019097364097954,1784374663.3395715,None,None,None, None, 1784374663.294035,1.0389677581126202,apf_waypoint,none,0.0,nan,nan,19.62840949095931,-2.7269509451664855,nan,nan,nan,WEBOTS_UNKNOWN,ekf_on_cluster_on,1,1
1784374663.5544536,78.0890257358551,-180.19668278863256,200.0,0.2,0.3948006568368774,9.051071325479324,0.5638058203076532,0.03590210316747499,0.31348955101492165,1784374663.553456,None,None,None, None, 1784374663.5394447,1.0373946971183736,apf_waypoint,none,0.0,nan,nan,19.5212993560069,-3.0649961417702656,nan,nan,nan,WEBOTS_UNKNOWN,ekf_on_cluster_on,1,1
1784374663.7381847,78.27275681495667,-179.42808365572577,200.0,0.2,0.3993940274272614,9.112750543891687,0.5896169164547196,0.029503403043848686,0.31683201475735995,1784374663.6667469,None,None,None, None, 1784374663.6657467,0.9757126159169429,apf_waypoint,none,0.0,nan,nan,19.409427560124595,-3.398542208340846,nan,nan,nan,WEBOTS_UNKNOWN,ekf_on_cluster_on,1,1
1784374664.0877092,78.6222813129425,-181.4411155590745,200.0,0.2,0.4102899791122576,9.101527216886131,0.5816776115211093,0.08389965414836784,0.3429931873807512,1784374664.114738,9.094325783244386,0.5783133531724501,0.4120124849898792, 1784374664.030154, 1784374664.111738,0.9382806941988646,apf_waypoint,none,0.0,nan,nan,19.402749727611784,-3.5333065837697686,nan,nan,nan,WEBOTS_UNKNOWN,ekf_on_cluster_on,1,1
1784374664.421848,78.95642018318176,-181.18042968626767,200.0,0.2,0.4165429170516219,9.15894709592363,0.606880141754429,0.02930531483161959,0.35217760668382786,1784374664.4238496,None,None,None, None, 1784374664.4073367,1.0791412194148746,apf_waypoint,none,0.0,nan,nan,19.28019472548723,-3.8925804693976103,nan,nan,nan,WEBOTS_UNKNOWN,ekf_on_cluster_on,1,1
1784374664.6063757,79.1409478187561,-180.54481856998186,200.0,0.2,0.4224503500584112,9.219624671996684,0.6338861702396397,0.036456599328926004,0.3562242132070974,1784374664.6424928,None,None,None, None, 1784374664.6329806,1.029036815338021,apf_waypoint,none,0.0,nan,nan,19.147241018251545,-4.262360663331083,nan,nan,nan,WEBOTS_UNKNOWN,ekf_on_cluster_on,1,1
1784374664.867269,79.40184116363525,-179.34345681728428,200.0,0.2,0.42712456754754674,9.280757564085572,0.6615049475662786,0.027220307286659973,0.3625950946440915,1784374664.877467,None,None,None, None, 1784374664.8632693,1.0954421237942482,apf_waypoint,none,0.0,nan,nan,19.012806228232687,-4.61469981946448,nan,nan,nan,WEBOTS_UNKNOWN,ekf_on_cluster_on,1,1
1784374665.0628426,79.59741473197937,-182.95442624276484,200.0,0.2,0.43754317684074756,9.247497307682034,0.6467754804286239,0.03609530070136914,0.3708555776135488,1784374665.0861254,9.238209409171263,0.6425790192317059,0.4543549461088823, 1784374665.037312, 1784374664.9812248,0.9059326725050473,apf_waypoint,none,0.0,nan,nan,19.026180813070525,-4.672913570209919,nan,nan,nan,WEBOTS_UNKNOWN,ekf_on_cluster_on,1,1
1784374665.263353,79.79792523384094,-182.23416517199544,200.0,0.2,0.4427339225295983,9.302686342697427,0.6726942484051044,0.03744563119751143,0.3780280121239005,1784374665.189291,None,None,None, None, 1784374665.2643538,1.0725865021248857,apf_waypoint,none,0.0,nan,nan,18.890015214561576,-5.017607811364309,nan,nan,nan,WEBOTS_UNKNOWN,ekf_on_cluster_on,1,1
1784374665.4733288,80.00790095329285,-181.25254984849633,200.0,0.2,0.4489021099189953,9.362396793163189,0.7011231686133961,0.044345151441318335,0.3883476940728066,1784374665.4220037,None,None,None, None, 1784374665.4768403,1.0764976520685037,apf_waypoint,none,0.0,nan,nan,18.733528344916117,-5.404709413953519,nan,nan,nan,WEBOTS_UNKNOWN,ekf_on_cluster_on,1,1
1784374665.639668,80.17424011230469,-176.03143731025506,196.60508293743314,0.2,0.46147986789613776,9.422801358894262,0.7303631332633547,0.1000152882003149,0.4087655013139299,1784374665.6261506,None,None,None, None, 1784374665.5921054,1.0775584961733748,apf_waypoint,none,0.0,nan,nan,18.53062028217636,-5.918441617602749,nan,nan,nan,WEBOTS_UNKNOWN,ekf_on_cluster_on,1,1
1784374665.9155183,80.4500904083252,-200.0,134.08517902647148,0.2,0.46933243680738634,9.482088097551237,0.7601626617469313,0.036456965593029626,0.4148371192180608,1784374665.937551,None,None,None, None, 1784374665.893919,1.0719172217982889,apf_waypoint,none,0.0,nan,nan,18.34396048546151,-6.348581200988571,nan,nan,nan,WEBOTS_UNKNOWN,ekf_on_cluster_on,1,1
1784374666.1659126,80.70048475265503,-200.0,134.7959562657044,0.2,0.48100986615819985,9.404769544858127,0.7258463936845307,0.0034285397848701927,0.415821431182637,1784374666.0797863,9.396074697845455,0.7217287468628557,0.49896314182675106, 1784374666.044731, 1784374666.154398,0.9523695466357498,apf_waypoint,none,0.0,nan,nan,18.43242228329048,-6.237801994601674,nan,nan,nan,WEBOTS_UNKNOWN,ekf_on_cluster_on,1,1
1784374666.4303937,80.9649658203125,-200.0,130.50224886594597,0.2,0.48454552610388496,9.450087816602718,0.7498358609914533,-0.025770166957230143,0.40944385087083657,1784374666.4399168,None,None,None, None, 1784374666.3958724,0.9772826613212611,apf_waypoint,none,0.0,nan,nan,18.294521551042504,-6.530385391293182,nan,nan,nan,WEBOTS_UNKNOWN,ekf_on_cluster_on,1,1
1784374666.589948,81.12452006340027,-200.0,127.85693863585244,0.2,0.47978224482475595,9.501514340245503,0.7772092829598298,-0.08814749648842869,0.388993117381948,1784374666.5592713,None,None,None, None, 1784374666.6468616,0.9670087846043082,apf_waypoint,none,0.0,nan,nan,18.193598829299827,-6.704619678241992,nan,nan,nan,WEBOTS_UNKNOWN,ekf_on_cluster_on,1,1
1784374666.9394286,81.47400069236755,-200.0,125.13283425819971,0.2,0.47377808786022224,9.554925962129348,0.8051016406587195,-0.06806580777376528,0.3684654610768365,1784374666.8608568,None,None,None, None, 1784374666.9191124,0.9440817157613249,apf_waypoint,none,0.0,nan,nan,18.099754591260997,-6.863754075835887,nan,nan,nan,WEBOTS_UNKNOWN,ekf_on_cluster_on,1,1
1784374667.202051,81.73662304878235,-200.0,130.56491137255952,0.2,0.45813971457213937,9.548953493211012,0.8013589388148448,-0.060287296938780946,0.34859026329291787,1784374667.1905315,9.543028996396215,0.798249085054809,0.42774176011969, 1784374667.049968, 1784374667.1905315,0.9170291240185245,apf_waypoint,none,0.0,nan,nan,18.222388020441716,-6.543346175947494,nan,nan,nan,WEBOTS_UNKNOWN,ekf_on_cluster_on,1,1
1784374667.5538194,82.08839154243469,-200.0,127.47964768679535,0.2,0.45430103626225377,9.599477529307425,0.8262975674076358,-0.04372618918722706,0.3330990534592049,1784374667.544809,None,None,None, None, 1784374667.4907248,1.0716150727870828,apf_waypoint,none,0.0,nan,nan,18.131759627067115,-6.716502104597973,nan,nan,nan,WEBOTS_UNKNOWN,ekf_on_cluster_on,1,1
1784374667.8377345,82.37230658531189,-200.0,124.47589904673173,0.2,0.44790646221753905,9.653069105672552,0.8525393494027753,-0.07116146889546462,0.31236117940982694,1784374667.836229,None,None,None, None, 1784374667.836229,1.0819120807009754,apf_waypoint,none,0.0,nan,nan,18.053298765328098,-6.858415874038634,nan,nan,nan,WEBOTS_UNKNOWN,ekf_on_cluster_on,1,1
1784374668.0798237,82.6143958568573,-200.0,132.63537794215588,0.2,0.42203077220726076,9.662732027823557,0.8526470505449408,-0.0765267537839634,0.294026413540687,1784374668.0758154,9.655625648460548,0.8485078496907187,0.36061996435562094, 1784374668.05823, 1784374668.1013312,0.9751935416012466,apf_waypoint,none,0.0,nan,nan,18.224590788298823,-6.389239097318248,nan,nan,nan,WEBOTS_UNKNOWN,ekf_on_cluster_on,1,1
1784374668.3339574,82.86852955818176,-200.0,130.84151863883608,0.2,0.4125281410107283,9.71497246200812,0.8760655659625343,-0.09201546437474278,0.2726913640991854,1784374668.3076792,None,None,None, None, 1784374668.3339574,0.9145514260899439,apf_waypoint,none,0.0,nan,nan,18.183872586168675,-6.450753417978773,nan,nan,nan,WEBOTS_UNKNOWN,ekf_on_cluster_on,1,1
1784374668.5054924,83.04006457328796,-200.0,128.32144536951836,0.2,0.40332111603125026,9.77018014330991,0.900125495164211,-0.07441735243258309,0.26235940379666234,1784374668.4465172,None,None,None, None, 1784374668.447518,0.9700931889616833,apf_waypoint,none,0.0,nan,nan,17.846457849945637,-7.215708018629473,nan,nan,nan,WEBOTS_UNKNOWN,ekf_on_cluster_on,1,1
1784374668.772212,83.30678415298462,-200.0,125.48718629741583,0.2,0.39322614337832873,9.82613555229127,0.923919854284339,-0.08279990679041878,0.24297564094177013,1784374668.7857296,None,None,None, None, 1784374668.7712128,1.077120150721733,apf_waypoint,none,0.0,nan,nan,17.88732439912851,-7.113798270990108,nan,nan,nan,WEBOTS_UNKNOWN,ekf_on_cluster_on,1,1
1784374669.0178154,83.55238747596741,-200.0,122.52358015340472,0.2,0.38157259965637813,9.882238670701845,0.9471046882162533,-0.0945898988606368,0.2196720164072197,1784374668.9269857,None,None,None, None, 1784374669.0158107,0.9811052569449275,apf_waypoint,none,0.0,nan,nan,17.938674471899205,-6.983298517980732,nan,nan,nan,WEBOTS_UNKNOWN,ekf_on_cluster_on,1,1
1784374669.1882248,83.72279691696167,-200.0,143.39743935249157,0.2,0.3478433004694422,9.822751257329529,0.9091492320906376,-0.06700761459003048,0.20273754062866606,1784374669.1797104,9.815231691323888,0.9052234162578997,0.2693485413508725, 1784374669.05899, 1784374669.1310217,1.0433416681297008,apf_waypoint,none,0.0,nan,nan,18.2094615326997,-6.243237196289277,nan,nan,nan,WEBOTS_UNKNOWN,ekf_on_cluster_on,1,1
1784374669.4946203,84.02919244766235,-200.0,141.26754261108746,0.2,0.34069007812637486,9.872280803963264,0.9270085638815413,-0.05479260300579909,0.18641604121674568,1784374669.4775882,None,None,None, None, 1784374669.424518,0.9276962151520397,apf_waypoint,none,0.0,nan,nan,18.233305337862014,-6.173254932067253,nan,nan,nan,WEBOTS_UNKNOWN,ekf_on_cluster_on,1,1
1784374669.7270372,84.26160931587219,-200.0,138.83663200876578,0.2,0.33079292293740137,9.928566857781663,0.946899676115251,-0.08576098687168908,0.16536620975802446,1784374669.7230358,None,None,None, None, 1784374669.7004986,0.9736292911870988,apf_waypoint,none,0.0,nan,nan,18.270825987736398,-6.061304952389075,nan,nan,nan,WEBOTS_UNKNOWN,ekf_on_cluster_on,1,1
1784374670.00588,84.54045224189758,-200.0,137.18775123839703,0.2,0.3154546196732942,9.986859338117753,0.9668036202155612,-0.1267509064567671,0.1335758568014581,1784374669.9738455,None,None,None, None, 1784374669.9748416,0.9074441111909157,apf_waypoint,none,0.0,nan,nan,18.339262716129085,-5.850977954906146,nan,nan,nan,WEBOTS_UNKNOWN,ekf_on_cluster_on,1,1
1784374670.2642748,84.79884696006775,-200.0,153.80262753778274,0.2,0.27725941517281216,9.981304958894432,0.949918844203408,-0.06131901537412597,0.11825203851248867,1784374670.2237487,9.974898617797006,0.9463550405432832,0.18654609708102224, 1784374670.061974, 1784374670.2392604,0.9933773678290191,apf_waypoint,none,0.0,nan,nan,18.56648296420226,-5.084113525481835,nan,nan,nan,WEBOTS_UNKNOWN,ekf_on_cluster_on,1,1
1784374670.4803693,85.01494145393372,-200.0,152.86707977185975,0.2,0.26373304998083175,10.03773646912137,0.9657967236111702,-0.10780607224960244,0.09452446975093508,1784374670.4438436,None,None,None, None, 1784374670.468361,0.9504196303092394,apf_waypoint,none,0.0,nan,nan,18.618550021123237,-4.889999500095257,nan,nan,nan,WEBOTS_UNKNOWN,ekf_on_cluster_on,1,1
1784374670.700193,85.23476505279541,-200.0,149.9371514189999,0.2,0.254495362344043,10.098244675400863,0.9818644204300169,-0.05025464945364124,0.08302463342771878,1784374670.672675,None,None,None, None, 1784374670.6921942,1.0568332054000418,apf_waypoint,none,0.0,nan,nan,18.647769312256642,-4.777363255694452,nan,nan,nan,WEBOTS_UNKNOWN,ekf_on_cluster_on,1,1
1784374670.958491,85.49306321144104,-200.0,146.73380049372594,0.2,0.24240935997105,10.159549690109781,0.9976559716386468,-0.0914548450471879,0.0572510852713161,1784374670.954492,None,None,None, None, 1784374670.9514747,0.9021441239700633,apf_waypoint,none,0.0,nan,nan,18.6894125400993,-4.611763101675863,nan,nan,nan,WEBOTS_UNKNOWN,ekf_on_cluster_on,1,1
1784374671.3118436,85.84641575813293,-200.0,164.39263138072906,0.2,0.20730026837009252,10.147639088972461,0.9781650062621267,-0.022966299624439187,0.04941171778431177,1784374671.2958343,10.140417212148405,0.9747674833315491,0.10965883136809397, 1784374671.072936, 1784374671.2908375,1.0815364899125057,apf_waypoint,none,0.0,nan,nan,18.855497742767753,-3.8772032281633266,nan,nan,nan,WEBOTS_UNKNOWN,ekf_on_cluster_on,1,1
1784374671.6104262,86.14499831199646,-200.0,163.09848955626856,0.2,0.19405638588114082,10.20596225008197,0.9903457896636425,-0.12154783108957186,0.01798828775651013,1784374671.5543616,None,None,None, None, 1784374671.5793993,0.9065074286400225,apf_waypoint,none,0.0,nan,nan,18.896116179424837,-3.674138447810438,nan,nan,nan,WEBOTS_UNKNOWN,ekf_on_cluster_on,1,1
1784374671.864753,86.39932513237,-192.9041676342191,148.60605597787685,0.2,0.18415284559173506,10.268662526883809,1.0023914945403591,-0.05594622044122771,0.0008467625785249545,1784374671.8607545,None,None,None, None, 1784374671.8467474,0.9878919610074474,apf_waypoint,none,0.0,nan,nan,18.92273165553331,-3.534505155276708,nan,nan,nan,WEBOTS_UNKNOWN,ekf_on_cluster_on,1,1
1784374672.103014,86.63758611679077,-184.5476940805599,153.13840223688922,0.2,0.14873632569078057,10.279089228207566,0.991716842879733,-0.056890004641675554,6.27036376512223,1784374672.101013,10.270914155234712,0.9882096542522572,0.05587775457258903, 1784374672.080766, 1784374672.083766,1.0155096689121912,apf_waypoint,none,0.0,nan,nan,19.042439063355648,-2.819222325107915,nan,nan,nan,WEBOTS_UNKNOWN,ekf_on_cluster_on,1,1
1784374672.2858884,86.82046055793762,-200.0,171.87315313086503,0.2,0.14026077392045236,10.336591019437993,1.0001607440627556,-0.05631300630027148,6.263362997607964,1784374672.2253318,None,None,None, None, 1784374672.2308457,1.0574977020949177,apf_waypoint,none,0.0,nan,nan,19.060864012733518,-2.691832663461887,nan,nan,nan,WEBOTS_UNKNOWN,ekf_on_cluster_on,1,1
1784374672.4919665,87.02653861045837,-200.0,173.27132732307018,0.2,0.13237688225784722,10.400314012237498,1.0089791241518817,-0.05044368288873141,6.2525105624637405,1784374672.4404714,None,None,None, None, 1784374672.4809322,1.094206294751207,apf_waypoint,none,0.0,nan,nan,19.076584809716962,-2.5780636139700035,nan,nan,nan,WEBOTS_UNKNOWN,ekf_on_cluster_on,1,1
1784374672.6730018,87.20757389068604,-200.0,175.38770569454343,0.2,0.12131014919446344,10.465707983993255,1.0175226793296783,-0.08139778247664846,6.236848466449459,1784374672.6328857,None,None,None, None, 1784374672.5969963,1.0593702187264153,apf_waypoint,none,0.0,nan,nan,19.09938574187851,-2.4033235909730886,nan,nan,nan,WEBOTS_UNKNOWN,ekf_on_cluster_on,1,1
1784374672.925803,87.4603750705719,-200.0,176.5677012477462,0.2,0.11433578840625214,10.531717528144533,1.0253255614121866,-0.033571189731851726,6.228951612576658,1784374672.8681128,None,None,None, None, 1784374672.902154,1.0125785957968527,apf_waypoint,none,0.0,nan,nan,19.111557991957355,-2.3045283942817734,nan,nan,nan,WEBOTS_UNKNOWN,ekf_on_cluster_on,1,1
1784374673.1454198,87.67999196052551,-200.0,186.49718037034575,0.2,0.07483057612919168,10.456912750219727,0.9978920723278757,-0.11502168541516607,6.205321387877809,1784374673.0735543,10.447729770260004,0.9956213471615258,6.279048040605785, 1784374673.084314, 1784374673.1329064,0.9784255851132138,apf_waypoint,none,0.0,nan,nan,19.196794525810972,-1.4302377193299207,nan,nan,nan,WEBOTS_UNKNOWN,ekf_on_cluster_on,1,1
1784374673.3227391,87.8573112487793,-200.0,188.60963806286506,0.2,0.06366942655414588,10.515586750361638,1.001960625926337,-0.05560416397200007,6.194231401624034,1784374673.2729995,None,None,None, None, 1784374673.3437674,0.9673045842096368,apf_waypoint,none,0.0,nan,nan,19.210458060338063,-1.2332076516112078,nan,nan,nan,WEBOTS_UNKNOWN,ekf_on_cluster_on,1,1
1784374673.5524423,88.0870144367218,-200.0,190.16544558207977,0.2,0.05508351880950882,10.581738102193547,1.005860661837275,-0.0384550085906789,6.1859692899836975,1784374673.487851,None,None,None, None, 1784374673.5514429,1.0302633543866573,apf_waypoint,none,0.0,nan,nan,19.21938054318336,-1.0853163300646569,nan,nan,nan,WEBOTS_UNKNOWN,ekf_on_cluster_on,1,1
1784374673.7970014,88.33157348632812,-200.0,191.39703513029923,0.2,0.04807772759689922,10.649732029355286,1.0093566971574024,-0.03326145330599939,6.178434483237612,1784374673.8110113,None,None,None, None, 1784374673.778497,0.9860990535012816,apf_waypoint,none,0.0,nan,nan,19.22572211631733,-0.9664932002589015,nan,nan,nan,WEBOTS_UNKNOWN,ekf_on_cluster_on,1,1
1784374674.0137203,88.54829239845276,-200.0,192.35271713934983,0.2,0.042469192225601964,10.718176035213803,1.0124454582531097,-0.026622754602989504,6.1719232350956466,1784374673.9589581,None,None,None, None, 1784374674.004214,0.9628289407488309,apf_waypoint,none,0.0,nan,nan,19.230185911566156,-0.8731837186998859,nan,nan,nan,WEBOTS_UNKNOWN,ekf_on_cluster_on,1,1
1784374674.2603672,88.79493927955627,-200.0,198.2888567456682,0.2,0.01542378483187656,10.649928755872136,0.993931854121326,-0.035678035575659184,6.1648100148780856,1784374674.2758865,10.640961515521738,0.9925385054242494,6.234120291847271, 1784374674.088323, 1784374674.245361,1.0280035598426853,apf_waypoint,none,0.0,nan,nan,19.248105752701953,-0.2700461679087575,nan,nan,nan,WEBOTS_UNKNOWN,ekf_on_cluster_on,1,1
1784374674.5222318,89.05680394172668,-200.0,199.33243730705465,0.2,0.009516562281378864,10.711493401810511,0.9947089347382772,-0.031145953646877052,6.15366366075633,1784374674.5162055,None,None,None, None, 1784374674.505207,1.0808009092021746,apf_waypoint,none,0.0,nan,nan,19.24933968522027,-0.1594417856273318,nan,nan,nan,WEBOTS_UNKNOWN,ekf_on_cluster_on,1,1
1784374674.7657478,89.30031991004944,-200.0,199.85210770992302,0.2,0.0065368200600324075,10.779618749121273,0.9951714291131211,-0.0034923147051760055,6.152950036239757,1784374674.720547,None,None,None, None, 1784374674.7587476,1.0563852395688857,apf_waypoint,none,0.0,nan,nan,19.24972009267045,-0.10380921847060941,nan,nan,nan,WEBOTS_UNKNOWN,ekf_on_cluster_on,1,1
1784374675.0550373,89.58960938453674,-200.0,200.0,0.2,0.004509052855191626,10.849068471114867,0.995515004719163,-0.005252620386930432,6.151553303658087,1784374674.9864585,None,None,None, None, 1784374675.054038,1.051217318314406,apf_waypoint,none,0.0,nan,nan,19.24988685708062,-0.06599992117117241,nan,nan,nan,WEBOTS_UNKNOWN,ekf_on_cluster_on,1,1
1784374675.3821068,89.91667890548706,-197.65798548263962,200.0,0.2,-0.014385067478338665,10.780344629056328,0.9869988831003212,-0.009440006130646822,6.149043393809686,1784374675.3891063,10.766684220515524,0.9861344904091128,6.215216285092123, 1784374675.095211, 1784374675.377105,0.9707938508139392,apf_waypoint,none,0.0,nan,nan,19.24706381302791,0.33620615287576394,nan,nan,nan,WEBOTS_UNKNOWN,ekf_on_cluster_on,1,1
1784374675.6424892,90.1770613193512,-197.20093264338672,200.0,0.2,6.26659710835076,10.840671355269782,0.9860597360896932,-0.010162898965935115,6.146143029318218,1784374675.646488,None,None,None, None, 1784374675.634976,0.9210096372449587,apf_waypoint,none,0.0,nan,nan,19.246173287279447,0.3838147938928657,nan,nan,nan,WEBOTS_UNKNOWN,ekf_on_cluster_on,1,1
1784374675.879811,90.41438317298889,-196.59149435676585,200.0,0.2,6.263668527234733,10.908252648773056,0.9848605063080953,-0.017501110129450933,6.140208688638976,1784374675.8768098,None,None,None, None, 1784374675.8677955,1.0389446973622931,apf_waypoint,none,0.0,nan,nan,19.244812180834217,0.4468826741045835,nan,nan,nan,WEBOTS_UNKNOWN,ekf_on_cluster_on,1,1
1784374676.0407748,90.57534694671631,-196.15193878649873,200.0,0.2,6.261743137120214,10.977243859477383,0.9834129106709923,-0.005379851266008629,6.1396902645369815,1784374675.9731739,None,None,None, None, 1784374676.058293,0.9132986603486407,apf_waypoint,none,0.0,nan,nan,19.2437095117981,0.4920815232573591,nan,nan,nan,WEBOTS_UNKNOWN,ekf_on_cluster_on,1,1
1784374676.2804706,90.81504273414612,-193.19571950347586,200.0,0.2,6.2482741225257765,10.943882821248579,0.9750875752710387,0.006240976878411939,6.140985543881675,1784374676.283471,10.933782834633098,0.9744213075262341,6.205898882450493, 1784374676.100057, 1784374676.275461,1.0848120208775336,apf_waypoint,none,0.0,nan,nan,19.233780759060476,0.790049183529092,nan,nan,nan,WEBOTS_UNKNOWN,ekf_on_cluster_on,1,1
1784374676.5132406,91.0478127002716,-193.1323999282969,200.0,0.2,6.248607895926081,11.006899674631455,0.9728396322232697,0.011386961025499957,6.1427341573202705,1784374676.437034,None,None,None, None, 1784374676.502235,0.9992252923042336,apf_waypoint,none,0.0,nan,nan,19.233522113803314,0.796320976641282,nan,nan,nan,WEBOTS_UNKNOWN,ekf_on_cluster_on,1,1
1784374676.7933533,91.32792544364929,-193.20789370417597,200.0,0.2,6.249714638806425,11.074635323281122,0.9704820477394946,0.012610483065624933,6.145888458761238,1784374676.8058667,None,None,None, None, 1784374676.7738347,1.0368283310371582,apf_waypoint,none,0.0,nan,nan,19.233830274044298,0.7888428165718673,nan,nan,nan,WEBOTS_UNKNOWN,ekf_on_cluster_on,1,1
1784374676.9624064,91.49697852134705,-193.49145106131482,200.0,0.2,6.251905286853407,11.143260899158047,0.9681926731070121,0.01920900973393428,6.150477087132413,1784374676.9260461,None,None,None, None, 1784374676.87949,1.0894976313855642,apf_waypoint,none,0.0,nan,nan,19.23496398349724,0.760697412618161,nan,nan,nan,WEBOTS_UNKNOWN,ekf_on_cluster_on,1,1
1784374677.1945186,91.7290906906128,-192.17853211066657,200.0,0.2,6.2469496097342425,11.126895756028,0.9611581056794312,0.02431266115913369,6.156395817210733,1784374677.1694884,11.118463952556956,0.9606707896970973,6.220318229205939, 1784374677.100879, 1784374677.1945186,1.0932717933928846,apf_waypoint,none,0.0,nan,nan,19.229402747208418,0.8902639977295586,nan,nan,nan,WEBOTS_UNKNOWN,ekf_on_cluster_on,1,1
1784374677.3717327,91.9063048362732,-192.6301680952551,200.0,0.2,6.25002031874408,11.191062135768682,0.9588904952586788,0.021985310757116124,6.15948805191514,1784374677.400245,None,None,None, None, 1784374677.313138,1.0196525371365661,apf_waypoint,none,0.0,nan,nan,19.231404996225265,0.8459089024014281,nan,nan,nan,WEBOTS_UNKNOWN,ekf_on_cluster_on,1,1
1784374677.653078,92.18765020370483,-193.52714662021916,200.0,0.2,6.25541391733216,11.258984869065404,0.9567103419932721,0.04186565338943779,6.172777536952697,1784374677.6275702,None,None,None, None, 1784374677.5709798,0.9456551726238537,apf_waypoint,none,0.0,nan,nan,19.23510402994612,0.7571479096917053,nan,nan,nan,WEBOTS_UNKNOWN,ekf_on_cluster_on,1,1
1784374677.7934914,92.32806348800659,-194.14282060929492,200.0,0.2,6.259306828309284,11.327685038057258,0.9549400754708124,0.018933448806203467,6.174634361072251,1784374677.7256413,None,None,None, None, 1784374677.7924984,1.0549859829900832,apf_waypoint,none,0.0,nan,nan,19.237424572365924,0.6956980828863696,nan,nan,nan,WEBOTS_UNKNOWN,ekf_on_cluster_on,1,1
1784374678.0871086,92.62168073654175,-195.5783586592559,200.0,0.2,6.26750335541078,11.396574349012564,0.9534051659243019,0.06118503198714345,6.19138551818108,1784374677.99942,None,None,None, None, 1784374678.0564964,0.9698845999376068,apf_waypoint,none,0.0,nan,nan,19.24212109970135,0.5507046253920197,nan,nan,nan,WEBOTS_UNKNOWN,ekf_on_cluster_on,1,1
1784374678.3316016,92.86617374420166,-195.4124642479357,200.0,0.2,6.267076805815306,11.30999443906191,0.9506220694630388,0.025592099459733487,6.199707595067763,1784374678.3246014,11.299813331977418,0.9504966540723504,6.248272101235467, 1784374678.105113, 1784374678.3180876,0.90831161804069,apf_waypoint,none,0.0,nan,nan,19.241630562038026,0.5675855125390326,nan,nan,nan,WEBOTS_UNKNOWN,ekf_on_cluster_on,1,1
1784374678.6098762,93.14444828033447,-196.05477662641746,200.0,0.2,6.270928317076392,11.369850452327297,0.9498064101886268,0.013346142774253637,6.203261258738814,1784374678.5908704,None,None,None, None, 1784374678.568392,0.9092343207939206,apf_waypoint,none,0.0,nan,nan,19.243452276158056,0.5020403322714869,nan,nan,nan,WEBOTS_UNKNOWN,ekf_on_cluster_on,1,1
1784374678.8577747,93.39234685897827,-196.66185886480037,200.0,0.2,6.274632332089471,11.437187487707922,0.9490958239954601,0.01987623900329516,6.208148753151091,1784374678.8367667,None,None,None, None, 1784374678.8417654,0.9682413293497791,apf_waypoint,none,0.0,nan,nan,19.244979344628103,0.4396248683112864,nan,nan,nan,WEBOTS_UNKNOWN,ekf_on_cluster_on,1,1
1784374679.132774,93.66734623908997,-196.72935683335675,200.0,0.2,6.275876900764443,11.45566183457385,0.9462312085728607,0.017431294029739055,6.213291119209986,1784374679.1317744,11.447586051928322,0.9458499868774588,6.268815197846823, 1784374679.104758, 1784374679.1157453,1.0817582402853512,apf_waypoint,none,0.0,nan,nan,19.245137255983543,0.43265690605171325,nan,nan,nan,WEBOTS_UNKNOWN,ekf_on_cluster_on,1,1
1784374679.364668,93.89924001693726,-197.23962631374798,200.0,0.2,6.27902747327524,11.522300367439517,0.94583726659787,0.017671505862756957,6.216964794387913,1784374679.3396614,None,None,None, None, 1784374679.3486605,1.0669087267730948,apf_waypoint,none,0.0,nan,nan,19.125944052012727,0.3774205655586514,nan,nan,nan,WEBOTS_UNKNOWN,ekf_on_cluster_on,1,1
1784374679.590511,94.1250832080841,-198.11654609267433,200.0,0.2,6.284159585298412,11.59121676180329,0.945643629479882,0.036952114370456327,6.225624177543321,1784374679.574002,None,None,None, None, 1784374679.579513,1.0004596630631808,apf_waypoint,none,0.0,nan,nan,18.74859018214558,0.28069383279693066,nan,nan,nan,WEBOTS_UNKNOWN,ekf_on_cluster_on,1,1
1784374679.761563,94.29613518714905,-199.29051602908558,200.0,0.2,0.0076960619446732915,11.660587042528597,0.9458595563412437,0.04401834051980509,6.230383596383909,1784374679.6821256,None,None,None, None, 1784374679.7109728,1.0046551037559963,apf_waypoint,none,0.0,nan,nan,18.36851899515915,0.15641320770121311,nan,nan,nan,WEBOTS_UNKNOWN,ekf_on_cluster_on,1,1
1784374680.055687,94.5902590751648,-200.0,200.0,0.2,0.013562376388574689,11.730146835238616,0.9465962132760151,0.029650652574030344,6.241133130026373,1784374680.044665,None,None,None, None, 1784374680.0461712,1.0535562223026977,apf_waypoint,none,0.0,nan,nan,17.986521873158022,0.04979290499034651,nan,nan,nan,WEBOTS_UNKNOWN,ekf_on_cluster_on,1,1
1784374680.3115332,94.84610533714294,-200.0,200.0,0.2,0.01545568794613405,11.640942480583684,0.9443602215036068,0.02092993741523112,6.244415768239945,1784374680.3145344,11.630682911796862,0.944142458459704,0.006396702549219313, 1784374680.114193, 1784374680.304019,1.0967243260812216,apf_waypoint,none,0.0,nan,nan,18.47733932694012,0.02045260348515846,nan,nan,nan,WEBOTS_UNKNOWN,ekf_on_cluster_on,1,1
1784374680.5876079,95.12217998504639,-200.0,200.0,0.2,0.018408186294643927,11.701300146367204,0.9454311928339401,0.0061945341363049515,6.246692776860776,1784374680.569088,None,None,None, None, 1784374680.5495658,0.9452885620030727,apf_waypoint,none,0.0,nan,nan,18.14529983505128,-0.03388049634873098,nan,nan,nan,WEBOTS_UNKNOWN,ekf_on_cluster_on,1,1
1784374680.85303,95.38760209083557,-200.0,200.0,0.2,0.020523461046147103,11.769195046415753,0.9467810355620543,0.006783622419704452,6.247786808190489,1784374680.8670363,None,None,None, None, 1784374680.8294568,1.0227111519096503,apf_waypoint,none,0.0,nan,nan,17.77169190772325,-0.07202188517968539,nan,nan,nan,WEBOTS_UNKNOWN,ekf_on_cluster_on,1,1
1784374681.0996044,95.63417649269104,-200.0,199.6813696471951,0.2,0.022703015582920393,11.838610742086964,0.9482794094556937,0.01116092916980689,6.2517732968043385,1784374681.0875459,None,None,None, None, 1784374681.0509965,0.9851345958727596,apf_waypoint,none,0.0,nan,nan,17.3896177006964,-0.11032803150465686,nan,nan,nan,WEBOTS_UNKNOWN,ekf_on_cluster_on,1,1
1784374681.3791854,95.91375756263733,-200.0,199.62777801968724,0.2,0.02357448412457659,11.833277847270669,0.946376533418519,0.012260971765863377,6.254699618446531,1784374681.3262155,11.825834877155453,0.9460234224916915,0.019048924649068155, 1784374681.124642, 1784374681.3886983,1.0889826655636328,apf_waypoint,none,0.0,nan,nan,17.419084424820507,-0.11571097964984926,nan,nan,nan,WEBOTS_UNKNOWN,ekf_on_cluster_on,1,1
1784374681.64426,96.17883205413818,-200.0,199.32913121339547,0.2,0.025069223085909885,11.899261715840089,0.9480015940496713,0.004266361634365198,6.25575800326504,1784374681.5742922,None,None,None, None, 1784374681.6342428,0.9599290612620464,apf_waypoint,none,0.0,nan,nan,17.055870722444656,-0.14158589906506514,nan,nan,nan,WEBOTS_UNKNOWN,ekf_on_cluster_on,1,1
1784374681.9168081,96.45138025283813,-200.0,199.13602372467435,0.2,0.02593189729081805,11.968278592986241,0.9497846060359905,0.001288750102066152,6.256097348913382,1784374681.9268415,None,None,None, None, 1784374681.904808,1.0123659244013337,apf_waypoint,none,0.0,nan,nan,16.676022758715355,-0.15626031417144276,nan,nan,nan,WEBOTS_UNKNOWN,ekf_on_cluster_on,1,1
1784374682.2110014,96.7455735206604,-200.0,199.17122193511878,0.2,0.025925907921602504,12.006624339004457,0.9498548562454653,0.0011209460231784176,6.25650748199464,1784374682.2034872,12.001674684474605,0.9495740809389591,0.02392114218284025, 1784374682.12581, 1784374682.2014925,1.0037479045121607,apf_waypoint,none,0.0,nan,nan,16.46518295025748,-0.151079478590208,nan,nan,nan,WEBOTS_UNKNOWN,ekf_on_cluster_on,1,1
1784374682.5004778,97.03504991531372,-200.0,199.0647495319751,0.2,0.02629257519203329,12.074840256170031,0.9516467764180732,0.00019544283763345694,6.256561880315729,1784374682.4818208,None,None,None, None, 1784374682.4939718,1.083498036868905,apf_waypoint,none,0.0,nan,nan,16.08980948090789,-0.15710535637096001,nan,nan,nan,WEBOTS_UNKNOWN,ekf_on_cluster_on,1,1
1784374682.932308,97.4668800830841,-200.0,199.0102156577494,0.2,0.026351053509416758,12.14419564098471,0.9534863771600612,-0.0015218059037503103,6.255879381695815,1784374682.9303002,None,None,None, None, 1784374682.9069877,1.0482037850985253,apf_waypoint,none,0.0,nan,nan,15.708211494904024,-0.15810998481389857,nan,nan,nan,WEBOTS_UNKNOWN,ekf_on_cluster_on,1,1
1784374683.2018764,97.73644852638245,-200.0,199.20163686656065,0.2,0.025372497965343195,12.171496604236983,0.9537064801902525,-0.0028645501847934466,6.255462910794507,1784374683.2194724,12.164792359879138,0.9534504489428374,0.023337312842508062, 1784374683.128809, 1784374683.164838,0.9225517619921284,apf_waypoint,none,0.0,nan,nan,15.55822101339501,-0.14013932491483766,nan,nan,nan,WEBOTS_UNKNOWN,ekf_on_cluster_on,1,1
1784374683.4774575,98.01202964782715,-200.0,199.22515208118747,0.2,0.025021814829399785,12.23908636594209,0.9554217693776692,-0.0039731681998479125,6.253874564836291,1784374683.4754562,None,None,None, None, 1784374683.4374156,1.0553269343106448,apf_waypoint,none,0.0,nan,nan,15.18640584507243,-0.13481371688813992,nan,nan,nan,WEBOTS_UNKNOWN,ekf_on_cluster_on,1,1
1784374683.7559643,98.290536403656,-200.0,199.32034073677042,0.2,0.024269909748920276,12.308365638954697,0.957145339788326,-0.005853150134750837,6.252297144960999,1784374683.7449555,None,None,None, None, 1784374683.7629638,0.9025007043055748,apf_waypoint,none,0.0,nan,nan,14.80534908538217,-0.12362498811788172,nan,nan,nan,WEBOTS_UNKNOWN,ekf_on_cluster_on,1,1
1784374684.0053372,98.53990936279297,-200.0,199.42438617818163,0.2,0.023479084662700978,12.37790717981935,0.9588133691429164,-0.004861082234225842,6.251725275567491,1784374684.0063384,None,None,None, None, 1784374684.0053372,1.0927111287485707,apf_waypoint,none,0.0,nan,nan,14.422853784687911,-0.11210872264465804,nan,nan,nan,WEBOTS_UNKNOWN,ekf_on_cluster_on,1,1
1784374684.3191254,98.85369753837585,-200.0,199.83358356269906,0.2,0.021469795811394576,12.361755916977305,0.9578538195826977,-0.005709975158801043,6.249999302684819,1784374684.3086116,12.353256136818365,0.9575989510614814,0.017680664638815458, 1784374684.140545, 1784374684.2740932,1.099813877536671,apf_waypoint,none,0.0,nan,nan,14.511974700487235,-0.07975958745651378,nan,nan,nan,WEBOTS_UNKNOWN,ekf_on_cluster_on,1,1
1784374684.6423588,99.17693090438843,-200.0,200.0,0.2,0.01958864070178936,12.427022899651146,0.9592286149631093,-0.014967861550779633,6.245221196696551,1784374684.627836,None,None,None, None, 1784374684.6383603,0.9448256673312674,apf_waypoint,none,0.0,nan,nan,14.15305141974279,-0.05298885759064056,nan,nan,nan,WEBOTS_UNKNOWN,ekf_on_cluster_on,1,1
1784374685.1064007,99.64097285270691,-200.0,200.0,0.2,0.018610623668814517,12.4959940880484,0.9605230279200683,-0.001838504888079838,6.244391957397549,1784374685.078876,None,None,None, None, 1784374685.101393,0.9879080018045131,apf_waypoint,none,0.0,nan,nan,13.773688143888219,-0.03920557245125958,nan,nan,nan,WEBOTS_UNKNOWN,ekf_on_cluster_on,1,1
1784374685.6771154,100.21168756484985,-200.0,200.0,0.2,0.016491436006668535,12.50549963631571,0.9602122112294558,-0.002039702802670636,6.243432643430646,1784374685.7459118,12.49585774057242,0.9599602043963207,0.011295822886403961, 1784374685.155304, 1784374685.6988535,1.0423492170422795,apf_waypoint,none,0.0,nan,nan,13.721495083651883,-0.007445075251516724,nan,nan,nan,WEBOTS_UNKNOWN,ekf_on_cluster_on,1,1
1784374686.2901459,100.82471799850464,-200.0,200.0,0.2,0.014413740725399677,12.56893648252811,0.9609775373432214,-0.003183806141714843,6.241159828694715,1784374686.2630637,12.567263185893838,0.9608110541588939,0.008440578503809526, 1784374686.193474, 1784374686.341295,0.9971344787192226,apf_waypoint,none,0.0,nan,nan,13.372553854587233,0.021883967776959983,nan,nan,nan,WEBOTS_UNKNOWN,ekf_on_cluster_on,1,1
1784374686.626732,101.16130423545837,-200.0,200.0,0.2,0.013686406040287634,12.637980199932988,0.961949334890349,-0.003909830930970466,6.239931646289652,1784374686.5771904,None,None,None, None, 1784374686.6227334,0.9807328400079817,apf_waypoint,none,0.0,nan,nan,12.992756370244374,0.03146301713131984,nan,nan,nan,WEBOTS_UNKNOWN,ekf_on_cluster_on,1,1
1784374686.8656542,101.400226354599,-200.0,200.0,0.2,0.012560730033365853,12.707576249231826,0.9628782947779371,-0.007763705485799839,6.238308251708355,1784374686.786291,None,None,None, None, 1784374686.8526466,0.9361149732890861,apf_waypoint,none,0.0,nan,nan,12.60990047092948,0.0457875999818077,nan,nan,nan,WEBOTS_UNKNOWN,ekf_on_cluster_on,1,1
1784374687.104656,101.63922810554504,-199.9565088332823,200.0,0.2,0.011511381810713841,12.777249153250645,0.9637189736914706,-0.00550175266705652,6.236945368014222,1784374687.034009,None,None,None, None, 1784374687.0585332,1.0751575861230183,apf_waypoint,none,0.0,nan,nan,12.226616673792222,0.05880739659202535,nan,nan,nan,WEBOTS_UNKNOWN,ekf_on_cluster_on,1,1
1784374687.4028773,101.93744945526123,-199.43381160017051,200.0,0.2,0.009040997099388213,12.750110740289635,0.9622848936635237,-0.003920947480944446,6.23581019015775,1784374687.4369278,12.740237617323022,0.9620603236557445,0.0028431370370594067, 1784374687.208868, 1784374687.3508122,0.9533914711017795,apf_waypoint,none,0.0,nan,nan,12.375760569162336,0.09554929878851721,nan,nan,nan,WEBOTS_UNKNOWN,ekf_on_cluster_on,1,1
1784374687.7385695,102.27314162254333,-199.2646979572419,200.0,0.2,0.008343576757233587,12.814292430858268,0.9628357622855077,-0.002360272307776249,6.23492271837464,1784374687.6995292,None,None,None, None, 1784374687.7435694,1.0639460008191841,apf_waypoint,none,0.0,nan,nan,12.02267863137369,0.10409595262649694,nan,nan,nan,WEBOTS_UNKNOWN,ekf_on_cluster_on,1,1
1784374687.9890642,102.52363634109497,-199.1441897370397,200.0,0.2,0.007969598291538798,12.882978481206264,0.9633834528116267,-0.00021610634876272202,6.234870207256055,1784374687.9425166,None,None,None, None, 1784374687.9890642,1.0494229691689216,apf_waypoint,none,0.0,nan,nan,11.644853574497017,0.10859063531035461,nan,nan,nan,WEBOTS_UNKNOWN,ekf_on_cluster_on,1,1
1784374688.2988698,102.83344197273254,-198.7642148532628,200.0,0.2,0.006640276073817227,12.93478323156316,0.9626957293609133,0.002569260765230608,6.235745911292596,1784374688.2833555,12.93193840629839,0.9624983440166297,0.0012450093631741765, 1784374688.214194, 1784374688.2908707,1.0223085080463745,apf_waypoint,none,0.0,nan,nan,11.359804204996607,0.12974466721291972,nan,nan,nan,WEBOTS_UNKNOWN,ekf_on_cluster_on,1,1
1784374688.5720627,103.10663485527039,-198.7646294505827,200.0,0.2,0.0070363766887555105,13.003634349163235,0.9631529265095603,0.0031564976758278822,6.236325853501351,1784374688.4670851,None,None,None, None, 1784374688.5550241,1.0542489925957548,apf_waypoint,none,0.0,nan,nan,10.981165239894787,0.12539503085936887,nan,nan,nan,WEBOTS_UNKNOWN,ekf_on_cluster_on,1,1
1784374688.8389952,103.37356734275818,-198.893699393214,200.0,0.2,0.008158585821828199,13.073069528607773,0.9636415066509082,0.011017174856192658,6.239136324430653,1784374688.843003,None,None,None, None, 1784374688.8033385,0.9685617490771683,apf_waypoint,none,0.0,nan,nan,10.599396344179405,0.11350036544201095,nan,nan,nan,WEBOTS_UNKNOWN,ekf_on_cluster_on,1,1
1784374689.120356,103.65492820739746,-199.0885542122029,200.0,0.2,0.009619067642985701,13.142599698996026,0.9642377981698473,0.009938772138590547,6.241768474552678,1784374689.1078396,None,None,None, None, 1784374689.078805,1.0062265335355072,apf_waypoint,none,0.0,nan,nan,10.217121013333882,0.0984190006316472,nan,nan,nan,WEBOTS_UNKNOWN,ekf_on_cluster_on,1,1
1784374689.3470435,103.88161563873291,-199.14274613422563,200.0,0.2,0.010371334363996652,13.131348775705428,0.9631748626359935,0.008369212411605955,6.243762054445893,1784374689.3460436,13.123345075640293,0.9629992694359252,0.007828020874428354, 1784374689.216591, 1784374689.3430367,1.0286063950609996,apf_waypoint,none,0.0,nan,nan,10.279129541022881,0.09593703693068065,nan,nan,nan,WEBOTS_UNKNOWN,ekf_on_cluster_on,1,1
1784374689.651169,104.18574118614197,-199.36487533876894,200.0,0.2,0.011918271007162348,13.196886556758951,0.9638946394239198,0.009417763340349933,6.246607344336037,1784374689.648163,None,None,None, None, 1784374689.648163,0.9384353778782577,apf_waypoint,none,0.0,nan,nan,9.91878627438378,0.0803732071543518,nan,nan,nan,WEBOTS_UNKNOWN,ekf_on_cluster_on,1,1
1784374690.014034,104.54860615730286,-199.64271057793468,200.0,0.2,0.013756720882305375,13.265841850536923,0.9647634700303769,0.011353648573519878,6.250715884304063,1784374690.0100327,None,None,None, None, 1784374689.997025,0.9323218124147932,apf_waypoint,none,0.0,nan,nan,9.539633308894956,0.0625769024913007,nan,nan,nan,WEBOTS_UNKNOWN,ekf_on_cluster_on,1,1
1784374690.470311,105.00488305091858,-200.0,200.0,0.2,0.01621544938565132,13.306887628076492,0.9649627415881747,0.011506434826075936,6.255986736122737,1784374690.4681113,13.302317322410902,0.9648322423501714,0.01797081184110727, 1784374690.225315, 1784374690.478678,1.0542516138941687,apf_waypoint,none,0.0,nan,nan,9.314018464485786,0.04168602525017866,nan,nan,nan,WEBOTS_UNKNOWN,ekf_on_cluster_on,1,1
1784374690.800417,105.33498907089233,-200.0,200.0,0.2,0.017921340513114444,13.37536408627201,0.9661349509132506,0.008022155069141427,6.258435743208198,1784374690.7733917,None,None,None, None, 1784374690.7899017,0.9563244843802611,apf_waypoint,none,0.0,nan,nan,8.93740044741828,0.026100338150195992,nan,nan,nan,WEBOTS_UNKNOWN,ekf_on_cluster_on,1,1
1784374691.16694,105.70151209831238,-200.0,200.0,0.2,0.019336169120656197,13.44487228483859,0.9674367649311151,0.006178421205305065,6.260601404236818,1784374691.1239119,None,None,None, None, 1784374691.1163988,0.9952451866869523,apf_waypoint,none,0.0,nan,nan,8.555066365158641,0.013688449715311534,nan,nan,nan,WEBOTS_UNKNOWN,ekf_on_cluster_on,1,1
1784374691.466553,106.00112509727478,-200.0,200.0,0.2,0.02235775228955373,13.501077207449987,0.9688894594096741,0.008573274466706679,6.2633846201009815,1784374691.4485505,13.498936832359057,0.9688987477098059,0.0279361173312056, 1784374691.237241, 1784374691.4475503,1.0505879815508175,apf_waypoint,none,0.0,nan,nan,8.245840236614127,-0.013238429987688692,nan,nan,nan,WEBOTS_UNKNOWN,ekf_on_cluster_on,1,1
1784374691.6324549,106.16702699661255,-200.0,200.0,0.2,0.023452244509326856,13.570258445466013,0.9704865428011331,0.0036248061743541504,6.2637933638586665,1784374691.5613134,None,None,None, None, 1784374691.5623116,1.0155394455882274,apf_waypoint,none,0.0,nan,nan,7.86522264791286,-0.02212228515721795,nan,nan,nan,WEBOTS_UNKNOWN,ekf_on_cluster_on,1,1
1784374691.9994493,106.53402137756348,-200.0,200.0,0.2,0.024421804265484036,13.639861338925911,0.9721562891556914,0.004409499685276937,6.265645841869186,1784374691.981424,None,None,None, None, 1784374691.9914515,0.931416487894922,apf_waypoint,none,0.0,nan,nan,7.482271484990493,-0.029580817324138992,nan,nan,nan,WEBOTS_UNKNOWN,ekf_on_cluster_on,1,1
1784374692.2680666,106.80263876914978,-200.0,199.4236910591131,0.2,0.02730357893562645,13.693451287951286,0.9744839285786449,0.00520215962733955,6.267092733693218,1784374692.259557,13.690883267270571,0.9745788333789851,0.03456904604556321, 1784374692.24055, 1784374692.262557,0.9292703353603017,apf_waypoint,none,0.0,nan,nan,7.187170811181982,-0.05589354449303567,nan,nan,nan,WEBOTS_UNKNOWN,ekf_on_cluster_on,1,1
1784374692.482014,107.01658606529236,-200.0,199.18527250226094,0.2,0.028163049229042274,13.762456057902979,0.9764029476721703,0.003571438845756876,6.267851525994468,1784374692.4720182,None,None,None, None, 1784374692.4800136,0.9434923824850896,apf_waypoint,none,0.0,nan,nan,6.807447174563845,-0.061933899324767575,nan,nan,nan,WEBOTS_UNKNOWN,ekf_on_cluster_on,1,1
1784374692.7307963,107.26536846160889,-200.0,198.94606261554804,0.2,0.0289167096227587,13.83193660199359,0.9783911219382588,0.0031557975136008443,6.268646056681699,1784374692.7237868,None,None,None, None, 1784374692.708689,1.0805509606182875,apf_waypoint,none,0.0,nan,nan,6.42509917094594,-0.06694599356324285,nan,nan,nan,WEBOTS_UNKNOWN,ekf_on_cluster_on,1,1
1784374693.0072055,107.54177761077881,-200.0,198.76242668896333,0.2,0.029243069552701582,13.901455036266597,0.9804302693378588,-0.0004281057358831455,6.2685352180965035,1784374692.9826915,None,None,None, None, 1784374692.9351234,1.0974485707069939,apf_waypoint,none,0.0,nan,nan,6.0425611420207,-0.06907386577714163,nan,nan,nan,WEBOTS_UNKNOWN,ekf_on_cluster_on,1,1
1784374693.2549086,107.78948068618774,-200.0,198.3084050652954,0.2,0.030694788567354882,13.887483571904786,0.9813381265641271,-0.002527066782870633,6.267899167025621,1784374693.234387,13.879193249884468,0.9812246482715107,0.03614001997131133, 1784374693.243899, 1784374693.252901,1.0093915388626546,apf_waypoint,none,0.0,nan,nan,6.1191081145151305,-0.08519506445007459,nan,nan,nan,WEBOTS_UNKNOWN,ekf_on_cluster_on,1,1
1784374693.585844,108.1204161643982,-200.0,198.26601632278943,0.2,0.030052246030538007,13.952707643118645,0.9833482236316513,-0.007724394450848313,6.265362240956685,1784374693.5628173,None,None,None, None, 1784374693.5938525,1.022441639705003,apf_waypoint,none,0.0,nan,nan,5.760258987646615,-0.0815347103738073,nan,nan,nan,WEBOTS_UNKNOWN,ekf_on_cluster_on,1,1
1784374693.919899,108.45447111129761,-200.0,198.40473063244494,0.2,0.02831099250063812,14.021462832501683,0.9854026254103871,-0.01496789140387021,6.260593878486338,1784374693.88139,None,None,None, None, 1784374693.8938048,0.9044701973740729,apf_waypoint,none,0.0,nan,nan,5.382070374246593,-0.07209473041367981,nan,nan,nan,WEBOTS_UNKNOWN,ekf_on_cluster_on,1,1
1784374694.270116,108.80468821525574,-200.0,198.3529498745041,0.2,0.026990400601719675,14.07186868373504,0.9876437139440841,-0.008070396903065163,6.257893152552805,1784374694.216036,14.06882637094011,0.9876952617700039,0.027506096433968175, 1784374694.250064, 1784374694.2681026,0.9422739055000132,apf_waypoint,none,0.0,nan,nan,5.104697037311971,-0.06982694946979451,nan,nan,nan,WEBOTS_UNKNOWN,ekf_on_cluster_on,1,1
1784374694.5499845,109.08455657958984,-200.0,198.4166240256115,0.2,0.02559575826892933,14.140577395006027,0.9894574824141742,-0.008010152112147378,6.255852195700086,1784374694.5569894,None,None,None, None, 1784374694.519952,1.0631940007919687,apf_waypoint,none,0.0,nan,nan,4.72676001791402,-0.0630085888004038,nan,nan,nan,WEBOTS_UNKNOWN,ekf_on_cluster_on,1,1
1784374694.8740516,109.40862369537354,-200.0,198.56537367035747,0.2,0.02366044941441449,14.209936371916339,0.9911929798939738,-0.013231740419446055,6.250801684032837,1784374694.852529,None,None,None, None, 1784374694.8415313,1.0618022448408637,apf_waypoint,none,0.0,nan,nan,4.345279683469511,-0.05437828747824056,nan,nan,nan,WEBOTS_UNKNOWN,ekf_on_cluster_on,1,1
1784374695.2184691,109.75304126739502,-200.0,198.9817980289661,0.2,0.020237867405113154,14.27940652744792,0.9927823400124964,-0.024930708209396114,6.2429002684706045,1784374695.169464,None,None,None, None, 1784374695.2285178,0.9109548713982083,apf_waypoint,none,0.0,nan,nan,3.963255837580572,-0.04051353748349647,nan,nan,nan,WEBOTS_UNKNOWN,ekf_on_cluster_on,1,1
1784374695.4908829,110.02545499801636,-200.0,199.6944085124479,0.2,0.016627853880901426,14.263756021833442,0.9923751368823398,-0.014122214988487857,6.239202374901446,1784374695.4313135,14.255351278149092,0.9922056197627359,0.013765411642595815, 1784374695.255039, 1784374695.485873,0.9423700131843262,apf_waypoint,none,0.0,nan,nan,4.049479386577857,-0.02539781259267362,nan,nan,nan,WEBOTS_UNKNOWN,ekf_on_cluster_on,1,1
1784374695.7846332,110.31920528411865,-200.0,200.0,0.2,0.0134360836097615,14.329023606638605,0.9933752045720183,-0.018973400432306175,6.232669452548529,1784374695.7756336,None,None,None, None, 1784374695.7624035,1.0928514846886577,apf_waypoint,none,0.0,nan,nan,3.690526607743153,-0.013149544186965765,nan,nan,nan,WEBOTS_UNKNOWN,ekf_on_cluster_on,1,1
1784374696.1545508,110.68912291526794,-200.0,200.0,0.2,0.011387310597122124,14.397999891581446,0.9942010016243081,-0.006236930455252012,6.230430950855362,1784374696.1345444,None,None,None, None, 1784374696.1435444,1.0581946402738904,apf_waypoint,none,0.0,nan,nan,3.3111491131300137,-0.005810154148307423,nan,nan,nan,WEBOTS_UNKNOWN,ekf_on_cluster_on,1,1
1784374696.405208,110.93978023529053,-200.0,200.0,0.2,0.0075807519882527775,14.445760451892241,0.9942383970424374,-0.008249760329208627,6.228338318917378,1784374696.388204,14.442260338259848,0.9941288527104564,0.0003607843010380308, 1784374696.260935, 1784374696.390203,1.058282234669518,apf_waypoint,none,0.0,nan,nan,3.0484701477164884,0.008579588000275121,nan,nan,nan,WEBOTS_UNKNOWN,ekf_on_cluster_on,1,1
1784374696.591241,111.12581300735474,-177.1985171385279,178.31929739061513,0.2,0.005938898510858273,14.514581268873517,0.9946979516222783,-0.007341501696997845,6.227453994634286,1784374696.5086596,None,None,None, None, 1784374696.506661,0.9544689833412735,apf_waypoint,none,0.0,nan,nan,2.6699291234512175,0.013305155831897644,nan,nan,nan,WEBOTS_UNKNOWN,ekf_on_cluster_on,1,1
1784374696.9367447,111.47131681442261,-143.83318362145476,146.01039143437038,0.2,0.004022226110938832,14.579374215044007,0.9950295362039583,-0.010838759832352707,6.224723171401664,1784374696.9387572,None,None,None, None, 1784374696.8959925,0.9681561081026517,apf_waypoint,none,0.0,nan,nan,2.3135330610164377,0.0180321687477585,nan,nan,nan,WEBOTS_UNKNOWN,ekf_on_cluster_on,1,1
1784374697.384704,111.9192762374878,-126.44153006207323,130.6667651375566,0.2,0.0011085118919462284,14.610646531291472,0.9941355802937925,-0.0002536215254475555,6.2246103235055585,1784374697.3837032,14.606438796963804,0.9939650757524903,6.276719999151957, 1784374697.265211, 1784374697.3598597,0.9062642710849884,apf_waypoint,none,0.0,nan,nan,2.1414785164723678,0.029880472826989253,nan,nan,nan,WEBOTS_UNKNOWN,ekf_on_cluster_on,1,1
1784374697.6603353,112.1949074268341,-105.40847179826066,110.80688369241084,0.2,6.284088596868014,14.661759384919659,0.9941580723962176,0.004916623080867877,6.225817786278145,1784374697.629291,None,None,None, None, 1784374697.6643362,1.070685724473216,apf_waypoint,none,0.0,nan,nan,1.860351647230357,0.030450178012171453,nan,nan,nan,WEBOTS_UNKNOWN,ekf_on_cluster_on,1,1
1784374697.869809,112.40438103675842,-105.02846611098053,111.16470182371587,0.2,0.0014000574775843455,14.709390889209534,0.9941861868000927,0.007619599192419683,6.227578040450444,1784374697.8603077,None,None,None, None, 1784374697.8167553,0.9892811011914604,apf_waypoint,none,0.0,nan,nan,1.5983933110210102,0.029738159969147707,nan,nan,nan,WEBOTS_UNKNOWN,ekf_on_cluster_on,1,1
1784374698.1091053,112.64367747306824,-104.65755844353811,111.51131327976,0.2,0.002748663291753303,14.755678925985643,0.9942509927544472,0.012093668187394463,6.230169398256186,1784374698.0745816,None,None,None, None, 1784374698.0077357,0.9587131023760997,apf_waypoint,none,0.0,nan,nan,1.3438477422647852,0.027925865034834872,nan,nan,nan,WEBOTS_UNKNOWN,ekf_on_cluster_on,1,1
1784374698.2789974,112.81356954574585,-104.22169738619941,111.91533019515697,0.2,0.0035790183451881977,14.752560233025179,0.993341820846505,0.011690798599633177,6.231675300341734,1784374698.309518,14.747717405497554,0.9932379776794853,0.0010518574809044168, 1784374698.271977, 1784374698.2229087,0.9821666571561428,apf_waypoint,none,0.0,nan,nan,1.3610410654330856,0.031749008144175216,nan,nan,nan,WEBOTS_UNKNOWN,ekf_on_cluster_on,1,1
1784374698.5906367,113.1252088546753,-104.23216869931659,111.90566530190597,0.2,0.008119391659752647,14.79301634029771,0.9935024826788705,0.04223509792454082,6.245594582913141,1784374698.5329592,None,None,None, None, 1784374698.5559638,0.9356699685413064,apf_waypoint,none,0.0,nan,nan,1.1386627581932152,0.026492071178919472,nan,nan,nan,WEBOTS_UNKNOWN,ekf_on_cluster_on,1,1
1784374698.8908355,113.42540764808655,0.0,0.0,0.2,0.013350718242984307,14.836056192911796,0.9939249813633779,0.034516572923282425,6.257947246347626,1784374698.8908355,None,None,None, None, 1784374698.857793,1.0053600406860137,arrived,none,0.0,nan,nan,0.0,0.0,nan,nan,nan,WEBOTS_UNKNOWN,ekf_on_cluster_on,1,1
1784374699.1359286,113.67050075531006,0.0,0.0,0.2,0.017272481491974877,14.867565742574298,0.9944182362934653,0.016734159614595345,6.261964893088362,1784374699.130922,None,None,None, None, 1784374699.1272547,1.0753735989029514,arrived,none,0.0,nan,nan,0.0,0.0,nan,nan,nan,WEBOTS_UNKNOWN,ekf_on_cluster_on,1,1
1784374699.489377,114.02394914627075,0.0,0.0,0.2,0.021425316492101783,14.854301545743377,0.9936218970968956,0.027418667195690055,6.27168353085039,1784374699.4853754,14.850458243113307,0.993494213674867,0.019406378318268303, 1784374699.273649, 1784374699.440571,0.9351763639963885,arrived,none,0.0,nan,nan,0.0,0.0,nan,nan,nan,WEBOTS_UNKNOWN,ekf_on_cluster_on,1,1
1784374699.8543236,114.38889575004578,0.0,0.0,0.2,0.024434927083671953,14.869719590666161,0.9939849972153607,0.008604104723173774,6.274400657472046,1784374699.8011696,None,None,None, None, 1784374699.8508103,0.9621042646733309,arrived,none,0.0,nan,nan,0.0,0.0,nan,nan,nan,WEBOTS_UNKNOWN,ekf_on_cluster_on,1,1
1784374700.096346,114.63091802597046,0.0,0.0,0.2,0.02693930960484395,14.883654970564193,0.9943462077080918,0.010445474834022191,6.276463728306379,1784374699.9986782,None,None,None, None, 1784374700.0893376,0.936078628793169,arrived,none,0.0,nan,nan,0.0,0.0,nan,nan,nan,WEBOTS_UNKNOWN,ekf_on_cluster_on,1,1
1784374700.4943898,115.02896189689636,0.0,0.0,0.2,0.029479963115208518,14.895573545018964,0.9939052675269866,0.006634246022978128,6.279759039295502,1784374700.4953904,14.895444876638441,0.9937775664349546,0.032054435084983623, 1784374700.277016, 1784374700.473872,0.9340752283333584,arrived,none,0.0,nan,nan,0.0,0.0,nan,nan,nan,WEBOTS_UNKNOWN,ekf_on_cluster_on,1,1
1784374700.877901,115.41247320175171,0.0,0.0,0.2,0.03102743605827189,14.907121472766338,0.9942564458857035,0.006178197474737994,6.281206503427742,1784374700.8818996,None,None,None, None, 1784374700.7715,0.968180478714296,arrived,none,0.0,nan,nan,0.0,0.0,nan,nan,nan,WEBOTS_UNKNOWN,ekf_on_cluster_on,1,1
1784374701.3902588,115.9248309135437,0.0,0.0,0.2,0.03435542101205954,14.917825795681448,0.9940665283912427,0.01277750845167894,0.006423480751886146,1784374701.3872602,14.917822820046146,0.9939187944187907,0.03948082573352618, 1784374701.278274, 1784374701.3797503,0.9595394299524292,arrived,none,0.0,nan,nan,0.0,0.0,nan,nan,nan,WEBOTS_UNKNOWN,ekf_on_cluster_on,1,1
1784374701.6795547,116.21412682533264,0.0,0.0,0.2,0.03569293248966706,14.927814273461005,0.9944190741041794,0.003925219707369675,0.007551177152299559,1784374701.6745553,None,None,None, None, 1784374701.6682026,1.0786128251550937,arrived,none,0.0,nan,nan,0.0,0.0,nan,nan,nan,WEBOTS_UNKNOWN,ekf_on_cluster_on,1,1
1784374701.9083579,116.44292998313904,0.0,0.0,0.2,0.03697102931315671,14.937178495554399,0.99475957041673,0.006265968675111251,0.008928366824008318,1784374701.894344,None,None,None, None, 1784374701.894344,0.9068031214302047,arrived,none,0.0,nan,nan,0.0,0.0,nan,nan,nan,WEBOTS_UNKNOWN,ekf_on_cluster_on,1,1
1784374702.0906103,116.62518239021301,0.0,0.0,0.2,0.03803795993222949,14.945993854339537,0.9950909423005676,0.00475439293406622,0.009418866951621942,1784374702.0936093,None,None,None, None, 1784374702.104617,0.978628295593939,arrived,none,0.0,nan,nan,0.0,0.0,nan,nan,nan,WEBOTS_UNKNOWN,ekf_on_cluster_on,1,1
