epoch [s],elapsed [s],x [m],y [m],z [m],roll [deg],pitch [deg],yaw [deg],broadcast
1784374107.4218504,0.19419407844543457,-5.010215762711413e-05,1.000000000555463,0.027733643886344812,0.0,0.0,359.9999999106265,False
1784374107.4910119,0.2633554935455322,-4.7607037118955716e-05,1.0000000004870344,0.027485495618601963,0.0,0.0,359.9999999106353,False
1784374107.562635,0.3349785804748535,-4.7183928274858685e-05,1.0000000004802378,0.02743961451516943,0.0,0.0,359.999999910642,False
1784374107.6422749,0.41461849212646484,4.8,4.67,0.12,0.0,0.0,269.9997895408503,False
1784374107.714561,0.4869046211242676,-5.109009278268353e-05,1.000000000596776,0.027821276176312866,0.0,0.0,359.99999991064874,False
1784374107.7871625,0.5595061779022217,-5.347446094306786e-05,1.0000000006653773,0.028085233889126916,0.0,0.0,359.9999999106574,False
1784374107.8721764,0.6445200443267822,-5.3269713509313164e-05,1.0000000006600858,0.028138208015099565,0.0,0.0,359.999999910665,False
1784374107.9481966,0.7205402851104736,-5.106022336695787e-05,1.0000000005968417,0.027953157019757265,0.0,0.0,359.9999999106678,False
1784374108.020485,0.7928285598754883,-4.828506569061499e-05,1.0000000005150402,0.027659136771068658,0.0,0.0,359.9999999106753,False
1784374108.1078198,0.8801634311676025,-4.710161523998672e-05,1.0000000004757865,0.027456807893888407,0.0,0.0,359.9999999106834,False
1784374108.2215035,0.993847131729126,-4.7681889615343454e-05,1.0000000004883847,0.027441850807504803,0.0,0.0,359.99999991068637,False
1784374108.324705,1.0970485210418701,-5.1117797163179575e-05,1.0000000005841987,0.027700914403983867,0.0,0.0,359.9999999106915,False
1784374108.452894,1.2252376079559326,4.8,4.67,0.12,0.0,0.0,269.9997895408503,False
1784374108.579465,1.3518085479736328,-5.036325375276402e-05,1.0000000005900245,0.02799761741471729,0.0,0.0,359.9999999107095,False
1784374108.6615102,1.4338538646697998,-4.75112544125202e-05,1.0000000004978922,0.027650994100253165,0.0,0.0,359.9999999107217,False
1784374108.7767239,1.549067497253418,-4.8170285412504755e-05,1.0000000004929919,0.027442103445169033,0.0,0.0,359.99999991072974,False
1784374108.9229546,1.695298194885254,4.8,4.67,0.12,0.0,0.0,269.9997895408503,False
1784374109.0035703,1.775913953781128,-5.3696778583131596e-05,1.0000000006760472,0.028088599940932678,0.0,0.0,359.9999999107487,False
1784374109.0953674,1.867711067199707,-5.0965043231891764e-05,1.0000000006194987,0.028115253729478748,0.0,0.0,359.99999991075316,False
1784374109.1839116,1.9562551975250244,-4.787740266252215e-05,1.0000000005214098,0.027831375752533645,0.0,0.0,359.9999999107618,False
1784374109.2476912,2.0200347900390625,-4.722260151927297e-05,1.0000000004830207,0.027615156977118017,0.0,0.0,359.9999999107681,False
1784374109.3418632,2.1142067909240723,-4.873718295200064e-05,1.0000000004977438,0.027450242654110713,0.0,0.0,359.9999999107728,False
1784374109.411698,2.184041738510132,-5.116959451984137e-05,1.0000000005596588,0.027516128456980406,0.0,0.0,359.9999999107764,False
1784374109.4841204,2.2564640045166016,-5.337373098861457e-05,1.0000000006382521,0.027758723304170143,0.0,0.0,359.9999999107842,False
1784374109.574823,2.3471665382385254,-5.339776728278647e-05,1.000000000674614,0.02804966281906266,0.0,0.0,359.99999991079176,False
1784374109.6439629,2.416306495666504,-5.153162752494384e-05,1.0000000006441943,0.02814800065167057,0.0,0.0,359.99999991079466,False
1784374109.7603376,2.5326812267303467,-4.809726725509989e-05,1.000000000541001,0.027970627194942307,0.0,0.0,359.99999991080256,False
1784374109.8925583,2.6649019718170166,-4.772005940165013e-05,1.0000000004796576,0.02758349253228742,0.0,0.0,359.99999991081285,False
1784374110.0147157,2.7870593070983887,-5.149363363177284e-05,1.0000000005569445,0.02748079226687855,0.0,0.0,359.99999991081876,False
1784374110.14362,2.915963649749756,-5.364203588244564e-05,1.0000000006675314,0.02786462283013701,0.0,0.0,359.99999991083166,False
1784374110.2428036,3.0151472091674805,-5.118063029413973e-05,1.0000000006455123,0.0281284926926423,0.0,0.0,359.9999999108368,False
1784374110.3531795,3.125523090362549,-4.775694345668946e-05,1.000000000535798,0.02801011861298808,0.0,0.0,359.9999999108458,False
1784374110.4508843,3.2232279777526855,4.8,4.67,0.12,0.0,0.0,269.9997895408503,False
1784374110.5430236,3.3153672218322754,-5.232408625848974e-05,1.0000000005722116,0.027479610588536908,0.0,0.0,359.99999991086236,False
1784374110.8953195,3.667663097381592,-4.992800398457209e-05,1.00000000062576,0.028125450483606405,0.0,0.0,359.9999999108798,False
1784374111.0670478,3.8393914699554443,-4.740888342877355e-05,1.000000000516,0.027997512843183324,0.0,0.0,359.99999991089055,False
1784374111.1578467,3.930190324783325,0.0007222860575521157,1.000000000485117,0.027827611353395742,0.0,0.0,359.99999991091113,False
1784374111.2453284,4.017672061920166,0.0032848070402814755,1.000000000480337,0.027654382960191095,0.0,0.0,359.99999991093534,False
1784374111.3473396,4.119683265686035,0.007467352812217157,1.000000000501071,0.027532052207600997,0.0,0.0,359.99999991083405,False
1784374111.4355612,4.207904815673828,0.013016056414353609,1.0000000005375904,0.027493529420768714,0.0,0.0,359.999999910515,False
1784374111.6021495,4.37449312210083,0.03242741045953832,1.0000000006075573,0.027735014591635673,0.0,0.0,359.99999991003597,False
1784374111.7481413,4.520484924316406,0.06609589809729219,1.0000000004489817,0.027946579924568317,0.0,0.0,359.99999991673155,False
1784374111.8575397,4.629883289337158,0.08786219540770074,1.000000000362762,0.027792307482843465,0.0,0.0,359.9999999202045,False
1784374111.9804738,4.752817392349243,0.1099459980059512,1.0000000003943856,0.02768923050875251,0.0,0.0,359.99999991911545,False
1784374112.131153,4.903496742248535,0.12576314936175895,1.0000000004367844,0.027710029152041984,0.0,0.0,359.99999991744903,False
1784374112.227273,4.999616622924805,0.13366953568572632,1.000000000444077,0.02774016036963424,0.0,0.0,359.9999999171677,False
1784374112.2917395,5.064083099365234,0.13999335138358848,1.0000000004387477,0.027767311844121675,0.0,0.0,359.99999991738713,False
1784374112.4181678,5.190511465072632,0.15264354071674208,1.0000000003978458,0.02781514946815279,0.0,0.0,359.99999991901745,False
1784374112.495809,5.268152713775635,0.16055672041906124,1.0000000003571923,0.027833633330781246,0.0,0.0,359.9999999206252,False
1784374112.5691888,5.341532468795776,0.16847848976197674,1.0000000003123597,0.027840718148413334,0.0,0.0,359.9999999223951,False
1784374112.6544538,5.426797389984131,0.1938895449288016,1.000000000218194,0.027803675664318017,0.0,0.0,359.9999999261674,False
1784374112.725157,5.497500658035278,0.2018412717582722,1.0000000002186844,0.027785402073052027,0.0,0.0,359.9999999261754,False
1784374112.8079379,5.580281496047974,0.209791368652193,1.000000000231775,0.0277699194926985,0.0,0.0,359.99999992566717,False
1784374112.8722699,5.64461350440979,0.21932454367758783,1.0000000002563854,0.027758129132742292,0.0,0.0,359.9999999246768,False
1784374112.9419165,5.714260101318359,0.24152742900686286,1.0000000002901173,0.027763328311522135,0.0,0.0,359.9999999232877,False
1784374113.0237317,5.796075344085693,0.2494470881521262,1.0000000002780787,0.027772922442989397,0.0,0.0,359.9999999237503,False
1784374113.1053603,5.877703905105591,0.25736665233192385,1.0000000002519118,0.02778359419382666,0.0,0.0,359.9999999247688,False
1784374113.2057505,5.978094100952148,0.2843308757358641,1.0000000001207974,0.027805652233711193,0.0,0.0,359.999999929886,False
1784374113.3259246,6.098268270492554,0.29545536001642975,1.0000000000876466,0.02780343877135705,0.0,0.0,359.99999993119593,False
1784374113.4148555,6.187199115753174,0.32406266743257983,1.0000000001160412,0.02778080233525647,0.0,0.0,359.999999930038,False
1784374113.4944694,6.266813039779663,0.33199763433841595,1.000000000135217,0.02777559473819008,0.0,0.0,359.9999999292479,False
1784374113.5663834,6.338726997375488,0.33992620250553407,1.000000000147914,0.027772664866213236,0.0,0.0,359.9999999287179,False
1784374113.647782,6.420125722885132,0.36369476364634884,1.000000000110596,0.02777883423580472,0.0,0.0,359.9999999301137,False
1784374113.72015,6.492493629455566,0.3747936917818929,1.0000000000601459,0.027786397320583002,0.0,0.0,359.9999999320623,False
1784374113.7840612,6.5564048290252686,0.3811410336312645,1.0000000000290488,0.027790611498487227,0.0,0.0,359.9999999332657,False
1784374113.8614855,6.633829116821289,0.3890807079420302,0.9999999999939153,0.027794827672063493,0.0,0.0,359.9999999346282,False
1784374113.938277,6.710620641708374,0.41609803265541395,0.9999999999599466,0.02779395783029351,0.0,0.0,359.9999999359297,False
1784374114.018121,6.790464639663696,0.42404054371971983,0.9999999999749126,0.02778976055331923,0.0,0.0,359.9999999353106,False
1784374114.0982773,6.870620965957642,0.431977714968849,0.9999999999939333,0.027785038315316243,0.0,0.0,359.99999993452366,False
1784374114.1729517,6.945295333862305,0.4399091504307616,1.0000000000108713,0.027780748918641976,0.0,0.0,359.9999999338203,False
1784374114.2354624,7.007806062698364,0.46368352940867663,1.0000000000005984,0.02777742720290351,0.0,0.0,359.99999993413155,False
1784374114.299674,7.072017669677734,0.47002428924962925,0.9999999999792453,0.02777942175964714,0.0,0.0,359.9999999349469,False
1784374114.375229,7.1475725173950195,0.47795404212912973,0.9999999999453706,0.027783072096291883,0.0,0.0,359.99999993624766,False
1784374114.4366345,7.208978176116943,0.4843016081331862,0.9999999999158876,0.02778641717569627,0.0,0.0,359.9999999373826,False
1784374114.5189083,7.29125189781189,0.5097196119805123,0.9999999998374133,0.027794721197831333,0.0,0.0,359.99999994040917,False
1784374114.5951836,7.36752724647522,0.5176649566562965,0.9999999998375656,0.027793854602884457,0.0,0.0,359.9999999403854,False
1784374114.6551468,7.427490472793579,0.5240191642316464,0.9999999998455804,0.027791980133203047,0.0,0.0,359.9999999400479,False
1784374114.7232113,7.4955549240112305,0.5383053327750439,0.9999999998767717,0.02778560331117489,0.0,0.0,359.9999999387532,False
1784374114.7976391,7.5699827671051025,0.5557464934044166,0.9999999998996455,0.027779281175836754,0.0,0.0,359.99999993777595,False
1784374114.8766925,7.649036169052124,0.5636713285852414,0.9999999998925875,0.027778639720892527,0.0,0.0,359.99999993802135,True
1784374114.9660065,7.73835015296936,0.5731831632117196,0.9999999998680842,0.02778006959376356,0.0,0.0,359.9999999389458,False
1784374115.0376413,7.809984922409058,0.5938121802980242,0.9999999997821888,0.027788136208811983,0.0,0.0,359.9999999422396,False
1784374115.1076324,7.879976034164429,0.6049319938810606,0.999999999743439,0.027791903952754972,0.0,0.0,359.9999999437328,False
1784374115.1859694,7.95831298828125,0.6128769362292906,0.9999999997284473,0.027793079224250384,0.0,0.0,359.9999999443066,False
1784374115.2581873,8.03053092956543,0.6239982169914531,0.999999999728011,0.027792122191454206,0.0,0.0,359.99999994429487,False
1784374115.3484387,8.120782375335693,0.6462189922481244,0.9999999997709675,0.027784306606146506,0.0,0.0,359.99999994250777,False
1784374115.4220595,8.194403171539307,0.6541471699595096,0.999999999783717,0.027781679767973605,0.0,0.0,359.9999999419717,False
1784374115.5007358,8.27307939529419,0.6620732604190369,0.9999999997870626,0.027780136992312444,0.0,0.0,359.9999999418073,False
1784374115.574927,8.347270727157593,0.6874463124143013,0.9999999997233194,0.027784187067209386,0.0,0.0,359.9999999442094,False
1784374115.6532671,8.425610780715942,0.6953833460869434,0.9999999996900016,0.02778711138960867,0.0,0.0,359.999999945488,False
1784374115.7358675,8.508211135864258,0.7033242861476982,0.999999999659153,0.02778977342306397,0.0,0.0,359.99999994667536,False
1784374115.8232062,8.595549821853638,0.7223890684790274,0.9999999996220744,0.027791962636735345,0.0,0.0,359.9999999480913,False
1784374115.9014919,8.673835515975952,0.7366812095879719,0.9999999996356423,0.027788894329630272,0.0,0.0,359.9999999475099,False
1784374115.9966104,8.768954038619995,0.7462022182640722,0.9999999996557865,0.027785657300382786,0.0,0.0,359.9999999466774,False
1784374116.069082,8.841425657272339,0.7684008603525352,0.9999999996817309,0.027780710428836328,0.0,0.0,359.99999994556833,False
1784374116.149426,8.921769618988037,0.7795000280863639,0.9999999996648422,0.027781587940637287,0.0,0.0,359.99999994618986,False
1784374116.2359657,9.008309364318848,0.7874315005761292,0.999999999640599,0.02778350749679766,0.0,0.0,359.9999999471121,False
1784374116.3060992,9.078442811965942,0.8080710966656597,0.9999999995614286,0.02778979713152354,0.0,0.0,359.9999999501549,False
1784374116.36897,9.141313552856445,0.8207801264237057,0.9999999995304889,0.02779146472297838,0.0,0.0,359.9999999513463,False
1784374116.4444573,9.216800928115845,0.8287224299864151,0.9999999995253827,0.027790966028898686,0.0,0.0,359.99999995153075,False
1784374116.5281415,9.300485134124756,0.8366621167554528,0.9999999995309774,0.027789392364350737,0.0,0.0,359.99999995128815,False
1784374116.5970378,9.369381427764893,0.8572882984591752,0.999999999570709,0.027783370200215617,0.0,0.0,359.999999949651,False
1784374116.662678,9.43502163887024,0.8683872024703169,0.999999999583936,0.027781432696539446,0.0,0.0,359.99999994909183,False
1784374116.725881,9.49822473526001,4.8,3.754800000006197,0.12,0.0,0.0,269.9997895408503,False
1784374116.8171232,9.58946681022644,0.8842442814478602,0.9999999995684493,0.027782380454246063,0.0,0.0,359.99999994964645,False
1784374116.879531,9.651874542236328,0.9080526106989423,0.9999999994864773,0.027788795541259424,0.0,0.0,359.99999995279245,False
1784374116.9439542,9.71629786491394,0.9144060507093877,0.99999999946503,0.02779013105580281,0.0,0.0,359.9999999536222,False
1784374117.027618,9.799961566925049,0.9223487354522838,0.9999999994452698,0.027790953834902477,0.0,0.0,359.9999999543867,False
1784374117.1075628,9.879906415939331,0.9302907779489149,0.9999999994358354,0.027790682769340415,0.0,0.0,359.99999995474565,False
1784374117.1798725,9.952216148376465,0.9556865893431521,0.9999999994664452,0.02778473273673402,0.0,0.0,359.99999995347474,False
1784374117.2692542,10.041597843170166,0.9652018589458244,0.9999999994842191,0.027782594014356017,0.0,0.0,359.9999999527469,False
1784374117.3470924,10.119436025619507,0.973129821514408,0.9999999994922067,0.027781723737041374,0.0,0.0,359.99999995240955,False
1784374117.4251134,10.197457075119019,0.9985092539114665,0.9999999994515496,0.02778534971955416,0.0,0.0,359.9999999539344,False
1784374117.5039518,10.27629542350769,4.8,3.6220000000070964,0.12,0.0,0.0,269.9997895408503,False
1784374117.579751,10.352094650268555,1.0143871503554671,0.9999999993949059,0.027789319813133036,0.0,0.0,359.9999999561236,False
1784374117.6446776,10.41702127456665,1.0207406592714536,0.9999999993753129,0.027790270326753744,0.0,0.0,359.999999956885,False
1784374117.7249882,10.497331857681274,1.0461492318638461,0.9999999993559227,0.027788029425941007,0.0,0.0,359.9999999576146,False
1784374117.8016129,10.573956489562988,1.0540836982959387,0.9999999993684255,0.027785991837224015,0.0,0.0,359.99999995710533,False
1784374117.878239,10.650582551956177,1.0620150774941848,0.9999999993842387,0.027784031908789836,0.0,0.0,359.99999995646476,False
1784374117.9438229,10.716166496276855,1.0794584221196368,0.9999999994070387,0.02778200739217352,0.0,0.0,359.9999999555276,False
1784374118.020303,10.792646646499634,1.0937332066058554,0.9999999993939853,0.027783649127500025,0.0,0.0,359.9999999560082,False
1784374118.1123674,10.884711027145386,1.101667496243707,0.9999999993736549,0.027785482582894157,0.0,0.0,359.99999995678957,False
1784374118.1743364,10.946680068969727,1.1143687339509265,0.9999999993308254,0.027788537770868323,0.0,0.0,359.99999995844905,False
1784374118.239648,11.011991739273071,1.1334280320303685,0.9999999992793823,0.0277902217731302,0.0,0.0,359.99999996045807,False
1784374118.321642,11.093985557556152,1.1413680720330361,0.9999999992724986,0.027789390565663152,0.0,0.0,359.9999999607248,False
1784374118.399385,11.171728610992432,1.1493055664124876,0.9999999992754575,0.02778784414642785,0.0,0.0,359.99999996060046,False
1784374118.4731402,11.245483875274658,1.1667576019468984,0.9999999993044294,0.027783814936830124,0.0,0.0,359.99999995943455,False
1784374118.5704558,11.342799425125122,1.1842016405055407,0.9999999993270142,0.027782338962332537,0.0,0.0,359.9999999585182,False
1784374118.6661143,11.43845796585083,4.8,3.434800000008364,0.12,0.0,0.0,269.9997895408503,False
1784374118.7350698,11.507413387298584,1.21117528653398,0.9999999992816544,0.027787081130429176,0.0,0.0,359.99999996025974,False
1784374118.8202288,11.592572450637817,1.2270556622537323,0.9999999992305919,0.02778977977311333,0.0,0.0,359.99999996225665,False
1784374118.9186945,11.691038131713867,1.234996880428337,0.999999999211425,0.027790009801447704,0.0,0.0,359.99999996301176,False
1784374118.9915652,11.763908863067627,1.2461123982769287,0.9999999991993371,0.02778890068724523,0.0,0.0,359.9999999634893,False
1784374119.0652685,11.83761215209961,1.263569407822526,0.9999999992151863,0.02778519724324146,0.0,0.0,359.99999996285743,False
1784374119.174793,11.947136640548706,1.273086216983552,0.9999999992329455,0.027783411157309864,0.0,0.0,359.999999962151,False
1784374119.26894,12.04128360748291,1.3016357694605463,0.9999999992445383,0.027784357157537107,0.0,0.0,359.9999999616704,False
1784374119.3498569,12.12220048904419,1.3095708612152124,0.9999999992280685,0.027786033372965258,0.0,0.0,359.99999996231156,False
1784374119.442927,12.215270519256592,1.3190965291882057,0.9999999992003646,0.027788047463889614,0.0,0.0,359.9999999633955,False
1784374119.5231774,12.295521020889282,1.3445059178089291,0.9999999991358279,0.027789336510055836,0.0,0.0,359.9999999659483,False
1784374119.6023417,12.374685287475586,1.352444023648537,0.9999999991311032,0.02778816370060241,0.0,0.0,359.9999999661403,False
1784374119.6731224,12.445466041564941,1.3603795165458652,0.9999999991352982,0.027786558544959455,0.0,0.0,359.9999999659785,False
1784374119.750929,12.52327275276184,1.385758573349848,0.9999999991760448,0.027782775646951984,0.0,0.0,359.9999999643759,False
1784374119.8290412,12.60138487815857,4.8,3.23160000000974,0.12,0.0,0.0,269.9997895408503,False
1784374119.923449,12.69579267501831,1.4032069105363918,0.999999999179911,0.027784225881852566,0.0,0.0,359.99999996422247,False
1784374119.9932554,12.765599012374878,1.422254322325376,0.9999999991392019,0.02778798240220859,0.0,0.0,359.9999999658247,False
1784374120.0615542,12.833897829055786,1.434958675722767,0.9999999991016698,0.0277894986609232,0.0,0.0,359.9999999673124,False
1784374120.1533146,12.925658226013184,1.4444870575261148,0.9999999990796709,0.027789410083393095,0.0,0.0,359.9999999681932,False
1784374120.2319217,13.004265308380127,1.4524258046013363,0.9999999990696763,0.027788529792235655,0.0,0.0,359.99999996859975,False
1784374120.3111248,13.083468437194824,1.477813825670529,0.9999999990905367,0.027783879839944025,0.0,0.0,359.9999999678071,False
1784374120.388562,13.160905599594116,1.4857438438456294,0.9999999991043232,0.027783082541231345,0.0,0.0,359.99999996727087,False
1784374120.4645324,13.236876010894775,1.4936738482626828,0.9999999991148418,0.027783011862182096,0.0,0.0,359.99999996686296,False
1784374120.548162,13.320505619049072,1.5190614155058049,0.9999999990981784,0.027786765613727376,0.0,0.0,359.9999999675375,False
1784374120.6544077,13.426751375198364,4.8,3.0940000000106718,0.12,0.0,0.0,269.9997895408503,False
1784374120.7290704,13.501414060592651,1.5381160237206362,0.9999999990464099,0.027789332411577713,0.0,0.0,359.99999996960105,False
1784374120.8072336,13.579577207565308,1.5651058873044044,0.9999999990099322,0.027786742946463633,0.0,0.0,359.9999999710992,False
1784374120.922985,13.695328712463379,1.5762120490090106,0.9999999990206747,0.02778468703009919,0.0,0.0,359.9999999706975,False
1784374121.0108058,13.783149480819702,1.5857289038727953,0.9999999990363921,0.0277834544367252,0.0,0.0,359.9999999700949,False
1784374121.1037807,13.876124382019043,4.8,3.010800000011235,0.12,0.0,0.0,269.9997895408503,False
1784374121.1795676,13.951911211013794,1.620631752217839,0.9999999990465194,0.027786483125636707,0.0,0.0,359.9999999697516,False
1784374121.2559395,14.02828311920166,4.8,2.9964000000113327,0.12,0.0,0.0,269.9997895408503,True
1784374121.3331254,14.105468988418579,1.6539766448574345,0.9999999989668414,0.027788801809077335,0.0,0.0,359.9999999729705,False
1784374121.4140782,14.186421871185303,1.6619141852637085,0.9999999989572732,0.02778776877564403,0.0,0.0,359.9999999733726,False
1784374121.4944518,14.26679539680481,1.6698494697986759,0.9999999989558086,0.027786390719443218,0.0,0.0,359.9999999734541,False
1784374121.5801332,14.352476835250854,1.680955143989357,0.9999999989659275,0.027784490157330737,0.0,0.0,359.9999999730861,False
1784374121.678778,14.45112156867981,1.7063337367222315,0.9999999990018935,0.027783802984611253,0.0,0.0,359.99999997173353,False
1784374121.755804,14.52814769744873,1.7142668235303964,0.999999999003599,0.02778486163325787,0.0,0.0,359.9999999716856,False
1784374121.847934,14.620277643203735,1.7236758544726782,0.9999999999786853,0.027786746482742288,0.0,0.0,0.015030893880634805,False
1784374121.9896474,14.761991024017334,1.7500957867158244,1.0000137629619263,0.027802673111439535,0.0,0.0,1.0333436162709408,False
1784374122.0666666,14.839010238647461,1.7558352527978107,1.0000336103126533,0.027804553253091842,0.0,0.0,1.3469740938385883,False
1784374122.1469624,14.91930603981018,1.7615654612115335,1.0000660793482445,0.027804763481886895,0.0,0.0,1.6588483535658503,False
1784374122.24306,15.015403747558594,1.7820705585682433,1.0003134270913119,0.027796211757055354,0.0,0.0,2.78133128311387,False
1784374122.349874,15.122217655181885,1.7888574425648012,1.0004487060362188,0.02779317412048196,0.0,0.0,3.1574027828226607,False
1784374122.4301946,15.202538251876831,1.794475216062322,1.0005828538944226,0.02779166736128753,0.0,0.0,3.4739806908573914,False
1784374122.522053,15.29439663887024,1.8118553414140424,1.0010920350059525,0.027796088328253133,0.0,0.0,4.702757112695397,False
1784374122.6355016,15.407845258712769,1.81842147437957,1.0013318336939678,0.02779994189675187,0.0,0.0,5.235146084208287,False
1784374122.7366803,15.509023904800415,1.8283061363509996,1.001758906515437,0.027803802766135054,0.0,0.0,6.077367740887694,False
1784374122.8334436,15.60578727722168,1.839515099894024,1.0023582256845716,0.0278022566007709,0.0,0.0,7.075050210186459,False
1784374122.913703,15.686046600341797,1.842889783444451,1.002565775974258,0.027800806806184755,0.0,0.0,7.38215522449184,False
1784374123.0100205,15.782364130020142,1.8520379467140884,1.0031977781618717,0.02779679197193001,0.0,0.0,8.226765329595136,False
1784374123.0991106,15.871454238891602,1.8635139692937808,1.004147679859148,0.027795682850922206,0.0,0.0,9.297932850004967,False
1784374123.1802251,15.952568769454956,1.8675812808584962,1.004528724148628,0.027796629039107564,0.0,0.0,9.680296334102826,False
1784374123.2494755,16.02181911468506,1.871627085491736,1.0049310001484988,0.027797993583022797,0.0,0.0,10.063446776686439,False
1784374123.3305376,16.10288119316101,1.8844591822745433,1.0063662897957522,0.027801733401724017,0.0,0.0,11.291343703551776,False
1784374123.4082437,16.18058729171753,1.8884404641461798,1.00686247612624,0.02780191111992298,0.0,0.0,11.675239137556511,False
1784374123.5107093,16.283052921295166,1.8932032997965107,1.0074886212779919,0.027801383699178995,0.0,0.0,12.135941332644306,False
1784374123.573521,16.34586453437805,1.9018988362347962,1.0087250133529573,0.027799158225200817,0.0,0.0,12.980589212836378,False
1784374123.6412208,16.413564443588257,1.9097684109034707,1.009949964189156,0.02779738117212448,0.0,0.0,13.74845413057602,False
1784374123.721268,16.493611574172974,1.9136918391848239,1.0105989551221786,0.02779704175294689,0.0,0.0,14.132384952097006,False
1784374123.8005466,16.572890281677246,1.917608160117754,1.0112724834206883,0.027797146929241196,0.0,0.0,14.516314871959185,False
1784374123.8613322,16.633675813674927,1.9222987149157296,1.0121132792398817,0.02779777665745207,0.0,0.0,14.977030427022031,False
1784374123.9395852,16.711928844451904,1.933985053130018,1.0143721408560298,0.027800129390075198,0.0,0.0,16.128651489255105,False
1784374124.0386765,16.811020135879517,1.9386560600388472,1.015342346981216,0.02780064902857793,0.0,0.0,16.58797128140589,False
1784374124.133426,16.90576958656311,4.8,2.518000000014572,0.12,0.0,0.0,269.9997895408503,False
1784374124.2253056,16.99764919281006,1.957247466440353,1.019585847906063,0.027798842151014035,0.0,0.0,18.428730675775803,False
1784374124.3215468,17.09389042854309,1.9618664272487698,1.020735932039884,0.027798239489467903,0.0,0.0,18.889404228054502,False
1784374124.3906083,17.162951946258545,1.965706987862906,1.0217217435354358,0.02779797063454656,0.0,0.0,19.273318879771974,False
1784374124.4701166,17.242460250854492,1.977944619614196,1.0250441889244293,0.027798670151424894,0.0,0.0,20.50188414429507,False
1784374124.5560033,17.328346967697144,1.9817524854461022,1.0261349743431476,0.027799154517130033,0.0,0.0,20.885815241659298,False
1784374124.6417005,17.41404414176941,1.9863114797953145,1.0274769448558958,0.02779967564495416,0.0,0.0,21.34653416006427,False
1784374124.7270465,17.499390125274658,1.9991654036861382,1.0314747392020849,0.027799892252168796,0.0,0.0,22.651910948138553,False
1784374124.8003366,17.572680234909058,2.0029277258043217,1.0327055017697913,0.027799596943942385,0.0,0.0,23.035845910148314,False
1784374124.8758626,17.64820623397827,2.006681529543025,1.0339611914663618,0.027799234359093823,0.0,0.0,23.41978057185835,False
1784374124.9576316,17.72997522354126,2.010442749335293,1.0352488129468091,0.027798872002808686,0.0,0.0,23.801648576665247,False
1784374125.0414917,17.813835382461548,4.8,2.351600000015699,0.12,0.0,0.0,269.9997895408503,False
1784374125.1289973,17.9013409614563,2.0272118310305753,1.0413602602475593,0.027798468855555664,0.0,0.0,25.46166408399001,False
1784374125.2052197,17.97756338119507,2.030997240655159,1.0428170459987791,0.027798720675733912,0.0,0.0,25.843109843678388,False
1784374125.2860763,18.058419942855835,2.042962915383437,1.0476066895246312,0.027799584077133746,0.0,0.0,27.069500048339954,False
1784374125.3602738,18.132617473602295,2.0466621698298595,1.0491459416900595,0.027799686068260034,0.0,0.0,27.453302354155834,False
1784374125.4362922,18.208635807037354,2.050344468496589,1.0507063158431789,0.027799668632686122,0.0,0.0,27.83717128246011,False
1784374125.5181813,18.29052495956421,2.053278689690227,1.0519700811211572,0.027799577282905476,0.0,0.0,28.144291180286896,False
1784374125.627014,18.399357557296753,2.0670855105701698,1.0581653652081022,0.027798829947305984,0.0,0.0,29.603206196212135,False
1784374125.7393403,18.51168394088745,2.0721209514348344,1.0605294601768607,0.02779872011821522,0.0,0.0,30.140711008871097,False
1784374125.8435118,18.61585545539856,2.0849489097029386,1.0668136337061613,0.027799108087168886,0.0,0.0,31.522868503672864,False
1784374125.954839,18.727182626724243,2.089187034512273,1.0689743398744989,0.027799298428439503,0.0,0.0,31.983588371209652,False
1784374126.0345173,18.80686092376709,2.0941459594572907,1.0715611093510131,0.027799414434446838,0.0,0.0,32.516217802042604,False
1784374126.1441028,18.916446447372437,2.1055652679115675,1.0777625097066796,0.027799116219599424,0.0,0.0,33.72231687694309,False
1784374126.2528574,19.025201082229614,2.1112694316086724,1.0809840644821467,0.027798853835114858,0.0,0.0,34.32600289548005,False
1784374126.3618214,19.134165048599243,4.8,2.1260000000172266,0.12,0.0,0.0,269.9997895408503,False
1784374126.4532437,19.225587368011475,2.128848455767801,1.0914241437200092,0.02779891342115555,0.0,0.0,36.22452289744547,False
1784374126.5311892,19.30353283882141,2.132294057221944,1.0935613224653848,0.027799071840693104,0.0,0.0,36.607189974173025,False
1784374126.6207228,19.39306640625,2.1444935537635024,1.101378498743188,0.027799414610157273,0.0,0.0,37.988201795351706,False
1784374126.6999702,19.47231388092041,2.1471655400054366,1.1031447859161776,0.027799393815921173,0.0,0.0,38.295305880984735,False
1784374126.7945926,19.566936254501343,2.1511491959337863,1.1058156043742338,0.027799304377590275,0.0,0.0,38.75599406845472,False
1784374126.8652585,19.63760209083557,2.161637491932353,1.1130687583315837,0.027798982128477326,0.0,0.0,39.98455995471376,False
1784374126.9444556,19.71679925918579,2.1648825160762595,1.1153806727226305,0.02779893052099112,0.0,0.0,40.3675269078546,False
1784374127.0449984,19.817342042922974,2.1688067985166497,1.1182269265507554,0.027798886453589355,0.0,0.0,40.81998396478397,False
1784374127.1291132,19.901456832885742,2.1799803139301916,1.1266176232672265,0.027798897071936435,0.0,0.0,41.67475156483378,False
1784374127.207851,19.980194568634033,2.1832061112924563,1.129107601835379,0.027798971351471052,0.0,0.0,41.63520345392377,False
1784374127.2952552,20.067598819732666,2.1864047481807645,1.131603316503931,0.027799061019271255,0.0,0.0,41.47869604319112,False
1784374127.4278448,20.200188398361206,2.1983789627979435,1.1411314769328382,0.02779930231304994,0.0,0.0,40.28756210740705,False
1784374127.523141,20.29548454284668,2.2021200128943272,1.144148549457951,0.027799292114077022,0.0,0.0,39.840116358034344,False
1784374127.654326,20.426669597625732,2.2089516543975654,1.1496784276749545,0.027799180339340323,0.0,0.0,39.00348114187362,False
1784374127.7875109,20.55985450744629,2.2188644420616055,1.1576950070137388,0.02779902330874715,0.0,0.0,37.776873565110904,False
1784374127.863661,20.63600468635559,2.2250659998735136,1.1626746664200225,0.027799038596809676,0.0,0.0,37.009192594064565,False
1784374128.0016534,20.77399706840515,2.234402016992573,1.1700795227308352,0.0277991724695529,0.0,0.0,35.85745490454667,False
1784374128.3245614,21.09690499305725,4.8,1.8460000000191226,0.12,0.0,0.0,269.9997895408503,False
1784374128.4415042,21.213847875595093,2.2463190172513086,1.1793158387647504,0.02779922042741439,0.0,0.0,34.39852531403906,False
1784374128.5743797,21.346723318099976,2.255820582182608,1.1864710747768603,0.027799121444323976,0.0,0.0,33.24673174280938,False
1784374128.7088616,21.481205224990845,2.26413213636451,1.1925613803158464,0.027799073687211337,0.0,0.0,32.24850947560861,False
1784374128.830974,21.603317737579346,2.2738184053901054,1.199448927264212,0.027799125669913355,0.0,0.0,31.09671360679865,True
1784374128.9392543,21.71159791946411,4.8,1.743600000019816,0.12,0.0,0.0,269.9997895408503,False
1784374129.0639443,21.83628797531128,2.2908660455489662,1.2110019325219725,0.0277991883104548,0.0,0.0,29.100264625561422,False
1784374129.2116337,21.98397731781006,2.2955133331789326,1.214023847648131,0.027799163792194652,0.0,0.0,28.562758685178668,False
1784374129.3316765,22.10402011871338,2.306902426139111,1.2211987490590186,0.02779910690193033,0.0,0.0,27.257386865131256,False
1784374129.5142224,22.286566019058228,2.3150294285571325,1.2261194397034594,0.02779911508982601,0.0,0.0,26.33594778926286,False
1784374129.6889727,22.461316347122192,2.322542469544759,1.230522515491787,0.02779914839236283,0.0,0.0,25.49129509520275,False
1784374129.8392026,22.611546277999878,2.3301154209657584,1.2348206115229525,0.027799173260885268,0.0,0.0,24.64664213261666,False
1784374129.9693878,22.74173140525818,2.337051237684894,1.2386353177369063,0.02779917122771325,0.0,0.0,23.87877560451796,False
1784374130.0780363,22.850379943847656,2.3475449585602455,1.2441890908418203,0.02779913850754932,0.0,0.0,22.726975659168414,False
1784374130.224238,22.996581554412842,2.3574343160353672,1.2491874054693626,0.02779912201377245,0.0,0.0,21.65196237652434,False
1784374130.3587444,23.13108801841736,2.3702800353370908,1.255346429280226,0.027799146056441938,0.0,0.0,20.269802367832465,False
1784374130.4846568,23.25700044631958,2.3825422169362414,1.2608826366740062,0.02779916265620398,0.0,0.0,18.96442876851584,False
1784374130.603411,23.375754594802856,2.3883548108599255,1.263392382466677,0.027799157068830422,0.0,0.0,18.350135241042462,False
1784374130.7231743,23.49551796913147,2.401527901704405,1.2688132402568189,0.027799134724968977,0.0,0.0,16.96797479945628,False
1784374130.8376944,23.61003804206848,2.4074233089258237,1.2711212105573404,0.027799131989956004,0.0,0.0,16.353681292441802,False
1784374130.9498641,23.72220778465271,4.8,1.4300000000219395,0.12,0.0,0.0,269.9997895408503,False
1784374131.0633829,23.835726499557495,4.8,1.4108000000220695,0.12,0.0,0.0,269.9997895408503,False
1784374131.1773353,23.949678897857666,2.4312400697669325,1.2797218428027317,0.027799155332347877,0.0,0.0,13.896507148787473,False
1784374131.301465,24.073808670043945,2.445547107716391,1.2843451595223347,0.027799145689904946,0.0,0.0,12.437559855185691,False
1784374131.4224212,24.194764852523804,2.45160532174327,1.2861829818242414,0.02779914005861291,0.0,0.0,11.823266267395915,False
1784374131.5599155,24.33225917816162,2.466833689158377,1.2904933287080271,0.027799141221181628,0.0,0.0,10.28753233938252,False
1784374131.674812,24.447155714035034,2.4721900930515948,1.291905555527186,0.027799145448166206,0.0,0.0,9.750025460252955,False
1784374131.778524,24.550867557525635,2.4814024321162176,1.2942096353264312,0.027799150754542243,0.0,0.0,8.828585070697358,False
1784374131.8962412,24.6685848236084,2.490650551034938,1.2963655237151326,0.02779914970924086,0.0,0.0,7.907144655680429,False
1784374131.9945397,24.766883373260498,2.499157401076569,1.2982110593275789,0.0277991449214567,0.0,0.0,7.062490940984294,False
1784374132.1727786,24.945122241973877,2.511577341749672,1.3006714131371764,0.027799140919111773,0.0,0.0,5.833903745807536,False
1784374132.2999535,25.07229709625244,4.8,1.1964000000235213,0.12,0.0,0.0,269.9997895408503,False
1784374132.4222329,25.194576501846313,2.5334287158061124,1.3043348349776749,0.02779914823781473,0.0,0.0,3.68387616423029,False
1784374132.5383627,25.31070637702942,2.5475423612800623,1.306256181217865,0.027799146867983102,0.0,0.0,2.301715540093295,False
1784374132.6945775,25.466921091079712,2.5546155256543632,1.3070891027326599,0.02779914450454916,0.0,0.0,1.6106352299871236,False
1784374132.8532946,25.625638246536255,2.5624857243722285,1.307914475713133,0.027799142884987797,0.0,0.0,0.8427682265427191,False
1784374133.0223775,25.794721126556396,2.572732242263888,1.3088296996621527,0.02779914375052542,0.0,0.0,359.84454112996235,False
1784374133.1436884,25.916032075881958,2.5774664434196497,1.309191887657258,0.027799144915559928,0.0,0.0,359.38382093095527,False
1784374133.3158724,26.088216066360474,2.594846448781878,1.3101940392516247,0.02779914716123803,0.0,0.0,357.69451351539664,False
1784374133.426546,26.19888973236084,2.6003817801827758,1.3104054160961915,0.02779914645250858,0.0,0.0,357.1570066063399,False
1784374133.5472813,26.31962490081787,2.613039710654875,1.3106935401685431,0.027799144228759762,0.0,0.0,355.9284193905338,False
1784374133.6889842,26.46132779121399,2.620952944653946,1.3107357823982868,0.02779914390780498,0.0,0.0,355.1605523861047,False
1784374133.961224,26.733567714691162,2.6431046915142917,1.3102899617031776,0.02779914638045192,0.0,0.0,353.0105247693298,False
1784374134.1054778,26.877821445465088,4.8,0.9292000000253307,0.12,0.0,0.0,269.9997895408503,False
1784374134.2481477,27.020491361618042,2.666013107748673,1.3089525225857332,0.027799144795136094,0.0,0.0,350.7837104314252,False
1784374134.366637,27.138980627059937,2.6801994822399573,1.3076750256579894,0.027799144743461266,0.0,0.0,349.4015498127437,False
1784374134.5151281,27.287471771240234,2.6896381619658567,1.3066334145612233,0.027799145512978445,0.0,0.0,348.4801093985722,False
1784374134.630324,27.40266752243042,2.699843042098446,1.3053338795879852,0.027799145980405747,0.0,0.0,347.48188227814273,False
1784374134.722092,27.49443554878235,2.708459171872144,1.3040955516312456,0.027799145721725423,0.0,0.0,346.63722855759534,False
1784374134.861792,27.634135723114014,2.716275413073264,1.3028596908962715,0.02779914522383709,0.0,0.0,345.86936153817044,False
1784374134.9787357,27.751079320907593,2.7303002003743098,1.3003716193724537,0.027799144887402677,0.0,0.0,344.4872009036421,False
1784374135.0973685,27.869712114334106,2.734961288190132,1.2994671710207697,0.027799145039685558,0.0,0.0,344.02648069168816,False
1784374135.202018,27.974361658096313,2.747353746898352,1.2968723852624986,0.027799145605436733,0.0,0.0,342.7978934557801,False
1784374135.339954,28.112297534942627,2.75429916799705,1.2952962328170339,0.027799145708375717,0.0,0.0,342.1068131324298,False
1784374135.4521186,28.224462270736694,2.768130455703696,1.291893201687674,0.027799145319539652,0.0,0.0,340.7246524808339,False
1784374135.580275,28.35261869430542,2.7795910917987787,1.2888031589483495,0.027799145060082135,0.0,0.0,339.572851935147,False
1784374135.7099457,28.48228931427002,2.7887134328426924,1.2861656423069538,0.027799145194103227,0.0,0.0,338.65141149640783,False
1784374135.8209996,28.593343257904053,2.795526708192264,1.2840914178713727,0.027799145391824785,0.0,0.0,337.9603311652079,False
1784374135.9527233,28.725066900253296,2.8075755692086837,1.280201574534224,0.027799145548629285,0.0,0.0,336.73174390419047,False
1784374136.0571964,28.829540014266968,2.814315538021749,1.277900281893347,0.02779914545583439,0.0,0.0,336.04066356701446,False
1784374136.1824331,28.954776763916016,2.8262273341717368,1.27360900657034,0.02779914521344745,0.0,0.0,334.81207629706853,False
1784374136.32815,29.100493669509888,2.8343620616155327,1.2705110491036393,0.027799145188540098,0.0,0.0,333.96742254627145,False
1784374136.481291,29.253634691238403,2.8446477920349764,1.2663953377831594,0.027799145336902614,0.0,0.0,332.8924086775595,False
1784374136.618672,29.39101552963257,2.846841718413326,1.2654883368208172,0.027799145374254177,0.0,0.0,332.66204856213585,False
1784374136.760552,29.53289556503296,2.852674177991552,1.2630266200628557,0.027799145447142935,0.0,0.0,332.0477549197131,False
1784374136.888914,29.66125774383545,2.8577556777647066,1.2608214290177124,0.02779914546143112,0.0,0.0,331.51024798106516,False
1784374137.009081,29.781424522399902,2.8692912957621868,1.255602669901529,0.027799145345686612,0.0,0.0,330.28166068781593,False
1784374137.1477861,29.920129776000977,2.8764432223014027,1.2522157963520768,0.027799145265207943,0.0,0.0,329.51379362638505,False
1784374137.3160722,30.08841586112976,2.8863783010028317,1.2473138028651614,0.0277991452661667,0.0,0.0,328.43877973625973,False
1784374137.4428515,30.215195178985596,2.8990137812354857,1.2407388682512568,0.027799145386320917,0.0,0.0,327.0566190122789,False
1784374137.5974686,30.36981225013733,2.9101093192932797,1.234640100862647,0.02779914539743985,0.0,0.0,325.8280316937596,False
1784374137.7509382,30.523281812667847,2.920390403950074,1.2287076617038721,0.027799145319906658,0.0,0.0,324.6762310758509,False
1784374137.8814957,30.653839349746704,2.9333089043294827,1.2208470358988484,0.02779909806534383,0.0,0.0,323.2243703009943,False
1784374138.0027952,30.77513885498047,2.938737680815235,1.2174017989255514,0.027799053755918738,0.0,0.0,322.617143351189,False
1784374138.165501,30.93784475326538,2.951780184410196,1.2087521056836252,0.02779882169758652,0.0,0.0,321.20059235255155,False
1784374138.2681863,31.04052996635437,2.9588842214820987,1.2038015784587726,0.027798545290177556,0.0,0.0,320.4797319018734,False
1784374138.4569545,31.22929811477661,2.972639945794147,1.1937679314452418,0.027798163024079618,0.0,0.0,319.12137811275124,False
1784374138.5806785,31.35302209854126,4.8,0.22200000003011028,0.12,0.0,0.0,269.9997895408503,False
1784374138.7343726,31.50671625137329,2.998068174199647,1.173732730369828,0.02779842289141059,0.0,0.0,316.62697050087377,False
1784374138.894631,31.666974544525146,3.008930895721853,1.1645688380174424,0.02779819957565434,0.0,0.0,315.57514393670266,False
1784374139.0410445,31.813388109207153,3.0207145493363203,1.1541809691539873,0.027797587851369723,0.0,0.0,314.48497859967716,False
1784374139.1756434,31.94798707962036,3.029573325701518,1.146074953971679,0.02779735886787369,0.0,0.0,313.67263574891473,False
1784374139.311336,32.08367967605591,3.045573171325626,1.1307328354305333,0.027796806830242285,0.0,0.0,312.33184924929583,False
1784374139.5210204,32.29336404800415,3.0556261811983023,1.1206565864019948,0.02779641210892777,0.0,0.0,311.51866684192584,False
1784374139.6767411,32.449084758758545,3.069473460203683,1.1062479011387494,0.027796349305200415,0.0,0.0,310.39427982680786,True
1784374139.82715,32.599493741989136,3.0809012759034378,1.0938867753406338,0.02779652707941999,0.0,0.0,309.4632276850516,False
1784374139.9500794,32.72242307662964,3.0900251780186765,1.083696518622946,0.02779638069659312,0.0,0.0,308.7355536583075,False
1784374140.2013938,32.973737478256226,3.0977307267070215,1.0748530152793205,0.027795791917387146,0.0,0.0,308.15623261946155,False
1784374140.4217684,33.194112062454224,3.1174263093095607,1.0512711745772858,0.027793736649910184,0.0,0.0,306.8063062980354,False
1784374140.6297944,33.402137994766235,3.127897123078494,1.0381741998294811,0.027793073857787218,0.0,0.0,306.165184200127,False
1784374140.8370743,33.60941791534424,3.1520937188805465,1.0064969579007124,0.027790596106027868,0.0,0.0,304.9410170779169,False
1784374141.0743856,33.84672927856445,3.1653989570357997,0.9883391134028642,0.027790607649641117,0.0,0.0,304.29762640996205,False
1784374141.2441728,34.01651644706726,3.176081364160746,0.9734006490001403,0.02779132769747764,0.0,0.0,303.77741153779834,False
1784374141.438362,34.210705518722534,3.1950590833793995,0.9460877350746546,0.027792899643602386,0.0,0.0,302.7345172387969,False
1784374141.5776482,34.34999179840088,3.21031955869437,0.9233346635988984,0.0277927148353721,0.0,0.0,301.83433233074527,False
1784374141.6947844,34.46712803840637,3.2155684855322404,0.9153309597378694,0.027792466701278006,0.0,0.0,301.5184585712711,False
1784374141.8266344,34.59897804260254,3.228142737542355,0.8957620471435089,0.027792099368788695,0.0,0.0,300.75473723770887,False
1784374142.161694,34.93403768539429,3.2406475947617253,0.8757029523804561,0.02779162078511586,0.0,0.0,300.0373409698858,False
1784374142.307502,35.079845666885376,3.250359513184558,0.8596877954639378,0.027790199653929745,0.0,0.0,299.5646238328064,False
1784374142.4656084,35.23795199394226,3.2616514864672363,0.8406130348789749,0.027788193643877274,0.0,0.0,299.08481251461745,False
1784374142.5965502,35.36889386177063,3.2722378968893406,0.8223129630908392,0.027787116662191514,0.0,0.0,298.6965162176802,False
1784374142.7698002,35.54214382171631,3.292774952289186,0.7857853237552905,0.027786573762766525,0.0,0.0,298.1317903913957,False
1784374142.9029493,35.67529296875,3.304822020620877,0.7638271843009077,0.027786681774413395,0.0,0.0,297.85451350619417,False
1784374143.060075,35.83241868019104,3.3189803031889937,0.7375921332328468,0.027786967194233982,0.0,0.0,297.55651267180485,False
1784374143.2835393,36.055882930755615,3.3351890026694964,0.7070515238541782,0.0277868017672916,0.0,0.0,297.24198366500974,False
1784374143.3992,36.17154359817505,3.3483381836195543,0.6819156564451477,0.027786301812512473,0.0,0.0,297.0102188775473,False
1784374143.677498,36.44984173774719,3.367918927755481,0.6439494159640657,0.027786211252627247,0.0,0.0,296.71895280208724,False
1784374143.9433603,36.7157039642334,3.3958843282956157,0.5887790604591794,0.027786222991299587,0.0,0.0,296.3895416107547,False
1784374144.199622,36.97196555137634,3.4078968855494396,0.5647941410655577,0.02778652393403201,0.0,0.0,296.29362194112696,False
1784374144.3503053,37.12264895439148,3.4168980905618893,0.54673336362305,0.0277877071962148,0.0,0.0,296.2998856636526,False
1784374144.5023293,37.274672985076904,4.8,-0.717199999963549,0.12,0.0,0.0,269.9997895408503,False
1784374144.669431,37.44177460670471,3.441988040386984,0.4962755017240784,0.02778966495639774,0.0,0.0,296.7871035280553,False
1784374144.7852347,37.557578325271606,3.4521060305860476,0.47605881372462094,0.02778845785112494,0.0,0.0,297.13569650187947,False
1784374144.9864948,37.758838415145874,3.4663376917746183,0.44794435675459243,0.027788525790058697,0.0,0.0,297.69589438923384,False
1784374145.1673806,37.93972420692444,3.476602891029344,0.42796999598380553,0.027789581214697507,0.0,0.0,298.1228023463105,False
1784374145.407349,38.17969274520874,3.4904134424503876,0.40155930510574406,0.027789825006694364,0.0,0.0,298.7221794541618,False
1784374145.5762212,38.348564863204956,3.50435855333641,0.3754704031918108,0.027789518502468843,0.0,0.0,299.35874156754215,False
1784374145.7115438,38.48388743400574,3.5197086818787326,0.347453360345472,0.027790897128884245,0.0,0.0,300.1418950538008,False
1784374145.9057472,38.67809081077576,3.5338299062653062,0.3223734328264459,0.027791431636414662,0.0,0.0,300.8894308920055,False
1784374146.035454,38.80779767036438,3.544599202209418,0.30370541786936606,0.027790780912231545,0.0,0.0,301.4544063974622,False
1784374146.2382643,39.010607957839966,3.5614660361526207,0.27525327623492796,0.027790309265702907,0.0,0.0,302.31628624790983,False
1784374146.3950715,39.167415142059326,3.5742168876383493,0.2543561501303697,0.02779070900692939,0.0,0.0,302.949230195795,False
1784374146.5288615,39.30120515823364,3.588443803181295,0.23160755544139508,0.027791880594917134,0.0,0.0,303.45123941356405,False
1784374146.6217163,39.394059896469116,3.5970162191189554,0.21812988795586544,0.02779416110162447,0.0,0.0,303.3254280524772,False
1784374146.7559114,39.528254985809326,3.60611647130448,0.20394159147669438,0.02779639610440531,0.0,0.0,302.873131394413,False
1784374146.84756,39.619903564453125,3.6143888465039544,0.19106720512715383,0.02779671463604565,0.0,0.0,302.30060080984606,False
1784374147.0121179,39.7844614982605,3.6260223621779777,0.17284479650100576,0.02779418475778147,0.0,0.0,301.4221266903052,False
1784374147.1393273,39.91167092323303,3.636883357374997,0.15556525336615673,0.027792602521422325,0.0,0.0,300.584780196813,False
1784374147.3528833,40.125226974487305,3.651600573363202,0.13153196842180995,0.027794383537123678,0.0,0.0,299.4392725590582,False
1784374147.5710979,40.34344148635864,4.8,-1.267599999959822,0.12,0.0,0.0,269.9997895408503,False
1784374147.7165685,40.4889121055603,3.6806875138247745,0.08118673392872533,0.02779315411875379,0.0,0.0,297.1329399299341,False
1784374147.9076977,40.68004131317139,3.690085106383731,0.06392998520695777,0.02779321562033107,0.0,0.0,296.3906100854894,False
1784374148.096263,40.86860656738281,3.7012992246885297,0.0425981920783887,0.02779289533393803,0.0,0.0,295.5490362648446,False
1784374148.3256643,41.098007917404175,4.8,-1.401999999958912,0.12,0.0,0.0,269.9997895408503,False
1784374148.466217,41.23856067657471,3.728552681929094,-0.012743581762525526,0.027793867009792812,0.0,0.0,293.7144834286187,False
1784374148.649458,41.42180156707764,3.739785055186568,-0.0367816172536242,0.027800035235457883,0.0,0.0,294.5583766459988,False
1784374148.8081698,41.58051347732544,3.7483663523338406,-0.05527953585130174,0.02779909392241612,0.0,0.0,295.78927978275146,False
1784374148.918762,41.69110560417175,3.7545443407678496,-0.06845734099562628,0.02779640349048861,0.0,0.0,296.7417759222776,False
1784374149.1795092,41.951852798461914,3.767275334921713,-0.09480171750165592,0.027798249107379255,0.0,0.0,298.7538859777775,False
1784374149.3182278,42.09057140350342,3.7744538400026744,-0.10901657572444975,0.027799332515367245,0.0,0.0,299.86135623956204,False
1784374149.503051,42.275394678115845,3.7872790230916014,-0.13312503107810136,0.02779661169805176,0.0,0.0,301.6928127205893,False
1784374149.726188,42.49853157997131,3.799348820472646,-0.15441508369547513,0.027797631113837803,0.0,0.0,303.317751149706,False
1784374149.8353086,42.60765218734741,3.8071849019696655,-0.16757427817529616,0.027798435804311423,0.0,0.0,304.3343718384639,False
1784374149.9831088,42.755452394485474,3.8148438115434016,-0.17994649631304255,0.027797719992542446,0.0,0.0,305.2583909755175,False
1784374150.197897,42.97024059295654,3.82523119560967,-0.19602629871851535,0.027796319398182962,0.0,0.0,306.42437067074934,False
1784374150.3749428,43.1472864151001,3.832990684896715,-0.20758072332048255,0.027796464274052916,0.0,0.0,307.269858102663,False
1784374150.5233715,43.29571509361267,3.84282826314763,-0.22171382507430587,0.02779735392542404,0.0,0.0,308.30522226349257,False
1784374150.6657908,43.43813443183899,4.8,-1.8307999999560083,0.12,0.0,0.0,269.9997895408503,False
1784374150.815179,43.587522745132446,3.871104280484424,-0.259464714710748,0.027795620439505443,0.0,0.0,310.89305013212294,False
1784374150.972006,43.74434971809387,3.883941929024408,-0.27545510763665604,0.027796313126588208,0.0,0.0,311.99986354203173,False
1784374151.1144102,43.88675379753113,3.8963187374406476,-0.2902872398643535,0.027796851536378012,0.0,0.0,313.0524771018398,False
1784374151.3286169,44.10096049308777,3.913630323774589,-0.3101257392055574,0.02779601281004513,0.0,0.0,314.4557149533879,False
1784374151.5003364,44.272680044174194,3.921389313492999,-0.31869698843375605,0.027795659986982375,0.0,0.0,315.05847313335545,False
1784374151.7678301,44.54017376899719,3.9380272462446873,-0.3364706371187274,0.02779594740821586,0.0,0.0,316.325239743659,False
1784374151.921575,44.69391870498657,3.958325651791485,-0.3571189597173645,0.02779635406348063,0.0,0.0,317.8391652006455,False
1784374152.0767558,44.8490993976593,4.8,-2.0707999999543834,0.12,0.0,0.0,269.9997895408503,False
1784374152.2100098,44.9823534488678,4.8,-2.0995999999541883,0.12,0.0,0.0,269.9997895408503,False
1784374152.3428433,45.11518692970276,4.003287297211194,-0.39919271741730744,0.027795408832472997,0.0,0.0,320.8805659948115,False
1784374152.4803226,45.25266623497009,4.020460888561313,-0.41410647601084366,0.027795656448930072,0.0,0.0,321.9840710358089,False
1784374152.6549888,45.427332401275635,4.039893041077805,-0.4302868374962771,0.02779534805302051,0.0,0.0,323.1893940637445,False
1784374152.8663995,45.63874316215515,4.062832608473488,-0.44849824663225774,0.0277948201721606,0.0,0.0,324.5388290556841,False
1784374153.0071208,45.77946448326111,4.076453024087699,-0.4588929745575396,0.027794990894993737,0.0,0.0,325.3270551906529,False
1784374153.134297,45.90664052963257,4.090155177302477,-0.46905482413879723,0.027795359720744674,0.0,0.0,326.1239328943614,False
1784374153.2701218,46.04246544837952,4.105796947222162,-0.48031001592323763,0.027795735746019592,0.0,0.0,326.8490352145,False
1784374153.408956,46.181299686431885,4.121829247515036,-0.49153289636177105,0.0277968674988956,0.0,0.0,326.63268069234755,True
1784374153.5437148,46.31605839729309,4.138457050795979,-0.5029664828108455,0.02779767757243084,0.0,0.0,325.6960002377754,False
1784374153.6784332,46.45077681541443,4.152073040687653,-0.5123058470151266,0.027797258549742108,0.0,0.0,324.75320829903706,False
1784374153.826538,46.59888172149658,4.168177807321832,-0.5234634717591458,0.027796585547618893,0.0,0.0,323.58735788082925,False
1784374153.9380805,46.710424184799194,4.179625888322329,-0.5315319534936889,0.02779684554568644,0.0,0.0,322.7351990634594,False
1784374154.0647206,46.837064266204834,4.1934864448058455,-0.5415106028359696,0.02779754760979336,0.0,0.0,321.67844636713767,False
1784374154.267957,47.040300607681274,4.209642359338877,-0.5534988442312454,0.027797593085434485,0.0,0.0,320.417194710194,False
1784374154.421186,47.19352960586548,4.2221501893053,-0.5630863631355366,0.027797258228558778,0.0,0.0,319.4161082565444,False
1784374154.6931956,47.46553921699524,4.8,-2.558799999951079,0.12,0.0,0.0,269.9997895408503,False
1784374154.911349,47.68369269371033,4.269240552870594,-0.6021543656528201,0.02779664461836543,0.0,0.0,316.0006985416088,False
1784374155.080145,47.85248851776123,4.8,-2.6323999999505805,0.12,0.0,0.0,269.9997895408503,False
1784374155.208866,47.98120951652527,4.303618103621374,-0.6336207240535754,0.027793542682434877,0.0,0.0,317.16809488735475,False
1784374155.3495538,48.12189745903015,4.317933532921796,-0.6468706218021846,0.027795751371202156,0.0,0.0,318.0394367270965,False
1784374155.4955525,48.26789617538452,4.332420780494588,-0.6601454896410036,0.02779630432257538,0.0,0.0,318.9260749652789,False
1784374155.6168873,48.38923096656799,4.349076313237339,-0.6751234207468846,0.027794274286432694,0.0,0.0,319.90362665943195,False
1784374155.7234554,48.49579906463623,4.362299191543382,-0.6867537820686623,0.02779334792381756,0.0,0.0,320.6527043038968,False
1784374155.877593,48.64993667602539,4.378552922674913,-0.7007117632200778,0.027794291919451822,0.0,0.0,321.56546589338257,False
1784374156.0220108,48.79435443878174,4.395909103632812,-0.7151911997357542,0.027795358655734525,0.0,0.0,322.5423581958147,False
1784374156.2422245,49.01456809043884,4.417582568959218,-0.7326326817550103,0.02779422619772896,0.0,0.0,323.7131994135045,False
1784374156.4399374,49.21228098869324,4.439881406311727,-0.7498525249052571,0.02779345163855898,0.0,0.0,324.85614948257336,False
1784374156.617318,49.38966155052185,4.458525859947523,-0.7637146912933982,0.027793994416693616,0.0,0.0,325.77767650936784,False
1784374156.8041189,49.576462507247925,4.485010071649587,-0.7826136113076896,0.02779372424238766,0.0,0.0,327.03843186439605,False
1784374156.991995,49.76433873176575,4.509707443711261,-0.7994554466089032,0.027793636561301474,0.0,0.0,328.20880331278283,False
1784374157.1203127,49.892656326293945,4.531470183859585,-0.8136935187371973,0.02779395521204988,0.0,0.0,329.2230993339358,False
1784374157.2249057,49.997249364852905,4.544769290474441,-0.8221218424708229,0.027793664512983828,0.0,0.0,329.81697156474354,False
1784374157.3440647,50.116408348083496,4.559425232949028,-0.8311791179660609,0.027793026760127813,0.0,0.0,330.4438350409947,False
1784374157.4711516,50.24349522590637,4.8,-3.091599999947471,0.12,0.0,0.0,269.9997895408503,False
1784374157.6288452,50.40118885040283,4.8,-3.1155999999473085,0.12,0.0,0.0,269.9997895408503,False
1784374157.743662,50.516005754470825,4.611177566795761,-0.8613933451995079,0.02779352921172415,0.0,0.0,332.60708247483535,False
1784374157.8933697,50.6657133102417,4.631987777489381,-0.8728137255171806,0.027793793984977878,0.0,0.0,333.499054010627,False
1784374158.0270622,50.79940581321716,4.6504197836739545,-0.8825911420502306,0.02779384329561541,0.0,0.0,334.31436831842996,False
1784374158.158357,50.9307005405426,4.6676818016926624,-0.8914582440188918,0.02779402960495141,0.0,0.0,335.09009725438546,False
1784374158.2644577,51.0368013381958,4.684937082220796,-0.9000411310687569,0.02779428773422742,0.0,0.0,335.87559004710033,False
1784374158.390332,51.162675619125366,4.702539484071535,-0.9084950164141267,0.027793842961606,0.0,0.0,336.62638174279414,False
1784374158.5148492,51.287192821502686,4.717170249746756,-0.9152901814888632,0.027792557491903357,0.0,0.0,337.1753795104145,False
1784374158.7632818,51.53562545776367,4.748359410088461,-0.9291645685059244,0.027791325641788538,0.0,0.0,338.2856160229886,False
1784374158.912799,51.685142517089844,4.767238183376385,-0.9371925039131541,0.02779237092660997,0.0,0.0,338.95753579877476,False
1784374159.0725126,51.84485626220703,4.774800795885516,-0.9403334808379591,0.02779281313185251,0.0,0.0,339.2288805177058,False
1784374159.2116485,51.98399209976196,4.7848603724307255,-0.9444469538679147,0.027793237317224086,0.0,0.0,339.596832609462,False
1784374159.3563995,52.128743171691895,4.806306389427459,-0.9529663227458828,0.02779304184547826,0.0,0.0,340.37810175889456,False
1784374159.484099,52.25644254684448,4.82168179995149,-0.9588627937192091,0.027792143248296385,0.0,0.0,340.90848778098933,False
1784374159.6383023,52.410645961761475,4.844863810730021,-0.9674383415584759,0.027791609936256966,0.0,0.0,341.7062382233702,False
1784374159.800764,52.57310771942139,4.866723382710619,-0.9751891476029388,0.02779256883685758,0.0,0.0,342.4740474231536,False
1784374159.9051044,52.6774480342865,4.890254070401274,-0.9831917460103362,0.027794848280316316,0.0,0.0,343.40770870591314,False
1784374160.0337334,52.806077003479004,4.909229539228346,-0.9894066638750856,0.027797961629365507,0.0,0.0,344.4781558298885,False
1784374160.1431189,52.915462493896484,4.920826431706222,-0.9930721970420606,0.027798794222662234,0.0,0.0,345.21229175635085,False
1784374160.275801,53.048144578933716,4.936282416657835,-0.9977622383091397,0.027797841799847706,0.0,0.0,346.21403455499956,False
1784374160.3789768,53.151320457458496,4.946667905728925,-1.0007681373957698,0.02779664724237112,0.0,0.0,346.8641848618628,False
1784374160.5507386,53.32308220863342,4.8,-3.6291999999438307,0.12,0.0,0.0,269.9997895408503,False
1784374160.6931255,53.46546912193298,4.991492414103954,-1.0123970650090797,0.0277978283617286,0.0,0.0,349.66811948038395,False
1784374160.8083894,53.58073306083679,5.003983384955949,-1.0152460512553874,0.027797756011668992,0.0,0.0,350.4582780516468,False
1784374160.9250417,53.69738531112671,5.014349526926853,-1.017481089545062,0.027797331336507813,0.0,0.0,351.1218408914927,False
1784374161.0652492,53.8375928401947,5.034997478793255,-1.0215783305220756,0.027797008851100105,0.0,0.0,352.4551601643993,False
1784374161.2037745,53.976118087768555,5.050504668780648,-1.0243383280106027,0.027797427677317087,0.0,0.0,353.4525915661181,False
1784374161.4179869,54.190330505371094,5.079756287237995,-1.0287562602440703,0.02779635155393095,0.0,0.0,355.14274183372856,False
1784374161.5475786,54.31992220878601,5.094276281115513,-1.0305984840679783,0.027795779189074523,0.0,0.0,355.94225853935,False
1784374161.6894586,54.4618022441864,5.114560482315196,-1.0328124965958614,0.027796158372920248,0.0,0.0,357.0503340681153,False
1784374161.8132985,54.58564209938049,5.1315007876256304,-1.0343515183198961,0.027796732293346175,0.0,0.0,357.97924254157084,False
1784374161.9235947,54.69593834877014,5.146171577431314,-1.0354598806582658,0.027796760002548014,0.0,0.0,358.787879551509,False
1784374162.0492802,54.82162380218506,5.1585363132312825,-1.0362342705756171,0.027796558821331724,0.0,0.0,359.4774270170597,False
1784374162.1713252,54.943668842315674,5.173070900706625,-1.0369577517972808,0.02779645023678939,0.0,0.0,0.2982037761728706,False
1784374162.2874496,55.05979323387146,5.191322188609044,-1.0375593394305664,0.02779616467503098,0.0,0.0,1.2688741547027373,False
1784374162.4296823,55.20202589035034,5.1971664920621246,-1.037679004583832,0.027795950966533756,0.0,0.0,1.5567481782724009,False
1784374162.544048,55.316391706466675,5.2073318244404385,-1.037780292324361,0.027794597716723223,0.0,0.0,1.8936804807102876,False
1784374162.687631,55.45997452735901,4.8,-3.9939999999413605,0.12,0.0,0.0,269.9997895408503,False
1784374162.8266084,55.59895205497742,5.236976962726406,-1.0375527789065233,0.027787380675300857,0.0,0.0,2.363743935466852,False
1784374162.9918256,55.764169216156006,5.248770798578608,-1.0373157566448312,0.027785217310559322,0.0,0.0,2.443075244363158,False
1784374163.137016,55.90935969352722,5.263658870468936,-1.0369342075234493,0.02778459417138296,0.0,0.0,2.4820276806279624,False
1784374163.2692387,56.041582345962524,5.292243263252205,-1.0360220161052953,0.027789350558483854,0.0,0.0,2.400170043784751,False
1784374163.406553,56.17889666557312,5.313379603212614,-1.0352622568962402,0.02779244402616777,0.0,0.0,2.2164019090323053,False
1784374163.5484152,56.32075881958008,5.344809982074203,-1.0341127121844949,0.02778905630275656,0.0,0.0,1.7565256118785877,False
1784374163.6571488,56.429492473602295,5.365620946781637,-1.0333982991428923,0.027786810776588317,0.0,0.0,1.3715414275679993,False
1784374163.7706795,56.543023109436035,5.383422275681656,-1.0328474192436012,0.02778803035074347,0.0,0.0,1.0162177454355226,False
1784374163.8984077,56.670751333236694,5.387870546323247,-1.0327206243623568,0.0277886425784194,0.0,0.0,0.9251953603571518,False
1784374164.0367877,56.809131383895874,5.413036618711281,-1.0320989089051564,0.027791457849228204,0.0,0.0,0.3952885970214814,False
1784374164.1605008,56.932844400405884,5.439633586114839,-1.031642898004454,0.027790273245726953,0.0,0.0,359.818910315613,False
1784374164.304106,57.07644963264465,5.4646734140477555,-1.031424540994957,0.027788647838578064,0.0,0.0,359.260818476982,False
1784374164.4630437,57.235387325286865,5.489452849482715,-1.0314239561275433,0.027790035407970974,0.0,0.0,358.6667456103129,False
1784374164.5890605,57.36140418052673,5.509721821338072,-1.0315954583326583,0.02779154402628154,0.0,0.0,358.1588160029827,False
1784374164.772786,57.5451295375824,5.541416505262921,-1.032195410898478,0.02779103974771326,0.0,0.0,357.34097986009334,False
1784374164.95388,57.7262237071991,4.8,-4.3715999999388035,0.12,0.0,0.0,269.9997895408503,True
1784374165.103551,57.87589454650879,5.594305410072753,-1.0341554339094328,0.027791106059127352,0.0,0.0,355.91869040846336,False
1784374165.2471025,58.01944613456726,5.6211572612998175,-1.0356328541361248,0.027791914576815638,0.0,0.0,355.15458045982825,False
1784374165.3832016,58.155545234680176,5.647906624347007,-1.0374468628404923,0.027791515746099053,0.0,0.0,354.38270372836274,False
1784374165.5314112,58.303754806518555,5.6676263557800475,-1.0390096797395028,0.027791084225784433,0.0,0.0,353.81784737404934,False
1784374165.704113,58.47645664215088,4.8,-4.5059999999378935,0.12,0.0,0.0,269.9997895408503,False
1784374165.8530664,58.625410079956055,5.723694696679313,-1.044511065382347,0.027791804433257537,0.0,0.0,352.18290624686813,False
1784374166.072655,58.844998598098755,5.7557230193275535,-1.0483716342819793,0.02779167108665264,0.0,0.0,351.22803514626975,False
1784374166.2031732,58.97551679611206,5.777894051891837,-1.051356823666685,0.027791630207587115,0.0,0.0,350.5562236169394,False
1784374166.432792,59.20513558387756,5.819198685880234,-1.0576152200639717,0.02779206282799522,0.0,0.0,349.27822889350745,False
1784374166.6120324,59.38437604904175,5.849199649860324,-1.0627438394056017,0.027792232049459152,0.0,0.0,348.3205349372217,False
1784374166.7792943,59.55163788795471,5.870841272441991,-1.0667564728763743,0.027792285293276892,0.0,0.0,347.6105469657446,False
1784374166.9400413,59.712384939193726,5.898020334664751,-1.0721535306651029,0.027794284311540605,0.0,0.0,346.915645106713,False
1784374167.0441644,59.816508054733276,5.911998550125015,-1.07502597934547,0.027799381326992976,0.0,0.0,347.35958732086084,False
1784374167.169664,59.942007541656494,5.926341053592421,-1.0780126341425247,0.027802792643687655,0.0,0.0,348.3741768301001,False
1784374167.311364,60.08370757102966,5.9387189060242624,-1.0805837622482362,0.027800584836264557,0.0,0.0,349.4313503239172,False
1784374167.4265163,60.19885993003845,5.9521824417784,-1.0833208421661087,0.027796724279874164,0.0,0.0,350.65728592422755,False
1784374167.6170256,60.38936924934387,5.971667948570095,-1.0870621507582188,0.02779919037709086,0.0,0.0,352.49982964574446,False
1784374167.7438676,60.51621127128601,5.983633200656572,-1.0891770656744821,0.027801141282585404,0.0,0.0,353.65161450191965,False
1784374167.9146209,60.68696451187134,5.998686073866906,-1.0915957935916054,0.02779912611672531,0.0,0.0,355.11056506305283,False
1784374168.046057,60.818400621414185,6.009744771650908,-1.093182299952071,0.02779763965839255,0.0,0.0,356.1855748444452,False
1784374168.1742184,60.94656205177307,6.021584072600579,-1.0946891784344757,0.027798500292567682,0.0,0.0,357.3373650762166,False
1784374168.3144329,61.08677649497986,6.035793568178072,-1.09622380397808,0.027800242314016597,0.0,0.0,358.71952073162356,False
1784374168.4295511,61.201894760131836,4.8,-5.03079999993434,0.12,0.0,0.0,269.9997895408503,False
1784374168.5455759,61.31791949272156,6.0574904609449165,-1.0979437770532803,0.027798493869175142,0.0,0.0,0.7641327994192453,False
1784374168.67227,61.44461369514465,6.07076796164437,-1.0986117615504543,0.027797991459810836,0.0,0.0,1.9591745981065358,False
1784374168.8011525,61.57349610328674,6.084202774184339,-1.0990056910664503,0.02779900640639842,0.0,0.0,3.15495343921478,False
1784374168.9550562,61.727399826049805,6.0994053099504875,-1.0991167390039274,0.027799530862080025,0.0,0.0,4.501262099296131,False
1784374169.1520395,61.92438316345215,6.118025076815074,-1.0987727387402022,0.027798515787382176,0.0,0.0,6.148288778792119,False
1784374169.3225963,62.094939947128296,6.134241112175111,-1.0980325966012265,0.02779847588847784,0.0,0.0,7.5582682991428305,False
1784374169.488904,62.261247634887695,6.1508075414632275,-1.0968415186372031,0.02779889806412138,0.0,0.0,8.949627372565523,False
1784374169.6515572,62.423900842666626,6.168440789118414,-1.0951113090934819,0.027798640853799055,0.0,0.0,10.4110253890127,False
1784374169.7802098,62.55255341529846,6.179946239016089,-1.0937308101874288,0.02779839735993887,0.0,0.0,11.360649973326986,False
1784374169.950069,62.72241258621216,4.8,-5.312399999932433,0.12,0.0,0.0,269.9997895408503,False
1784374170.1328158,62.90515947341919,6.214529216593193,-1.0883906284388138,0.027798710990986623,0.0,0.0,14.203939778003734,False
1784374170.300242,63.072585582733154,6.232214259704983,-1.0849686990909864,0.027798542234718136,0.0,0.0,15.661507023147236,False
1784374170.4474025,63.219746112823486,6.248270032885398,-1.0814392170040426,0.027798294202422,0.0,0.0,16.95272813260507,False
1784374170.5576186,63.32996225357056,6.261984780826868,-1.0780933704561793,0.02779804448600507,0.0,0.0,18.0057769916689,False
1784374170.74578,63.518123626708984,6.278577308416438,-1.0736632640426689,0.027798018906193985,0.0,0.0,19.26955291243059,False
1784374170.843827,63.61617064476013,6.2923663450842025,-1.069672771364744,0.027798196079394318,0.0,0.0,20.32763759032459,False
1784374170.9529934,63.72533702850342,6.304235160156152,-1.0660140612531765,0.027798301605831664,0.0,0.0,21.24780523467603,False
1784374171.1192837,63.89162731170654,4.8,-5.5299999999309595,0.12,0.0,0.0,269.9997895408503,False
1784374171.2396016,64.01194524765015,6.335003662086391,-1.055535031526348,0.02779808337729723,0.0,0.0,23.650398210191714,False
1784374171.4135976,64.18594121932983,6.354790007876921,-1.0480122179410896,0.02779808257219427,0.0,0.0,25.196209663835408,False
1784374171.5382564,64.31060004234314,6.3675793501438775,-1.042797798602633,0.027797863667365818,0.0,0.0,26.14824601676706,False
1784374171.719727,64.49207067489624,6.386644198293483,-1.0344901844299028,0.027796817876125406,0.0,0.0,27.446278322032242,False
1784374171.8441932,64.61653685569763,4.8,-5.670799999930006,0.12,0.0,0.0,269.9997895408503,False
1784374171.9408147,64.71315836906433,6.414893773676161,-1.02112126415744,0.02779676598235164,0.0,0.0,29.30136019684157,False
1784374172.0610101,64.83335375785828,6.428549942836594,-1.0142246456973423,0.027797038534736255,0.0,0.0,30.194661160283665,False
1784374172.1932473,64.9655909538269,6.440182196709811,-1.008130021027862,0.02779702709456923,0.0,0.0,30.962918788902435,False
1784374172.3124385,65.08478212356567,6.455548797973862,-0.9997648125816041,0.02779683028982426,0.0,0.0,31.990076460291093,False
1784374172.4583843,65.23072791099548,6.469074359857525,-0.9920865427647142,0.027796503164344833,0.0,0.0,32.86414475825293,False
1784374172.6669872,65.43933081626892,6.494348673964318,-0.976948950383722,0.027796073579199502,0.0,0.0,34.45872811929466,False
1784374172.8260248,65.59836840629578,6.515532672669372,-0.9634797886818002,0.027796338321994404,0.0,0.0,35.808745312824975,False
1784374172.982018,65.75436162948608,6.529770334632976,-0.9540206034706387,0.027796461313159923,0.0,0.0,36.73459855152011,False
1784374173.11417,65.88651371002197,6.546612319065148,-0.9423940634923952,0.027796404239160216,0.0,0.0,37.84881749760859,False
1784374173.2606263,66.03296995162964,6.564046721473399,-0.9298422967905045,0.027796453258539536,0.0,0.0,39.03461960767869,False
1784374173.4018712,66.1742148399353,6.576678737811377,-0.9204033446652796,0.027796577999699264,0.0,0.0,39.910471242572726,False
1784374173.8418403,66.61418390274048,6.622847276897949,-0.8831914984467654,0.02779555978247568,0.0,0.0,42.95186859861172,False
1784374173.986198,66.75854158401489,6.6370674833063825,-0.8708631223783128,0.027795954913066242,0.0,0.0,43.9021709279568,False
1784374174.124398,66.89674162864685,6.651907131686114,-0.8575446029272984,0.027796103414061378,0.0,0.0,44.91828949606535,False
1784374174.2470582,67.01940178871155,6.664770749658814,-0.8456073610863847,0.027795950567058973,0.0,0.0,45.817982397817474,False
1784374174.354607,67.12695074081421,4.8,-6.144399999926799,0.12,0.0,0.0,269.9997895408503,False
1784374174.4791675,67.25151109695435,6.689469436000933,-0.8215708435896687,0.027795221920656248,0.0,0.0,47.50242081180783,False
1784374174.603046,67.37538957595825,6.70216767089264,-0.8086222527000273,0.02779498976496966,0.0,0.0,48.35594982865213,False
1784374174.717789,67.49013257026672,6.713866188031797,-0.7963331834150749,0.027795162474409923,0.0,0.0,49.15394225936554,False
1784374174.81837,67.59071373939514,6.723752978655522,-0.7856701268952673,0.027795406176887288,0.0,0.0,49.83990989428315,False
1784374174.9030035,67.67534708976746,6.7310719703995385,-0.7776080466116799,0.02779551708658195,0.0,0.0,50.3566310047547,False
1784374175.0723324,67.84467601776123,6.746987709576116,-0.7595625275730077,0.027795562196654713,0.0,0.0,51.51744444431684,False
1784374175.2522655,68.0246090888977,6.763174265991569,-0.7404389035011221,0.027795677426426774,0.0,0.0,52.750504420680606,False
1784374175.4311132,68.20345687866211,6.778803072063383,-0.721170929587564,0.027795939700018386,0.0,0.0,54.00073650198726,False
1784374175.587787,68.36013054847717,6.790485531164468,-0.7061883957536257,0.027795736527903563,0.0,0.0,54.93366785835279,False
1784374175.7214043,68.49374794960022,6.80408301691345,-0.6880225207839061,0.02779365759470826,0.0,0.0,55.85893824154202,False
1784374175.8771455,68.64948916435242,4.8,-6.427599999924881,0.12,0.0,0.0,269.9997895408503,False
1784374176.046406,68.81874966621399,6.832675308945869,-0.6474931973503345,0.027793478316866745,0.0,0.0,57.73737064358331,False
1784374176.1916306,68.96397423744202,6.843620227816235,-0.6311470799561997,0.027794231469947812,0.0,0.0,58.48397915337216,False
1784374176.3074486,69.07979226112366,6.8558265709061255,-0.6123330164414065,0.027793565362105394,0.0,0.0,59.31590634961636,False
1784374176.442992,69.21533560752869,6.867249841430724,-0.594132618501215,0.02779222330490041,0.0,0.0,60.061131917225815,False
1784374176.5641994,69.33654308319092,6.87707346630802,-0.5780214830853931,0.027792050419134354,0.0,0.0,60.71189199240437,False
1784374176.7309158,69.5032594203949,6.887388485488599,-0.560630875313619,0.027792812577495333,0.0,0.0,61.41197305003377,False
1784374176.9306839,69.70302748680115,4.8,-6.629199999923516,0.12,0.0,0.0,269.9997895408503,True
1784374177.2565246,70.02886819839478,6.919132943999824,-0.5037742553908839,0.027793512335257422,0.0,0.0,63.79906866683038,False
1784374177.4104862,70.18282985687256,6.939539656517185,-0.46401594435086085,0.027793391182057238,0.0,0.0,65.48161085540505,False
1784374177.5190485,70.2913920879364,4.8,-6.741199999922758,0.12,0.0,0.0,269.9997895408503,False
1784374177.6543384,70.42668199539185,6.958773748189418,-0.42363449777722695,0.02778972180107852,0.0,0.0,66.78644866375528,False
1784374177.7543926,70.52673625946045,6.966396502783467,-0.4068634107139608,0.027790353045734344,0.0,0.0,67.2995239094443,False
1784374177.889334,70.66167759895325,6.974417463434407,-0.38873749807876723,0.02779172988313798,0.0,0.0,67.85783113722185,False
1784374178.0148754,70.78721904754639,6.982750387027808,-0.36936721937144257,0.027792419953735163,0.0,0.0,68.46898508807413,False
1784374178.134696,70.90703964233398,6.990211203447577,-0.3515335666612248,0.02779253297883021,0.0,0.0,69.0605391609207,False
1784374178.349764,71.12210774421692,7.000942785896606,-0.32490693467246207,0.02779010550420186,0.0,0.0,69.59174001486149,False
1784374178.5378287,71.31017231941223,7.014952665903966,-0.288699935737531,0.027786375254086344,0.0,0.0,69.76005418704537,False
1784374178.778362,71.55070567131042,7.030183041424874,-0.2483224462451407,0.027791419003086404,0.0,0.0,69.3776218051738,False
1784374178.9206748,71.69301843643188,7.039965920121012,-0.22234607618593777,0.027792676776817665,0.0,0.0,68.8289788573999,False
1784374179.052864,71.82520771026611,7.047697492606713,-0.2020390714986901,0.027790195826719773,0.0,0.0,68.31696835763698,False
1784374179.1995184,71.97186207771301,7.057556653093675,-0.17661741021244629,0.027789408657026896,0.0,0.0,67.61065888661547,False
1784374179.2947705,72.06711411476135,7.06332210803493,-0.162051238907721,0.02779093263697781,0.0,0.0,67.18233275457663,False
1784374179.4268816,72.19922518730164,7.071565589111942,-0.14162705013359678,0.0277939092739954,0.0,0.0,66.48156789425539,False
1784374179.545384,72.31772756576538,7.077187950381267,-0.12800054865567528,0.027794827873097235,0.0,0.0,65.96438125153833,False
1784374179.7151248,72.48746848106384,7.085482780878215,-0.10833796102909772,0.0277957760002729,0.0,0.0,65.00585991402741,False
1784374179.8525245,72.62486815452576,7.093996865480813,-0.08880976795258014,0.027796690133589656,0.0,0.0,63.900161813282175,False
1784374180.0012393,72.77358293533325,7.104369899298581,-0.06604031278829713,0.027796931232166634,0.0,0.0,62.50734923221194,False
1784374180.1068687,72.87921237945557,7.110111434666678,-0.053940508260714656,0.027796735533550034,0.0,0.0,61.740081467757626,False
1784374180.2457113,73.0180549621582,7.117350994837131,-0.03917585110585221,0.027796847221680836,0.0,0.0,60.764486341025716,False
1784374180.348614,73.12095761299133,4.8,-7.2787999999191175,0.12,0.0,0.0,269.9997895408503,False
1784374180.5370486,73.30939221382141,7.1322265606541295,-0.010508276877553577,0.027797460001411162,0.0,0.0,58.791656212397434,False
1784374180.7554271,73.52777075767517,7.14861530331719,0.018709530556000612,0.027797500114732417,0.0,0.0,56.64159387129052,False
1784374180.9137409,73.68608450889587,7.15699708991627,0.03278566753937923,0.027797703768251598,0.0,0.0,55.54438893295068,False
1784374181.0405474,73.81289100646973,7.165430311686266,0.04640968310737528,0.027798102732769118,0.0,0.0,54.429218203187304,False
1784374181.323901,74.09624457359314,7.182200976510173,0.07202294140867571,0.027798536575594057,0.0,0.0,52.12729565676126,False
1784374181.461751,74.23409461975098,7.189727775606943,0.08286939370886866,0.02779829755972033,0.0,0.0,51.12905765668728,False
1784374181.5849423,74.35728597640991,7.199210143629474,0.09598216022033779,0.027797987644824777,0.0,0.0,49.928970755291104,False
1784374181.7364094,74.50875306129456,7.208876442101481,0.10879510815691677,0.02779824172125098,0.0,0.0,48.712580711430284,False
1784374181.9088445,74.68118810653687,7.215694995306353,0.11753177619732819,0.027798656714204992,0.0,0.0,47.83716765400631,False
1784374182.0472782,74.81962180137634,7.228116841273572,0.1328376929583337,0.02779899523642237,0.0,0.0,46.2126617561992,False
1784374182.2007844,74.97312808036804,7.238336056716731,0.1448413620187174,0.027798722730866615,0.0,0.0,44.873390189873085,False
1784374182.3374133,75.10975694656372,7.248079924710096,0.1558082206976296,0.027798718392959443,0.0,0.0,43.60249601429544,False
1784374182.4971178,75.26946139335632,7.259479834972456,0.16802621022673064,0.027798677496595477,0.0,0.0,42.214671107532915,False
1784374182.652741,75.42508459091187,7.2706988850869685,0.17947631357481744,0.027798517165683774,0.0,0.0,40.900573756626734,False
1784374182.83503,75.60737371444702,7.282725065520455,0.19119679801573863,0.0277986832614361,0.0,0.0,39.49809049099848,False
1784374183.039637,75.81198072433472,7.301246782662755,0.20821705111641123,0.027798969796147682,0.0,0.0,37.33185560293831,False
1784374183.1473334,75.91967701911926,7.31023623793803,0.21605069039717253,0.02779890987350997,0.0,0.0,36.27644908344194,False
1784374183.3709743,76.14331793785095,7.325605380186709,0.228835500152802,0.027799038130489048,0.0,0.0,34.45088507317796,False
1784374183.5266619,76.29900550842285,7.336086383766344,0.23709766353858666,0.02779900319645982,0.0,0.0,33.251013887596,False
1784374183.649299,76.42164254188538,7.347063001403811,0.2453481196817751,0.027798630813126807,0.0,0.0,32.074551057631034,False
1784374183.8023918,76.57473540306091,7.359700621792297,0.2544081822221446,0.02779856760592189,0.0,0.0,30.740584206712178,False
1784374183.944563,76.71690654754639,7.369606109291895,0.26120960355072725,0.0277988899170607,0.0,0.0,29.69301539719167,False
1784374184.169474,76.94181752204895,7.389211788000426,0.2739564887783669,0.02779922064569195,0.0,0.0,27.561517929259438,False
1784374184.3793254,77.15166902542114,7.405851657894955,0.28403679452776276,0.027799015660991622,0.0,0.0,25.71924400682505,False
1784374184.554101,77.32644462585449,7.421174499651683,0.29271463087629507,0.02779915355943759,0.0,0.0,24.029958380295636,False
1784374184.7299194,77.50226306915283,7.433478455702581,0.2992373973587705,0.027798998887000173,0.0,0.0,22.760350369334425,False
1784374184.8919284,77.66427206993103,7.449787266824893,0.3072806811331286,0.027798300998975373,0.0,0.0,21.235962684495384,False
1784374185.0854988,77.85784244537354,7.469241790171718,0.3161290826615925,0.027798505528775337,0.0,0.0,19.493242625930773,False
1784374185.258817,78.03116059303284,7.4891752533463665,0.3244426907283856,0.027798734130516853,0.0,0.0,17.748313067327086,False
1784374185.436188,78.20853161811829,7.50698173825319,0.33125949694171775,0.027798332784098167,0.0,0.0,16.229376521516553,False
1784374185.56887,78.34121370315552,7.519934814313232,0.3358705660582102,0.02779825423587267,0.0,0.0,15.149467801978778,False
1784374185.7710464,78.54339003562927,7.539667560046821,0.3423860848638442,0.027798808680727392,0.0,0.0,13.46457103593463,False
1784374185.9871302,78.75947380065918,7.553230100702949,0.3465115762389373,0.02779898097917797,0.0,0.0,12.290175314249746,False
1784374186.1754882,78.94783186912537,7.583875276037794,0.35461644887371535,0.0277971027267424,0.0,0.0,10.032858967070949,False
1784374186.3403635,79.11270713806152,7.601290931381541,0.3586044484313405,0.0277976842611961,0.0,0.0,8.796766076260132,False
1784374186.478442,79.25078558921814,7.617899324649026,0.3620278587319863,0.027798314935929637,0.0,0.0,7.634728442797537,False
1784374186.6536891,79.42603278160095,4.8,-8.467599999911068,0.12,0.0,0.0,269.9997895408503,False
1784374186.7598321,79.53217577934265,7.654229597130219,0.3682166342138549,0.027796347254401787,0.0,0.0,5.3587805864175255,False
1784374186.9050868,79.67743039131165,7.668843241464128,0.37027424404101295,0.027797114813955626,0.0,0.0,4.426582250748825,False
1784374187.0367227,79.80906629562378,7.687278824965739,0.3725405704396307,0.027798387159626754,0.0,0.0,3.198638417391685,False
1784374187.143119,79.91546273231506,7.698250897003174,0.3737171839986819,0.027798525030151636,0.0,0.0,2.428079561702306,False
1784374187.266847,80.03919053077698,7.712724956970901,0.37507383348768164,0.027798282679699964,0.0,0.0,1.34805338649335,False
1784374187.3831856,80.15552926063538,7.724917240853032,0.3760315783184269,0.027798259108624983,0.0,0.0,0.40290797200803796,False
1784374187.516145,80.2884886264801,7.739805916287577,0.37689419056468165,0.027797704481170676,0.0,0.0,359.40530369814934,False
1784374187.6988573,80.47120094299316,7.761867676441958,0.37762576816930754,0.0277964930464754,0.0,0.0,358.0543875654888,False
1784374188.0922048,80.86454844474792,7.810692536772625,0.3773153003560695,0.02779797144689101,0.0,0.0,355.0407830322488,False
1784374188.2532234,81.02556705474854,7.8291176441734915,0.3765478829929512,0.027797898172551263,0.0,0.0,353.83094325145373,False
1784374188.3890476,81.16139125823975,7.841525930254013,0.37580577301292867,0.027797409392128186,0.0,0.0,353.0468780334559,False
1784374188.529692,81.30203557014465,7.862459392650515,0.3741053811669867,0.027795817385562506,0.0,0.0,351.89488031414464,False
1784374188.6581385,81.43048214912415,7.881466519736518,0.3721150177383074,0.027794295870049425,0.0,0.0,351.02009226474394,False
1784374188.7695506,81.54189419746399,7.898781316999572,0.3699893260875437,0.02779355185902214,0.0,0.0,350.2867890326478,False
1784374188.8682444,81.64058804512024,7.913754606152072,0.36794186126389666,0.02779377320739253,0.0,0.0,349.65351964430596,False
1784374189.082978,81.8553216457367,7.9434792888149985,0.3633415369832951,0.027795227350378905,0.0,0.0,348.350064812563,False
1784374189.223611,81.99595475196838,7.960590841165526,0.36037380452989964,0.02779539312786938,0.0,0.0,347.5706315520947,False
1784374189.4038765,82.17622017860413,7.985564624280658,0.35562801616729,0.027795543401733663,0.0,0.0,346.355301447032,False
1784374189.5747693,82.34711289405823,8.010731145126375,0.35032448295075713,0.027796557161856316,0.0,0.0,345.0417123021626,False
1784374189.7013912,82.47373485565186,8.027134186331313,0.3465333487963493,0.027795764548783512,0.0,0.0,344.27070568436477,True
1784374189.8373988,82.6097424030304,4.8,-9.05799999990707,0.12,0.0,0.0,269.9997895408503,False
1784374189.957122,82.72946572303772,8.066521902783318,0.33637703262034724,0.027790928158634515,0.0,0.0,342.82758131988294,False
1784374190.133943,82.90628671646118,8.090428224807624,0.32963830686627105,0.027793864137990433,0.0,0.0,342.0970155920679,False
1784374190.3007298,83.073073387146,8.116785453875226,0.32177305111707755,0.027795197229932088,0.0,0.0,342.2032371884037,False
1784374190.466454,83.23879766464233,8.140354302078583,0.3145342436597282,0.027793355665485586,0.0,0.0,342.93014679237865,False
1784374190.5723932,83.3447368144989,8.158387427547417,0.3089938464169787,0.027793936934054176,0.0,0.0,343.7154485110988,False
1784374190.6966236,83.46896719932556,8.172584472214036,0.3046899578662984,0.02779547774819104,0.0,0.0,344.385740041264,False
1784374190.8587627,83.63110637664795,8.200658293706644,0.2964600603097572,0.027796154884008092,0.0,0.0,345.76071251114155,False
1784374191.0003555,83.77269911766052,4.8,-9.280399999905564,0.12,0.0,0.0,269.9997895408503,False
1784374191.3177195,84.09006309509277,8.24709906620521,0.28401269106299676,0.027795408174795488,0.0,0.0,348.0875363960927,False
1784374191.4914205,84.26376414299011,8.278418355544746,0.27659585663225306,0.027796051920591248,0.0,0.0,349.6720758825334,False
1784374191.678641,84.4509847164154,8.304866352266153,0.27098334070502084,0.02779576869041802,0.0,0.0,351.05157034057845,False
1784374191.886988,84.65933156013489,8.331247722780663,0.2660066842735047,0.027796104566418667,0.0,0.0,352.43734385992815,False
1784374192.0591033,84.83144688606262,8.362253853169474,0.2609690400620651,0.02779607233315523,0.0,0.0,354.0668381120872,False
1784374192.1827912,84.95513486862183,8.380678008705683,0.25839420101326843,0.027795930726492325,0.0,0.0,355.03184748029815,False
1784374192.308234,85.08057761192322,8.396832063088448,0.25639321753385236,0.027795966986820898,0.0,0.0,355.87620686134267,False
1784374192.4598997,85.23224329948425,8.418741972541948,0.25405950891510354,0.027796159127237232,0.0,0.0,357.0272889994576,False
1784374192.578094,85.3504376411438,8.434882930845273,0.2526209537564592,0.027796194607377644,0.0,0.0,357.8770847603885,False
1784374192.7736585,85.54600214958191,8.459075046133897,0.2509107130332212,0.027796130770293394,0.0,0.0,359.15544443200963,False
1784374193.0207956,85.79313921928406,8.490101615132287,0.2495013640339381,0.02779625407130325,0.0,0.0,0.8063609129470359,False
1784374193.1436236,85.91596722602844,8.511890886078515,0.24904107133507128,0.02779629760473241,0.0,0.0,1.971805145673391,False
1784374193.3491614,86.12150502204895,8.53702236380554,0.24905408542912416,0.027796336679642656,0.0,0.0,3.3283413057828284,False
1784374193.470964,86.24330759048462,4.8,-9.74919999990239,0.12,0.0,0.0,269.9997895408503,False
1784374193.6553862,86.427729845047,8.579045015971142,0.25039416877988446,0.027796405481303615,0.0,0.0,5.619154184270315,False
1784374193.799578,86.57192158699036,8.601874480322307,0.2518298255226784,0.027796142914827435,0.0,0.0,6.843290078473051,False
1784374193.9151642,86.68750786781311,8.6155553941701,0.25292618094529296,0.027796149836809274,0.0,0.0,7.580276683544466,False
1784374194.1140661,86.88640975952148,8.642774104754048,0.2556325177836028,0.027796480311727968,0.0,0.0,9.063417169456134,False
1784374194.2865205,87.0588641166687,8.666377105208557,0.2585506259338753,0.027796554272908225,0.0,0.0,10.37126196511758,False
1784374194.5010886,87.27343225479126,8.68087393230678,0.2606099684679718,0.027796525723799446,0.0,0.0,11.185712936345586,False
1784374194.7574182,87.52976179122925,4.8,-9.987599999900775,0.12,0.0,0.0,269.9997895408503,False
1784374194.913145,87.6854887008667,8.741676947897135,0.2715556732868189,0.027796113378189474,0.0,0.0,14.485130162586083,False
1784374195.0411358,87.81347942352295,8.762944889075976,0.27625088878538184,0.027796381110891877,0.0,0.0,15.651130646862518,False
1784374195.178852,87.95119571685791,8.781828911561124,0.2808002160762171,0.027796406735941526,0.0,0.0,16.69887412479006,False
1784374195.3620243,88.13436794281006,8.80166662384908,0.28597194223504074,0.02779633275487743,0.0,0.0,17.811873071617402,False
1784374195.5127301,88.28507375717163,8.827827840500069,0.29342038526895675,0.0277964749529062,0.0,0.0,19.304424041006826,False
1784374195.6296449,88.40198850631714,8.841887323072397,0.29772708651299495,0.027796529980923194,0.0,0.0,20.11304720228555,False
1784374195.7498922,88.52223587036133,8.857195719787992,0.30267422628791035,0.027796171631300947,0.0,0.0,20.957415409375503,False
1784374195.894,88.66634368896484,8.877069946763045,0.3094909325410279,0.027795532434495573,0.0,0.0,22.024670069127037,False
1784374196.0311975,88.80354118347168,8.895846914820952,0.31632958088918556,0.027795563310773458,0.0,0.0,23.030422861224878,False
1784374196.1782188,88.95056247711182,8.91343353585259,0.32308372235469707,0.027795929964913275,0.0,0.0,23.97924165279975,False
1784374196.3833532,89.15569686889648,8.939529735364792,0.3337340493759246,0.02779598987329973,0.0,0.0,25.410902655345964,False
1784374196.6118164,89.38416004180908,4.8,-10.34119999989838,0.12,0.0,0.0,269.9997895408503,False
1784374196.7523654,89.52470898628235,8.98937277214973,0.3562665922981998,0.02779526589584759,0.0,0.0,28.092819792805777,False
1784374196.8926823,89.66502594947815,9.006636001580706,0.3647515195376492,0.027795407613707006,0.0,0.0,29.01575007037552,False
1784374197.016861,89.78920459747314,9.022663220011943,0.3729440422923348,0.02779559699202124,0.0,0.0,29.886301805634478,False
1784374197.1300611,89.90240478515625,9.036389125499138,0.3802052184332012,0.027795701409874512,0.0,0.0,30.647496118415205,False
1784374197.2829456,90.05528926849365,9.055173068817123,0.3905215794076328,0.02779570529735076,0.0,0.0,31.704947972019042,False
1784374197.3977487,90.17009234428406,9.069618423116385,0.3987631740029473,0.027795679402569606,0.0,0.0,32.52914496713166,False
1784374197.5375497,90.30989336967468,9.08696368327369,0.4090251148555011,0.02779571919036902,0.0,0.0,33.53215278836807,False
1784374197.6885488,90.46089243888855,9.104460638642752,0.41981289691897694,0.027795209304115213,0.0,0.0,34.49163328595417,False
1784374197.8050845,90.57742810249329,9.121073224252687,0.43045968689544395,0.02779445422794011,0.0,0.0,35.37021143026292,False
1784374197.916173,90.68851661682129,9.133455434014625,0.43864280227168845,0.02779440678759897,0.0,0.0,36.03250862637278,False
1784374198.0222402,90.79458379745483,9.144714956061753,0.4462684775034807,0.027794762273794148,0.0,0.0,36.642893598505815,False
1784374198.18012,90.95246362686157,9.163849402577698,0.4596357645796402,0.02779547076606182,0.0,0.0,37.71281418029061,False
1784374198.3694017,91.1417453289032,4.8,-10.677199999896105,0.12,0.0,0.0,269.9997895408503,False
1784374198.5126898,91.28503346443176,9.201852421729239,0.48779939117165866,0.027795372916572133,0.0,0.0,39.95488026907734,False
1784374198.6688316,91.44117522239685,9.219254313320015,0.5014938061483134,0.02779487514465688,0.0,0.0,40.945708801181695,False
1784374198.9153802,91.68772387504578,9.24263214658448,0.5207183398517359,0.027793801708534807,0.0,0.0,42.21786733203582,False
1784374199.0361257,91.80846929550171,9.26467140729151,0.5396929142179272,0.027794535174967522,0.0,0.0,43.44594907309915,False
1784374199.2243657,91.99670934677124,9.28342252488522,0.5565076225997204,0.02779492402000674,0.0,0.0,44.52759340923215,False
1784374199.3339932,92.10633683204651,4.8,-10.862799999894849,0.12,0.0,0.0,269.9997895408503,False
1784374199.496597,92.26894068717957,9.314184619337599,0.5855156296370977,0.02779493639914935,0.0,0.0,46.411982872256345,False
1784374199.6069317,92.37927532196045,9.325553048961538,0.5967190124860331,0.027795272559834713,0.0,0.0,47.146575041503986,False
1784374199.7537432,92.52608680725098,9.337867599007446,0.6091949562512843,0.027794835522994773,0.0,0.0,47.89536183900903,False
1784374199.8818507,92.65419435501099,9.353033879129661,0.6250559466406365,0.02779320984535494,0.0,0.0,48.74913465719654,False
1784374199.9974253,92.76976895332336,9.36274535111342,0.6354827561471573,0.027792826459055023,0.0,0.0,49.299284683377905,False
1784374200.118177,92.89052057266235,9.37665723404139,0.6507919505258084,0.02779372748133361,0.0,0.0,49.96961193160666,False
1784374200.211398,92.98374152183533,9.3881853109996,0.6638205390127354,0.02779347366548625,0.0,0.0,50.11848099534119,False
1784374200.3215885,93.09393215179443,9.39798509337039,0.6750799334456742,0.027792335317257038,0.0,0.0,50.0219613383677,False
1784374200.4431455,93.21548914909363,9.409511115892599,0.6884569879196261,0.02779111829212555,0.0,0.0,49.67992268251722,False
1784374200.5995536,93.37189722061157,9.425171911521065,0.7067039054625234,0.027792650013515156,0.0,0.0,48.93130790686195,False
1784374200.760749,93.53309273719788,9.439796302313514,0.7236424329167432,0.02779516219232464,0.0,0.0,48.10664024772349,False
1784374201.0337198,93.80606341362,9.464781350433256,0.7519751965050208,0.02779342895583321,0.0,0.0,46.63505353825591,False
1784374201.1669207,93.93926429748535,9.48223855617811,0.771151485014888,0.02779318378571362,0.0,0.0,45.6106769270666,False
1784374201.2806451,94.0529887676239,9.494568518099605,0.7843543807010718,0.027794265826896106,0.0,0.0,44.88555147275327,False
1784374201.4790215,94.25136518478394,9.513261772521073,0.8038143327739816,0.027794660294128578,0.0,0.0,43.789165927971716,False
1784374201.6337783,94.40612196922302,9.531959426672689,0.8226160498973552,0.027794420085779332,0.0,0.0,42.64906239160272,False
1784374201.972617,94.74496054649353,9.566170677589094,0.8552719139430827,0.027795153811803367,0.0,0.0,40.54716955970623,False
1784374202.1896677,94.96201133728027,9.587251514465594,0.874289575572112,0.027794898167614046,0.0,0.0,39.26106234124241,False
1784374202.2997744,95.07211804389954,9.603948680601633,0.888776154420574,0.027795074623410177,0.0,0.0,38.247814455048086,True
1784374202.4195323,95.19187593460083,9.61610799536095,0.8990148135936036,0.027795287831099687,0.0,0.0,37.510376739293186,False
1784374202.6105604,95.38290405273438,9.634938575407967,0.9143689291481454,0.027795443297427756,0.0,0.0,36.36471119656963,False
1784374202.7534378,95.52578139305115,9.655906272096763,0.9307623655552513,0.027795357520551484,0.0,0.0,35.099742698644306,False
1784374202.8645973,95.63694095611572,9.669376667900025,0.9409159205075612,0.027795408225703713,0.0,0.0,34.28945627637142,False
1784374202.991296,95.76363968849182,9.681914166795057,0.9501101224676199,0.027795633229044606,0.0,0.0,33.52724386299391,False
1784374203.1249633,95.8973069190979,9.699279375478463,0.9624446327819722,0.027796008774600253,0.0,0.0,32.45568331421979,False
1784374203.2703774,96.04272103309631,9.713796395308622,0.9724017384393129,0.02779609168452874,0.0,0.0,31.55451118490225,False
1784374203.4058902,96.17823386192322,9.72540612693556,0.9801372417425147,0.027796125582314556,0.0,0.0,30.824644696142666,False
1784374203.5835063,96.35584998130798,9.746904207764906,0.9939219551544141,0.027796068776164824,0.0,0.0,29.493888597840623,False
1784374203.755233,96.52757668495178,9.763830251635202,1.0042901444719106,0.0277958560913917,0.0,0.0,28.476966309317106,False
1784374203.9051938,96.67753744125366,9.784899626976785,1.0166341979533433,0.027796020656331993,0.0,0.0,27.207069532543954,False
1784374204.056399,96.82874274253845,9.801995020179028,1.0262067319219434,0.027796387720886516,0.0,0.0,26.16531889800164,False
1784374204.1653888,96.93773245811462,4.8,-11.769999999888705,0.12,0.0,0.0,269.9997895408503,False
1784374204.342582,97.11492562294006,9.838025282749825,1.0451176620678084,0.027796717491551517,0.0,0.0,23.9054983373166,False
1784374204.494431,97.26677465438843,9.855105945461945,1.053478952251238,0.027796673190698465,0.0,0.0,22.837500431509408,False
1784374204.6488655,97.42120909690857,9.872610336028483,1.0616364172210813,0.027796177335686914,0.0,0.0,21.795467539639606,False
1784374204.8060749,97.57841849327087,9.894439446459145,1.0712696411476408,0.0277961941466713,0.0,0.0,20.496592302192443,False
1784374204.9789279,97.75127148628235,9.915268037318869,1.0799243424651281,0.027796774272015875,0.0,0.0,19.24376798983013,False
1784374205.095675,97.86801862716675,9.929761724466335,1.0856459439451702,0.027796982915273518,0.0,0.0,18.351592180637148,False
1784374205.3258438,98.09818744659424,9.953208238771849,1.0943873578758387,0.027797171416356698,0.0,0.0,16.847615294406065,False
1784374205.5466247,98.31896829605103,9.97622029613678,1.1023392135593757,0.027797573183587703,0.0,0.0,15.306276509995884,False
1784374205.740268,98.51261162757874,9.999707063829996,1.1098005397775574,0.027797909317736284,0.0,0.0,13.665732548692889,False
1784374205.9008286,98.67317223548889,10.022381218216477,1.1162862658048813,0.027796509967398773,0.0,0.0,12.270388829268015,False
1784374206.0311916,98.8035352230072,10.040767495485316,1.1210670014522646,0.027795668749636352,0.0,0.0,11.22638481094757,False
1784374206.1681361,98.94047975540161,10.058351539399544,1.1252848828405,0.027796145151113758,0.0,0.0,10.240875550141102,False
1784374206.2924714,99.06481504440308,10.07377938889627,1.12871716141214,0.027796823000643938,0.0,0.0,9.370615151498056,False
1784374206.4432263,99.21556997299194,10.094288292615158,1.1329163471426211,0.027797306443007434,0.0,0.0,8.159834688687548,False
1784374206.5855305,99.35787415504456,4.8,-12.22119999988565,0.12,0.0,0.0,269.9997895408503,False
1784374206.7200158,99.49235939979553,10.131753146634228,1.1393448480660509,0.027793249284760527,0.0,0.0,6.405907790345276,False
1784374206.9162934,99.68863701820374,10.16314932658396,1.1436889837017226,0.027791129064034983,0.0,0.0,5.28755267713502,False
1784374207.067477,99.83982062339783,10.188625965643519,1.1466812048546153,0.0277929314441224,0.0,0.0,4.420964062524947,False
1784374207.1972852,99.96962881088257,10.20890791264876,1.1487549654610216,0.027793406087677646,0.0,0.0,3.741296950506025,False
1784374207.2943997,100.06674337387085,10.22928829506133,1.1505768583407272,0.027792484836497176,0.0,0.0,3.065563642816971,False
1784374207.4280002,100.20034384727478,10.249741721668103,1.1521495134295707,0.027791748367703033,0.0,0.0,2.393566708304548,False
1784374207.568517,100.34086060523987,10.27168966165667,1.153557188175968,0.027791939516500764,0.0,0.0,1.6886186499789972,False
1784374207.7035875,100.47593116760254,10.289891501078126,1.1545044518129588,0.0277917046451938,0.0,0.0,1.1566445005343644,False
1784374207.85327,100.62561368942261,10.319712172167861,1.1556578522886283,0.027790459757829053,0.0,0.0,0.3372734105508429,False
1784374207.9540389,100.72638249397278,4.8,-12.486799999883852,0.12,0.0,0.0,269.9997895408503,False
1784374208.122561,100.89490461349487,10.364135303645016,1.15652955107113,0.027790747491182686,0.0,0.0,359.16343073372036,False
1784374208.2256277,100.99797129631042,10.381403692554887,1.1566089412249285,0.027790980000764017,0.0,0.0,358.71598776085466,False
1784374208.415007,101.18735074996948,10.407360398517431,1.1564641988288542,0.02779061813101733,0.0,0.0,358.050923886177,False
1784374208.6005726,101.37291622161865,10.444921289930264,1.1557059453696774,0.027790281281484218,0.0,0.0,357.0989280538317,False
1784374208.7181785,101.49052214622498,10.456575129781232,1.1553391022246906,0.027790227096634687,0.0,0.0,356.81876472427126,False
1784374208.8882647,101.66060829162598,10.481672903611557,1.154341806113215,0.02778941074123311,0.0,0.0,356.26774855604924,False
1784374209.06413,101.8364737033844,10.518916099816748,1.1523802096574225,0.027788464619407337,0.0,0.0,355.50834662539893,False
1784374209.2674382,102.03978180885315,10.548793548943054,1.1504199702194415,0.027789152487217254,0.0,0.0,354.9181374520006,False
1784374209.3906648,102.16300845146179,10.572721385282527,1.148613547571013,0.02778937873443189,0.0,0.0,354.4528863062845,False
1784374209.493662,102.26600575447083,10.590727593900917,1.1471183658902087,0.027788957824755926,0.0,0.0,354.114059111611,False
1784374209.6611567,102.43350028991699,10.61961589653523,1.144481639236832,0.027787506228201322,0.0,0.0,353.6374084815313,False
1784374209.782947,102.55529069900513,10.642589472197761,1.1421916425055463,0.02778694194808599,0.0,0.0,353.29633579327844,False
1784374209.9095492,102.68189287185669,4.8,-12.843599999881436,0.12,0.0,0.0,269.9997895408503,False
1784374210.0168371,102.78918075561523,4.8,-12.862799999881306,0.12,0.0,0.0,269.9997895408503,False
1784374210.1465878,102.91893148422241,10.71177516985409,1.1343850689619506,0.02778774617763496,0.0,0.0,352.3696311053244,False
1784374210.2603123,103.03265595436096,10.731806345937807,1.1318931918191113,0.027787295007064262,0.0,0.0,352.12137159141463,False
1784374210.3829951,103.15533876419067,10.751863882703413,1.1293016843837012,0.02778691658984172,0.0,0.0,351.88257345355834,False
1784374210.589018,103.36136174201965,10.790481501254433,1.124054576419324,0.027787101253926673,0.0,0.0,351.44608867512784,False
1784374210.7968307,103.56917428970337,4.8,-13.005199999880341,0.12,0.0,0.0,269.9997895408503,False
1784374210.9567711,103.72911477088928,10.849524721212203,1.11542137643468,0.027786203356613817,0.0,0.0,350.8765263083608,False
1784374211.1237962,103.8961398601532,10.887089639935501,1.1095930581181386,0.027785703594065785,0.0,0.0,350.61968475038714,False
1784374211.2253778,103.99772143363953,10.908988336907605,1.1060968375723743,0.02778637160883488,0.0,0.0,350.4977512732845,False
1784374211.39775,104.17009353637695,10.937115949326799,1.1015159636129472,0.027786980961715356,0.0,0.0,350.36678286550085,False
1784374211.5496356,104.3219792842865,10.965205878945264,1.0968551706305694,0.027786424258564188,0.0,0.0,350.2634590651139,False
1784374211.66819,104.44053363800049,10.98853800692966,1.0929296030255462,0.0277861098769593,0.0,0.0,350.204316632873,False
1784374211.8058999,104.57824349403381,11.0163393962645,1.0882027340942482,0.0277871836872472,0.0,0.0,350.1979735596614,False
1784374211.9527698,104.72511339187622,11.04097385439117,1.0839870449930937,0.02778807609118215,0.0,0.0,350.2533393128501,False
1784374212.0991993,104.87154293060303,11.067106135053587,1.079510382827153,0.027787424427928017,0.0,0.0,350.37312392058806,False
1784374212.2107248,104.98306846618652,11.087077237464204,1.076101821006938,0.027786543149831703,0.0,0.0,350.5003069081407,False
1784374212.5861895,105.35853314399719,11.151618611516191,1.0652988071840725,0.027787885600117947,0.0,0.0,351.05139416191753,False
1784374212.7552567,105.52760028839111,11.185400815760431,1.059845259677151,0.027787069994470535,0.0,0.0,351.3972146267701,False
1784374212.85938,105.63172364234924,11.206805276251258,1.0564810837936236,0.027787178240026127,0.0,0.0,351.64553883500054,False
1784374212.9844902,105.75683379173279,11.22972958771946,1.0529677435110705,0.027787919919414244,0.0,0.0,351.92617589873475,False
1784374213.1056561,105.87799978256226,11.248083733892273,1.0502273144170962,0.02778814993390726,0.0,0.0,352.1559757458119,False
1784374213.243309,106.01565265655518,11.269509602547947,1.0471144247362054,0.027787687128364998,0.0,0.0,352.427843447514,False
1784374213.34494,106.11728358268738,11.298607563681365,1.0430418650797066,0.027787126573499882,0.0,0.0,352.800770205492,False
1784374213.5519593,106.32430291175842,11.326217833947728,1.0393480185530928,0.027787547275937678,0.0,0.0,353.15341536538085,False
1784374213.668244,106.44058752059937,11.352335254696623,1.0360091578468584,0.027787778531726603,0.0,0.0,353.4835199369392,False
1784374213.8233426,106.59568619728088,4.8,-13.577999999876463,0.12,0.0,0.0,269.9997895408503,False
1784374213.9673026,106.73964619636536,11.40145897676864,1.0301397759203759,0.027787494223165336,0.0,0.0,354.11779713145904,False
1784374214.155841,106.92818474769592,11.426039786343944,1.0274069942228468,0.027787696122614395,0.0,0.0,354.43798725702163,False
1784374214.2741232,107.04646682739258,11.462983717666475,1.0235583857310264,0.027787513193439348,0.0,0.0,354.91192120087214,True
1784374214.3964295,107.16877317428589,11.48302308359874,1.0216001382671438,0.027787320299937412,0.0,0.0,355.16527901293745,False
1784374214.5085347,107.28087830543518,11.501531621433681,1.019871645662797,0.027787340220484767,0.0,0.0,355.3979662442754,False
1784374214.6583357,107.43067932128906,11.529313620341563,1.0174206620731858,0.02778756949631489,0.0,0.0,355.7452032462102,False
1784374214.7683392,107.54068279266357,11.554046462142685,1.015382698145704,0.027787526516030444,0.0,0.0,356.04912975157094,False
1784374214.8985274,107.6708710193634,11.572617218984826,1.0139406669194893,0.027787342573195255,0.0,0.0,356.2739399178722,False
1784374215.0259402,107.79828381538391,11.595862590899657,1.0122409332555122,0.027787172956718908,0.0,0.0,356.54972037559884,False
1784374215.1331186,107.90546226501465,11.617589330360572,1.0107564940510094,0.027787188913782988,0.0,0.0,356.80166969262046,False
1784374215.2490947,108.02143836021423,11.637788893693974,1.0094651218726334,0.027787243802021147,0.0,0.0,357.03077458522506,False
1784374215.3520613,108.12440490722656,11.658015549237943,1.0082561062825572,0.0277872049448439,0.0,0.0,357.25462513925805,False
1784374215.489056,108.26139974594116,11.681389283311411,1.0069615329219657,0.02778705292316104,0.0,0.0,357.5056261124965,False
1784374215.5959103,108.36825394630432,11.700114090907725,1.006001866772961,0.02778694588274274,0.0,0.0,357.70053609144185,False
1784374215.7712493,108.54359292984009,11.732936611767583,1.0044806350039068,0.027786899619983745,0.0,0.0,358.02869792197777,False
1784374215.925201,108.69754457473755,11.759546246898745,1.003392418173885,0.027786897757212468,0.0,0.0,358.283516989331,False
1784374216.1394265,108.91177010536194,11.7971707206348,1.0020654202660824,0.027786790394776033,0.0,0.0,358.62656735629395,False
1784374216.3089712,109.0813148021698,11.826989896107767,1.001182017962169,0.027786747968536033,0.0,0.0,358.88698592149433,False
1784374216.4589627,109.23130631446838,11.85998755906891,1.0003700443699295,0.027786717757488383,0.0,0.0,359.1622767670938,False
1784374216.591507,109.3638505935669,11.888299613904927,0.9998062520370876,0.027786658362299908,0.0,0.0,359.3886931309631,False
1784374216.69404,109.46638369560242,11.907191975301405,0.9994958010658324,0.027786610344246256,0.0,0.0,359.53392669161235,False
1784374216.8545475,109.62689113616943,11.930830448891601,0.9991789256558034,0.027786551718413877,0.0,0.0,359.70839252201125,False
1784374217.0210218,109.79336547851562,11.963957747915291,0.9988631231359042,0.02778648737615818,0.0,0.0,359.9394249914247,False
1784374217.2084155,109.98075914382935,12.003409597307325,0.9986715766440717,0.02778653138292681,0.0,0.0,0.20068375937256067,False
1784374217.343851,110.11619472503662,12.028671473754908,0.998648999776717,0.02778654305534894,0.0,0.0,0.36096602842660785,False
1784374217.4972572,110.2696008682251,12.052376503043206,0.998695828746135,0.027786441042432882,0.0,0.0,0.5039450531973678,False
1784374217.6051724,110.37751603126526,12.071346315876147,0.9987789150475248,0.0277863493778301,0.0,0.0,0.6141940265709197,False
1784374217.7221107,110.4944543838501,12.09665930192457,0.9989506079839283,0.027786309072627215,0.0,0.0,0.7540489075767034,False
1784374217.8415225,110.61386609077454,12.12043580468785,0.9991724585723899,0.027786272743058286,0.0,0.0,0.8720979698901695,False
1784374217.9682999,110.74064350128174,12.14264295493565,0.9994291879429124,0.027786194941387614,0.0,0.0,0.9724760693720806,False
1784374218.0651467,110.83749032020569,12.163268261979507,0.9997075081321031,0.027786134296236234,0.0,0.0,1.0585633389767777,False
1784374218.1826844,110.95502805709839,12.182308379327354,0.9999962540161557,0.02778616895861132,0.0,0.0,1.1327828412579743,False
1784374218.3290274,111.10137104988098,12.207696366553881,1.0004254547535738,0.02778630327465276,0.0,0.0,1.2249599923495138,False
1784374218.4897783,111.26212191581726,12.234666648092805,1.0009325346982452,0.027786312315274092,0.0,0.0,1.3148880360020059,False
1784374218.644831,111.41717457771301,4.8,-14.494799999870255,0.12,0.0,0.0,269.9997895408503,False
1784374218.796532,111.56887555122375,12.29644434274982,1.002267267311059,0.027786404351169646,0.0,0.0,1.4746919457364174,False
1784374218.910549,111.68289256095886,12.320169095608772,1.0028337778128125,0.027786545146309776,0.0,0.0,1.5151237153459174,False
1784374219.096396,111.86873960494995,12.348627574035728,1.0035439927551055,0.027786454239340525,0.0,0.0,1.547749716243546,False
1784374219.2505617,112.02290534973145,12.378661701798528,1.0043214593597158,0.0277863290355052,0.0,0.0,1.5643485772626307,False
1784374219.3640294,112.1363730430603,12.402361407104829,1.0049490723672048,0.027786435548982663,0.0,0.0,1.5632517465747653,False
1784374219.5275607,112.29990434646606,12.430774617264994,1.0057103446606517,0.027786635028102004,0.0,0.0,1.5404428240100898,False
1784374219.6838233,112.45616698265076,12.460756193397472,1.006513870003593,0.027786590070243103,0.0,0.0,1.491678838780947,False
1784374219.8512123,112.62355589866638,12.495467800764164,1.0074286598261761,0.027786429351687555,0.0,0.0,1.4061457436451974,False
1784374219.9793732,112.75171685218811,12.519134292770126,1.0080336532240441,0.027786485920575272,0.0,0.0,1.3319617110091946,False
1784374220.0869107,112.85925436019897,12.541223626322353,1.0085788061274465,0.027786589891053634,0.0,0.0,1.2526264713613848,False
1784374220.2209096,112.99325323104858,12.564891563919435,1.0091370163917686,0.027786595465564206,0.0,0.0,1.1582265808069805,False
1784374220.3349106,113.10725426673889,12.585404177147472,1.0095955143133433,0.027786513013330457,0.0,0.0,1.069640699643647,False
1784374220.4225466,113.19489026069641,12.605917125241852,1.0100275894518946,0.02778645900660215,0.0,0.0,0.9756859238218282,False
1784374220.5466616,113.31900525093079,12.628008652180519,1.0104605071058619,0.027786500459596637,0.0,0.0,0.869407886964254,False
1784374220.7121565,113.48450016975403,12.651679125280047,1.010884050322663,0.02778657634416789,0.0,0.0,0.7506452301217162,False
1784374220.8933427,113.66568636894226,4.8,-14.909199999867448,0.12,0.0,0.0,269.9997895408503,False
1784374221.0299845,113.80232810974121,12.714803680703547,1.0117895008807654,0.02778648299156677,0.0,0.0,0.41571525885598437,False
1784374221.164106,113.93644952774048,12.740054851992117,1.0120538765303502,0.027786525544262246,0.0,0.0,0.27646664566334145,False
1784374221.39119,114.16353368759155,12.776390550576634,1.0123309054491765,0.02778646632051128,0.0,0.0,0.07923149421344845,False
1784374221.514022,114.28636574745178,12.806428329903483,1.012466909506733,0.02778633606641598,0.0,0.0,359.92118551929633,False
1784374221.6531332,114.42547678947449,12.834917655637396,1.0125187768511013,0.027786317288398154,0.0,0.0,359.7795368489829,False
1784374221.7597268,114.53207039833069,12.857094791670836,1.0125085353268632,0.027786331321403752,0.0,0.0,359.6759373224061,False
1784374221.9169607,114.68930435180664,12.88246842617627,1.0124446380854786,0.027786235982966673,0.0,0.0,359.567412691078,False
1784374222.0151029,114.78744649887085,12.903093653180333,1.0123538283310396,0.027786145668514648,0.0,0.0,359.48608251023165,False
1784374222.2240186,114.99636220932007,4.8,-15.171599999865672,0.12,0.0,0.0,269.9997895408503,False
1784374222.3972435,115.16958713531494,12.971329558902836,1.0118298087009503,0.02778631337572911,0.0,0.0,359.2513070085697,False
1784374222.5388014,115.31114506721497,12.993538073455943,1.0115927643274598,0.02778625662035921,0.0,0.0,359.1853093157287,False
1784374222.7712965,115.54364013671875,13.039491358992485,1.0110128300402859,0.027786354482219496,0.0,0.0,359.07323686811236,False
1784374222.966531,115.73887467384338,13.072757295107012,1.0105279050450384,0.027786422321598232,0.0,0.0,359.0103568655329,False
1784374223.1310139,115.90335750579834,13.104436132270378,1.0100241916795822,0.027786236387482975,0.0,0.0,358.96308103829836,False
1784374223.3230891,116.0954327583313,13.139281059433738,1.0094315603594,0.027786304768747112,0.0,0.0,358.9241281081817,False
1784374223.4932995,116.26564311981201,4.8,-15.40519999986409,0.12,0.0,0.0,269.9997895408503,False
1784374223.6835089,116.45585250854492,13.207335900433785,1.0081907652479902,0.02778637514298062,0.0,0.0,358.89577893261236,False
1784374223.858598,116.63094162940979,13.240539247240344,1.0075634715325263,0.02778645717237594,0.0,0.0,358.91401679595265,False
1784374223.9963043,116.76864790916443,13.270578413538022,1.0069956293429576,0.02778649764382924,0.0,0.0,358.94856631971487,False
1784374224.119555,116.89189863204956,13.291130629674186,1.0066114981948495,0.027786389613661786,0.0,0.0,358.98159596529,False
1784374224.2746212,117.04696488380432,4.8,-15.553999999863082,0.12,0.0,0.0,269.9997895408503,False
1784374224.4523664,117.22470998764038,13.346463103072757,1.00561817804044,0.027786492334292468,0.0,0.0,359.10481335799074,False
1784374224.6528945,117.4252381324768,13.385988250914677,1.0049664040483148,0.02778644105110824,0.0,0.0,359.21924366635375,False
1784374224.7776341,117.54997777938843,13.416027087734385,1.0045148696685458,0.027786323748315488,0.0,0.0,359.3182779146451,False
1784374224.9375305,117.7098741531372,13.441337199070592,1.0041689714521314,0.02778640431864969,0.0,0.0,359.40630744826353,False
1784374225.0902889,117.86263251304626,13.47300475139838,1.0037851808340503,0.02778637400973183,0.0,0.0,359.5160579496935,False
1784374225.2498188,118.02216243743896,13.498345740950127,1.0035191562036991,0.027786223916064095,0.0,0.0,359.6036027001651,False
1784374225.5158858,118.28822946548462,13.537945009979792,1.0031786788742543,0.02778635746935837,0.0,0.0,359.74001551088776,False
1784374225.6711082,118.44345188140869,13.566458750022491,1.00299108067302,0.027786445319128692,0.0,0.0,359.83799608678515,False
1784374225.8621392,118.63448286056519,13.602918118308722,1.0028217532234425,0.027786165790706016,0.0,0.0,359.9585321964861,False
1784374226.0256104,118.79795408248901,13.63464950011366,1.0027375448761795,0.027786131033833195,0.0,0.0,0.054256229805183534,False
1784374226.2030776,118.97542119026184,13.660039797714173,1.0027105574381514,0.027786278664149025,0.0,0.0,0.12559138053350913,True
1784374226.3867803,119.15912389755249,13.698127876646803,1.0027333840764823,0.02778626119889996,0.0,0.0,0.22508548768311717,False
1784374226.7422807,119.51462435722351,4.8,-15.973199999860244,0.12,0.0,0.0,269.9997895408503,False
1784374226.8813436,119.65368723869324,13.748912302158429,1.0028729505452973,0.027786190745494734,0.0,0.0,0.34587905225859356,False
1784374227.065107,119.83745074272156,13.780652675765744,1.003018406241548,0.02778627643945798,0.0,0.0,0.4155329920391432,False
1784374227.2110887,119.98343229293823,13.801283861453001,1.0031353440748474,0.02778625701843452,0.0,0.0,0.4586962757798467,False
1784374227.3452098,120.11755347251892,13.837784666402895,1.003383039507178,0.027786186341968947,0.0,0.0,0.531394162382108,False
1784374227.4604843,120.23282790184021,13.867934652876109,1.0036249161125113,0.0277862388235114,0.0,0.0,0.5878775857805578,False
1784374227.5771742,120.34951782226562,13.88537485043381,1.0037794057429783,0.02778630660587227,0.0,0.0,0.6166813075153572,False
1784374227.741667,120.5140106678009,13.921805462459306,1.0041335988061557,0.02778642020584991,0.0,0.0,0.6632537633134016,False
1784374227.8883226,120.6606662273407,13.948698557506274,1.0044184213844636,0.027786478154805134,0.0,0.0,0.68102598011537,False
1784374227.9850736,120.75741720199585,13.966094427217257,1.0046107779229445,0.027786474308390686,0.0,0.0,0.6848852839081286,False
1784374228.2036529,120.97599649429321,14.000881293966366,1.005007719507325,0.027786388143746118,0.0,0.0,0.6748039358494052,False
1784374228.3364823,121.10882592201233,14.027760064754558,1.0053188672884643,0.027786384211686086,0.0,0.0,0.6510040388426749,False
1784374228.4576726,121.23001623153687,14.053057630825684,1.0056091059684307,0.027786460484058563,0.0,0.0,0.6163578975993329,False
1784374228.5894709,121.36181449890137,14.075193284767066,1.0058568095391809,0.02778648551603792,0.0,0.0,0.5768304833694533,False
1784374228.7511508,121.5234944820404,14.105234440499316,1.0061772722971838,0.02778640158762854,0.0,0.0,0.5104684207777023,False
1784374228.8951578,121.66750144958496,14.133694318382782,1.0064574544946767,0.027786380061613644,0.0,0.0,0.43538771058708653,False
1784374229.0251038,121.79744744300842,14.160573585263908,1.0066952069951953,0.02778646016255954,0.0,0.0,0.3548643211328456,False
1784374229.1322527,121.90459632873535,14.176385179303375,1.0068208008676822,0.027786482634978835,0.0,0.0,0.3036261915385685,False
1784374229.2608566,122.03320026397705,14.193777987635213,1.0069453793879588,0.02778645581677374,0.0,0.0,0.24429631445006772,False
1784374229.4171677,122.1895112991333,14.230144666902298,1.0071550499947133,0.027786380058061416,0.0,0.0,0.11146421865492173,False
1784374229.6865528,122.45889639854431,14.269674236993428,1.0072962136016228,0.02778646169333398,0.0,0.0,359.95597565162655,False
1784374229.863296,122.63563966751099,14.310785341001102,1.0073370493370486,0.02778642036869631,0.0,0.0,359.78480825849033,False
1784374229.9894004,122.76174402236938,14.332921906069597,1.0073112258217891,0.027786392718104673,0.0,0.0,359.6895109694513,False
1784374230.1425693,122.91491293907166,14.358220821933406,1.0072388852121037,0.027786426411552455,0.0,0.0,359.578442283339,False
1784374230.2966738,123.06901741027832,14.381952046019627,1.0071283007959793,0.027786424715312345,0.0,0.0,359.4746933522173,False
1784374230.4263518,123.19869542121887,14.415204474381987,1.0069028204295087,0.02778627707628086,0.0,0.0,359.3348829796245,False
1784374230.6037085,123.37605214118958,14.440545903243466,1.0066761424784663,0.027786239138381377,0.0,0.0,359.2318768477307,False
1784374230.7338536,123.50619721412659,14.46905679595335,1.0063654146581444,0.02778636119540308,0.0,0.0,359.1189619249276,False
1784374230.9110563,123.68339991569519,14.5007554779263,1.0059522069359592,0.027786352783917348,0.0,0.0,358.99972014269576,False
1784374231.1035278,123.87587141990662,14.530895306817243,1.005495698551286,0.027786119297659836,0.0,0.0,358.89654892781186,False
1784374231.3767176,124.14906120300293,14.572511970286522,1.0047730232270453,0.027789212328265454,0.0,0.0,358.7640350782591,False
1784374231.687848,124.46019172668457,14.60923859060314,1.0040523295861907,0.02779301288917381,0.0,0.0,358.6551219996963,False
1784374231.9274886,124.69983220100403,14.645421894073406,1.0032738802704806,0.027795079548130035,0.0,0.0,358.5598878450175,False
1784374232.0734718,124.84581542015076,4.8,-16.936399999853723,0.12,0.0,0.0,269.9997895408503,False
1784374232.3179643,125.09030795097351,14.705011517709043,1.0018531739656311,0.02779554259439566,0.0,0.0,358.4577319762517,False
1784374232.477589,125.24993252754211,14.727179248148698,1.0012894667896375,0.027797051729044214,0.0,0.0,358.4445832300254,False
1784374232.6087198,125.38106346130371,14.743595589522279,1.0008641391371507,0.027798338578554044,0.0,0.0,358.4473448789418,False
1784374232.7416258,125.51396942138672,14.759536203614658,1.0004462878384792,0.027798346899840856,0.0,0.0,358.4648392876845,False
1784374232.9009366,125.67328023910522,14.781472768120912,0.9998681972826415,0.02779710373134667,0.0,0.0,358.5206930374367,False
1784374233.0656378,125.83798146247864,14.79907797456926,0.9994073580443943,0.02779680363227905,0.0,0.0,358.5930107982272,False
1784374233.1797657,125.95210933685303,14.816510097296211,0.9989595876262191,0.027797835418771004,0.0,0.0,358.6887218451133,False
1784374233.3342845,126.10662817955017,14.828356760895533,0.9986577805044309,0.02780047940635663,0.0,0.0,358.76889363814234,False
1784374233.489031,126.26137471199036,14.841459683315945,0.998323915825892,0.0278016712737142,0.0,0.0,358.87371823605264,False
1784374233.6537447,126.42608833312988,14.850900000496482,0.9980837000330124,0.02779905614384029,0.0,0.0,358.96028430482914,False
1784374233.8686645,126.64100813865662,14.859595253215966,0.9978622636043502,0.02779894711332011,0.0,0.0,359.0490463600091,False
1784374234.0962443,126.86858797073364,14.868962578698751,0.9976233619636707,0.02780143080452292,0.0,0.0,359.1546279416552,False
1784374234.2810926,127.05343627929688,14.875171289128682,0.9974655545078921,0.02779953315064277,0.0,0.0,359.2295043140702,False
1784374234.407839,127.1801826953888,14.880917790577545,0.9973191614253816,0.02779903094585262,0.0,0.0,359.30299025865236,False
1784374234.6002474,127.37259101867676,14.88604299130169,0.9971883015073539,0.027801055151896955,0.0,0.0,359.3718599513205,False
1784374234.7684457,127.54078936576843,14.890299030965682,0.9970801849268826,0.027800385174322803,0.0,0.0,359.4307152712152,False
1784374234.9059637,127.67830729484558,4.8,-17.464399999850148,0.12,0.0,0.0,269.9997895408503,False
1784374235.103637,127.87598061561584,14.89852953084764,0.9968702841478325,0.027800383881189696,0.0,0.0,359.55061212398135,False
1784374235.2188332,127.99117684364319,4.8,-17.525199999849736,0.12,0.0,0.0,269.9997895408503,False
1784374235.3421516,128.11449527740479,4.8,-17.547599999849584,0.12,0.0,0.0,269.9997895408503,False
1784374235.5099783,128.28232192993164,14.905927741541763,0.9966822264946711,0.027799057442304154,0.0,0.0,359.66370784157704,False
1784374235.6832502,128.4555938243866,4.8,-17.601999999849216,0.12,0.0,0.0,269.9997895408503,False
1784374235.7937896,128.56613326072693,14.911366474181609,0.9965434597933904,0.027800935068820625,0.0,0.0,359.75063288763107,False
1784374235.914797,128.6871407032013,14.913428927376843,0.996491202599204,0.027800236110092805,0.0,0.0,359.78401402386925,False
1784374236.047661,128.82000470161438,14.91552127060208,0.996437823672297,0.0277991611906754,0.0,0.0,359.81856160939725,False
1784374236.1699278,128.94227147102356,14.917396478867438,0.996389782261303,0.027799529245347655,0.0,0.0,359.84999557143215,False
1784374236.3221955,129.09453916549683,14.919455151795699,0.9963374113016562,0.027800723604948088,0.0,0.0,359.8845855455565,False
1784374236.4482572,129.22060084342957,14.92121275745959,0.9962929229542411,0.02780059243410585,0.0,0.0,359.91423396141647,False
1784374236.5163572,129.2887008190155,14.922233034210723,0.996266976386947,0.02779995705014755,0.0,0.0,359.9316493145801,False
1784374236.5867445,129.35908818244934,14.92322664967693,0.9962415621879014,0.027799362284958655,0.0,0.0,359.948806045171,False
1784374236.669171,129.4415147304535,14.924197751446988,0.9962166522779996,0.02779918399997022,0.0,0.0,359.9656980068227,False
1784374236.7453072,129.51765084266663,14.925046877434696,0.9961949128740644,0.027799467888587965,0.0,0.0,359.9804945575512,False
1784374236.8168752,129.58921885490417,14.926094256229774,0.9961682506181793,0.027800164704427678,0.0,0.0,359.9987251260187,False
1784374236.8872135,129.65955710411072,14.926921053188138,0.9961473183458487,0.02780064593257043,0.0,0.0,0.013102753791968872,False
1784374236.95708,129.72942352294922,14.927634421308127,0.9961292843338827,0.02780079488081939,0.0,0.0,0.025528174996535515,False
1784374237.0247731,129.7971167564392,14.928336233459312,0.9961115054428119,0.027800628066231306,0.0,0.0,0.03781283897164736,False
1784374237.106808,129.8791515827179,14.929122523303825,0.9960914883678752,0.027800146227593144,0.0,0.0,0.05169257145633602,False
1784374237.208927,129.98127055168152,14.930177261007367,0.996064469433232,0.02779943429895651,0.0,0.0,0.07050680164920117,False
1784374237.29663,130.06897354125977,14.93130134976716,0.9960356368432338,0.027799279570395314,0.0,0.0,0.09066623730732389,False
1784374237.3978527,130.17019629478455,14.93259061394612,0.9960028219702685,0.02780004389011356,0.0,0.0,0.11373895581644076,False
1784374237.505924,130.27826762199402,14.933676673070899,0.9959753712954187,0.02780068479368098,0.0,0.0,0.1331454921116388,False
1784374237.6366923,130.4090359210968,14.934562070007452,0.995952941142431,0.027800649353798945,0.0,0.0,0.14905713064461915,False
1784374237.7459214,130.5182650089264,14.935083050863302,0.9959396662281819,0.027800365583374915,0.0,0.0,0.15849913966648552,False
1784374237.859755,130.63209867477417,14.935850578539116,0.9959200026873921,0.02779978053179946,0.0,0.0,0.17251825492814643,False
1784374237.9646475,130.73699116706848,14.936853745182297,0.9958942461754151,0.027799285876190086,0.0,0.0,0.1909341344969727,True
1784374238.0528178,130.82516145706177,14.938088103664953,0.9958627972928852,0.027799744941376374,0.0,0.0,0.2135361401672731,False
1784374238.1271172,130.8994607925415,14.938980640241978,0.9958402452386735,0.027800424963742895,0.0,0.0,0.22982889772490983,False
1784374238.2322297,131.00457334518433,14.939934882155848,0.9958160898232752,0.02780069152592775,0.0,0.0,0.2473288771436539,False
1784374238.3014023,131.07374596595764,14.940633883391362,0.9957982533319627,0.02780037948752795,0.0,0.0,0.2602805446562715,False
1784374238.3665874,131.13893103599548,14.941243941841055,0.9957825945077485,0.027799892072474873,0.0,0.0,0.2716704423371144,False
1784374238.4343622,131.20670580863953,14.941920827392908,0.9957652047400303,0.027799428302323494,0.0,0.0,0.2843424413197745,False
1784374238.4999654,131.2723090648651,14.942442778620421,0.9957518512852411,0.027799316235521794,0.0,0.0,0.29409889475191564,False
1784374238.5671322,131.33947587013245,14.942961894819925,0.9957386501582604,0.027799475492866616,0.0,0.0,0.30377388409732375,False
1784374238.6367002,131.4090437889099,14.943624675520848,0.9957218940617303,0.027799962913628077,0.0,0.0,0.31609370292546124,False
1784374238.7048154,131.4771590232849,14.944279571575809,0.9957053623599116,0.027800467234445802,0.0,0.0,0.3282753979744141,False
1784374238.7761302,131.54847383499146,14.944781382747696,0.9956926438671229,0.027800659643462216,0.0,0.0,0.33765785486338246,False
1784374238.8605263,131.63286995887756,14.94541555828903,0.9956764575259663,0.02780052328459859,0.0,0.0,0.34961035639149624,False
1784374238.925183,131.69752669334412,14.946038482150906,0.9956604575091664,0.027800055138228228,0.0,0.0,0.36143806064957945,False
1784374238.9859166,131.75826025009155,14.946585394020502,0.9956464017795149,0.027799603246903056,0.0,0.0,0.3718442438894532,False
1784374239.0585756,131.83091926574707,14.947060695551098,0.9956342403221474,0.027799372150999133,0.0,0.0,0.3808702230753593,False
1784374239.1228368,131.8951804637909,14.947533875256488,0.9956222101150773,0.027799391406072748,0.0,0.0,0.3898264805739756,False
1784374239.2127411,131.98508477210999,14.948272239528222,0.9956035590881424,0.027799869590755633,0.0,0.0,0.4037592562219779,False
1784374239.2741694,132.04651308059692,14.948868541829329,0.995588503374786,0.027800372847503918,0.0,0.0,0.41502743248406965,False
1784374239.343343,132.11568665504456,14.94939024911311,0.9955752532308194,0.02780062282270866,0.0,0.0,0.42494943199125806,False
1784374239.4339633,132.2063069343567,14.949967138972,0.995560486146693,0.02780052138473858,0.0,0.0,0.43601116256817596,False
1784374239.496821,132.26916456222534,14.95047244258089,0.9955474895381681,0.027800145332881828,0.0,0.0,0.44575236839730725,False
1784374239.565982,132.33832573890686,14.950973090388295,0.9955346288488957,0.02779969871860787,0.0,0.0,0.4554068016157295,False
1784374239.6332755,132.4056191444397,14.951533159902835,0.9955203372256567,0.027799394290493162,0.0,0.0,0.4661704102934286,False
1784374239.7037115,132.47605514526367,14.951966919570289,0.9955093518030956,0.027799425989512384,0.0,0.0,0.4744735904505102,False
1784374239.7922845,132.56462812423706,14.952582081167298,0.9954938384491246,0.027799840668830223,0.0,0.0,0.4862283546357309,False
1784374239.858356,132.630699634552,14.953068021185972,0.9954815573651306,0.027800279193832406,0.0,0.0,0.4955416224300948,False
1784374239.9219341,132.6942777633667,14.953487344951306,0.9954708918514923,0.027800548914941502,0.0,0.0,0.5036287148343606,False
1784374240.0064135,132.7787570953369,14.954193512306867,0.9954527768293415,0.027800487550612433,0.0,0.0,0.5173614847355565,False
1784374240.0720477,132.84439134597778,14.954657630316117,0.9954408334385607,0.027800119048508206,0.0,0.0,0.5264220898441736,False
1784374240.1731331,132.945476770401,14.955233900598783,0.9954260810634434,0.027799604322209674,0.0,0.0,0.5376445265438444,False
1784374240.2457483,133.01809191703796,14.955635785771362,0.9954158783623934,0.027799414272210863,0.0,0.0,0.5454360011510916,False
1784374240.314823,133.08716654777527,14.956150043679688,0.9954029017465701,0.027799512064018685,0.0,0.0,0.5553754119285197,False
1784374240.4004402,133.17278385162354,14.956827386264703,0.9953858027868255,0.02780008215707646,0.0,0.0,0.5684885426140697,False
1784374240.492536,133.26487970352173,14.957381203777643,0.9953716930856454,0.02780051198949938,0.0,0.0,0.5793015947831894,False
1784374240.563088,133.33543157577515,14.957763037453363,0.9953618879031382,0.027800581872240077,0.0,0.0,0.5868107089488659,False
1784374240.6464853,133.4188289642334,14.95835613767967,0.9953466220644642,0.027800247566039587,0.0,0.0,0.598507590052116,False
