EpochTime(s),TimeFromStart(s),right_prop_rate(rad/s),left_prop_rate(rad/s),LastDT(s),Yaw(rad),North(m),East(m),IMUSensedYawRate(rad/s),IMUIntegratedYaw(rad),IMUSensedTimeStamp(s),ARUCOSensedNorth(m),ARUCOSensedEast(m),ARUCOSensedYaw(rad),ArucoSensedTimeStamp(s),DepthTimeStamp(s),Depth(m),NavigationMode,APFEncounter,APFSide,APFDCPA(m),APFTCPA(s),APFForceX,APFForceY,NearestObstacleNorth(m),NearestObstacleEast(m),NearestObstacleDistance(m),WebotsEnvironment,SwitchCombination,EKFPredictionEnabled,ClusterSizeAPFEnabled
1784374111.0455284,3.8178720474243164,-200.0,200.0,0.2,6.283185305624175,-5.022814386807411e-05,1.0000000006333034,1.0296387773100109e-12,6.283185305624354,1784374111.0465202,-5.022814386807411e-05,1.0000000006333034,6.283185305624148, 1784374110.742142, 1784374111.0465202,1.0361168122872546,track,none,0.0,nan,nan,0.0,0.0,nan,nan,nan,WEBOTS_UNKNOWN,ekf_on_cluster_on,1,1
1784374111.0824032,3.8547468185424805,-200.0,200.0,0.2,6.283185305624182,0.030167434902035047,1.0000000005863026,1.0296387773100109e-12,6.28318530562456,1784374111.0465202,None,None,None, None, 1784374111.0465202,1.0361168122872546,track,none,0.0,nan,nan,0.0,0.0,nan,nan,nan,WEBOTS_UNKNOWN,ekf_on_cluster_on,1,1
1784374111.1877422,3.960085868835449,-200.0,200.0,0.2,6.283185305624656,0.08492149565446686,1.0000000005011378,5.1943790454576e-12,6.283185305624936,1784374111.1187656,None,None,None, None, 1784374111.1187656,1.017690116690445,track,none,0.0,nan,nan,0.0,0.0,nan,nan,nan,WEBOTS_UNKNOWN,ekf_on_cluster_on,1,1
1784374111.2856581,4.058001756668091,-200.0,200.0,0.2,6.283185305624879,0.1512399058410837,1.0000000003980172,4.716119200638389e-12,6.283185305625403,1784374111.2177742,None,None,None, None, 1784374111.215265,0.9797647272455081,track,none,0.0,nan,nan,0.0,0.0,nan,nan,nan,WEBOTS_UNKNOWN,ekf_on_cluster_on,1,1
1784374111.38348,4.155823707580566,-200.0,200.0,0.2,6.28318530561981,0.22041122572001692,1.000000000290476,-4.0830085065939006e-11,6.283185305618841,1784374111.3784788,None,None,None, None, 1784374111.3258004,0.9812249840594421,track,none,0.0,nan,nan,0.0,0.0,nan,nan,nan,WEBOTS_UNKNOWN,ekf_on_cluster_on,1,1
1784374111.4882023,4.260545969009399,-200.0,200.0,0.2,6.283185305613961,0.290030440637229,1.0000000001818856,-6.603732159578079e-11,6.283185305614046,1784374111.4510946,None,None,None, None, 1784374111.4892008,0.9643742314632122,track,none,0.0,nan,nan,0.0,0.0,nan,nan,nan,WEBOTS_UNKNOWN,ekf_on_cluster_on,1,1
1784374111.5911384,4.3634819984436035,-200.0,200.0,0.2,6.283185305610392,0.3597107746747404,1.0000000000727924,-6.603732159578079e-11,6.283185305600838,1784374111.5971491,None,None,None, None, 1784374111.5971491,0.9382267817845941,track,none,0.0,nan,nan,0.0,0.0,nan,nan,nan,WEBOTS_UNKNOWN,ekf_on_cluster_on,1,1
1784374111.6929338,4.465277433395386,-200.0,200.0,0.2,6.28318530561708,0.42939925537399715,0.9999999999634377,1.3421248701985782e-11,6.283185305602799,1784374111.696935,None,None,None, None, 1784374111.676911,1.0884121413298067,track,none,0.0,nan,nan,0.0,0.0,nan,nan,nan,WEBOTS_UNKNOWN,ekf_on_cluster_on,1,1
1784374111.7832253,4.5555689334869385,-200.0,200.0,0.2,6.283185305731681,0.0726136549348444,1.0000000004328882,9.797887044493753e-10,6.2831853057005675,1784374111.7832253,0.06763157523767216,1.0000000004396443,6.283185305732649, 1784374111.74463, 1784374111.7736857,0.9627709507403849,track,none,0.0,nan,nan,0.0,0.0,nan,nan,nan,WEBOTS_UNKNOWN,ekf_on_cluster_on,1,1
1784374111.8830981,4.655441761016846,-200.0,200.0,0.2,6.283185305708547,0.11492818773209074,1.0000000003716207,1.0216880247553287e-10,6.283185305709391,1784374111.8695848,None,None,None, None, 1784374111.8645377,1.0741434713914375,track,none,0.0,nan,nan,0.0,0.0,nan,nan,nan,WEBOTS_UNKNOWN,ekf_on_cluster_on,1,1
1784374111.9908144,4.763158082962036,-200.0,200.0,0.2,6.2831853056080185,0.17631994149265273,1.000000000281311,-8.08390875545123e-10,6.2831853056197495,1784374111.9804738,None,None,None, None, 1784374111.9709663,0.9947452820434974,track,none,0.0,nan,nan,0.0,0.0,nan,nan,nan,WEBOTS_UNKNOWN,ekf_on_cluster_on,1,1
1784374112.0842738,4.856617450714111,-200.0,200.0,0.2,6.283185305544782,0.24447932818450274,1.0000000001741938,-8.08390875545123e-10,6.283185305458072,1784374111.9804738,None,None,None, None, 1784374112.0506887,0.9781867423059708,track,none,0.0,nan,nan,0.0,0.0,nan,nan,nan,WEBOTS_UNKNOWN,ekf_on_cluster_on,1,1
1784374112.1826804,4.955024003982544,-200.0,200.0,0.2,6.283185305588804,0.3139512648377824,1.0000000000606208,-2.2650389210464212e-11,6.2831853054546585,1784374112.131153,None,None,None, None, 1784374112.131153,1.081730234221358,track,none,0.0,nan,nan,0.0,0.0,nan,nan,nan,WEBOTS_UNKNOWN,ekf_on_cluster_on,1,1
1784374112.2867398,5.059083461761475,-200.0,200.0,0.2,6.283185305610787,0.3836117769632942,0.999999999949806,-3.974273822140667e-11,6.283185305451376,1784374112.2137547,None,None,None, None, 1784374112.2767024,1.006584288427324,track,none,0.0,nan,nan,0.0,0.0,nan,nan,nan,WEBOTS_UNKNOWN,ekf_on_cluster_on,1,1
1784374112.3856485,5.157992124557495,-200.0,200.0,0.2,6.283185305642463,0.453297620662536,0.9999999998404829,1.4002091958697477e-10,6.283185305464956,1784374112.3107443,None,None,None, None, 1784374112.3846488,1.0669188327962746,track,none,0.0,nan,nan,0.0,0.0,nan,nan,nan,WEBOTS_UNKNOWN,ekf_on_cluster_on,1,1
1784374112.4848027,5.25714635848999,-200.0,200.0,0.2,6.283185305676895,0.5229868334690227,0.999999999733362,2.86191202203377e-10,6.283185305495699,1784374112.4181678,None,None,None, None, 1784374112.4523485,1.091208574040274,track,none,0.0,nan,nan,0.0,0.0,nan,nan,nan,WEBOTS_UNKNOWN,ekf_on_cluster_on,1,1
1784374112.5832078,5.355551481246948,-200.0,200.0,0.2,6.2831853057147855,0.5926764937661978,0.99999999962864,4.4069391615847324e-10,6.283185305562253,1784374112.5691888,None,None,None, None, 1784374112.524022,1.0744346943332526,track,none,0.0,nan,nan,0.0,0.0,nan,nan,nan,WEBOTS_UNKNOWN,ekf_on_cluster_on,1,1
1784374112.6859894,5.4583330154418945,-200.0,200.0,0.2,6.283185305697386,0.6623662134892385,0.9999999995265584,8.109664022989034e-11,6.283185305568841,1784374112.650416,None,None,None, None, 1784374112.6679542,0.9572565454952104,track,none,0.0,nan,nan,0.0,0.0,nan,nan,nan,WEBOTS_UNKNOWN,ekf_on_cluster_on,1,1
1784374112.782754,5.555097579956055,-200.0,200.0,0.2,6.283185305760239,0.21220535308060018,1.000000000211772,-5.321583525128224e-11,6.28318530556481,1784374112.726157,0.20502172393083815,1.000000000222668,6.283185305888468, 1784374112.75371, 1784374112.743196,1.0489467993334831,track,none,0.0,nan,nan,0.0,0.0,nan,nan,nan,WEBOTS_UNKNOWN,ekf_on_cluster_on,1,1
1784374112.8838227,5.656166315078735,-200.0,200.0,0.2,6.283185305739583,0.2511836178324407,1.0000000001564482,-1.703844416293188e-10,6.283185305540854,1784374112.8667545,None,None,None, None, 1784374112.8853307,0.982114543656215,track,none,0.0,nan,nan,0.0,0.0,nan,nan,nan,WEBOTS_UNKNOWN,ekf_on_cluster_on,1,1
1784374112.9851575,5.757501125335693,-200.0,200.0,0.2,6.283185305742591,0.31092657459443085,1.0000000000704181,-3.2161535074904203e-12,6.283185305540656,1784374112.9921591,None,None,None, None, 1784374112.9480646,0.9060503615505903,track,none,0.0,nan,nan,0.0,0.0,nan,nan,nan,WEBOTS_UNKNOWN,ekf_on_cluster_on,1,1
1784374113.0827909,5.8551344871521,-200.0,200.0,0.2,6.283185305769678,0.37867984374455566,0.999999999973057,2.383991614395431e-10,6.283185305573555,1784374113.0662634,None,None,None, None, 1784374113.0247283,1.0659881290053326,track,none,0.0,nan,nan,0.0,0.0,nan,nan,nan,WEBOTS_UNKNOWN,ekf_on_cluster_on,1,1
1784374113.1836064,5.955950021743774,-200.0,200.0,0.2,6.283185305912458,0.44808909028037763,0.9999999998751963,1.3987033973498454e-09,6.283185305672376,1784374113.136915,None,None,None, None, 1784374113.1836064,1.0556717599338385,track,none,0.0,nan,nan,0.0,0.0,nan,nan,nan,WEBOTS_UNKNOWN,ekf_on_cluster_on,1,1
1784374113.2868433,6.059186935424805,-200.0,200.0,0.2,6.283185305870527,0.5177410831591457,0.9999999997869382,2.3442197914550954e-10,6.2831853056944995,1784374113.2312887,None,None,None, None, 1784374113.2578378,0.9199949684010222,track,none,0.0,nan,nan,0.0,0.0,nan,nan,nan,WEBOTS_UNKNOWN,ekf_on_cluster_on,1,1
1784374113.3853266,6.157670259475708,-200.0,200.0,0.2,6.283185305832933,0.5874257920016062,0.9999999996957167,8.597483790538591e-11,6.2831853057033245,1784374113.3339338,None,None,None, None, 1784374113.3459685,0.9835458164436177,track,none,0.0,nan,nan,0.0,0.0,nan,nan,nan,WEBOTS_UNKNOWN,ekf_on_cluster_on,1,1
1784374113.4839513,6.2562949657440186,-200.0,200.0,0.2,6.283185305779434,0.6571148540426377,0.9999999996018697,-2.150962107324887e-10,6.283185305684607,1784374113.4944694,None,None,None, None, 1784374113.4249468,1.0575042627632907,track,none,0.0,nan,nan,0.0,0.0,nan,nan,nan,WEBOTS_UNKNOWN,ekf_on_cluster_on,1,1
1784374113.5829031,6.3552467823028564,-200.0,200.0,0.2,6.283185305764216,0.7268044943179015,0.9999999995042936,-8.340586377908003e-11,6.283185305672477,1784374113.5663834,None,None,None, None, 1784374113.5663834,0.9213908700433185,track,none,0.0,nan,nan,0.0,0.0,nan,nan,nan,WEBOTS_UNKNOWN,ekf_on_cluster_on,1,1
1784374113.6830966,6.455440282821655,-200.0,200.0,0.2,6.283185305978279,0.7964942113821258,0.9999999994056569,1.882126106342001e-09,6.283185305821915,1784374113.6457818,None,None,None, None, 1784374113.6417925,1.0182367877817313,track,none,0.0,nan,nan,0.0,0.0,nan,nan,nan,WEBOTS_UNKNOWN,ekf_on_cluster_on,1,1
1784374113.7829854,6.555329084396362,-200.0,200.0,0.2,6.283185305962427,0.3858979567214774,1.0000000000274096,3.7753657469279274e-10,6.283185305873714,1784374113.7829854,0.37955382224562145,1.0000000000367282,6.283185306009663, 1784374113.766249, 1784374113.7677631,0.926203322106959,track,none,0.0,nan,nan,0.0,0.0,nan,nan,nan,WEBOTS_UNKNOWN,ekf_on_cluster_on,1,1
1784374113.883563,6.655906677246094,-200.0,200.0,0.2,6.283185305936725,0.42900507224649626,0.9999999999749414,2.722385139254563e-10,6.283185305895085,1784374113.8614855,None,None,None, None, 1784374113.8614855,0.9707786963247366,track,none,0.0,nan,nan,0.0,0.0,nan,nan,nan,WEBOTS_UNKNOWN,ekf_on_cluster_on,1,1
1784374113.9833229,6.755666494369507,-200.0,200.0,0.2,6.283185305854131,0.4907681626512259,0.9999999998981784,-4.176471120206892e-10,6.283185305862596,1784374113.9392757,None,None,None, None, 1784374113.9543006,1.0536535387979857,track,none,0.0,nan,nan,0.0,0.0,nan,nan,nan,WEBOTS_UNKNOWN,ekf_on_cluster_on,1,1
1784374114.0835142,6.855857849121094,-200.0,200.0,0.2,6.283185305831341,0.5590143464425399,0.9999999998077211,-1.6672365909264458e-10,6.283185305849283,1784374114.0835142,None,None,None, None, 1784374114.0835142,0.947776023138192,track,none,0.0,nan,nan,0.0,0.0,nan,nan,nan,WEBOTS_UNKNOWN,ekf_on_cluster_on,1,1
1784374114.184167,6.956510543823242,-200.0,200.0,0.2,6.283185305821235,0.628499415288506,0.9999999997140382,-1.3420026869113785e-10,6.283185305832275,1784374114.1458657,None,None,None, None, 1784374114.157407,0.9524331114312318,track,none,0.0,nan,nan,0.0,0.0,nan,nan,nan,WEBOTS_UNKNOWN,ekf_on_cluster_on,1,1
1784374114.2826025,7.054946184158325,-200.0,200.0,0.2,6.283185305854275,0.6981617058125034,0.9999999996194123,2.2075879045372806e-10,6.283185305858917,1784374114.2665515,None,None,None, None, 1784374114.2826025,0.9769646493603009,track,none,0.0,nan,nan,0.0,0.0,nan,nan,nan,WEBOTS_UNKNOWN,ekf_on_cluster_on,1,1
1784374114.3833175,7.155661106109619,-200.0,200.0,0.2,6.283185305882305,0.7678477862999176,0.9999999995270565,2.984385435994355e-10,6.283185305882082,1784374114.3441713,None,None,None, None, 1784374114.3627105,1.0066428450188418,track,none,0.0,nan,nan,0.0,0.0,nan,nan,nan,WEBOTS_UNKNOWN,ekf_on_cluster_on,1,1
1784374114.4847803,7.257123947143555,-200.0,200.0,0.2,6.283185305898967,0.8375370305616363,0.99999999943665,2.945001528126138e-10,6.283185305906062,1784374114.4867873,None,None,None, None, 1784374114.4366345,1.0888556570149739,track,none,0.0,nan,nan,0.0,0.0,nan,nan,nan,WEBOTS_UNKNOWN,ekf_on_cluster_on,1,1
1784374114.583631,7.3559746742248535,-200.0,200.0,0.2,6.283185305875906,0.9072266950360844,0.999999999347404,-6.228305099871657e-12,6.283185305905211,1784374114.5622768,None,None,None, None, 1784374114.5622768,0.9351135802310744,track,none,0.0,nan,nan,0.0,0.0,nan,nan,nan,WEBOTS_UNKNOWN,ekf_on_cluster_on,1,1
1784374114.683675,7.456018686294556,-200.0,200.0,0.2,6.283185305854771,0.976916415313847,0.9999999992565509,-8.367306359620737e-11,6.283185305898322,1784374114.6446047,None,None,None, None, 1784374114.6446047,1.0244439024781362,track,none,0.0,nan,nan,0.0,0.0,nan,nan,nan,WEBOTS_UNKNOWN,ekf_on_cluster_on,1,1
1784374114.7836218,7.555965423583984,-200.0,200.0,0.2,6.283185305935199,0.5605804689230822,0.9999999998899617,-3.169127623938496e-11,6.283185305894012,1784374114.7806218,0.5541614864128681,0.9999999998995466,6.2831853060937535, 1784374114.77762, 1784374114.720209,0.9587827552397571,track,none,0.0,nan,nan,0.0,0.0,nan,nan,nan,WEBOTS_UNKNOWN,ekf_on_cluster_on,1,1
1784374114.8826134,7.654957056045532,-200.0,200.0,0.2,6.283185305942354,0.6031366919868784,0.9999999998370053,8.140225270181403e-11,6.2831853059006075,1784374114.8616512,None,None,None, None, 1784374114.8766925,1.045086711053263,track,none,0.0,nan,nan,0.0,0.0,nan,nan,nan,WEBOTS_UNKNOWN,ekf_on_cluster_on,1,1
1784374114.983518,7.755861520767212,-200.0,200.0,0.2,6.2831853059566285,0.6646425096032608,0.9999999997609083,1.7622607841534798e-10,6.283185305916081,1784374114.94946,None,None,None, None, 1784374114.9660065,0.9656410236729939,track,none,0.0,nan,nan,0.0,0.0,nan,nan,nan,WEBOTS_UNKNOWN,ekf_on_cluster_on,1,1
1784374115.0827754,7.855118989944458,-200.0,200.0,0.2,6.283185305969747,0.7328287404337571,0.9999999996775194,2.1315906841679108e-10,6.2831853059428955,1784374115.075252,None,None,None, None, 1784374115.0340438,0.9059783777912941,track,none,0.0,nan,nan,0.0,0.0,nan,nan,nan,WEBOTS_UNKNOWN,ekf_on_cluster_on,1,1
1784374115.1829631,7.955306768417358,-200.0,200.0,0.2,6.283185305969254,0.802304748554185,0.9999999995934645,1.2959721624053494e-10,6.283185305952955,1784374115.1528757,None,None,None, None, 1784374115.1859694,1.0812980615921977,track,none,0.0,nan,nan,0.0,0.0,nan,nan,nan,WEBOTS_UNKNOWN,ekf_on_cluster_on,1,1
1784374115.2827303,8.055073976516724,-200.0,200.0,0.2,6.2831853058956115,0.8719658122787632,0.9999999995091515,-5.381493109863005e-10,6.2831853058855,1784374115.2782228,None,None,None, None, 1784374115.2521863,1.0903835553192887,track,none,0.0,nan,nan,0.0,0.0,nan,nan,nan,WEBOTS_UNKNOWN,ekf_on_cluster_on,1,1
1784374115.3849878,8.157331466674805,-200.0,200.0,0.2,6.2831853058993765,0.9416517294258986,0.9999999994196765,-1.1839787064966346e-10,6.283185305877186,1784374115.3484387,None,None,None, None, 1784374115.3262343,0.9959203460073355,track,none,0.0,nan,nan,0.0,0.0,nan,nan,nan,WEBOTS_UNKNOWN,ekf_on_cluster_on,1,1
1784374115.485494,8.257837533950806,-200.0,200.0,0.2,6.283185305903493,1.0113409519893686,0.9999999993304597,-9.245956403897328e-11,6.283185305870287,1784374115.4230623,None,None,None, None, 1784374115.4897296,0.9137557522634768,track,none,0.0,nan,nan,0.0,0.0,nan,nan,nan,WEBOTS_UNKNOWN,ekf_on_cluster_on,1,1
1784374115.5834382,8.35578179359436,-200.0,200.0,0.2,6.283185305946974,1.081030613582278,0.9999999992415292,2.779811013791647e-10,6.283185305912502,1784374115.574927,None,None,None, None, 1784374115.574927,0.9913859995651786,track,none,0.0,nan,nan,0.0,0.0,nan,nan,nan,WEBOTS_UNKNOWN,ekf_on_cluster_on,1,1
1784374115.6837788,8.456122398376465,-200.0,200.0,0.2,6.283185305971135,1.1507203334773861,0.9999999991556288,2.6913925478875203e-10,6.283185305933856,1784374115.6542675,None,None,None, None, 1784374115.6542675,1.0292105242453071,track,none,0.0,nan,nan,0.0,0.0,nan,nan,nan,WEBOTS_UNKNOWN,ekf_on_cluster_on,1,1
1784374115.7830157,8.555359363555908,-200.0,200.0,0.2,6.2831853060805365,0.7163362974607405,0.9999999996323552,2.5510589502230867e-10,6.283185305954672,1784374115.7358675,0.7096789397984105,0.9999999996397636,6.283185306261935, 1784374115.780507, 1784374115.7358675,1.0797842933085313,track,none,0.0,nan,nan,0.0,0.0,nan,nan,nan,WEBOTS_UNKNOWN,ekf_on_cluster_on,1,1
1784374115.8827307,8.65507435798645,-200.0,200.0,0.2,6.283185306081653,0.7571274960119679,0.9999999995875236,1.9444952462032225e-10,6.2831853059699965,1784374115.8859766,None,None,None, None, 1784374115.8869758,1.095636210826832,track,none,0.0,nan,nan,0.0,0.0,nan,nan,nan,WEBOTS_UNKNOWN,ekf_on_cluster_on,1,1
1784374115.9826047,8.754948377609253,-200.0,200.0,0.2,6.283185306049364,0.8177835949602509,0.9999999995209272,-1.4454379850992713e-10,6.283185305947242,1784374115.9721,None,None,None, None, 1784374115.978101,1.0518622182710586,track,none,0.0,nan,nan,0.0,0.0,nan,nan,nan,WEBOTS_UNKNOWN,ekf_on_cluster_on,1,1
1784374116.0830824,8.85542607307434,-200.0,200.0,0.2,6.283185306007311,0.88576596107594,0.999999999444092,-3.603328084027208e-10,6.283185305916992,1784374116.056052,None,None,None, None, 1784374116.0580575,0.9434677430500932,track,none,0.0,nan,nan,0.0,0.0,nan,nan,nan,WEBOTS_UNKNOWN,ekf_on_cluster_on,1,1
1784374116.1925242,8.96486783027649,-200.0,200.0,0.2,6.283185306034878,0.9552108243710727,0.9999999993626835,1.24661037691295e-10,6.283185305924886,1784374116.1945245,None,None,None, None, 1784374116.1323786,1.0196228151954725,track,none,0.0,nan,nan,0.0,0.0,nan,nan,nan,WEBOTS_UNKNOWN,ekf_on_cluster_on,1,1
1784374116.2830575,9.055401086807251,-200.0,200.0,0.2,6.283185306063576,1.0248676633737055,0.9999999992829467,2.406523668060984e-10,6.283185305963914,1784374116.2815528,None,None,None, None, 1784374116.2850637,1.092653011838085,track,none,0.0,nan,nan,0.0,0.0,nan,nan,nan,WEBOTS_UNKNOWN,ekf_on_cluster_on,1,1
1784374116.3829668,9.15531039237976,-200.0,200.0,0.2,6.283185306066992,1.0945530178835852,0.9999999992051771,1.1870352852051137e-10,6.28318530597236,1784374116.352705,None,None,None, None, 1784374116.3517056,1.0589631327137285,track,none,0.0,nan,nan,0.0,0.0,nan,nan,nan,WEBOTS_UNKNOWN,ekf_on_cluster_on,1,1
1784374116.4835734,9.255917072296143,-200.0,200.0,0.2,6.283185306060924,1.164242165703346,0.9999999991276414,4.1369195205634026e-11,6.283185305975092,1784374116.4187467,None,None,None, None, 1784374116.431281,1.0995479342207597,track,none,0.0,nan,nan,0.0,0.0,nan,nan,nan,WEBOTS_UNKNOWN,ekf_on_cluster_on,1,1
1784374116.5855186,9.3578622341156,-200.0,200.0,0.2,6.2831853060402665,1.233931817370207,0.9999999990496822,-1.150350154808631e-10,6.283185305959616,1784374116.5532775,None,None,None, None, 1784374116.5677958,0.9747481931204247,track,none,0.0,nan,nan,0.0,0.0,nan,nan,nan,WEBOTS_UNKNOWN,ekf_on_cluster_on,1,1
1784374116.689218,9.461561679840088,-200.0,200.0,0.2,6.283185306030265,1.303621535947183,0.9999999989702832,-9.886359102811586e-11,6.283185305953362,1784374116.616544,None,None,None, None, 1784374116.633096,1.004865438193689,track,none,0.0,nan,nan,0.0,0.0,nan,nan,nan,WEBOTS_UNKNOWN,ekf_on_cluster_on,1,1
1784374116.79712,9.569463729858398,-200.0,200.0,0.2,6.283185306046307,1.373311263409481,0.9999999988901873,9.563262119527572e-11,6.283185305968223,1784374116.77194,None,None,None, None, 1784374116.8031192,0.9562894229071595,track,none,0.0,nan,nan,0.0,0.0,nan,nan,nan,WEBOTS_UNKNOWN,ekf_on_cluster_on,1,1
1784374116.8835273,9.655870914459229,-200.0,200.0,0.2,6.28318530614434,0.8869317853860089,0.9999999995670749,1.5107249737032862e-10,6.283185305977471,1784374116.8331578,0.8810721887230517,0.9999999995750398,6.283185306296419, 1784374116.783006, 1784374116.865897,1.0068007853549115,track,none,0.0,nan,nan,0.0,0.0,nan,nan,nan,WEBOTS_UNKNOWN,ekf_on_cluster_on,1,1
1784374116.9825766,9.754920244216919,-200.0,200.0,0.2,6.283185306157435,0.9265958899157312,0.9999999995260127,2.1719210975351059e-10,6.283185306004696,1784374116.958504,None,None,None, None, 1784374116.9439542,1.0945965782685865,track,none,0.0,nan,nan,0.0,0.0,nan,nan,nan,WEBOTS_UNKNOWN,ekf_on_cluster_on,1,1
1784374117.0847719,9.857115507125854,-200.0,200.0,0.2,6.283185306157121,0.9866891014218628,0.9999999994645883,1.2362257405982864e-10,6.283185306014788,1784374117.0401423,None,None,None, None, 1784374117.024619,1.0638736880636575,track,none,0.0,nan,nan,0.0,0.0,nan,nan,nan,WEBOTS_UNKNOWN,ekf_on_cluster_on,1,1
1784374117.1834207,9.955764293670654,-200.0,200.0,0.2,6.28318530612805,1.0545314721680088,0.9999999993952218,-1.5607429682252995e-10,6.28318530599298,1784374117.1798725,None,None,None, None, 1784374117.1798725,0.9134187690047271,track,none,0.0,nan,nan,0.0,0.0,nan,nan,nan,WEBOTS_UNKNOWN,ekf_on_cluster_on,1,1
1784374117.2837756,10.056119203567505,-200.0,200.0,0.2,6.2831853061142455,1.123954648571927,0.9999999993222207,-1.2668757768841959e-10,6.283185305983261,1784374117.2565832,None,None,None, None, 1784374117.2692542,1.0490657026920562,track,none,0.0,nan,nan,0.0,0.0,nan,nan,nan,WEBOTS_UNKNOWN,ekf_on_cluster_on,1,1
1784374117.3833053,10.155648946762085,-200.0,200.0,0.2,6.283185306115314,1.1936085386702378,0.9999999992480156,-4.19932076778453e-11,6.283185305979461,1784374117.3470924,None,None,None, None, 1784374117.3470924,0.9450995029864665,track,none,0.0,nan,nan,0.0,0.0,nan,nan,nan,WEBOTS_UNKNOWN,ekf_on_cluster_on,1,1
1784374117.487419,10.259762525558472,-200.0,200.0,0.2,6.283185306149744,1.2632935003212464,0.9999999991738519,2.621759386876558e-10,6.2831853059999165,1784374117.4251134,None,None,None, None, 1784374117.4914184,0.9505193479591213,track,none,0.0,nan,nan,0.0,0.0,nan,nan,nan,WEBOTS_UNKNOWN,ekf_on_cluster_on,1,1
1784374117.583268,10.355611562728882,-200.0,200.0,0.2,6.283185306167298,1.3329825959492212,0.999999999102083,2.3803497987349266e-10,6.283185306036725,1784374117.579751,None,None,None, None, 1784374117.5546706,0.9263507459034919,track,none,0.0,nan,nan,0.0,0.0,nan,nan,nan,WEBOTS_UNKNOWN,ekf_on_cluster_on,1,1
1784374117.6844723,10.456815958023071,-200.0,200.0,0.2,6.28318530617209,1.4026722406849133,0.999999999031537,1.8272338468123884e-10,6.283185306048589,1784374117.6446776,None,None,None, None, 1784374117.6269736,1.0764113150471353,track,none,0.0,nan,nan,0.0,0.0,nan,nan,nan,WEBOTS_UNKNOWN,ekf_on_cluster_on,1,1
1784374117.7834156,10.555759191513062,-200.0,200.0,0.2,6.28318530614765,1.472361958341462,0.9999999989613249,-6.672427297834187e-11,6.283185306044201,1784374117.7844217,None,None,None, None, 1784374117.7844217,0.9508004873007299,track,none,0.0,nan,nan,0.0,0.0,nan,nan,nan,WEBOTS_UNKNOWN,ekf_on_cluster_on,1,1
1784374117.8827562,10.655099868774414,-200.0,200.0,0.2,6.283185306231417,1.0602890912387242,0.999999999362334,-1.4038511257964543e-10,6.283185306020645,1784374117.878239,1.0540836982959387,0.9999999993684255,6.2831853064309335, 1784374117.797613, 1784374117.8601716,1.016956212416202,track,none,0.0,nan,nan,0.0,0.0,nan,nan,nan,WEBOTS_UNKNOWN,ekf_on_cluster_on,1,1
1784374117.9834685,10.755812168121338,-200.0,200.0,0.2,6.283185306226726,1.1033683553677127,0.9999999993214875,-7.517962728620663e-11,6.283185306015715,1784374117.9438229,None,None,None, None, 1784374117.923901,1.0815834189968994,track,none,0.0,nan,nan,0.0,0.0,nan,nan,nan,WEBOTS_UNKNOWN,ekf_on_cluster_on,1,1
1784374118.0842962,10.856639862060547,-200.0,200.0,0.2,6.283185306245188,1.165118529503819,0.9999999992626483,1.4012307112282182e-10,6.283185306026572,1784374118.0868058,None,None,None, None, 1784374118.0868058,0.9174915390972289,track,none,0.0,nan,nan,0.0,0.0,nan,nan,nan,WEBOTS_UNKNOWN,ekf_on_cluster_on,1,1
1784374118.1845257,10.95686936378479,-200.0,200.0,0.2,6.28318530627392,1.2333617230201837,0.9999999991988819,3.0402236195035226e-10,6.283185306069037,1784374118.1609845,None,None,None, None, 1784374118.1609845,1.0398334835528245,track,none,0.0,nan,nan,0.0,0.0,nan,nan,nan,WEBOTS_UNKNOWN,ekf_on_cluster_on,1,1
1784374118.2827103,11.055053949356079,-200.0,200.0,0.2,6.283185306272316,1.3028463410039748,0.9999999991359521,1.2650276723694718e-10,6.283185306077021,1784374118.2869678,None,None,None, None, 1784374118.224094,0.9657220857535442,track,none,0.0,nan,nan,0.0,0.0,nan,nan,nan,WEBOTS_UNKNOWN,ekf_on_cluster_on,1,1
1784374118.385365,11.157708644866943,-200.0,200.0,0.2,6.2831853062547225,1.3725085705065219,0.9999999990727496,-3.165754286369975e-11,6.28318530607252,1784374118.3662686,None,None,None, None, 1784374118.3787827,1.0644591697531056,track,none,0.0,nan,nan,0.0,0.0,nan,nan,nan,WEBOTS_UNKNOWN,ekf_on_cluster_on,1,1
1784374118.4831686,11.255512237548828,-200.0,200.0,0.2,6.283185306211141,1.4421946428697736,0.9999999990082995,-3.3355516765641123e-10,6.283185306038206,1784374118.469141,None,None,None, None, 1784374118.4831686,1.025007039948667,track,none,0.0,nan,nan,0.0,0.0,nan,nan,nan,WEBOTS_UNKNOWN,ekf_on_cluster_on,1,1
1784374118.5829644,11.355308055877686,-200.0,200.0,0.2,6.283185306215463,1.51188388605228,0.9999999989408093,-6.774401931168466e-11,6.283185306033617,1784374118.536886,None,None,None, None, 1784374118.5630207,1.0634711672692716,track,none,0.0,nan,nan,0.0,0.0,nan,nan,nan,WEBOTS_UNKNOWN,ekf_on_cluster_on,1,1
1784374118.6826394,11.454982995986938,-200.0,200.0,0.2,6.2831853062274785,1.5815735503834085,0.9999999988736198,2.2193218799347574e-11,6.283185306035384,1784374118.6165266,None,None,None, None, 1784374118.6345763,0.9878938512486573,track,none,0.0,nan,nan,0.0,0.0,nan,nan,nan,WEBOTS_UNKNOWN,ekf_on_cluster_on,1,1
1784374118.7836652,11.55600881576538,-200.0,200.0,0.2,6.283185306299825,1.6512632706421388,0.9999999988072676,6.023287858396856e-10,6.283185306119453,1784374118.7561,None,None,None, None, 1784374118.7721276,0.9012939730057652,track,none,0.0,nan,nan,0.0,0.0,nan,nan,nan,WEBOTS_UNKNOWN,ekf_on_cluster_on,1,1
1784374118.894182,11.666525602340698,-200.0,200.0,0.2,6.283185306371188,1.2319248648660714,0.9999999992288501,1.7753136927528533e-10,6.283185306133593,1784374118.8357463,1.2254674009300683,0.9999999992352265,6.283185306517663, 1784374118.802201, 1784374118.8700397,1.085551098971684,track,none,0.0,nan,nan,0.0,0.0,nan,nan,nan,WEBOTS_UNKNOWN,ekf_on_cluster_on,1,1
1784374118.9832013,11.755544900894165,-200.0,200.0,0.2,6.283185306364681,1.2741912413267997,0.9999999991946821,1.243888782358841e-10,6.283185306145202,1784374118.9290748,None,None,None, None, 1784374118.947172,0.9953912441558681,track,none,0.0,nan,nan,0.0,0.0,nan,nan,nan,WEBOTS_UNKNOWN,ekf_on_cluster_on,1,1
1784374119.0831385,11.85548210144043,-200.0,200.0,0.2,6.2831853063416805,1.3355601812310027,0.9999999991446722,-7.32680668605181e-11,6.28318530613515,1784374119.0662768,None,None,None, None, 1784374119.0836446,1.0023122304443313,track,none,0.0,nan,nan,0.0,0.0,nan,nan,nan,WEBOTS_UNKNOWN,ekf_on_cluster_on,1,1
1784374119.18332,11.955663681030273,-200.0,200.0,0.2,6.283185306329144,1.4037141794105372,0.9999999990875655,-6.502916314607319e-11,6.283185306128158,1784374119.1737928,None,None,None, None, 1784374119.1777956,0.9351814299527119,track,none,0.0,nan,nan,0.0,0.0,nan,nan,nan,WEBOTS_UNKNOWN,ekf_on_cluster_on,1,1
1784374119.282944,12.055287599563599,-200.0,200.0,0.2,6.283185306351655,1.473185297704156,0.9999999990284844,2.0739461718796546e-10,6.283185306145156,1784374119.2557514,None,None,None, None, 1784374119.26894,0.992330239824654,track,none,0.0,nan,nan,0.0,0.0,nan,nan,nan,WEBOTS_UNKNOWN,ekf_on_cluster_on,1,1
1784374119.3853416,12.157685279846191,-200.0,200.0,0.2,6.283185306358222,1.5428456989340669,0.9999999989708103,1.4399391004251647e-10,6.283185306158054,1784374119.3453233,None,None,None, None, 1784374119.3818321,1.0039521043737496,track,none,0.0,nan,nan,0.0,0.0,nan,nan,nan,WEBOTS_UNKNOWN,ekf_on_cluster_on,1,1
1784374119.4869916,12.259335279464722,-200.0,200.0,0.2,6.283185306369234,1.6125315278666041,0.9999999989135728,2.0168666416307035e-10,6.2831853061754135,1784374119.4313953,None,None,None, None, 1784374119.4514542,1.0384087302079592,track,none,0.0,nan,nan,0.0,0.0,5.238985902040629,-2.526202883886113,4.992407111310006,WEBOTS_UNKNOWN,ekf_on_cluster_on,1,1
1784374119.582845,12.355188608169556,-200.0,200.0,0.2,6.28318530636113,1.6822207387114407,0.9999999988571,6.513151942362384e-11,6.283185306181326,1784374119.5221703,None,None,None, None, 1784374119.5351806,1.042341857141254,track,none,0.0,nan,nan,0.0,0.0,5.238985902040629,-2.526202883886113,4.992407111310006,WEBOTS_UNKNOWN,ekf_on_cluster_on,1,1
1784374119.6831243,12.455467939376831,-200.0,200.0,0.2,6.283185306339468,1.751910398748107,0.9999999988000621,-9.200771867770918e-11,6.283185306168727,1784374119.6591017,None,None,None, None, 1784374119.6103473,0.931715866038799,track,none,0.0,nan,nan,0.0,0.0,5.076595494830627,-2.5483351226223943,4.802769660541209,WEBOTS_UNKNOWN,ekf_on_cluster_on,1,1
1784374119.7833967,12.555740356445312,-200.0,200.0,0.2,6.283185306327329,1.8216001184365536,0.9999999987415145,-9.138146542134314e-11,6.283185306160336,1784374119.750929,None,None,None, None, 1784374119.765933,0.9494551173338935,track,none,0.0,nan,nan,0.0,0.0,5.121380466349921,-2.517810698382556,4.762661877813597,WEBOTS_UNKNOWN,ekf_on_cluster_on,1,1
1784374119.8831277,12.655471324920654,-200.0,200.0,0.2,6.283185306404668,1.3986093972220268,0.999999999175543,-3.214801923981417e-11,6.283185306157825,1784374119.8290412,1.3921025125515358,0.9999999991820597,6.283185306553691, 1784374119.810016, 1784374119.8470757,1.0767733983615493,track,none,0.0,nan,nan,0.0,0.0,5.174038951504108,-2.5386689877727684,4.74709093644002,WEBOTS_UNKNOWN,ekf_on_cluster_on,1,1
1784374119.9837265,12.756070137023926,-200.0,200.0,0.2,6.283185306467122,1.4405211294761515,0.9999999991430649,6.596107712354001e-10,6.283185306258199,1784374119.9812126,None,None,None, None, 1784374119.9857326,1.0632027937767254,track,none,0.0,nan,nan,0.0,0.0,4.7099087897600755,-2.523144298910284,4.726952935273396,WEBOTS_UNKNOWN,ekf_on_cluster_on,1,1
1784374120.0831032,12.855446815490723,-200.0,200.0,0.2,6.283185306464447,1.501721169415274,0.9999999990994621,2.2729584229918176e-10,6.28318530627646,1784374120.0615542,None,None,None, None, 1784374120.0615542,0.9642589676786496,track,none,0.0,nan,nan,0.0,0.0,4.7099087897600755,-2.523144298910284,4.726952935273396,WEBOTS_UNKNOWN,ekf_on_cluster_on,1,1
1784374120.1833751,12.955718755722046,-200.0,200.0,0.2,6.283185306458435,1.569835072847475,0.9999999990507512,1.7084267781424802e-10,6.283185306289486,1784374120.1378,None,None,None, None, 1784374120.1378,1.0155533208062488,track,none,0.0,nan,nan,0.0,0.0,4.786355647279336,-2.495657616726176,4.691284356516565,WEBOTS_UNKNOWN,ekf_on_cluster_on,1,1
1784374120.2828662,13.055209875106812,-200.0,200.0,0.2,6.283185306446516,1.63930009055846,0.9999999990006564,8.153816677979607e-11,6.283185306296263,1784374120.2209156,None,None,None, None, 1784374120.2199159,1.0117161476811807,track,none,0.0,nan,nan,0.0,0.0,4.839282774039905,-2.51807066657522,4.675649368072462,WEBOTS_UNKNOWN,ekf_on_cluster_on,1,1
1784374120.3835545,13.155898094177246,-200.0,200.0,0.2,6.283185306418875,1.7089596648381562,0.999999998949591,-1.1388375636646885e-10,6.283185306280664,1784374120.357883,None,None,None, None, 1784374120.3704178,1.081421008316764,track,none,0.0,nan,nan,0.0,0.0,4.883611583678077,-2.4868803647394726,4.63550550800843,WEBOTS_UNKNOWN,ekf_on_cluster_on,1,1
1784374120.483128,13.25547170639038,-200.0,200.0,0.2,6.283185306405924,1.7786453836503235,0.9999999988965803,-8.977935245751564e-11,6.283185306274015,1784374120.4319465,None,None,None, None, 1784374120.4329402,1.054739617494215,track,none,0.0,nan,nan,0.0,0.0,4.945240063654897,-2.474766913921845,4.61991672529922,WEBOTS_UNKNOWN,ekf_on_cluster_on,1,1
1784374120.5827794,13.355123043060303,-200.0,200.0,0.2,6.283185306414039,1.8483345798663768,0.9999999988426644,4.9129910983131625e-11,6.283185306278583,1784374120.5249317,None,None,None, None, 1784374120.548162,1.020087935297868,track,none,0.0,nan,nan,0.0,0.0,4.9841043802544505,-2.478918585503922,4.5797825484514245,WEBOTS_UNKNOWN,ekf_on_cluster_on,1,1
1784374120.6834567,13.455800294876099,-200.0,200.0,0.2,6.283185306434276,1.9180242379603276,0.9999999987893137,1.8654826821971794e-10,6.283185306307972,1784374120.6824734,None,None,None, None, 1784374120.634325,0.9686308781439246,track,none,0.0,nan,nan,0.0,0.0,5.045935782656317,-2.4666061273039332,4.564193685260492,WEBOTS_UNKNOWN,ekf_on_cluster_on,1,1
1784374120.7853951,13.557738780975342,-200.0,200.0,0.2,6.283185306444968,1.9877139573907907,0.9999999987373732,1.7401677144567311e-10,6.283185306319228,1784374120.7471552,None,None,None, None, 1784374120.7766664,0.9508205996625616,track,none,0.0,nan,nan,0.0,0.0,5.102367323173056,-2.491171085536748,4.548536597686005,WEBOTS_UNKNOWN,ekf_on_cluster_on,1,1
1784374120.89514,13.667483568191528,-200.0,200.0,0.2,6.283185306513067,1.5730891522588641,0.9999999990064307,-2.8605030241890736e-11,6.283185306316979,1784374120.8257658,1.56669275780081,0.9999999990106603,6.283185306674729, 1784374120.820757, 1784374120.8608787,1.0248561179604847,track,none,0.0,nan,nan,0.0,0.0,5.145323422303499,-2.4573143547875587,4.5061488648311085,WEBOTS_UNKNOWN,ekf_on_cluster_on,1,1
1784374120.9872692,13.759612798690796,-200.0,200.0,0.2,6.28318530649994,1.6158099062692606,0.9999999989779564,-9.079174527435252e-11,6.283185306308425,1784374120.9199815,None,None,None, None, 1784374120.9360166,0.9686158216728791,track,none,0.0,nan,nan,0.0,0.0,4.698358208803654,-2.4448309679170963,4.490492849774616,WEBOTS_UNKNOWN,ekf_on_cluster_on,1,1
1784374121.0831337,13.855477333068848,-200.0,200.0,0.2,6.2831853065031,1.6773929571490152,0.9999999989361017,2.282746103397679e-11,6.283185306311967,1784374121.0751343,None,None,None, None, 1784374121.086544,0.9160466656049092,track,none,0.0,nan,nan,0.0,0.0,4.721802427914419,-2.450255547430102,4.4504099820070815,WEBOTS_UNKNOWN,ekf_on_cluster_on,1,1
1784374121.1825676,13.954911231994629,-200.0,200.0,0.2,6.283185306512532,1.7455972723677244,0.9999999988899624,9.336980709263363e-11,6.283185306318676,1784374121.146981,None,None,None, None, 1784374121.1640296,1.0735990622940048,track,none,0.0,nan,nan,0.0,0.0,4.784792209749954,-2.437601201952181,4.434806486278739,WEBOTS_UNKNOWN,ekf_on_cluster_on,1,1
1784374121.2831402,14.0554838180542,-200.0,200.0,0.2,6.283185306524913,1.8150760183031944,0.9999999988436163,1.5338299914598393e-10,6.283185306330845,1784374121.2263167,None,None,None, None, 1784374121.2263167,1.0117983796110075,track,none,0.0,nan,nan,0.0,0.0,4.784792209749954,-2.437601201952181,4.434806486278739,WEBOTS_UNKNOWN,ekf_on_cluster_on,1,1
1784374121.38321,14.155553579330444,-200.0,200.0,0.2,6.283185306526422,1.8847374528287415,0.9999999987980108,9.719000121504763e-11,6.2831853063459455,1784374121.3816931,None,None,None, None, 1784374121.3711843,1.0986940977439852,track,none,0.0,nan,nan,0.0,0.0,4.886331816562351,-2.4267504062920056,4.421429245142846,WEBOTS_UNKNOWN,ekf_on_cluster_on,1,1
1784374121.4854476,14.25779128074646,-200.0,200.0,0.2,6.283185306520401,1.9544234193475634,0.9999999987524943,3.032606894667666e-11,6.283185306347862,1784374121.444889,None,None,None, None, 1784374121.444889,0.9549401105197496,track,none,0.0,nan,nan,0.0,0.0,4.925114773851056,-2.4306307110438676,4.3790004200510335,WEBOTS_UNKNOWN,ekf_on_cluster_on,1,1
1784374121.5836473,14.355990886688232,-200.0,200.0,0.2,6.283185306507989,2.0241126484696412,0.9999999987065562,-5.2936918586042114e-11,6.283185306342638,1784374121.5435815,None,None,None, None, 1784374121.5290706,0.9639096130521202,track,none,0.0,nan,nan,0.0,0.0,4.985896304591159,-2.417773368620733,4.363389813891585,WEBOTS_UNKNOWN,ekf_on_cluster_on,1,1
1784374121.6838033,14.456146955490112,-200.0,200.0,0.2,6.28318530650082,2.0938023109335377,0.9999999986597529,-5.438860623814941e-11,6.2831853063365255,1784374121.6559684,None,None,None, None, 1784374121.678778,0.9091108215515952,track,none,0.0,nan,nan,0.0,0.0,5.030802338485919,-2.4295510877327855,4.329969662899299,WEBOTS_UNKNOWN,ekf_on_cluster_on,1,1
1784374121.7833292,14.555672883987427,200.0,200.0,0.2,6.283185306501473,2.1634920309443086,0.9999999986124498,-1.1511041895895307e-11,6.283185306335656,1784374121.7315333,None,None,None, None, 1784374121.755804,0.9198788588403751,apf_colreg,crossing_from_starboard,-1.0,2.780508954953702,5.682581568255393,23.729921231335485,7.594749886145116,5.089418324011282,-2.410964300759013,4.307681845331841,WEBOTS_UNKNOWN,ekf_on_cluster_on,1,1
1784374121.8844898,14.656833410263062,-13.422184394972415,200.0,0.2,6.2784924389451335,1.7285289093037561,0.9999949135807819,7.560650425637964e-11,6.283185306343359,1784374121.8334167,1.7221634673360862,0.9999999989824561,8.757090372579768e-05, 1784374121.833416, 1784374121.8529332,1.04019435357328,apf_colreg,crossing_from_starboard,-1.0,4.511936019128491,0.0,23.61540323179618,7.805560107901474,5.152149854073075,-2.39773338981229,4.292009303568468,WEBOTS_UNKNOWN,ekf_on_cluster_on,1,1
1784374121.9926536,14.764997243881226,-10.507083895919466,200.0,0.2,6.27603526482872,1.7359190104498299,0.99988826366035,0.08891121147615569,0.010864589924061363,1784374121.9556127,None,None,None, None, 1784374121.9771335,1.0607047733386794,apf_colreg,crossing_from_starboard,-1.0,1.7267497156720106,22.21896041114753,23.735139604491643,7.958358925006155,4.59381899538397,-2.454499978355748,4.248385153922626,WEBOTS_UNKNOWN,ekf_on_cluster_on,1,1
1784374122.0930915,14.865435123443604,-4.505641341944937,200.0,0.2,6.27564946609043,1.7584979785535164,0.9995693335014085,0.06462795121266685,0.016164267934963936,1784374122.0376155,None,None,None, None, 1784374122.0536387,1.009738675551209,apf_colreg,crossing_from_starboard,-1.0,2.245732609743279,14.277232834208494,23.567843514038593,7.85628069197518,4.57514761105325,-2.46319624524436,4.228316099766571,WEBOTS_UNKNOWN,ekf_on_cluster_on,1,1
1784374122.1851048,14.957448482513428,15.342127753778218,200.0,0.2,6.276724613381524,1.7931775869521112,0.9990801330410894,0.06789168626321428,0.02161608994174103,1784374122.2131245,None,None,None, None, 1784374122.1284425,0.9599222368498898,apf_colreg,crossing_from_starboard,-1.0,3.2150784362939273,10.143826984685543,23.882119745854844,7.986183936616008,4.548782280426899,-2.5195784244406756,4.243285066560796,WEBOTS_UNKNOWN,ekf_on_cluster_on,1,1
1784374122.2830987,15.055442333221436,38.063784647996144,200.0,0.2,6.277733984149679,1.835142022571417,0.9985402173124251,0.062128563425056606,0.02753117739734773,1784374122.2131245,None,None,None, None, 1784374122.2266405,0.9768295323258896,apf_colreg,crossing_from_starboard,-1.0,3.4034528159162747,7.44831074080734,23.598027205130435,7.852726199037534,4.51302690127188,-2.5401954198501113,4.180528636921753,WEBOTS_UNKNOWN,ekf_on_cluster_on,1,1
1784374122.3860624,15.158406019210815,200.0,200.0,0.2,6.275239558629395,1.8803407065289357,0.9979882310322039,0.031472700768893115,0.030684492436104237,1784374122.3133166,None,None,None, None, 1784374122.3875751,0.9780936992834643,apf_colreg,crossing_from_starboard,-1.0,3.496539688785548,6.3653467058973625,23.711791654722674,8.01884499771209,4.5319226742562755,-2.536265979130308,4.197800837066213,WEBOTS_UNKNOWN,ekf_on_cluster_on,1,1
1784374122.483427,15.255770683288574,200.0,200.0,0.2,6.27535626848337,1.9203603224208798,0.9972448634581752,0.08403140558002459,0.03920218309933139,1784374122.4146798,None,None,None, None, 1784374122.463368,0.9284934019240364,apf_colreg,crossing_from_starboard,-1.0,2.7324540177921017,7.681362702485925,23.775539354341486,8.063002714732644,4.492568369426081,-2.5801478471021397,4.167536315431251,WEBOTS_UNKNOWN,ekf_on_cluster_on,1,1
1784374122.5829537,15.355297327041626,200.0,200.0,0.2,6.277571104604293,1.9579497695887653,0.9965536019866987,0.10112492965543614,0.04843124963763542,1784374122.6199832,None,None,None, None, 1784374122.585955,1.0059863660331214,apf_colreg,crossing_from_starboard,-1.0,2.7208757672200994,7.9019306352133105,23.815772263544115,8.018159314091564,4.492568369426081,-2.5801478471021397,4.167536315431251,WEBOTS_UNKNOWN,ekf_on_cluster_on,1,1
1784374122.6861472,15.45849084854126,200.0,200.0,0.2,6.278447621054727,1.9942845564558427,0.9959924087573158,0.08311746827151417,0.05790991760108241,1784374122.6996567,None,None,None, None, 1784374122.6805801,1.0143528081097986,apf_colreg,crossing_from_starboard,-1.0,2.7361103691159374,8.198954084464782,23.435514819547276,7.7042944912617735,4.492568369426081,-2.5801478471021397,4.167536315431251,WEBOTS_UNKNOWN,ekf_on_cluster_on,1,1
1784374122.7952926,15.567636251449585,200.0,200.0,0.2,6.307456553035373,2.0299410186462366,0.9954607926034287,0.333543427436861,0.08448449943008504,1784374122.8062983,None,None,None, None, 1784374122.7618473,1.0527015217855313,apf_colreg,crossing_from_starboard,-1.0,2.892103048406971,8.889370505364193,23.61852150878073,6.985704787382679,4.499697185051465,-2.6409733942137708,4.135587513361015,WEBOTS_UNKNOWN,ekf_on_cluster_on,1,1
1784374122.8830562,15.655399799346924,189.8770510526272,200.0,0.2,0.06441990211372339,1.8432923692907317,1.0023295361179951,0.07856347179025991,0.09286262834173523,1784374122.8062983,1.8403615531378292,1.0024090429688859,0.12482287642214462, 1784374122.845467, 1784374122.8504682,0.9050715523679113,apf_colreg,crossing_from_starboard,-1.0,2.520538208073091,17.80687033038925,24.15964540560072,6.286839494231068,4.499697185051465,-2.6409733942137708,4.135587513361015,WEBOTS_UNKNOWN,ekf_on_cluster_on,1,1
1784374122.983289,15.755632638931274,195.61796880286985,200.0,0.2,0.06755286274346542,1.8604074606784595,1.0033500118792567,0.09215917687678038,0.10833011958777573,1784374122.9741328,None,None,None, None, 1784374122.9274046,0.9166198585252457,apf_colreg,crossing_from_starboard,-1.0,2.832231583254566,15.90221088835778,23.86822561012013,6.0383264581248195,4.470851724026793,-2.4924612228944776,4.077317185388865,WEBOTS_UNKNOWN,ekf_on_cluster_on,1,1
1784374123.0859113,15.85825490951538,200.0,200.0,0.2,0.06868770905259136,1.883458457521313,1.0047456579522682,0.08073513106798265,0.11454471495597406,1784374123.051108,None,None,None, None, 1784374123.0827982,0.9089081844314134,apf_colreg,crossing_from_starboard,-1.0,3.026646021794747,12.59147521578957,23.89684395211858,6.059382106952536,4.434211547706791,-2.4802698269581307,4.070455550593231,WEBOTS_UNKNOWN,ekf_on_cluster_on,1,1
1784374123.1842716,15.956615209579468,200.0,200.0,0.2,0.07021888337818531,1.9107222453826491,1.0063802356817169,0.09184071899821288,0.12189870960132827,1784374123.1311812,None,None,None, None, 1784374123.1586313,1.0334486719922706,apf_colreg,crossing_from_starboard,-1.0,3.649674690455342,5.717144626852873,23.97220851607267,6.1071534808060335,4.389503760919915,-2.5078204036433713,4.04303417525348,WEBOTS_UNKNOWN,ekf_on_cluster_on,1,1
1784374123.2829957,16.055339336395264,200.0,200.0,0.2,0.07131657172664015,1.9408750798053709,1.0082202217229743,0.08662627079940584,0.13491890884262053,1784374123.2814844,None,None,None, None, 1784374123.2361681,0.9402900829562624,apf_colreg,crossing_from_starboard,-1.0,3.2753353126726554,8.75669460320237,23.78680571191062,5.891203573206221,4.3686353248189285,-2.554621676815479,4.033527956783214,WEBOTS_UNKNOWN,ekf_on_cluster_on,1,1
1784374123.3832257,16.155569314956665,200.0,200.0,0.2,0.0716654381081765,1.972882802351298,1.0101939025819413,0.08070387541412227,0.1402982192486859,1784374123.3481393,None,None,None, None, 1784374123.3766923,1.058646187122504,apf_colreg,crossing_from_starboard,-1.0,3.376774232977701,7.291415568768958,23.863731694710502,5.994005501852229,4.297609699188337,-2.6216404801399427,4.004033891064722,WEBOTS_UNKNOWN,ekf_on_cluster_on,1,1
1784374123.4831848,16.255528450012207,200.0,200.0,0.2,0.07258514495603609,2.006027659279959,1.0122331892204401,0.08797336446145473,0.14736857117034088,1784374123.4285085,None,None,None, None, 1784374123.4615707,1.0683923970277147,apf_colreg,crossing_from_starboard,-1.0,3.4593322501393735,6.305687636870655,23.749574071939307,5.605876461685719,4.307731990930041,-2.5791605799023385,3.994515660141134,WEBOTS_UNKNOWN,ekf_on_cluster_on,1,1
1784374123.585055,16.357398748397827,200.0,200.0,0.2,0.0734666613224828,2.0398456444449433,1.0143463477244412,0.08638954649983983,0.15585948785585854,1784374123.526795,None,None,None, None, 1784374123.5337825,0.9206904805973165,apf_colreg,crossing_from_starboard,-1.0,3.5285038012017544,5.4924341638632095,23.74692185323335,5.670965822802405,4.298308134832434,-2.593246402265822,3.958319661090262,WEBOTS_UNKNOWN,ekf_on_cluster_on,1,1
1784374123.6830447,16.45538830757141,200.0,200.0,0.2,0.07432790707759608,2.0740550893421523,1.0165127055244758,0.08601256191014764,0.1670835187016426,1784374123.6572878,None,None,None, None, 1784374123.688259,1.0529269159053913,apf_colreg,crossing_from_starboard,-1.0,3.609713904549101,4.79698280662028,23.765106794955795,5.706020777843904,4.229053589041795,-2.6556237626122754,3.9331332871029985,WEBOTS_UNKNOWN,ekf_on_cluster_on,1,1
1784374123.7844996,16.556843280792236,200.0,200.0,0.2,0.07434252679794447,2.108489184226917,1.0187217139597602,0.07853737666706188,0.1732488738395034,1784374123.73579,None,None,None, None, 1784374123.7709293,1.0160425873941368,apf_colreg,crossing_from_starboard,-1.0,3.696162393583963,4.411140806759494,23.778032323771054,5.35683179223318,4.224293679542858,-2.6761264910586373,3.935667814723606,WEBOTS_UNKNOWN,ekf_on_cluster_on,1,1
1784374123.8849802,16.657323837280273,195.03617664394358,200.0,0.2,0.13726713330376583,1.9236341668870858,1.011947665284532,0.07872204197278831,0.1802471014787455,1784374123.824688,1.9207362716575787,1.0118290563843009,0.2587181582542435, 1784374123.849803, 1784374123.8468022,0.9609235562700659,apf_colreg,crossing_from_starboard,-1.0,3.6906346705699398,7.575421949163932,24.086583925714812,3.8279397013802643,4.224293679542858,-2.6761264910586373,3.935667814723606,WEBOTS_UNKNOWN,ekf_on_cluster_on,1,1
1784374123.9864204,16.758764028549194,199.43016646164162,200.0,0.2,0.13475561050872178,1.9400504855013816,1.0140427635834501,0.09535122624313344,0.19437438279270616,1784374123.9728484,None,None,None, None, 1784374123.927087,1.0711740091534332,apf_colreg,crossing_from_starboard,-1.0,3.7604139226390174,5.408271698155146,23.97716348094554,4.139324372782335,4.208302928379265,-2.5430104121400166,3.898130063824739,WEBOTS_UNKNOWN,ekf_on_cluster_on,1,1
1784374124.0907865,16.86313009262085,200.0,200.0,0.2,0.13359965129492538,1.962289906347831,1.016833023301149,0.08613139824743803,0.2010783657188977,1784374124.0506828,None,None,None, None, 1784374124.021987,0.9861838654190656,apf_colreg,crossing_from_starboard,-1.0,3.80134511578465,4.101592433601316,23.976496703903734,4.277648619342021,4.167188404582724,-2.559960998824693,3.8635554950585975,WEBOTS_UNKNOWN,ekf_on_cluster_on,1,1
1784374124.185668,16.958011627197266,200.0,200.0,0.2,0.13299347559464336,1.9889109862318601,1.0201371868773899,0.0832547933720834,0.20796713106346537,1784374124.133426,None,None,None, None, 1784374124.1148424,1.0509107263897914,apf_colreg,crossing_from_starboard,-1.0,3.8484535432420874,3.26224409592448,23.961313294736968,4.004410135089708,4.143933229042173,-2.5848974570980463,3.877975170351111,WEBOTS_UNKNOWN,ekf_on_cluster_on,1,1
1784374124.286663,17.059006690979004,200.0,200.0,0.2,0.13342582981330692,2.018571863147781,1.0237942363550758,0.08918171363818583,0.2163408656267108,1784374124.2991767,None,None,None, None, 1784374124.2678492,0.9236402699773474,apf_colreg,crossing_from_starboard,-1.0,3.8521728282580567,2.8332760236201793,23.976588352050452,4.010113573913425,4.06848880549472,-2.6003067271312834,3.847423380730135,WEBOTS_UNKNOWN,ekf_on_cluster_on,1,1
1784374124.383053,17.155396699905396,200.0,200.0,0.2,0.13388633242573014,2.0501962096179422,1.0277114932100255,0.08531958706598926,0.22765367919294682,1784374124.3599145,None,None,None, None, 1784374124.3462102,1.0709470333213884,apf_colreg,crossing_from_starboard,-1.0,3.863094986555945,2.3050101093020396,23.9683379064994,4.069424442655191,4.071619496366588,-2.5947123768857123,3.838210457895456,WEBOTS_UNKNOWN,ekf_on_cluster_on,1,1
1784374124.4837217,17.256065368652344,200.0,200.0,0.2,0.1752134342631062,2.0830293832449844,1.031790977096889,0.44821408817026376,0.2617249917095383,1784374124.5178285,None,None,None, None, 1784374124.5042992,1.0507268470512083,apf_colreg,crossing_from_starboard,-1.0,3.8768978550086683,2.133868022134728,24.20520972462747,2.7527417458640193,4.0184500951112625,-2.632809242389268,3.8059835633446957,WEBOTS_UNKNOWN,ekf_on_cluster_on,1,1
1784374124.5895977,17.36194133758545,200.0,200.0,0.2,0.18911213769924684,2.1162794333145367,1.037827662142865,0.08929168845726063,0.2690378213792999,1784374124.5178285,None,None,None, None, 1784374124.609579,0.9204567041963545,apf_colreg,crossing_from_starboard,-1.0,3.8872833385609926,1.8215839997004377,24.08934244666656,2.594645277285449,4.176742467158768,-2.5630203863318077,3.773896129790603,WEBOTS_UNKNOWN,ekf_on_cluster_on,1,1
1784374124.6829038,17.455247402191162,200.0,200.0,0.2,0.1968143271530552,2.1498937511176615,1.0441797335685274,0.08602474289960439,0.27852859161295623,1784374124.6989744,None,None,None, None, 1784374124.6803868,1.01521877866782,apf_colreg,crossing_from_starboard,-1.0,3.9090892389312755,1.4813889738259005,24.05258819103667,2.4719182313173342,4.202246317674365,-2.5613031056925197,3.7848222969898817,WEBOTS_UNKNOWN,ekf_on_cluster_on,1,1
1784374124.785813,17.558156728744507,200.0,200.0,0.2,0.20019466534951094,2.183722313808328,1.0507119584244768,0.07613841651050221,0.289118016970056,1784374124.7672358,None,None,None, None, 1784374124.7707567,0.9862511478750607,apf_colreg,crossing_from_starboard,-1.0,3.9147028576951115,1.3118521104370455,24.06640917506144,2.3519467933328775,4.157662959301407,-2.5581347342159555,3.7470541823154897,WEBOTS_UNKNOWN,ekf_on_cluster_on,1,1
1784374124.8829062,17.65524983406067,180.31251864656227,200.0,0.2,0.27180596289392245,2.0086916742665837,1.034015652894832,0.07412920864501223,0.2940259197986226,1784374124.8334432,2.0059314567089106,1.0337080608490474,0.40741209691223457, 1784374124.857342, 1784374124.8448215,1.042020939281606,apf_colreg,crossing_from_starboard,-1.0,3.947701421703759,1.584482854881022,24.179629779713217,0.690568570102049,4.153244083272483,-2.5710191111895644,3.727746578528245,WEBOTS_UNKNOWN,ekf_on_cluster_on,1,1
1784374124.9978971,17.770240783691406,200.0,200.0,0.2,0.2700581421480864,2.0263986563945133,1.0387783200880047,0.08852237514035179,0.30138222071947735,1784374124.9978971,None,None,None, None, 1784374125.013433,1.035940113043117,apf_colreg,crossing_from_starboard,-1.0,3.9566487978003746,1.6375158765432454,24.308009594271535,0.3693915486624316,4.18100347656041,-2.453455287359771,3.7326544886535227,WEBOTS_UNKNOWN,ekf_on_cluster_on,1,1
1784374125.0829651,17.855308771133423,200.0,200.0,0.2,0.3131490125418554,2.0493771243999,1.0449036063295019,0.5206189367825181,0.34373610660614506,1784374125.0867712,None,None,None, None, 1784374125.0887818,1.0269285756171533,apf_colreg,crossing_from_starboard,-1.0,3.936970442358697,1.4873992991800895,24.095905034815356,-0.4276499945834423,4.283349185466508,-2.3703976196606646,3.712631297368456,WEBOTS_UNKNOWN,ekf_on_cluster_on,1,1
1784374125.1867018,17.95904541015625,200.0,200.0,0.2,0.32775863701574814,2.075754109215315,1.0536692153729486,0.06966370666017473,0.3499274059523966,1784374125.1942139,None,None,None, None, 1784374125.1932073,1.0311129281797746,apf_colreg,crossing_from_starboard,-1.0,3.901763979497793,1.5092463899889004,23.99943622395535,-0.6835536954653896,4.328417779517125,-2.3298641556260864,3.696826970738619,WEBOTS_UNKNOWN,ekf_on_cluster_on,1,1
1784374125.283511,18.055854558944702,200.0,200.0,0.2,0.3630771407050737,2.1046597718756788,1.06345334347008,0.3338729064746188,0.4100926902936407,1784374125.2669754,None,None,None, None, 1784374125.2649739,0.9972907230124292,apf_colreg,crossing_from_starboard,-1.0,3.862199548401951,1.600705492030319,23.9220352059994,-1.5115635987958378,4.328417779517125,-2.3298641556260864,3.696826970738619,WEBOTS_UNKNOWN,ekf_on_cluster_on,1,1
1784374125.3833294,18.155673027038574,200.0,200.0,0.2,0.37667205131002046,2.1347282029322043,1.075031726387325,0.086360691641335,0.41710908057163265,1784374125.3482206,None,None,None, None, 1784374125.3457098,0.9504668649939809,apf_colreg,crossing_from_starboard,-1.0,3.818988267621407,1.748727436118479,23.795524146360616,-1.7737660728562814,4.380704025570692,-2.288548708334961,3.6561066140824545,WEBOTS_UNKNOWN,ekf_on_cluster_on,1,1
1784374125.4876366,18.25998020172119,200.0,200.0,0.2,0.3851311179432327,2.1656983279454822,1.0871960957424696,0.09412538051261106,0.42999329183507135,1784374125.485104,None,None,None, None, 1784374125.5011573,1.0527184186650342,apf_colreg,crossing_from_starboard,-1.0,3.752802032331342,1.6819716315119684,23.912123602976973,-1.5317370441965523,4.431192151746551,-2.2068417512676675,3.6412718398277737,WEBOTS_UNKNOWN,ekf_on_cluster_on,1,1
1784374125.5864627,18.358806371688843,200.0,200.0,0.2,0.39169514546259887,2.1971916921716845,1.0997516545611465,0.10268548381707782,0.43781765726030497,1784374125.5613015,None,None,None, None, 1784374125.5809116,0.9589512914583399,apf_colreg,crossing_from_starboard,-1.0,3.6975929116456046,2.007339430827397,23.797244789746912,-1.7044245314637425,4.452270802937197,-2.2082092179266852,3.6284509054562784,WEBOTS_UNKNOWN,ekf_on_cluster_on,1,1
1784374125.6926556,18.464999198913574,200.0,200.0,0.2,0.39521078103506346,2.228964373846516,1.112607461152857,0.08637349625548268,0.446005102367227,1784374125.6560926,None,None,None, None, 1784374125.6881325,1.0675225882898576,apf_colreg,crossing_from_starboard,-1.0,3.634757032553532,2.327869222254804,23.365169401625828,-2.7134566526627557,4.421835500358307,-2.1802331333786515,3.6201773578744745,WEBOTS_UNKNOWN,ekf_on_cluster_on,1,1
1784374125.7832239,18.555567502975464,200.0,200.0,0.2,0.3978365774299029,2.2609130360747764,1.1256120513161236,0.08919702498482113,0.45351997060660865,1784374125.7403429,None,None,None, None, 1784374125.7678602,1.0119415377875363,apf_colreg,crossing_from_starboard,-1.0,3.5744672331434146,2.737006256144622,23.242079569249473,-2.9153247241998033,4.424135948241577,-2.1855958221097764,3.6115059887801855,WEBOTS_UNKNOWN,ekf_on_cluster_on,1,1
1784374125.9090571,18.681400775909424,181.6523399830469,200.0,0.2,0.451696499171761,2.089056611519316,1.068458260828928,0.0819787409087236,0.46246966465528533,1784374125.8495138,2.0863637099968173,1.0675301962514128,0.5528582037518923, 1784374125.870033, 1784374125.8740342,1.0964787661571687,apf_colreg,crossing_from_starboard,-1.0,3.2928002521930573,7.504067600015188,23.506786487493372,-3.231352308221405,4.3748307120566885,-2.192598140994803,3.5799312386581548,WEBOTS_UNKNOWN,ekf_on_cluster_on,1,1
1784374126.0470235,18.819367170333862,185.1725394393526,200.0,0.2,0.4493740473334742,2.1050307729627606,1.076025339424413,0.08520477313134125,0.47801836807998893,1784374126.032,None,None,None, None, 1784374126.0445154,1.0557700378371708,apf_colreg,crossing_from_starboard,-1.0,3.259276586664329,6.7547607576027495,23.456927259316046,-2.9521592331793234,4.332200683437859,-2.16007507444378,3.567488858103185,WEBOTS_UNKNOWN,ekf_on_cluster_on,1,1
1784374126.1471097,18.919453382492065,189.1485449118633,200.0,0.2,0.4478501235822962,2.126804596047845,1.086271989457676,0.07839029805526711,0.48680613582727195,1784374126.1441028,None,None,None, None, 1784374126.1441028,0.9584111274572333,apf_colreg,crossing_from_starboard,-1.0,3.3373510230201084,5.287290440376294,23.52131446055538,-2.840982830666005,4.332200683437859,-2.16007507444378,3.567488858103185,WEBOTS_UNKNOWN,ekf_on_cluster_on,1,1
1784374126.1946883,18.967031955718994,193.40669144584612,200.0,0.2,0.4468417999847004,2.1526922260046852,1.0983917886300363,0.07839029805526711,0.5024841954383253,1784374126.1441028,None,None,None, None, 1784374126.1441028,0.9584111274572333,apf_colreg,crossing_from_starboard,-1.0,3.2226483238774173,5.779165995129733,23.435038749926633,-2.8715898825778914,4.2301939977810745,-2.2032007877209256,3.5250916605290756,WEBOTS_UNKNOWN,ekf_on_cluster_on,1,1
1784374126.2859278,19.058271408081055,196.6811647959525,200.0,0.2,0.449031061290501,2.1811442642773082,1.1116658445099064,0.10522494052416949,0.5121879211685313,1784374126.2363217,None,None,None, None, 1784374126.2363217,0.9681351631230742,apf_colreg,crossing_from_starboard,-1.0,3.146361048144834,6.150676924220769,23.03596226175383,-3.6778161653783963,4.217164063555484,-2.2163315744579917,3.5144143040401388,WEBOTS_UNKNOWN,ekf_on_cluster_on,1,1
1784374126.3933895,19.165733098983765,200.0,200.0,0.2,0.4493253236651249,2.210991124323896,1.125701196484679,0.07811801587001396,0.5241812219625092,1784374126.3898497,None,None,None, None, 1784374126.404393,0.9120059377802947,apf_colreg,crossing_from_starboard,-1.0,3.176376608273387,5.727734405025879,23.497784592645427,-3.411116539634307,4.197516267339719,-2.1810558542898404,3.5028610914923344,WEBOTS_UNKNOWN,ekf_on_cluster_on,1,1
1784374126.483455,19.25579857826233,200.0,200.0,0.2,0.44791399859601744,2.2415400732846518,1.140051122085387,0.06694026485474176,0.5294088553799178,1784374126.4679437,None,None,None, None, 1784374126.478951,0.9344482153241433,apf_colreg,crossing_from_starboard,-1.0,2.9604641686730306,6.901136684939284,23.5503331842944,-3.4934256908226327,4.197516267339719,-2.1810558542898404,3.5028610914923344,WEBOTS_UNKNOWN,ekf_on_cluster_on,1,1
1784374126.5829692,19.355312824249268,200.0,200.0,0.2,0.4476971458775114,2.2725285734097627,1.1545227459890086,0.08309022260625268,0.536123481139453,1784374126.548755,None,None,None, None, 1784374126.5567615,1.046811650303607,apf_colreg,crossing_from_starboard,-1.0,2.9205917593070767,7.0220388018519815,23.577339322687145,-3.6003960316311625,4.1851479494145885,-2.191675778116072,3.4945603030274484,WEBOTS_UNKNOWN,ekf_on_cluster_on,1,1
1784374126.6830857,19.455429315567017,200.0,200.0,0.2,0.44823979966647615,2.3037524646626215,1.1691040660889533,0.08762806445607627,0.542429883678799,1784374126.6207228,None,None,None, None, 1784374126.6387413,1.0253927238528289,apf_colreg,crossing_from_starboard,-1.0,2.8146975263245197,7.744652131416364,23.39020481256673,-3.7638831841277303,4.123239097044524,-2.192173807250701,3.468238162526864,WEBOTS_UNKNOWN,ekf_on_cluster_on,1,1
1784374126.7845888,19.55693244934082,200.0,200.0,0.2,0.44801079943234323,2.3350988994548953,1.183774653986929,0.07824080217430547,0.5547238984653721,1784374126.7778533,None,None,None, None, 1784374126.790597,1.0232258920246537,apf_colreg,crossing_from_starboard,-1.0,2.7077268407043933,8.487472907373744,23.265801414933385,-3.847258782878236,4.131969420921874,-2.180293924638144,3.456678353582417,WEBOTS_UNKNOWN,ekf_on_cluster_on,1,1
1784374126.8933494,19.665693044662476,171.0095807383725,200.0,0.2,0.5673159785324646,2.1649490403601224,1.1146357551748651,0.5288434212759063,0.5914162135730756,1784374126.8472354,2.1622867549813196,1.1135285868515243,0.6992023957422475, 1784374126.880301, 1784374126.854258,1.0898990769725658,apf_colreg,crossing_from_starboard,-1.0,0.17839360299135176,23.56080201665312,22.79208801740884,-5.9524841008796425,4.132922396880998,-2.14908542624376,3.4485240116254845,WEBOTS_UNKNOWN,ekf_on_cluster_on,1,1
1784374126.9853473,19.757690906524658,166.32928230850285,200.0,0.2,0.5844773873697614,2.180101090074776,1.1244685354863253,0.08897672709783735,0.5977934987381183,1784374126.9923387,None,None,None, None, 1784374126.929911,0.922816303067655,apf_colreg,crossing_from_starboard,-1.0,1.44730685797283,20.189531803321778,23.833948182782198,-6.4574671423668875,4.280148103508589,-1.9949615792475008,3.42443148606831,WEBOTS_UNKNOWN,ekf_on_cluster_on,1,1
1784374127.0836217,19.85596537590027,-200.0,-200.0,0.2,0.5953542190441402,2.201215885821952,1.1384492454010697,0.10405765068019265,0.6133148276080443,1784374127.06807,None,None,None, None, 1784374127.0877275,1.0497493230947812,apf_colreg,crossing_from_starboard,-1.0,1.6829320193924573,17.45948601097004,24.153502435022187,-7.035526918550737,4.308647860160838,-1.9758097570615454,3.4155517825779023,WEBOTS_UNKNOWN,ekf_on_cluster_on,1,1
1784374127.1827927,19.9551362991333,-200.0,-200.0,0.2,0.6075092458766365,2.224910220640316,1.1549416037704738,0.0024068340631615056,0.6135222198077842,1784374127.154238,None,None,None, None, 1784374127.1642292,0.9826523489122759,apf_colreg,crossing_from_starboard,-1.0,1.6342188786285798,17.049370639956848,24.05438879261611,-7.502120908851056,4.300828399084938,-1.9748818141374544,3.3913197658059255,WEBOTS_UNKNOWN,ekf_on_cluster_on,1,1
1784374127.2836862,20.056029796600342,-200.0,-200.0,0.2,0.6183814751782871,2.250267439202573,1.173147226392904,-0.02607810623712929,0.611613545242207,1784374127.2274287,None,None,None, None, 1784374127.256502,0.9651818057023539,apf_colreg,crossing_from_starboard,-1.0,1.4819976569035391,17.321269793185518,24.003644728973793,-8.000137301413606,4.37758281392088,-1.888240219386556,3.384505231567451,WEBOTS_UNKNOWN,ekf_on_cluster_on,1,1
1784374127.3918169,20.16416049003601,-200.0,-200.0,0.2,0.626752986412334,2.2766049974501468,1.1925004261838525,-0.04696323051813586,0.607958583778967,1784374127.4293532,None,None,None, None, 1784374127.3495028,0.971744123042153,apf_colreg,crossing_from_starboard,-1.0,1.2435116018462382,18.127183086083143,23.91923275739332,-8.421662030471415,4.456298232920384,-1.8344370382020783,3.374903062156295,WEBOTS_UNKNOWN,ekf_on_cluster_on,1,1
1784374127.4929671,20.265310764312744,-200.0,-200.0,0.2,0.6307705347547443,2.303502985120616,1.212582372706406,-0.07797885848329464,0.5982815213408214,1784374127.5251405,None,None,None, None, 1784374127.4597278,0.9008977677414018,apf_colreg,crossing_from_starboard,-1.0,0.8184566560752192,18.931178067412468,24.69045202733027,-11.288744579157175,4.560713446639132,-1.724432672944146,3.358057310944971,WEBOTS_UNKNOWN,ekf_on_cluster_on,1,1
1784374127.6668367,20.439180374145508,-200.0,-200.0,0.2,0.6120223633706923,2.3307714480480306,1.2330410763901383,-0.26569879834589466,0.5491463264567592,1784374127.6142814,None,None,None, None, 1784374127.668346,1.0717843587192029,apf_colreg,crossing_from_starboard,-1.0,2.1557969170664153,15.162958985259472,24.843149928008028,-10.80461945909471,4.621198692028927,-1.6542093482872242,3.3506429837935876,WEBOTS_UNKNOWN,ekf_on_cluster_on,1,1
1784374127.8386142,20.610957860946655,-200.0,-200.0,0.2,0.6057487808636405,2.3588414927957646,1.252929822381406,-0.08925307386705947,0.5302408568193988,1784374127.8261,None,None,None, None, 1784374127.8130355,0.968136404438581,apf_colreg,crossing_from_starboard,-1.0,2.7170367260254698,10.685134182185084,24.809275376375027,-10.173401748717568,4.6524030726829855,-1.5903366695390309,3.3260599555572137,WEBOTS_UNKNOWN,ekf_on_cluster_on,1,1
1784374127.9555285,20.727872133255005,-200.0,-200.0,0.2,0.587745311231433,2.2301987632477465,1.166452380732377,-0.4462770022235962,0.48811489309183836,1784374128.010661,2.2275508090388496,1.1646576283790977,0.6405720351107149, 1784374127.881241, 1784374127.944523,0.9510784053069624,apf_colreg,crossing_from_starboard,-1.0,3.2426057647132356,5.239596503561031,25.337562737299947,-10.506627208979758,4.6524030726829855,-1.5903366695390309,3.3260599555572137,WEBOTS_UNKNOWN,ekf_on_cluster_on,1,1
1784374128.1430414,20.915385007858276,-200.0,-200.0,0.2,0.5731823431049053,2.2448795679264357,1.1761097499944797,-0.08919967364211719,0.4800720645853644,1784374128.010661,None,None,None, None, 1784374128.0562098,0.9403974457826326,apf_colreg,crossing_from_starboard,-1.0,3.1507350759162778,6.178601238788179,25.676731823282495,-8.879296570328568,4.529337012565127,-1.6408118021375577,3.285099634002453,WEBOTS_UNKNOWN,ekf_on_cluster_on,1,1
1784374128.4505064,21.22285008430481,-200.0,-200.0,0.2,0.5295721551465188,2.264335329486169,1.1887105314726485,-0.44601171056585615,0.2865727327799462,1784374128.4445045,None,None,None, None, 1784374128.4259915,0.9707835654783395,apf_colreg,crossing_from_starboard,-1.0,2.936133347901248,10.347984445479891,25.993905778375915,-8.177557161714427,4.531995386851126,-1.6382106397390932,3.277972798640942,WEBOTS_UNKNOWN,ekf_on_cluster_on,1,1
1784374128.5588667,21.331210374832153,-200.0,-200.0,0.2,0.5112262054586729,2.288042597643236,1.2023044943047074,-0.09382252232025473,0.2778138249540451,1784374128.5378606,None,None,None, None, 1784374128.5323515,0.9302379151387484,apf_colreg,crossing_from_starboard,-1.0,2.7145780263532093,12.545414631396321,26.05665798024648,-8.292296753904163,4.531995386851126,-1.6382106397390932,3.277972798640942,WEBOTS_UNKNOWN,ekf_on_cluster_on,1,1
1784374128.7028625,21.47520613670349,-200.0,-200.0,0.2,0.5030917224564619,2.3143739670532533,1.2170664894668661,-0.0720450336856558,0.26907429988406284,1784374128.659167,None,None,None, None, 1784374128.6743476,0.9492483757895623,apf_colreg,crossing_from_starboard,-1.0,1.601998163301507,15.25359181746028,26.03187616124041,-8.361452627680949,4.516189592093937,-1.6109305471187323,3.260539532693667,WEBOTS_UNKNOWN,ekf_on_cluster_on,1,1
1784374128.8023708,21.574714422225952,-200.0,-200.0,0.2,0.448171172274649,2.342358622248276,1.232658733552579,-0.534986427361384,0.23069135942937244,1784374128.7309127,None,None,None, None, 1784374128.7788239,0.9603190766402893,apf_colreg,crossing_from_starboard,-1.0,1.4259301324382105,15.617115695645776,26.3448892270435,-7.296475724023791,4.516189592093937,-1.6109305471187323,3.260539532693667,WEBOTS_UNKNOWN,ekf_on_cluster_on,1,1
1784374128.9457676,21.718111276626587,-200.0,-200.0,0.2,0.4480374608950649,2.280304982508284,1.2030990480345765,-0.2680292205059776,0.1736401644357705,1784374128.943767,2.276419495026869,1.2012589426861078,0.5373793340740463, 1784374128.887733, 1784374128.913739,0.9582952827800139,apf_colreg,crossing_from_starboard,-1.0,2.5270686174725325,8.570165220820096,26.40599876049007,-7.374182169610039,4.455411415358104,-1.6476809270944834,3.2348059185478397,WEBOTS_UNKNOWN,ekf_on_cluster_on,1,1
1784374129.0794618,21.851805448532104,-200.0,-200.0,0.2,0.4314816516591216,2.3000728505707104,1.2124071925262907,-0.08639096423507907,0.16334431899196575,1784374129.0629444,None,None,None, None, 1784374129.04594,0.9427261860145356,apf_colreg,crossing_from_starboard,-1.0,2.2200985879554147,11.634511740883061,26.560735726550188,-5.860210283944951,4.451323137721657,-1.6089628847050332,3.205381704252271,WEBOTS_UNKNOWN,ekf_on_cluster_on,1,1
1784374129.2211485,21.993492126464844,-200.0,-200.0,0.2,0.42747245740905343,2.324011776453382,1.223445195998572,-0.044639663407620336,0.15759991722996528,1784374129.1916282,None,None,None, None, 1784374129.1741147,1.0411107319722073,apf_colreg,crossing_from_starboard,-1.0,1.9079955574353769,13.439665671212476,26.55896317379713,-6.3782933219192195,4.451323137721657,-1.6089628847050332,3.205381704252271,WEBOTS_UNKNOWN,ekf_on_cluster_on,1,1
1784374129.325134,22.097477674484253,-200.0,-200.0,0.2,0.39300353050330866,2.3508176482016223,1.2358774448393055,-0.38104097801740455,0.12485184615313205,1784374129.277572,None,None,None, None, 1784374129.3621986,0.9334602051126465,apf_colreg,crossing_from_starboard,-1.0,1.8879857380831249,13.7739659399348,26.704897190330236,-5.72094007068701,4.538958063789382,-1.5307709233076734,3.1871163546322925,WEBOTS_UNKNOWN,ekf_on_cluster_on,1,1
1784374129.462582,22.234925746917725,-200.0,-200.0,0.2,0.38188412591462406,2.3800198018550036,1.24786363563648,-0.0723596831791493,0.11628295173887376,1784374129.4937017,None,None,None, None, 1784374129.4897027,1.0252273015261393,apf_colreg,crossing_from_starboard,-1.0,1.7960569560684976,14.244340516547611,26.712247369246555,-5.603007316443141,4.500647288064118,-1.537543649600766,3.163992888649683,WEBOTS_UNKNOWN,ekf_on_cluster_on,1,1
1784374129.667915,22.440258741378784,-200.0,-200.0,0.2,0.38133740177814573,2.4104695562684513,1.260215952612282,-0.03264049990563029,0.10876338711007863,1784374129.7170076,None,None,None, None, 1784374129.6999884,1.0340445555608648,apf_colreg,crossing_from_starboard,-1.0,1.9030519144292577,14.167878899347288,26.672893405122096,-5.562176031051694,4.549162362842354,-1.489710203346852,3.16040547502565,WEBOTS_UNKNOWN,ekf_on_cluster_on,1,1
1784374129.8547323,22.627075910568237,-200.0,-200.0,0.2,0.3702498837699899,2.4416007849229557,1.273019017561519,-0.167499623348394,0.09358128972077186,1784374129.88577,None,None,None, None, 1784374129.9263296,1.0994821575634888,apf_colreg,crossing_from_starboard,-1.0,2.0514721985311613,14.216345896384203,26.677087202027337,-5.3029619044018474,4.659033002915543,-1.3979770894903567,3.132401453355767,WEBOTS_UNKNOWN,ekf_on_cluster_on,1,1
1784374130.02897,22.801313638687134,-200.0,-200.0,0.2,0.387059984523158,2.3372493411173267,1.2378865907309837,-0.04247646265321073,0.08084127970464894,1784374130.0169387,2.332883923597229,1.2363571618176743,0.424804335436221, 1784374129.88877, 1784374130.0229611,1.064698139578692,apf_colreg,crossing_from_starboard,-1.0,3.14178193511623,2.881070713066721,26.655951406860773,-4.793320480876081,4.663737926535144,-1.384902053021065,3.131721160142434,WEBOTS_UNKNOWN,ekf_on_cluster_on,1,1
1784374130.182675,22.955018520355225,-200.0,-200.0,0.2,0.3725188208106066,2.3547481154539756,1.245224294778036,-0.26802988435601277,0.05279181897893835,1784374130.224238,None,None,None, None, 1784374130.130589,1.0611756176839515,apf_colreg,crossing_from_starboard,-1.0,3.0243163868937946,6.473227733798621,26.78726629249917,-5.308650622832991,4.679875526401573,-1.2771846609496653,3.098610661067687,WEBOTS_UNKNOWN,ekf_on_cluster_on,1,1
1784374130.3477387,23.12008237838745,-200.0,-200.0,0.2,0.3661178283470371,2.3772918110046164,1.2541062108241299,-0.08919161934185499,0.03288887791538442,1784374130.3447373,None,None,None, None, 1784374130.3597438,1.0233099791917228,apf_colreg,crossing_from_starboard,-1.0,2.797767492961413,9.964119706725905,26.75791436638119,-5.500034986331598,4.7164197403804,-1.2072625750610169,3.072043907512689,WEBOTS_UNKNOWN,ekf_on_cluster_on,1,1
1784374130.4886549,23.260998487472534,-200.0,-200.0,0.2,0.3609562379266586,2.4034570759225113,1.2643238918417636,-0.10161290814467969,0.022333021330340652,1784374130.4486203,None,None,None, None, 1784374130.4751458,0.9792747534541689,apf_colreg,crossing_from_starboard,-1.0,2.3999591384850127,11.981749132712412,26.724651001927622,-5.61606972270625,4.762439839221302,-1.1356234765557467,3.052906456996733,WEBOTS_UNKNOWN,ekf_on_cluster_on,1,1
1784374130.674135,23.446478605270386,-200.0,-200.0,0.2,0.3587614763008979,2.43209518513593,1.2753799334644884,-0.08115389856725602,0.012226107453403433,1784374130.6936514,None,None,None, None, 1784374130.603411,0.9116860480764886,apf_colreg,crossing_from_starboard,-1.0,2.233169554557022,12.957260989268205,26.660749418718872,-5.771217186860863,4.762439839221302,-1.1356234765557467,3.052906456996733,WEBOTS_UNKNOWN,ekf_on_cluster_on,1,1
1784374130.8079767,23.580320358276367,-200.0,-200.0,0.2,0.33681373906021556,2.462291783244674,1.2870142478392077,-0.26808111300107085,6.263110045785136,1784374130.8246958,None,None,None, None, 1784374130.8159735,1.0423798939163513,apf_colreg,crossing_from_starboard,-1.0,2.4675354273965575,9.987027300086858,26.757163806084492,-4.331428608752708,4.844914939307368,-1.0475714080454164,3.0182722418537393,WEBOTS_UNKNOWN,ekf_on_cluster_on,1,1
1784374130.9158237,23.688167333602905,-200.0,-200.0,0.2,0.31591560204309055,2.4131855881114377,1.273072222427123,-0.07870408617974761,6.245427378816995,1784374130.9183242,2.4096403487988707,1.2719705222228137,0.2814050418015901, 1784374130.895792, 1784374130.9037945,1.0665782291449664,apf_colreg,crossing_from_starboard,-1.0,2.9944560774366344,5.129210580099934,26.955879789706778,-4.074449794106868,4.868757030481459,-1.00994394795761,3.0060096590654783,WEBOTS_UNKNOWN,ekf_on_cluster_on,1,1
1784374131.0759013,23.8482449054718,-200.0,-200.0,0.2,0.31846586791929926,2.4363161905234145,1.2807920679375193,-0.04247519613266701,6.240413289128794,1784374131.0363717,None,None,None, None, 1784374131.0393686,1.0690854418108566,apf_colreg,crossing_from_starboard,-1.0,2.8208649191909596,6.44488992821058,26.91366043650986,-4.543528343208541,4.81660721715707,-1.001091446286074,2.974284226918891,WEBOTS_UNKNOWN,ekf_on_cluster_on,1,1
1784374131.2227983,23.995141983032227,-200.0,-200.0,0.2,0.28225592414967887,2.463020135507192,1.2898899612535217,-0.4465818249009999,6.158052171506313,1784374131.2207973,None,None,None, None, 1784374131.260351,0.9928845776843405,apf_colreg,crossing_from_starboard,-1.0,2.62850535585982,7.715746974782191,27.020252110319994,-3.8153833693760966,4.837716247331659,-0.9675176794633406,2.9487910770638335,WEBOTS_UNKNOWN,ekf_on_cluster_on,1,1
1784374131.4389372,24.211280822753906,-200.0,-200.0,0.2,0.26779155251086056,2.4925575438801713,1.2983116373867398,-0.09583042691936113,6.146968565999519,1784374131.4479427,None,None,None, None, 1784374131.4121203,1.0285717953235536,apf_colreg,crossing_from_starboard,-1.0,2.450269683447314,8.757350892456373,27.03564529226519,-3.628693758454834,4.837716247331659,-0.9675176794633406,2.9487910770638335,WEBOTS_UNKNOWN,ekf_on_cluster_on,1,1
1784374131.540905,24.31324863433838,-200.0,-200.0,0.2,0.26009409970442643,2.523721991689589,1.3069301808557219,-0.0863964407446854,6.137336493632656,1784374131.4479427,None,None,None, None, 1784374131.5589151,0.9185021905248509,apf_colreg,crossing_from_starboard,-1.0,2.3152825066145146,9.580871587086058,26.929180009925417,-2.3559404463500866,4.872034095164946,-0.9150472494186308,2.9293147009543596,WEBOTS_UNKNOWN,ekf_on_cluster_on,1,1
1784374131.6755114,24.44785499572754,-200.0,-200.0,0.2,0.2549811382027236,2.5558854281061505,1.3156922020200694,-0.09233122811892587,6.124826342893977,1784374131.6900313,None,None,None, None, 1784374131.6735103,1.089062465390417,apf_colreg,crossing_from_starboard,-1.0,2.249694766591669,9.797578823306122,27.005858839110566,-2.7025085782511917,4.872034095164946,-0.9150472494186308,2.9293147009543596,WEBOTS_UNKNOWN,ekf_on_cluster_on,1,1
1784374131.7945445,24.566888093948364,-200.0,-200.0,0.2,0.2539906759632336,2.588658965594777,1.3245044431702517,-0.06863568611221976,6.112624280227756,1784374131.761215,None,None,None, None, 1784374131.7652152,0.9171163606132563,apf_colreg,crossing_from_starboard,-1.0,2.416275784839467,8.974023957868674,26.95231865735275,-2.622046226134173,4.962994182218155,-0.8299498826796424,2.8821872341177803,WEBOTS_UNKNOWN,ekf_on_cluster_on,1,1
1784374131.9524882,24.7248318195343,-200.0,-200.0,0.2,0.21787577163906197,2.496228802297994,1.2978537800611913,-0.09231152257532443,6.102286381150933,1784374131.9800239,2.4921952165735575,1.2967103881346842,0.13532534714261413, 1784374131.899234, 1784374131.9780242,0.9141543676863246,apf_colreg,crossing_from_starboard,-1.0,3.2993082325070286,0.0,23.78673272854232,0.8694527371241358,5.051918383149834,-0.6759933158459303,2.856351136794128,WEBOTS_UNKNOWN,ekf_on_cluster_on,1,1
1784374132.2082918,24.980635404586792,-200.0,-200.0,0.2,0.21972087463531492,2.516465399419664,1.3025353349324964,-0.08639113099034272,6.073856634527678,1784374132.202286,None,None,None, None, 1784374132.2092927,1.0014109355149599,apf_colreg,overtaking,-1.0,3.3057927939485485,0.04023970796433663,26.92402071950394,-0.9969031173289231,4.923205187099587,-0.710847569405756,2.8215244343350343,WEBOTS_UNKNOWN,ekf_on_cluster_on,1,1
1784374132.3384726,25.11081624031067,-200.0,-200.0,0.2,0.22014994116040346,2.5414139783269185,1.3083657587895063,-0.0892979191341462,6.06294519416961,1784374132.3244774,None,None,None, None, 1784374132.3109605,0.9809048136869344,apf_colreg,overtaking,-1.0,3.318814339588794,0.4543250820555605,27.127382411125126,-2.7138828275336264,4.990683837617702,-0.5775189762806325,2.7933622590375897,WEBOTS_UNKNOWN,ekf_on_cluster_on,1,1
1784374132.4928143,25.26515793800354,-200.0,-200.0,0.2,0.22064179445842916,2.5697184219836724,1.314995703056857,-0.08114922238661534,6.053347933618822,1784374132.4427443,None,None,None, None, 1784374132.4332318,0.9944999530382952,apf_colreg,overtaking,-1.0,3.27375398077833,1.551977011526104,27.099665599037532,-2.862096635319373,4.990683837617702,-0.5775189762806325,2.7933622590375897,WEBOTS_UNKNOWN,ekf_on_cluster_on,1,1
1784374132.669546,25.44188952445984,-200.0,-200.0,0.2,0.21588256277064433,2.600233712724016,1.3221712911194534,-0.1274660542549357,6.040139377770968,1784374132.6935802,None,None,None, None, 1784374132.6805537,0.9206360228838238,apf_colreg,overtaking,-1.0,3.260075115156735,1.1483556817183664,21.14944243767841,-2.029111830320332,5.068203150035278,-0.45678629719774494,2.7647884527561652,WEBOTS_UNKNOWN,ekf_on_cluster_on,1,1
1784374132.868801,25.64114475250244,-200.0,-200.0,0.2,0.21200675287023948,2.632177582007436,1.3294660847294275,-0.10308128256721091,6.007573337341924,1784374132.8622942,None,None,None, None, 1784374132.8217726,0.9824560744971554,apf_colreg,overtaking,-1.0,3.289532450451162,0.6487968742734167,21.126344072610777,-2.284824940685046,5.11220067860822,-0.3887124293400629,2.743217119670221,WEBOTS_UNKNOWN,ekf_on_cluster_on,1,1
1784374132.9793382,25.751681804656982,-200.0,-200.0,0.2,0.14845023112479422,2.575865767859732,1.309948630131617,-0.10308128256721091,5.986957080828482,1784374133.0223775,2.571943498345538,1.308765635375893,6.281812218777735, 1784374132.907245, 1784374132.930299,1.0605393739286966,apf_colreg,overtaking,-1.0,3.5374473086666036,0.0,21.29622082141282,-1.0218294926595206,5.178376089185484,-0.30328824115779157,2.7176854822968846,WEBOTS_UNKNOWN,ekf_on_cluster_on,1,1
1784374133.2092485,25.981592178344727,-200.0,-200.0,0.2,0.13918938665296568,2.5991382372895733,1.3136286024637769,-0.19107126110480957,5.929558860426643,1784374133.1626964,None,None,None, None, 1784374133.1957319,1.0530335564447988,apf_colreg,overtaking,-1.0,3.425078970653547,0.0,21.27226815310368,-0.5684487377540923,5.178376089185484,-0.30328824115779157,2.7176854822968846,WEBOTS_UNKNOWN,ekf_on_cluster_on,1,1
1784374133.3283956,26.100739240646362,-200.0,-200.0,0.2,0.13703026312263578,2.6264910004326496,1.3176013129636006,-0.0686675484372986,5.9209304112904455,1784374133.2883518,None,None,None, None, 1784374133.3118725,1.00133626153101,apf_colreg,overtaking,-1.0,3.352313044713625,0.0,21.261921759775827,-0.6105648578023692,5.028714454308078,-0.40186931420539596,2.67811429628784,WEBOTS_UNKNOWN,ekf_on_cluster_on,1,1
1784374133.5357652,26.308108806610107,-200.0,-200.0,0.2,0.10863689791671778,2.6565924261862004,1.3220041648998226,-0.3348698619891606,5.846288426958095,1784374133.5112503,None,None,None, None, 1784374133.5277658,1.0989542069919713,apf_colreg,overtaking,-1.0,3.2829295303112036,0.0,21.295133659738404,-0.28432189579583467,5.091023971994344,-0.3550537598558258,2.6604958533065224,WEBOTS_UNKNOWN,ekf_on_cluster_on,1,1
1784374133.6744664,26.446810007095337,-200.0,-200.0,0.2,0.09832398325859765,2.688583428832574,1.3254645009815462,-0.08638582223751806,5.83508493198171,1784374133.6409416,None,None,None, None, 1784374133.6399415,0.9532800638662,apf_colreg,overtaking,-1.0,3.2508134748094193,0.0,21.325202639300784,-0.2511066475593843,5.095383360520858,-0.3390229235501264,2.6261478218317253,WEBOTS_UNKNOWN,ekf_on_cluster_on,1,1
1784374133.9842637,26.75660729408264,-200.0,-200.0,0.2,0.03470085925496066,2.647116644042807,1.311443046282114,-0.08615676030320661,5.805419225792418,1784374133.985264,2.642313928950255,1.3103201947536245,6.162536132174149, 1784374133.924664, 1784374133.9471884,0.9534639429656515,apf_colreg,overtaking,-1.0,3.246343826603147,0.0,21.220087352941853,1.6021590593790527,5.095383360520858,-0.3390229235501264,2.6261478218317253,WEBOTS_UNKNOWN,ekf_on_cluster_on,1,1
1784374134.198617,26.97096061706543,-200.0,-200.0,0.2,0.03351595717578448,2.671441493906173,1.3124508751669042,-0.08635795293454687,5.787339973030484,1784374134.1946166,None,None,None, None, 1784374134.2531502,1.095073985752056,apf_colreg,overtaking,-1.0,3.0845951843248263,0.0,21.455065165660155,0.9061094949604214,5.041019621183123,-0.2587261305875161,2.5450713275561445,WEBOTS_UNKNOWN,ekf_on_cluster_on,1,1
1784374134.3656356,27.13797926902771,-200.0,-200.0,0.2,0.02106778080351216,2.699611148356763,1.3136319310269209,-0.19957839510124656,5.766125337561256,1784374134.3009138,None,None,None, None, 1784374134.2531502,1.095073985752056,apf_colreg,crossing_from_starboard,-1.0,2.853094219233846,1.8109348439341173,21.17724469818119,1.9674790145940433,5.041019621183123,-0.2587261305875161,2.5450713275561445,WEBOTS_UNKNOWN,ekf_on_cluster_on,1,1
1784374134.5241659,27.296509504318237,-200.0,-200.0,0.2,0.01545473994951489,2.7303806873546868,1.3144246497026923,-0.09239953159263309,5.755751146701698,1784374134.5331678,None,None,None, None, 1784374134.5271652,0.9125886427101099,apf_colreg,crossing_from_starboard,-1.0,2.64211308359408,3.1190658943647316,21.72421836135824,0.8081988316351736,5.07145829554634,-0.15013451489966345,2.5092443054921523,WEBOTS_UNKNOWN,ekf_on_cluster_on,1,1
1784374134.6989162,27.471259832382202,-200.0,-200.0,0.2,-0.004997050676341316,2.762790754967596,1.3151543562774823,-0.24304416945973423,5.7022485669457845,1784374134.722092,None,None,None, None, 1784374134.7144291,1.0858815002519844,apf_colreg,crossing_from_starboard,-1.0,2.496416993847445,3.8692533649427294,27.00296769531129,2.5328654313543444,5.129565557309369,-0.06902111239780072,2.4755959578532343,WEBOTS_UNKNOWN,ekf_on_cluster_on,1,1
1784374134.8845806,27.6569242477417,-200.0,-200.0,0.2,6.277095315152968,2.796190599008979,1.315061419455743,-0.02729602765624494,5.69661320481363,1784374134.9441602,None,None,None, None, 1784374134.923639,0.9849856000235265,apf_colreg,crossing_from_starboard,-1.0,2.3070576159816785,4.795357395194243,21.098549962723986,2.623432715547148,5.154800624332535,-0.02928129941739998,2.4465817350037495,WEBOTS_UNKNOWN,ekf_on_cluster_on,1,1
1784374135.1734812,27.94582486152649,-200.0,-200.0,0.2,-0.08705655032434288,2.7308769053916797,1.3017010656451447,-0.19142915099045266,5.63330709772724,1784374135.1704805,2.7264105073526306,1.3010966762976708,6.019136790599712, 1784374134.925639, 1784374135.1444545,1.0720849475364767,apf_colreg,crossing_from_starboard,-1.0,2.686247384251903,1.6557829226131722,20.957138406731662,4.028741889721378,5.1993742002667345,0.08890411813572537,2.4135393749976646,WEBOTS_UNKNOWN,ekf_on_cluster_on,1,1
1784374135.401544,28.173887729644775,-200.0,-200.0,0.2,6.172568503757483,2.753940749506212,1.2997935816944732,-0.29689566566099873,5.568719840702302,1784374135.3880224,None,None,None, None, 1784374135.3759954,0.9880235988791641,apf_colreg,crossing_from_starboard,-1.0,2.3039226232404846,4.362209920540716,20.649929263195823,5.1422486414270026,5.013158341346087,-0.03164736583514404,2.3777815440780867,WEBOTS_UNKNOWN,ekf_on_cluster_on,1,1
1784374135.5597477,28.332091331481934,-200.0,-200.0,0.2,6.163430419112829,2.7811135305443697,1.2967401421957856,-0.0764903881590738,5.557421876653644,1784374135.5357268,None,None,None, None, 1784374135.6058087,0.9214275400596621,apf_colreg,crossing_from_starboard,-1.0,1.9565109430805958,5.822863032326861,26.001574593298315,7.726332112387309,5.016216548038378,-0.01691894805594704,2.3455175480355237,WEBOTS_UNKNOWN,ekf_on_cluster_on,1,1
1784374135.8104773,28.582820892333984,-200.0,-200.0,0.2,6.157312074216735,2.8111379464383357,1.2932647969809414,-0.09552914041762814,5.5318438330585185,1784374135.803478,None,None,None, None, 1784374135.8240004,0.9674281292323722,apf_colreg,crossing_from_starboard,-1.0,1.7125956021226636,6.365231281802061,26.325134862234435,7.171974051840822,5.062709961525643,0.07838873908976134,2.309137170084526,WEBOTS_UNKNOWN,ekf_on_cluster_on,1,1
1784374135.9802825,28.752626180648804,-200.0,-200.0,0.2,6.086074863613935,2.810740689586616,1.2810287679924466,-0.05046799887840657,5.525851655816848,1784374135.9222102,2.8075755692086837,1.280201574534224,5.877077627110469, 1784374135.936723, 1784374135.9547293,1.0445158908951617,apf_colreg,crossing_from_starboard,-1.0,1.8804676526695288,5.608882303202099,25.679545227878258,9.259675474788033,4.990920698312336,0.03177518010547467,2.270674825074174,WEBOTS_UNKNOWN,ekf_on_cluster_on,1,1
1784374136.1739178,28.946261405944824,-200.0,-200.0,0.2,6.077648937112881,2.8393106290773042,1.2756007778334506,-0.19046915650739357,5.484674019055886,1784374136.1384008,None,None,None, None, 1784374136.183434,1.0794316831948945,apf_colreg,crossing_from_starboard,-1.0,1.7009528493279087,5.7719098128746955,25.689717809275077,9.290668576519296,5.023214789895456,0.11191335303470933,2.232385856905622,WEBOTS_UNKNOWN,ekf_on_cluster_on,1,1
1784374136.3667967,29.139140367507935,-200.0,-200.0,0.2,6.07281134277054,2.87004316905425,1.2693727097107335,-0.09913277555214837,5.464523138438129,1784374136.446243,None,None,None, None, 1784374136.438235,0.9066879139926528,apf_colreg,crossing_from_starboard,-1.0,1.3897446182142144,6.22248589019391,24.35224132895638,11.02689294121071,5.04921284703381,0.18549629233957216,2.202024454810873,WEBOTS_UNKNOWN,ekf_on_cluster_on,1,1
1784374136.5666795,29.339023113250732,-200.0,-200.0,0.2,6.064332940629584,2.902145923089539,1.2627612188255783,-0.14087681498910032,5.449791561535016,1784374136.5886457,None,None,None, None, 1784374136.5876377,1.0689583996758498,apf_colreg,crossing_from_starboard,-1.0,1.3641461766998748,6.038771239186094,25.175086383751548,10.447416784399758,5.0697578116301205,0.21173258058492414,2.190856002462437,WEBOTS_UNKNOWN,ekf_on_cluster_on,1,1
1784374136.762554,29.534897565841675,-200.0,-200.0,0.2,6.0599630664003525,2.935018203461313,1.25567268917032,-0.09221763287588175,5.427499289781597,1784374136.8071434,None,None,None, None, 1784374136.7315118,0.9445018372854682,apf_colreg,crossing_from_starboard,-1.0,1.3670026551595005,5.824797787897946,25.291472598490508,10.352879899214143,5.087073473238082,0.2002772035451638,2.186041387608205,WEBOTS_UNKNOWN,ekf_on_cluster_on,1,1
1784374136.9710436,29.74338722229004,-200.0,-200.0,0.2,5.984201939053643,2.8719400211256474,1.2567204713782012,-0.08640840295206013,5.409228265544027,1784374136.99356,2.865698471920068,1.257260087775748,5.77120334216142, 1784374136.941484, 1784374136.9444888,1.0951267459261398,apf_colreg,crossing_from_starboard,-1.0,1.9277752406011852,4.605905076813542,24.695699564256255,11.748019252384353,4.967683065102199,0.15985159647240882,2.1395285768086687,WEBOTS_UNKNOWN,ekf_on_cluster_on,1,1
1784374137.2820454,30.054388999938965,-200.0,-200.0,0.2,5.985679283268667,2.893309836930402,1.2503324127653948,-0.076493514332186,5.381263286132262,1784374137.3810923,None,None,None, None, 1784374137.3305466,0.913468828394125,apf_colreg,crossing_from_starboard,-1.0,1.6830192979067309,5.548715021765138,19.059358368625695,9.735377031134966,4.999546977920388,0.284996764957934,2.0928275660857465,WEBOTS_UNKNOWN,ekf_on_cluster_on,1,1
1784374137.5270321,30.299375772476196,-200.0,-200.0,0.2,5.985501681987525,2.9189541736181535,1.242742352032653,-0.09227364583699166,5.360558483977784,1784374137.4893992,None,None,None, None, 1784374137.5370605,0.9816990943799996,apf_colreg,crossing_from_starboard,-1.0,1.5396107802988637,5.59984900181164,23.176949050270956,13.416752315923597,4.999546977920388,0.284996764957934,2.0928275660857465,WEBOTS_UNKNOWN,ekf_on_cluster_on,1,1
1784374137.6855721,30.457915782928467,-200.0,-194.10242627853927,0.2,5.953230280591278,2.947556500535209,1.2342716843940351,-0.3821295707480872,5.320983972379746,1784374137.7274246,None,None,None, None, 1784374137.636503,0.9405731216242401,apf_colreg,crossing_from_starboard,-1.0,1.4369211716180883,5.497134899708113,24.03827080426244,13.111731296542516,5.0278443735542115,0.3532351750302082,2.054038471459968,WEBOTS_UNKNOWN,ekf_on_cluster_on,1,1
1784374137.8644643,30.636807918548584,-200.0,-183.40453851941675,0.2,5.924673082584946,2.977953431670428,1.2237903482524866,-0.2416718125596906,5.258028706747004,1784374137.8534613,None,None,None, None, 1784374137.8644643,1.0053588553015707,apf_colreg,crossing_from_starboard,-1.0,1.296971481943753,5.479986688363304,23.70719092718646,13.755206697679975,5.021210267054336,0.38623608948224786,2.0183812079507946,WEBOTS_UNKNOWN,ekf_on_cluster_on,1,1
1784374138.0027952,30.77513885498047,-200.0,-139.5129127784456,0.2,5.842044374806295,2.940546376345044,1.2186828450466647,-0.08266278964456403,5.250288648473425,1784374138.0368545,2.9360205221200486,1.2191372495306234,5.636017855641497, 1784374137.936576, 1784374138.0037963,1.0915212218690484,apf_colreg,crossing_from_starboard,-1.0,1.5782482261724224,5.295026253664909,21.889852062341266,16.322682442692397,5.032646128308348,0.37871706643589576,1.9792024279245668,WEBOTS_UNKNOWN,ekf_on_cluster_on,1,1
1784374138.2271302,30.999473810195923,-200.0,-137.14857456416735,0.2,5.835744810919494,2.9670799959145917,1.2062109804922905,-0.08433282589893852,5.231274201072124,1784374138.1725645,None,None,None, None, 1784374138.2376502,1.058241381656927,apf_colreg,crossing_from_starboard,-1.0,1.406847894852422,5.051638660430819,22.37724764888936,15.86079064054108,4.920800163944163,0.33158476803014875,1.9409020552530765,WEBOTS_UNKNOWN,ekf_on_cluster_on,1,1
1784374138.478986,31.25132966041565,-200.0,-136.78940678540863,0.2,5.832432171904181,2.998364325391357,1.1913773578657474,-0.0754369859654356,5.212087203374547,1784374138.4269092,None,None,None, None, 1784374138.4884942,1.037954866541852,apf_colreg,crossing_from_starboard,-1.0,1.2688910596519918,4.942165277752973,17.036702096252984,13.062663083400475,4.948423239261234,0.41835549547454826,1.8982880777278122,WEBOTS_UNKNOWN,ekf_on_cluster_on,1,1
1784374138.659778,31.432121753692627,-200.0,-88.20096547668898,0.2,5.829556151001634,3.0325254176070833,1.1751211485172273,-0.08286276958121651,5.196650557606606,1784374138.7373734,None,None,None, None, 1784374138.7333722,1.058099577511606,apf_colreg,crossing_from_starboard,-1.0,1.2461984058165052,4.586476214894165,16.7626009574984,13.804492618743236,4.9746521837269535,0.476376651340525,1.8568556909153122,WEBOTS_UNKNOWN,ekf_on_cluster_on,1,1
1784374138.888119,31.660462617874146,-200.0,-90.07571233412415,0.2,5.829245489689451,3.0699805384481964,1.1571654229675565,-0.056391996958036025,5.184139150656313,1784374138.8350658,None,None,None, None, 1784374138.8470662,0.9501184033489334,apf_colreg,crossing_from_starboard,-1.0,1.2605921826772606,4.174657828609736,22.03260310482919,16.53076601666808,5.00264376536689,0.5511978201966528,1.8136098201314546,WEBOTS_UNKNOWN,ekf_on_cluster_on,1,1
1784374139.1041985,31.87654209136963,-200.0,5.567856640991042,0.2,5.7180413152404235,3.0178070556886145,1.1605833200242404,-0.394484624351828,5.0938079668163425,1784374139.0640512,3.0118668260430392,1.162023200667001,5.503048502341922, 1784374138.94822, 1784374139.0470457,0.9676189806503953,apf_colreg,crossing,-1.0,1.6173397616295466,3.742857021047239,20.286231082281134,18.5710137680797,5.017530377457688,0.6480723588174988,1.7722219139809918,WEBOTS_UNKNOWN,ekf_on_cluster_on,1,1
1784374139.266794,32.03913760185242,-200.0,3.7369645975440484,0.2,5.703077155943882,3.049300944803245,1.1403018895722692,-0.08015706175794912,5.085747797144367,1784374139.2883308,None,None,None, None, 1784374139.2933304,0.9093879056096398,apf_colreg,crossing,-1.0,1.4850872133464967,3.6625383762550436,15.5980410564763,14.971661505511122,4.8774655739908646,0.47298895902632265,1.736380937390583,WEBOTS_UNKNOWN,ekf_on_cluster_on,1,1
1784374139.5550556,32.327399253845215,-200.0,10.227710362917914,0.2,5.685484309515843,3.086045490690453,1.1161439692857567,-0.15582712819033406,5.02989722014756,1784374139.5230196,None,None,None, None, 1784374139.5385313,1.0689732518621202,apf_colreg,crossing,-1.0,1.2667741552541483,3.388596145100641,18.9283783062744,19.296132208524096,4.8903806556391105,0.4891648429769276,1.702128953299918,WEBOTS_UNKNOWN,ekf_on_cluster_on,1,1
1784374139.81863,32.59097361564636,-200.0,56.20003640389896,0.2,5.677227094557647,3.125228808421168,1.089370227756561,-0.0617755032345281,5.014046883919568,1784374139.7795992,None,None,None, None, 1784374139.7775977,1.0911913374587434,apf_colreg,head_on,-1.0,0.6967793276961002,5.088477822340867,17.013532180098778,20.70150881166926,4.895282243025036,0.5402609422594448,1.6633319575235856,WEBOTS_UNKNOWN,ekf_on_cluster_on,1,1
1784374140.1096463,32.8819899559021,-200.0,84.25749752875603,0.2,5.605314721803722,3.0983793689694457,1.0799945930453025,-0.014417462626516553,5.009274039081278,1784374140.1106453,3.0915612391519494,1.0819506646869697,5.386407217368957, 1784374139.953078, 1784374140.1251597,0.9402355023824671,apf_colreg,crossing_from_port,-1.0,0.8504560851904178,5.5588869923862285,11.881698529464426,17.719653974438017,4.906419596121454,0.5978678992935259,1.6279153794288417,WEBOTS_UNKNOWN,ekf_on_cluster_on,1,1
1784374140.4207675,33.193111181259155,-200.0,139.35926477223035,0.2,5.603497558505059,3.13613673477035,1.0497972906236273,-0.05410961455506668,4.992602054895411,1784374140.4187603,None,None,None, None, 1784374140.3972485,1.0935475524701077,apf_colreg,crossing_from_port,-1.0,0.606432056668042,5.03847357396513,15.432246098143452,20.25192456547495,4.829448748609627,0.5802755179692637,1.5645401456624897,WEBOTS_UNKNOWN,ekf_on_cluster_on,1,1
1784374140.7720044,33.5443480014801,-200.0,140.4884091475782,0.2,5.5976232365439085,3.1812531250096754,1.0134697307983362,-0.07322276077749751,4.97942013746999,1784374140.7875187,None,None,None, None, 1784374140.7594917,0.9618096160295595,apf_colreg,crossing,-1.0,1.0206324708195924,2.669854732876858,15.86126416644955,20.519556913436347,4.847883658341054,0.6087183576284066,1.5336415871218878,WEBOTS_UNKNOWN,ekf_on_cluster_on,1,1
1784374141.0859084,33.85825204849243,-200.0,118.52688155660958,0.2,5.5291781136350595,3.1705013860034508,0.9913925410376903,-0.04369293139360024,4.962072561213223,1784374141.1691163,3.1612558776942086,0.9940470707881717,5.3144865503891205, 1784374140.963775, 1784374141.0628717,0.9849316456615893,apf_colreg,crossing,-1.0,1.1533556819440394,2.691960059810262,9.951676649747162,19.804727609317776,4.864204027177249,0.6654952196046088,1.468046327348721,WEBOTS_UNKNOWN,ekf_on_cluster_on,1,1
1784374141.438362,34.210705518722534,-200.0,119.49502514958067,0.2,5.524101607828912,3.2114538901439253,0.9529851561150977,-0.059976215743063596,4.94459632396743,1784374141.438362,None,None,None, None, 1784374141.5058758,1.0148532171893725,apf_colreg,crossing,-1.0,1.0729933973719896,2.4232321421756082,14.2274138075881,22.08291966580551,4.773864098575573,0.6140777699194765,1.4358326101907342,WEBOTS_UNKNOWN,ekf_on_cluster_on,1,1
1784374141.6662977,34.43864130973816,-200.0,121.03559385676758,0.2,5.517091360284761,3.254243956490626,0.9124538392946704,-0.07492312561248461,4.934236103441515,1784374141.681325,None,None,None, None, 1784374141.6256862,0.9081782757867544,apf_colreg,crossing,-1.0,1.001651401804408,2.391471464036401,10.23202031732627,17.461643344579976,4.767861514539421,0.6733766700367975,1.404065698888572,WEBOTS_UNKNOWN,ekf_on_cluster_on,1,1
1784374141.7661002,34.53844380378723,-200.0,153.77164190807522,0.2,5.511958125365806,3.297392278420446,0.8709563575440598,-0.049215769232302774,4.929083947286337,1784374141.8256373,None,None,None, None, 1784374141.7194188,1.0194331377312562,apf_colreg,crossing,-1.0,0.9445432959972827,2.306097835021136,9.000837527518316,18.910578396141467,4.780384717888283,0.6881223215957756,1.3812745830748425,WEBOTS_UNKNOWN,ekf_on_cluster_on,1,1
1784374142.0979512,34.87029480934143,-200.0,171.75684721925364,0.2,5.445050857649144,3.247087826773004,0.8757163217212991,-0.04748360518625089,4.9155457382702075,1784374142.1606922,3.2376863884193043,0.8805104590150504,5.239412737120033, 1784374141.978265, 1784374142.0428824,1.0937069908749717,apf_colreg,crossing,-1.0,1.078093784371405,2.5474895975380862,11.272281043952857,23.861432643754334,4.780384717888283,0.6881223215957756,1.3812745830748425,WEBOTS_UNKNOWN,ekf_on_cluster_on,1,1
1784374142.3220148,35.09435844421387,-200.0,172.60740498231962,0.2,5.440434908202736,3.285948809529213,0.8323993133521359,-0.032312784588229004,4.904525019177582,1784374142.307502,None,None,None, None, 1784374142.307502,1.007583885548746,apf_colreg,crossing_from_port,-1.0,0.9677646295593996,2.1879022975656377,7.176124016729828,18.39937240164683,4.715388021169135,0.6377561884340895,1.3466059193470816,WEBOTS_UNKNOWN,ekf_on_cluster_on,1,1
1784374142.4200923,35.19243597984314,-200.0,194.30817464088182,0.2,5.436103409347559,3.3287583966125176,0.7842771311063998,-0.032312784588229004,4.898062462259936,1784374142.463609,None,None,None, None, 1784374142.4516015,1.0908894513656573,apf_colreg,crossing_from_port,-1.0,0.9254194301410114,1.9741131196966784,7.616472573313747,24.104400286999457,4.733344903276029,0.6502126145463963,1.3273679881172675,WEBOTS_UNKNOWN,ekf_on_cluster_on,1,1
1784374142.660611,35.43295454978943,-200.0,194.99291385693496,0.2,5.432187199419017,3.3738243820090847,0.7331117145072152,-0.02249043330565851,4.891336701457217,1784374142.606552,None,None,None, None, 1784374142.7106712,1.0330406422540053,apf_colreg,crossing_from_port,-1.0,0.8955788304211311,1.9097838685135953,7.360186273770699,26.95093852561783,4.7749631415338,0.6123575472551908,1.3081913563354448,WEBOTS_UNKNOWN,ekf_on_cluster_on,1,1
1784374142.8929234,35.66526699066162,-200.0,195.79321690393672,0.2,5.427658172475793,3.419178595611095,0.6812154298276791,-0.028266645798195163,4.884529421936942,1784374142.8473756,None,None,None, None, 1784374142.849376,1.0240015300464838,apf_colreg,crossing_from_port,-1.0,0.9050697811166838,1.8360836426710527,6.699902863742439,27.19042249209991,4.773024116879794,0.6484784953256604,1.2846558356795188,WEBOTS_UNKNOWN,ekf_on_cluster_on,1,1
1784374143.1789277,35.951271295547485,-200.0,199.3997579285313,0.2,5.368511246008279,3.32237168711008,0.7412768107121988,-0.021833642764222096,4.878009610810357,1784374143.2855415,3.3130367759456445,0.7486585733674759,5.195465300085799, 1784374142.985514, 1784374143.2400095,1.0851313491233745,apf_colreg,crossing_from_port,-1.0,1.0328996436091662,3.15124403844742,5.349307192585565,27.306444987081264,4.6334061888083715,0.7033900796390923,1.250142665777979,WEBOTS_UNKNOWN,ekf_on_cluster_on,1,1
1784374143.5482938,36.320637464523315,-200.0,200.0,0.2,5.364168421866328,3.3578153904282555,0.6950229216155295,-0.02057099714885089,4.869754377426233,1784374143.5472932,None,None,None, None, 1784374143.544294,1.0396542441697978,apf_colreg,crossing,-1.0,0.9666448881676932,1.9838417600564813,4.9474999089201,23.66193841396493,4.62509088628106,0.7253500322182662,1.2331294888533348,WEBOTS_UNKNOWN,ekf_on_cluster_on,1,1
1784374143.954368,36.72671175003052,-182.64219374037796,200.0,0.2,5.360125329219887,3.3985542546316854,0.6414036509586385,-0.019969755090285497,4.863824185216422,1784374143.9979277,None,None,None, None, 1784374143.998927,0.9611204142186595,apf_colreg,crossing_from_port,-1.0,0.9330767573468574,1.5261287048000698,7.7693492473565,25.379834819671956,4.604605151732743,0.7874955879992666,1.189572355999565,WEBOTS_UNKNOWN,ekf_on_cluster_on,1,1
1784374144.3693302,37.14167380332947,-171.3809137571358,200.0,0.2,5.315765460617475,3.4055283751063183,0.581267238611004,0.0015098181063420318,4.864529282522538,1784374144.31126,3.400154948780799,0.580269525636075,5.172216609416093, 1784374143.989925, 1784374144.3522987,1.0913890709803904,apf_colreg,crossing_from_port,-1.0,0.9976237360442918,1.1045588656404473,5.696960401478863,26.499950132045665,4.64310941999928,0.7429073188788257,1.1750037252380605,WEBOTS_UNKNOWN,ekf_on_cluster_on,1,1
1784374144.6926208,37.464964389801025,-168.88478616592533,200.0,0.2,5.314733742466312,3.442618733939698,0.527119971377978,0.019296318082592367,4.870922594751103,1784374144.7387533,None,None,None, None, 1784374144.6906264,0.9504846800201275,apf_colreg,crossing_from_port,-1.0,0.9699271610873942,0.9811337282809495,6.099005827099425,26.123235422466976,4.588321217313479,0.7353668047655026,1.1471847899987548,WEBOTS_UNKNOWN,ekf_on_cluster_on,1,1
1784374145.064636,37.83697962760925,-161.94599019744092,200.0,0.2,5.2919631238697145,3.4713829756030785,0.44917597367104256,0.035453954746041065,4.885796631631424,1784374145.062114,3.469065016645308,0.4426103623300995,5.197736284325529, 1784374144.993525, 1784374145.1673806,0.9009637414074155,apf_colreg,crossing_from_port,-1.0,1.017388795832046,0.6958295768986521,2.447502840930151,21.138880198464737,4.605693056571855,0.7089289725232867,1.1323794850157232,WEBOTS_UNKNOWN,ekf_on_cluster_on,1,1
1784374145.459903,38.23224663734436,-145.56469040924233,200.0,0.2,5.294164797621766,3.5072573751783693,0.39421674660436246,0.03685410638190708,4.898519963077412,1784374145.5296712,None,None,None, None, 1784374145.452387,0.9099030451160097,apf_colreg,crossing,-1.0,0.9814134224729519,0.8234060117013599,-0.8312176066995067,23.063214201333658,4.622227929118675,0.6399400132100816,1.1113389055879177,WEBOTS_UNKNOWN,ekf_on_cluster_on,1,1
1784374145.71906,38.491403579711914,-146.99400927148093,200.0,0.2,5.30211325525557,3.542075976933539,0.34113753430923843,0.08818963223751966,4.9179595526030955,1784374145.7270572,None,None,None, None, 1784374145.702536,1.0350881941523293,apf_colreg,crossing,-1.0,0.9720970825021222,0.7838273343111887,-1.054853150804822,23.497992057729206,4.610705475201117,0.6844266520887896,1.0983105046405754,WEBOTS_UNKNOWN,ekf_on_cluster_on,1,1
1784374145.9843862,38.7567298412323,-148.03670515370604,200.0,0.2,5.308629495947442,3.5772746029200917,0.2886438180547586,0.05233344845507831,4.930777560691908,1784374146.0014098,None,None,None, None, 1784374145.940346,0.9437636376367625,apf_colreg,crossing,-1.0,0.9729734417312768,0.7338223115257363,-1.087451101797254,24.154789053130415,4.62910160079616,0.6568101807330872,1.0686766028675923,WEBOTS_UNKNOWN,ekf_on_cluster_on,1,1
1784374146.3410115,39.11335515975952,-200.0,76.75090660159292,0.2,5.305029815134893,3.5487569418815967,0.3010421420046737,0.0763395917052128,4.963115572788107,1784374146.2963154,3.5424322359329774,0.3074299829105954,5.25939751469784, 1784374146.004415, 1784374146.3555326,0.9205675140447961,apf_colreg,static_obstacle,-1.0,1.1053083484299528,0.8258431083514259,3.502352785705088,25.331347294119603,4.653098126690561,0.6356825282251776,1.0516897059574448,WEBOTS_UNKNOWN,ekf_on_cluster_on,1,1
1784374146.6292298,39.40157341957092,-200.0,70.8592590097286,0.2,5.31009803291563,3.577730323774716,0.2586926841957453,-0.024956643512222373,4.955581622518351,1784374146.598197,None,None,None, None, 1784374146.5961974,0.9694138732718246,apf_colreg,static_obstacle,-1.0,1.1091474814456248,0.5651684418272528,3.2409111587545363,25.617093240697955,4.585146558077697,0.7250479678889488,1.0355878565313492,WEBOTS_UNKNOWN,ekf_on_cluster_on,1,1
1784374146.819041,39.59138464927673,-200.0,83.78378871190094,0.2,5.3109614938532665,3.6082655313876835,0.21451638100875847,-0.056312394300884375,4.947686912431337,1784374146.843555,None,None,None, None, 1784374146.819041,1.0600570494442176,apf_colreg,static_obstacle,-1.0,1.1301180841605032,0.16022268501533127,2.574185280425059,25.91484340523845,4.585915655961406,0.772052783634997,1.0184800242546523,WEBOTS_UNKNOWN,ekf_on_cluster_on,1,1
1784374147.0131204,39.78546404838562,-200.0,82.61177137210446,0.2,5.307188272318159,3.639742723388377,0.16889187316583998,-0.07987530624843703,4.930583809469513,1784374146.9525144,None,None,None, None, 1784374146.9149358,1.055754701582485,apf_colreg,static_obstacle,-1.0,1.1331513218575413,0.0,2.0059636614998277,26.161966027293623,4.593709747537815,0.7746565059316155,1.0027060886134556,WEBOTS_UNKNOWN,ekf_on_cluster_on,1,1
1784374147.1393273,39.91167092323303,-200.0,88.9574424017519,0.2,5.291848950532337,3.631991954756738,0.1653483843975857,-0.0791973404666701,4.923678317028787,1784374147.1498446,3.6280683989748574,0.1696133476928794,5.258076743560256, 1784374147.012117, 1784374147.0327122,1.0463855279912664,apf_colreg,static_obstacle,-1.0,1.1416214953863648,0.0,1.4017291488373358,26.103060760532408,4.6037080455244705,0.7803869091430581,0.9858383606415578,WEBOTS_UNKNOWN,ekf_on_cluster_on,1,1
1784374147.412952,40.18529558181763,-200.0,92.07588167297429,0.2,5.2765326152614875,3.660569020240219,0.12189644623065554,-0.1804962667793415,4.866607761088518,1784374147.3558948,None,None,None, None, 1784374147.4264667,1.0312491396476455,apf_colreg,static_obstacle,-1.0,1.1530118190677288,0.0,0.57701773796073,26.37288073648225,4.585782440533016,0.8088785325010457,0.9747796850019179,WEBOTS_UNKNOWN,ekf_on_cluster_on,1,1
1784374147.6795373,40.45188093185425,-200.0,116.9492498865759,0.2,5.265348192086398,3.6901106866138242,0.07495449229995454,-0.08465788021965867,4.84665104173043,1784374147.747609,None,None,None, None, 1784374147.7095683,0.9014067669833525,apf_colreg,static_obstacle,-1.0,1.1667327532087897,0.0,-0.2428978385021514,26.590227718158268,4.590923570199556,0.8456683424348738,0.9637759672725189,WEBOTS_UNKNOWN,ekf_on_cluster_on,1,1
1784374147.9575534,40.729897022247314,-200.0,118.73361352275003,0.2,5.254592974216486,3.7207599233256268,0.025094527385482124,-0.0839860951063453,4.819349709853225,1784374147.9166982,None,None,None, None, 1784374147.9565535,0.9854035544379374,apf_colreg,static_obstacle,-1.0,1.1970333712554853,0.0,-1.4088110000139633,26.61007344816889,4.611599266474223,0.8225945133013389,0.9629537681649306,WEBOTS_UNKNOWN,ekf_on_cluster_on,1,1
1784374148.3331866,41.10553026199341,83.97820874344016,200.0,0.2,5.226731083908746,3.7030017429689086,0.0418494067933039,-0.06917913879304313,4.794104189143653,1784374148.281628,3.6981999222135884,0.04857531973082473,5.162332481605618, 1784374148.016161, 1784374148.338185,0.9311029739020508,apf_colreg,static_obstacle,-1.0,1.2243502326494409,0.0,-2.158629649298997,26.355555600851332,4.607978891407276,0.8523319793846317,0.9696795458308111,WEBOTS_UNKNOWN,ekf_on_cluster_on,1,1
1784374148.6319273,41.40427088737488,100.48011065629856,200.0,0.2,5.23720388989085,3.7242068804428103,0.003417788896748819,0.21386831410277096,4.868807912604737,1784374148.6309257,None,None,None, None, 1784374148.6319273,0.915116871320191,apf_colreg,static_obstacle,-1.0,1.260156645970128,0.0,-1.9163330206898999,26.703841376667636,4.553412366731806,0.9611559114153825,0.9897814062468777,WEBOTS_UNKNOWN,ekf_on_cluster_on,1,1
1784374148.898252,41.67059564590454,117.7417121576206,200.0,0.2,5.24703399614346,3.7461560621251695,-0.03478958088991524,0.12497381852279714,4.900153180441606,1784374148.8817403,None,None,None, None, 1784374148.9142587,0.9289429859540727,apf_colreg,crossing,-1.0,1.4381481167859924,0.0,-3.580471699579986,23.078939614966615,4.594666189840557,0.9891953449480827,1.0454896184666675,WEBOTS_UNKNOWN,ekf_on_cluster_on,1,1
1784374149.1875515,41.95989513397217,88.80431430495227,200.0,0.2,5.258575547143994,3.760957179703741,-0.0785042441936223,0.3040620288796362,4.984148758747693,1784374149.1579852,3.759806278296646,-0.07950116760479499,5.1935821007198, 1784374149.01679, 1784374149.135463,0.9010739959245684,apf_colreg,crossing,-1.0,1.5131886857982466,0.0,-3.940483507146318,23.006098474673024,4.625136575743451,0.9977828391707575,1.0728707375795914,WEBOTS_UNKNOWN,ekf_on_cluster_on,1,1
1784374149.5513573,42.32370090484619,90.2880271560099,200.0,0.2,5.29113860064833,3.7841799765466284,-0.1163842798964958,0.29530284071119833,5.098834055424836,1784374149.5463502,None,None,None, None, 1784374149.503051,1.0916224312801033,apf_colreg,crossing,-1.0,1.5997726422724166,0.0,-3.1166650494089376,22.658227016067972,4.667746247681599,1.0061754586389249,1.14807962907124,WEBOTS_UNKNOWN,ekf_on_cluster_on,1,1
1784374149.8023715,42.57471513748169,37.621905305031305,200.0,0.2,5.313704957874859,3.808851674719979,-0.15353362375749025,0.1477192306930568,5.135471686198708,1784374149.7943723,None,None,None, None, 1784374149.774847,0.9861443095826832,apf_colreg,crossing,-1.0,1.6577690621231964,0.0,-1.8761161825987303,22.899524090609525,4.682844444712959,1.051413504285762,1.183854310977332,WEBOTS_UNKNOWN,ekf_on_cluster_on,1,1
1784374150.0531642,42.8255078792572,50.70150229458906,200.0,0.2,5.328659207413106,3.8200839659273957,-0.18539902472854997,0.09136347832546965,5.147912163638429,1784374150.0997884,3.8176760209127423,-0.18440584045977546,5.333430955121639, 1784374150.018135, 1784374150.0531642,1.0818257792610695,apf_colreg,crossing,-1.0,1.7207591527809027,0.0,-0.9540379987201173,23.592564123414594,4.717293235685278,1.071263433511768,1.224266778081953,WEBOTS_UNKNOWN,ekf_on_cluster_on,1,1
1784374150.40247,43.174813747406006,-17.693532366747448,200.0,0.2,5.33835407891277,3.8462386644184123,-0.2223253960002375,0.09868958439791337,5.193696953005115,1784374150.3944643,None,None,None, None, 1784374150.3594236,0.9921575561844139,apf_colreg,crossing,-1.0,1.842573829385347,0.0,2.812301033171444,26.744621998297248,4.76270381184848,1.0656173930603812,1.2807103414545826,WEBOTS_UNKNOWN,ekf_on_cluster_on,1,1
1784374150.6753035,43.44764709472656,-15.970397571851866,200.0,0.2,5.365024071922565,3.8744769087650237,-0.26149320631335016,0.2676461219680679,5.259354326220702,1784374150.6397784,None,None,None, None, 1784374150.6517847,1.0535971455778403,apf_colreg,crossing,-1.0,1.8924690249220948,0.0,2.9746148352940964,27.18531583923571,4.811981857307443,1.0729561236008778,1.3310460144538874,WEBOTS_UNKNOWN,ekf_on_cluster_on,1,1
1784374150.8367383,43.609081983566284,-8.956242920167748,200.0,0.2,5.381671334999323,3.904697995451328,-0.3006354009032779,0.11261754743834275,5.27859917345733,1784374150.8106651,None,None,None, None, 1784374150.8602557,0.9679868634918152,apf_colreg,crossing,-1.0,1.9444768339605785,0.0,2.7093545762564095,26.867671004817293,4.830791222050954,1.0950613216152596,1.3858916882659416,WEBOTS_UNKNOWN,ekf_on_cluster_on,1,1
1784374151.0588737,43.83121728897095,-27.930827123325233,200.0,0.2,5.409196781871995,3.893868538158441,-0.2876116730046442,0.12001508918866577,5.308027779217264,1784374151.0558727,3.889735743347823,-0.2824673210520389,5.454063476347624, 1784374151.02907, 1784374151.086859,0.9747372368817779,apf_colreg,crossing,-1.0,1.9815599165510926,0.0,0.7540553668723122,25.455832373433797,4.868670355778028,1.1241031837943016,1.4262308661802232,WEBOTS_UNKNOWN,ekf_on_cluster_on,1,1
1784374151.5023332,44.27467679977417,-22.82644145623217,200.0,0.2,5.424739751242005,3.9221688105665393,-0.321372238625802,0.15003765582387124,5.372462993962312,1784374151.485333,None,None,None, None, 1784374151.5664108,1.0531937393687578,apf_colreg,crossing,-1.0,2.048731697100496,0.0,1.1355196249970256,25.455493026122017,4.874935175751927,1.121604118012741,1.503748435363222,WEBOTS_UNKNOWN,ekf_on_cluster_on,1,1
1784374151.7998722,44.57221579551697,-41.098084307867886,200.0,0.2,5.441760980756911,3.9535973913260207,-0.3576649865471584,0.15038346661935018,5.409790312566035,1784374151.8369093,None,None,None, None, 1784374151.7335472,1.0848681425231252,apf_colreg,crossing,-1.0,2.0816035680109795,0.0,1.54832834584956,25.71495023862635,4.891691294983943,1.163145245806069,1.5319935882798172,WEBOTS_UNKNOWN,ekf_on_cluster_on,1,1
1784374152.0847569,44.85710048675537,-50.97067620890019,200.0,0.2,5.478132764700648,3.9754031591974073,-0.37507945444844937,0.0979000506749463,5.435299853501205,1784374152.1102784,3.973474270045581,-0.3718248355811901,5.565919547647753, 1784374152.033193, 1784374152.1062765,0.9168274426048256,apf_colreg,crossing,-1.0,2.1111566704138216,0.0,1.9977873842286082,25.903694990136678,4.938766563697685,1.1550015274297898,1.6377475735482792,WEBOTS_UNKNOWN,ekf_on_cluster_on,1,1
1784374152.2445724,45.016916036605835,-44.95561730127886,200.0,0.2,5.4927969904583405,4.010089624627845,-0.4111119007238564,0.14401673251296104,5.4663924056407724,1784374152.2100098,None,None,None, None, 1784374152.2100098,0.9214079609615298,apf_colreg,crossing,-1.0,2.133920284909381,0.0,2.1892873270837123,26.23938187146308,4.959528925835875,1.1719363195579968,1.6633335897650101,WEBOTS_UNKNOWN,ekf_on_cluster_on,1,1
1784374152.493833,45.26617670059204,-60.89804894456338,200.0,0.2,5.503767221154146,4.046486370424914,-0.4477701666106739,0.09219875476605882,5.489400724403815,1784374152.459561,None,None,None, None, 1784374152.4706023,1.0077569812723028,apf_colreg,crossing,-1.0,2.140780071521085,0.0,2.2921674171584314,26.89032175670664,5.014453303972266,1.1075855859374513,1.7113784027979273,WEBOTS_UNKNOWN,ekf_on_cluster_on,1,1
1784374152.881917,45.65426063537598,-52.044885743344416,200.0,0.2,5.510772655315905,4.084336044863584,-0.48516983877025555,0.06547596475047655,5.506522338008062,1784374152.9014351,None,None,None, None, 1784374152.8643985,0.9545832580536644,apf_colreg,crossing,-1.0,2.1620887900423265,0.0,1.7874588579335084,27.3264887193291,5.06539017851786,1.1403428648398577,1.7653933862039415,WEBOTS_UNKNOWN,ekf_on_cluster_on,1,1
1784374153.134297,45.90664052963257,-200.0,-28.668716783307534,0.2,5.555900959311751,4.084133160229747,-0.4672586640295766,0.0992203332865189,5.542306133759201,1784374153.0817056,4.0803587450184455,-0.46181942369963613,5.6819928519442655, 1784374153.034634, 1784374153.125782,0.9403516089648765,apf_colreg,crossing,-1.0,2.2668164463085163,0.0,4.313131223711796,27.822958788652414,5.204685649557787,1.0898485938102558,1.8768092733687167,WEBOTS_UNKNOWN,ekf_on_cluster_on,1,1
1784374153.453571,46.22591471672058,-200.0,-46.210492662883,0.2,5.563030681056379,4.117439184084773,-0.49636317612796943,-0.02217189662889313,5.536907662948956,1784374153.4575725,None,None,None, None, 1784374153.4750836,1.0225141520387906,apf_colreg,crossing,-1.0,2.298253991068907,0.0,4.652630347418215,28.163487319253843,5.126818224634127,1.2243766964751204,1.930780540932036,WEBOTS_UNKNOWN,ekf_on_cluster_on,1,1
1784374153.7159495,46.488293170928955,-200.0,-57.3498409167639,0.2,5.561806516418743,4.152331403502398,-0.5263688869633705,-0.10202779163316877,5.497243597082505,1784374153.7139456,None,None,None, None, 1784374153.7219892,0.9890804604704957,apf_colreg,being_overtaken,-1.0,2.6519262715140823,4.574743189269776,3.7090384095198212,27.425847410573585,5.058952466676064,1.327074100530523,1.966860615123346,WEBOTS_UNKNOWN,ekf_on_cluster_on,1,1
1784374153.869093,46.64143657684326,-200.0,-66.72441158526217,0.2,5.558102185481931,4.187451670950811,-0.5568105778524255,-0.09503319033740033,5.484213256975952,1784374153.8510592,None,None,None, None, 1784374153.8325362,1.088351676072373,apf_waypoint,crossing_from_port,0.0,0.17206440727720346,6.530929568110321,4.697556914864374,23.428394559522964,5.026857483249209,1.3943136613829685,2.022057058402668,WEBOTS_UNKNOWN,ekf_on_cluster_on,1,1
1784374154.0862343,46.85857796669006,-200.0,-75.0646436564959,0.2,5.564606371163451,4.1945342096144485,-0.5445199544010271,-0.12813692549711167,5.455744878263033,1784374154.0732307,4.191766220898051,-0.54025788089257,5.616656694632485, 1784374154.039198, 1784374154.0422058,1.0211863990498073,apf_waypoint,crossing_from_port,0.0,0.20334635332856474,6.755666432323051,4.925446061672188,23.31513764964551,5.004027217029627,1.4402710799485612,2.0674038674243427,WEBOTS_UNKNOWN,ekf_on_cluster_on,1,1
1784374154.3410485,47.11339211463928,-200.0,-80.71167051375804,0.2,5.55786128953184,4.225560998487152,-0.5714085456021603,-0.11639630619463845,5.42486321353564,1784374154.3385456,None,None,None, None, 1784374154.2954955,1.0916498948566353,apf_waypoint,crossing_from_port,0.0,0.8775267630772101,7.261368095880841,4.592437018162011,23.534135180056808,4.95313661472244,1.471343852555857,2.109915758988506,WEBOTS_UNKNOWN,ekf_on_cluster_on,1,1
1784374154.735237,47.507580518722534,-68.9584221779347,200.0,0.2,5.546427602269278,4.258168181280919,-0.6000809733825725,-0.14640870219782195,5.366784151860656,1784374154.735237,None,None,None, None, 1784374154.734236,0.931928143537019,apf_colreg,crossing_from_port,-1.0,1.087618708708501,7.567403196901352,1.7427967185441071,28.468895863530165,4.887289680117517,1.5584463646822762,2.1964527339321966,WEBOTS_UNKNOWN,ekf_on_cluster_on,1,1
1784374154.9786544,47.75099802017212,-57.335888232091776,200.0,0.2,5.543806843598097,4.29519521325002,-0.6342134998522471,0.04328068774234278,5.377276120224366,1784374154.9776537,None,None,None, None, 1784374154.9721408,0.9392847578604914,apf_colreg,being_overtaken,-1.0,1.4440007103341357,5.471165073951828,3.505196666151849,29.549445822010913,4.831918385580102,1.625789154200744,2.2664520125345065,WEBOTS_UNKNOWN,ekf_on_cluster_on,1,1
1784374155.2203844,47.99272799491882,-63.378463276285444,200.0,0.2,5.548073170561489,4.29178755776745,-0.6234333403987162,0.16765714904688744,5.415705118355949,1784374155.2068655,4.28762768117435,-0.6188301913245027,5.520878054005441, 1784374155.047624, 1784374155.2213836,0.9400224339461335,apf_colreg,being_overtaken,-1.0,1.1865413479575149,6.863850477138072,3.4774868372928602,29.26326328026369,4.876266936159349,1.6516738040826948,2.3277422396647474,WEBOTS_UNKNOWN,ekf_on_cluster_on,1,1
1784374155.4074616,48.179805278778076,-78.5831793457604,200.0,0.2,5.555194476187174,4.32744998006796,-0.6557656705018235,0.08727588029466257,5.425599413352237,1784374155.4945438,None,None,None, None, 1784374155.4432354,1.0166851959163283,apf_colreg,being_overtaken,-1.0,1.805027076126762,4.343718945570649,3.668878113823764,29.642664461527957,4.85815319207146,1.7522852492831245,2.3942412600172807,WEBOTS_UNKNOWN,ekf_on_cluster_on,1,1
1784374155.7300599,48.50240349769592,-71.38854351550262,200.0,0.2,5.562920558649368,4.3670109389513545,-0.6911100379487287,0.08476352415285493,5.458123208999034,1784374155.703934,None,None,None, None, 1784374155.7254555,1.0452141022138548,apf_colreg,being_overtaken,-1.0,2.224474519782173,0.9673741769431224,3.669014906410898,29.89158779760567,4.956113357483949,1.7781752595472573,2.4901391745027097,WEBOTS_UNKNOWN,ekf_on_cluster_on,1,1
1784374156.0084958,48.78083944320679,-87.39205208279864,200.0,0.2,5.587289504464321,4.407845217464329,-0.7270415498848379,0.23631472283991242,5.512129210247492,1784374156.0348103,None,None,None, None, 1784374155.9984908,1.0053976376978442,apf_colreg,crossing,-1.0,2.470660764524551,0.0,3.9697275001542165,30.001618641515684,5.041306160606389,1.8094175681887208,2.57354185575396,WEBOTS_UNKNOWN,ekf_on_cluster_on,1,1
1784374156.431938,49.20428156852722,-95.86129929471353,200.0,0.2,5.607992841510521,4.405287398171745,-0.7230830503138587,0.07540522435418283,5.5451194633306145,1784374156.476894,4.40076508094875,-0.7191618596987248,5.634167300745383, 1784374156.059371, 1784374156.438938,1.012103579207813,apf_waypoint,static_obstacle,0.0,2.6855623580505394,0.0,4.822370494008542,24.37586872372326,5.034796681266092,1.8446920359131218,2.6601166731247,WEBOTS_UNKNOWN,ekf_on_cluster_on,1,1
1784374156.7351954,49.50753903388977,-90.91572459013562,200.0,0.2,5.617664537346493,4.446099271057486,-0.7556089153911412,0.07508723270457222,5.563691805290958,1784374156.743709,None,None,None, None, 1784374156.6889756,0.9300201854431113,apf_waypoint,static_obstacle,0.0,2.7493785420773937,0.0,4.856013756966563,24.56698650987308,5.108373574315806,1.9670310217242208,2.779925878641131,WEBOTS_UNKNOWN,ekf_on_cluster_on,1,1
1784374157.0059984,49.7783420085907,-101.80610811021329,200.0,0.2,5.641526511707714,4.489719371006366,-0.7898081009176323,0.22322924807800992,5.650233651507694,1784374157.0049994,None,None,None, None, 1784374156.9620547,0.9768578274724651,apf_colreg,crossing,-1.0,2.990416278849308,0.0,4.504578110910454,30.484897994012044,5.170604230093894,1.9894678293415164,2.839618471531185,WEBOTS_UNKNOWN,ekf_on_cluster_on,1,1
1784374157.1695383,49.94188189506531,-110.82582311969291,200.0,0.2,5.682369740163388,4.526392959628225,-0.8114259544760103,0.17433124662765523,5.668852200916155,1784374157.1117992,4.524887675704933,-0.8094463692441198,5.740782220800469, 1784374157.065822, 1784374157.1565115,1.0905607567931161,apf_colreg,crossing,-1.0,3.0038236885620977,0.0,5.646123516130843,30.44879928166008,5.093954760394965,2.0604780974128527,2.9117524290067758,WEBOTS_UNKNOWN,ekf_on_cluster_on,1,1
1784374157.346059,50.11840271949768,-108.93369345540947,200.0,0.2,5.701443043042861,4.574010495241094,-0.843552498100471,0.11928608764409612,5.693926401008373,1784374157.3220015,None,None,None, None, 1784374157.2807891,0.9270509656201991,apf_waypoint,static_obstacle,0.0,2.9294606178754803,0.0,6.398570433518681,24.768656113520183,5.093954760394965,2.0604780974128527,2.9117524290067758,WEBOTS_UNKNOWN,ekf_on_cluster_on,1,1
1784374157.4636364,50.23598003387451,-103.97997016909477,200.0,0.2,5.714218075568664,4.623008651552956,-0.8753889671482593,0.07164479114912994,5.701887005479952,1784374157.4331136,None,None,None, None, 1784374157.4087484,0.9905981912894418,apf_waypoint,static_obstacle,0.0,2.9831655395095735,0.0,6.53641218880927,24.939526217041376,5.1113416637352405,2.084220282335369,2.96957671590997,WEBOTS_UNKNOWN,ekf_on_cluster_on,1,1
1784374157.6699812,50.44232487678528,-97.40370612224949,200.0,0.2,5.726080070598024,4.672231777128647,-0.9066914097029972,0.08801761543432565,5.713746110320582,1784374157.5678492,None,None,None, None, 1784374157.6699812,0.9395581417096263,apf_waypoint,static_obstacle,0.0,3.032305621925461,0.0,6.658877156150275,25.113159261441687,5.174480395966948,2.088382297199887,3.0154832044858897,WEBOTS_UNKNOWN,ekf_on_cluster_on,1,1
1784374157.8052504,50.57759404182434,-87.85780162003498,200.0,0.2,5.734028745891047,4.7213457353581365,-0.937188259374949,0.06033047111927511,5.721718965134325,1784374157.8142467,None,None,None, None, 1784374157.768682,1.0595214253969236,apf_waypoint,static_obstacle,0.0,3.032305621925461,0.0,6.690951699281115,25.30771942947848,5.174480395966948,2.088382297199887,3.0154832044858897,WEBOTS_UNKNOWN,ekf_on_cluster_on,1,1
1784374158.0390954,50.811439037323,-82.17087115645757,200.0,0.2,5.758665888512473,4.769930411408602,-0.9669555633670583,0.22448500192984464,5.79424115139454,1784374158.0230625,None,None,None, None, 1784374158.0400932,1.0582328056909387,apf_waypoint,static_obstacle,0.0,3.1478115795550363,0.0,7.154348635899847,25.38193193543745,5.323585361292085,2.127542293029455,3.138756412924147,WEBOTS_UNKNOWN,ekf_on_cluster_on,1,1
1784374158.2709744,51.043318033218384,-126.51323102265172,200.0,0.2,5.796720545345631,4.667611897974275,-0.8925709134440285,0.16579812641476196,5.828952272187422,1784374158.2324202,4.660780445889392,-0.8879467487175794,5.842982287982889, 1784374158.069618, 1784374158.2624576,1.0350519852954658,apf_waypoint,static_obstacle,0.0,3.2022024516197973,0.0,8.481032036346658,24.465735242031535,5.317248059709352,2.164593639627156,3.190195071095901,WEBOTS_UNKNOWN,ekf_on_cluster_on,1,1
1784374158.4294086,51.20175218582153,-124.47607066400916,200.0,0.2,5.810573666953178,4.707395635097679,-0.9132650230718062,0.0704399843428502,5.8379952608523515,1784374158.3607988,None,None,None, None, 1784374158.377825,1.0926984020655184,apf_waypoint,static_obstacle,0.0,3.2022024516197973,0.0,8.717649874907437,24.52422814819758,5.317248059709352,2.164593639627156,3.190195071095901,WEBOTS_UNKNOWN,ekf_on_cluster_on,1,1
1784374158.5782607,51.35060429573059,-118.68992665231107,200.0,0.2,5.8203031184031175,4.756595560555736,-0.9381845467901266,0.05859854743879238,5.844685181957208,1784374158.705434,None,None,None, None, 1784374158.5762594,0.9172048711525054,apf_waypoint,static_obstacle,0.0,3.2578873371404233,0.0,8.835045104264314,24.654775642285795,5.144438638800094,2.3125665177371157,3.2426063533502165,WEBOTS_UNKNOWN,ekf_on_cluster_on,1,1
1784374158.9343169,51.7066605091095,-110.08269171141306,200.0,0.2,5.8287416590905226,4.8090351228239765,-0.9642554797602294,0.06515840002223088,5.868092021166548,1784374158.969873,None,None,None, None, 1784374158.9147997,0.9506352838170514,apf_waypoint,static_obstacle,0.0,3.353912771023507,0.0,8.917608057974354,24.807520970087282,5.239630472847627,2.349595272483549,3.3511056192774165,WEBOTS_UNKNOWN,ekf_on_cluster_on,1,1
1784374159.2261622,51.99850583076477,-127.40339009831933,200.0,0.2,5.855123698476771,4.784911348631819,-0.9457407560280897,0.044242931405394766,5.880827787714894,1784374159.241696,4.777318343865195,-0.9413698381164683,5.922255312146378, 1784374159.084021, 1784374159.1791217,1.0510003492902824,apf_waypoint,static_obstacle,0.0,3.37554245166048,0.0,9.65091954325189,24.402985793436848,5.286759888846506,2.3559670006523294,3.373024616412052,WEBOTS_UNKNOWN,ekf_on_cluster_on,1,1
1784374159.4615421,52.233885765075684,-119.45566244488036,200.0,0.2,5.860403787686517,4.83330712502735,-0.9678508831494526,0.05977910268925921,5.895914688805876,1784374159.3744314,None,None,None, None, 1784374159.4134743,1.0456112479424045,apf_waypoint,static_obstacle,0.0,3.424780290344635,0.0,9.678706366167328,24.549722821147643,5.222335145335986,2.442677206025476,3.4230976227842107,WEBOTS_UNKNOWN,ekf_on_cluster_on,1,1
1784374159.6894262,52.461769819259644,-94.32481696031697,193.41724456036698,0.2,5.865166586318478,4.886182202127163,-0.9916844504375462,0.05226439258149277,5.911875742826287,1784374159.679822,None,None,None, None, 1784374159.6512995,0.9750021221332372,apf_waypoint,static_obstacle,0.0,3.470885130729984,0.0,9.687132092614416,24.71787390354237,5.280943328959819,2.4652133587067713,3.4691395661670423,WEBOTS_UNKNOWN,ekf_on_cluster_on,1,1
1784374159.847474,52.61981773376465,82.3399467455346,200.0,0.2,5.868719650068943,4.938043343432228,-1.0148184132134617,0.04617450142703845,5.9175524719893025,1784374159.8027627,None,None,None, None, 1784374159.8354678,1.0786828875251777,apf_waypoint,static_obstacle,0.0,3.51924198025362,0.0,9.669838536752637,24.892403186865423,5.365162279200964,2.486267343005201,3.51558473217218,WEBOTS_UNKNOWN,ekf_on_cluster_on,1,1
1784374160.032733,52.805076599121094,94.61025485161208,200.0,0.2,5.877169800498566,4.9832796707932525,-1.0350087387848328,0.11966896805800942,5.9428577996855365,1784374160.0142238,None,None,None, None, 1784374160.0352385,1.0169640170388392,apf_waypoint,static_obstacle,0.0,3.586590867196591,0.0,9.789306806864435,24.993344043072813,5.487054016020732,2.517649995492043,3.5866405413375317,WEBOTS_UNKNOWN,ekf_on_cluster_on,1,1
1784374160.1611273,52.93347096443176,31.406429260924973,200.0,0.2,5.9164733610972196,4.924291320933383,-0.9958376323143346,0.07869572897772824,5.952607782747025,1784374160.1381185,4.9177027439553544,-0.9920960025207918,6.0215680555335815, 1784374160.101176, 1784374160.14812,1.0225802224199556,apf_waypoint,static_obstacle,0.0,3.586590867196591,0.0,10.91943662673591,24.235770708582244,5.487054016020732,2.517649995492043,3.5866405413375317,WEBOTS_UNKNOWN,ekf_on_cluster_on,1,1
1784374160.2808006,53.053144216537476,43.537379230597914,200.0,0.2,5.918710579112364,4.9574272027722035,-1.0087454070239743,0.07373356794087844,5.962759600135949,1784374160.275801,None,None,None, None, 1784374160.2707996,1.0568926572577517,apf_waypoint,static_obstacle,0.0,3.638320263584787,0.0,10.920022409417207,24.33212913065416,5.341620656754594,2.617017215066605,3.637610615351279,WEBOTS_UNKNOWN,ekf_on_cluster_on,1,1
1784374160.4065135,53.17885708808899,52.50847782476778,200.0,0.2,5.928192633039179,4.996337399627866,-1.023834771472203,0.14164541533899333,5.977232422695368,1784374160.3779774,None,None,None, None, 1784374160.3789768,1.0436778799741218,apf_waypoint,static_obstacle,0.0,3.638320263584787,0.0,11.088673801717327,24.369591561271882,5.341620656754594,2.617017215066605,3.637610615351279,WEBOTS_UNKNOWN,ekf_on_cluster_on,1,1
1784374160.6187117,53.39105534553528,63.9957703239578,200.0,0.2,5.9364566595309745,5.038180836830458,-1.0394983020498945,0.10355646269308211,5.9900695305890235,1784374160.6197193,None,None,None, None, 1784374160.6217196,1.0270000633064997,apf_waypoint,static_obstacle,0.0,3.6822056264129954,0.0,11.226456325431894,24.42583583848214,5.457710386665171,2.6285542062452563,3.6818525564510445,WEBOTS_UNKNOWN,ekf_on_cluster_on,1,1
1784374160.7647097,53.53705334663391,75.46840688839195,200.0,0.2,5.9458289465046965,5.081090729428246,-1.055180204058619,0.11438960989698695,6.000185704624065,1784374160.7081554,None,None,None, None, 1784374160.7161539,0.9891140800782721,apf_waypoint,static_obstacle,0.0,3.7630608621461237,0.0,11.392517872065152,24.469590361500487,5.641338974933777,2.669607869989332,3.762845617168635,WEBOTS_UNKNOWN,ekf_on_cluster_on,1,1
1784374160.9845898,53.75693345069885,72.52623208860082,200.0,0.2,5.975199826148927,5.12420616852479,-1.0704778622855864,0.29090215771010447,6.078563242246313,1784374160.9775846,None,None,None, None, 1784374160.9670732,0.9296552917236331,apf_waypoint,static_obstacle,0.0,3.805101879359381,0.0,12.04918019843211,24.27323846885517,5.7046764035978175,2.690380853764398,3.8035969166199646,WEBOTS_UNKNOWN,ekf_on_cluster_on,1,1
1784374161.1512094,53.92355298995972,-15.959267307302298,200.0,0.2,6.033447481958494,5.046677832175657,-1.0253755777933613,0.09688198401244139,6.091019666942355,1784374161.1061578,5.041192129298659,-1.0227138400602445,6.158479374614852, 1784374161.104157, 1784374161.0971508,0.9719089494724585,apf_waypoint,static_obstacle,0.0,3.805101879359381,0.0,13.575263181925473,23.100553185705287,5.7046764035978175,2.690380853764398,3.8035969166199646,WEBOTS_UNKNOWN,ekf_on_cluster_on,1,1
1784374161.4495132,54.22185683250427,-13.590166333246078,200.0,0.2,6.044715279023863,5.081530786103966,-1.0342318358833893,0.10739537485350016,6.1242396878875,1784374161.4154823,None,None,None, None, 1784374161.4014738,1.0886428881757335,apf_waypoint,static_obstacle,0.0,3.9065839981901447,0.0,13.806342706606436,23.037551879941624,5.474534684446768,2.854508904354776,3.902179867394375,WEBOTS_UNKNOWN,ekf_on_cluster_on,1,1
1784374161.6394181,54.41176176071167,-7.103648229862716,200.0,0.2,6.050964113570697,5.123875209278309,-1.044548048264204,0.06491504639162199,6.132749829854761,1784374161.6544192,None,None,None, None, 1784374161.6534185,0.9674474337644595,apf_waypoint,static_obstacle,0.0,3.9514062200393822,0.0,13.91723838403887,23.058335687308933,5.588652718469757,2.881655933769372,3.9465264313579485,WEBOTS_UNKNOWN,ekf_on_cluster_on,1,1
1784374161.8299422,54.602285861968994,3.034915573289737,200.0,0.2,6.062717480779462,5.169723996338259,-1.05553930276972,0.13499913681091774,6.163081654049022,1784374161.7712605,None,None,None, None, 1784374161.7957842,1.0518427624845417,apf_waypoint,static_obstacle,0.0,3.9997222027690653,0.0,14.153383571611576,23.008627665566504,5.725139649446097,2.906591321136294,3.993814076786749,WEBOTS_UNKNOWN,ekf_on_cluster_on,1,1
1784374161.9616358,54.73397946357727,18.330149123663162,200.0,0.2,6.071578245289195,5.216893428533721,-1.0661956624497009,0.09420207478782477,6.173468218518396,1784374161.8815188,None,None,None, None, 1784374161.8880308,0.9756125342448454,apf_waypoint,static_obstacle,0.0,3.9997222027690653,0.0,14.324190014437013,22.995783595123104,5.725139649446097,2.906591321136294,3.993814076786749,WEBOTS_UNKNOWN,ekf_on_cluster_on,1,1
1784374162.1187632,54.891106843948364,-36.78293960659285,200.0,0.2,6.133132245924496,5.1733573673423985,-1.0391194698392374,0.10501772394076803,6.18445887633198,1784374162.1267722,5.167483903243853,-1.0367039463527117,6.282884779820084, 1784374162.106737, 1784374162.1077363,0.9161755865320659,apf_waypoint,static_obstacle,0.0,4.044302817809807,0.0,15.765759698841357,21.80649725968548,5.774494639768429,2.9385777544755873,4.035447980519422,WEBOTS_UNKNOWN,ekf_on_cluster_on,1,1
1784374162.3014748,55.07381844520569,-200.0,179.75300061357888,0.2,6.136689195524388,5.214397705836871,-1.0453975474648534,0.055926104736350554,6.190590994595084,1784374162.236419,None,None,None, None, 1784374162.2434216,0.9363261242301157,apf_waypoint,static_obstacle,0.0,4.083407592748864,0.0,15.826738860890542,21.823047239607455,5.577377942708274,3.023792272656455,4.074304521426007,WEBOTS_UNKNOWN,ekf_on_cluster_on,1,1
1784374162.566568,55.33891153335571,-200.0,176.35778250331586,0.2,6.144159841454606,5.2726155390570035,-1.0538611482840494,0.05230241824376118,6.203720606155377,1784374162.4874516,None,None,None, None, 1784374162.566568,1.0692610958493656,apf_waypoint,static_obstacle,0.0,4.114550064319915,0.0,15.967266106148802,21.80385374134894,5.675550547293669,3.0423327753355722,4.104171744153468,WEBOTS_UNKNOWN,ekf_on_cluster_on,1,1
1784374162.8100863,55.58242988586426,-200.0,172.7436394982733,0.2,6.149185435290672,5.337007073764575,-1.0625970948180337,0.0109027162726736,6.206628732621194,1784374162.7541857,None,None,None, None, 1784374162.8025706,1.0192795837148014,apf_waypoint,static_obstacle,0.0,4.157751476606368,0.0,16.053563668426538,21.828352778060655,5.747186896384708,3.075815071711349,4.135081675690592,WEBOTS_UNKNOWN,ekf_on_cluster_on,1,1
1784374162.996334,55.768677711486816,-200.0,176.79858031142862,0.2,6.152731497193649,5.402471481631688,-1.0711736213965866,0.0018288193399492532,6.207066990011167,1784374162.9938252,None,None,None, None, 1784374162.9442737,0.9547089414023924,apf_waypoint,static_obstacle,0.0,4.169471468619691,0.0,16.10800420509476,21.875801422337315,5.76711573035136,3.0836651348865063,4.158041847470475,WEBOTS_UNKNOWN,ekf_on_cluster_on,1,1
1784374163.284378,56.056721687316895,-200.0,166.23407562390352,0.2,6.198386983748043,5.274741857938064,-1.0395764129348324,-0.01224759260471987,6.203798138899335,1784374163.2607226,5.262163463331467,-1.03697608211845,0.043297233456250694, 1784374163.121017, 1784374163.2908933,1.05046731476708,apf_waypoint,static_obstacle,0.0,4.184061941482816,0.0,17.1422050888363,20.774504728126217,5.828585479177238,3.08974312670425,4.172390979996851,WEBOTS_UNKNOWN,ekf_on_cluster_on,1,1
1784374163.4611292,56.23347282409668,-200.0,163.869270766784,0.2,6.1991817378690195,5.325609434290645,-1.043760678723002,-0.021196598667694456,6.200919542168933,1784374163.5091968,None,None,None, None, 1784374163.407554,0.9749891953762945,apf_waypoint,static_obstacle,0.0,4.232520247319582,0.0,17.14794541021152,20.81925109080621,5.440366457788644,3.1896461110516188,4.218842874598721,WEBOTS_UNKNOWN,ekf_on_cluster_on,1,1
1784374163.6561491,56.42849278450012,-200.0,163.58642373554397,0.2,6.188507065701867,5.3866609856502325,-1.0487793769632159,-0.1214636636398328,6.174198777938412,1784374163.616517,None,None,None, None, 1784374163.6356282,0.9633015760015874,apf_waypoint,static_obstacle,0.0,4.28059641485533,0.0,16.910906992036015,21.07134016156474,5.4253394521583,3.234918615120558,4.2629425893568005,WEBOTS_UNKNOWN,ekf_on_cluster_on,1,1
1784374163.8868937,56.65923738479614,-200.0,161.85950215269634,0.2,6.182301363725266,5.450661169857893,-1.0550160847423182,-0.036483927143995926,6.164975293663927,1784374163.8693266,None,None,None, None, 1784374163.8984077,1.0572043697697346,apf_waypoint,static_obstacle,0.0,4.316005283357352,0.0,16.763354221774936,21.258877922401712,5.481934750538934,3.2647752706544204,4.299076646222484,WEBOTS_UNKNOWN,ekf_on_cluster_on,1,1
1784374164.177529,56.949872732162476,-200.0,151.36249682664203,0.2,6.202033282085904,5.442382171964957,-1.0343915496249907,-0.04666234168564431,6.1535844331707965,1784374164.212054,5.435202563280195,-1.0317033160935833,6.281711318859441, 1784374164.127467, 1784374164.1670153,0.9412358796734781,apf_waypoint,static_obstacle,0.0,4.386182677369228,0.0,17.204503199533814,20.728487890918714,5.50288478271836,3.3237118917681787,4.366316620709261,WEBOTS_UNKNOWN,ekf_on_cluster_on,1,1
1784374164.3564265,57.12877011299133,-200.0,148.83150042573888,0.2,6.19506292311532,5.501480634719197,-1.03923178801724,-0.06634992523916905,6.138803108273154,1784374164.3362174,None,None,None, None, 1784374164.3709407,0.9906767816572107,apf_waypoint,static_obstacle,0.0,4.386182677369228,0.0,17.046470805428694,20.916331131036046,5.50288478271836,3.3237118917681787,4.366316620709261,WEBOTS_UNKNOWN,ekf_on_cluster_on,1,1
1784374164.5757337,57.34807729721069,-200.0,145.42570437275654,0.2,6.1881267360603065,5.563605724122176,-1.0447877474404557,-0.05694106826052972,6.130298257891722,1784374164.5975733,None,None,None, None, 1784374164.6216013,1.052782601846404,apf_waypoint,static_obstacle,0.0,4.429797304448157,0.0,16.8858801406058,21.11064763394973,5.27661143209332,3.384370436216489,4.407793199254708,WEBOTS_UNKNOWN,ekf_on_cluster_on,1,1
1784374164.844715,57.617058753967285,-200.0,140.94820638484404,0.2,6.1817144471703935,5.626136755368957,-1.050803356109455,-0.05216277350614034,6.119259293338295,1784374164.8582802,None,None,None, None, 1784374164.7996798,1.000219808688965,apf_waypoint,static_obstacle,0.0,4.471235768353308,0.0,16.733679958772868,21.2998381336042,5.258023212600985,3.4156534291478047,4.446986239427903,WEBOTS_UNKNOWN,ekf_on_cluster_on,1,1
1784374165.0259662,57.79830980300903,-200.0,135.42283806056892,0.2,6.174852701641553,5.6883314489339245,-1.0571603697568293,-0.05901118973323092,6.100450298261686,1784374165.0159411,None,None,None, None, 1784374165.0544894,0.9740455042695414,apf_waypoint,static_obstacle,0.0,4.533910937248518,0.0,16.569417141073465,21.498866979345962,5.232204976298327,3.4631683630152135,4.511427691689636,WEBOTS_UNKNOWN,ekf_on_cluster_on,1,1
1784374165.2481024,58.02044606208801,-200.0,138.51791860873726,0.2,6.178032307851255,5.611795519128095,-1.0363761252300063,-0.05870653683349141,6.088741698451539,1784374165.215384,5.6028085597465545,-1.0345870858026256,6.207784414656254, 1784374165.134094, 1784374165.164776,0.9279692226215793,apf_waypoint,static_obstacle,0.0,4.593699769549622,0.0,16.677299217172937,21.22106050926845,5.250653596429253,3.511085375437797,4.552081035630307,WEBOTS_UNKNOWN,ekf_on_cluster_on,1,1
1784374165.5023756,58.27471923828125,-200.0,134.69549932081011,0.2,6.1698697186546845,5.663431687841896,-1.0418347637865963,-0.0827481979894996,6.070380683331062,1784374165.4372742,None,None,None, None, 1784374165.5734477,1.016109014397972,apf_waypoint,static_obstacle,0.0,4.631499402024357,0.0,16.488340990511755,21.428205117104305,4.94651166506134,3.5789624562531586,4.649594836165322,WEBOTS_UNKNOWN,ekf_on_cluster_on,1,1
1784374165.8747227,58.64706635475159,-200.0,131.23108807202988,0.2,6.153959241530067,5.721871746885568,-1.0485478676178737,-0.1434151982290427,6.020726787179838,1784374165.9538326,None,None,None, None, 1784374165.8737154,0.9077025716621384,apf_waypoint,static_obstacle,0.0,4.725375449334857,0.0,16.125779859959763,21.774048960816586,4.975273309240111,3.6194787007589406,4.686643988302855,WEBOTS_UNKNOWN,ekf_on_cluster_on,1,1
1784374166.2051725,58.977516174316406,-200.0,125.85477364004839,0.2,6.138709954987663,5.771298802981869,-1.0510890901836867,-0.0634730975570092,5.999799525753138,1784374166.2577713,5.769587623799342,-1.0502080417329647,6.122763081879839, 1784374166.1421, 1784374166.1601083,0.9658188712823492,apf_waypoint,static_obstacle,0.0,4.8095111183875305,0.0,15.779649234002186,22.06128828698319,4.922518384155027,3.6710805910255,4.777802822714005,WEBOTS_UNKNOWN,ekf_on_cluster_on,1,1
1784374166.596516,59.36885952949524,-200.0,116.80809156029846,0.2,6.127483657010023,5.830610197241233,-1.0598403730797514,-0.09504968232539661,5.956381353606792,1784374166.5699964,None,None,None, None, 1784374166.596516,1.0922591317403032,apf_waypoint,static_obstacle,0.0,4.912448893694172,0.0,15.504729951866596,22.342682282315263,4.822773753624606,3.735248092502343,4.878775509952209,WEBOTS_UNKNOWN,ekf_on_cluster_on,1,1
1784374166.822859,59.595202684402466,190.38317620009133,200.0,0.2,6.107581309948432,5.889613403164816,-1.0692221236708779,-0.17364614800285574,5.92238635302386,1784374166.765768,None,None,None, None, 1784374166.78629,0.9455160540034931,apf_waypoint,static_obstacle,0.0,4.944366917248128,0.0,15.027096432272142,22.75805389706788,4.810711458590421,3.7568657490441653,4.934563994775826,WEBOTS_UNKNOWN,ekf_on_cluster_on,1,1
1784374166.9991326,59.77147626876831,200.0,200.0,0.2,6.097347966885096,5.934327830324663,-1.0779051090057425,0.04336242210798712,5.93237510482389,1784374166.996123,None,None,None, None, 1784374167.030655,0.9180510425597872,apf_waypoint,static_obstacle,0.0,4.944366917248128,0.0,14.766228087181204,23.009507222906258,4.810711458590421,3.7568657490441653,4.934563994775826,WEBOTS_UNKNOWN,ekf_on_cluster_on,1,1
1784374167.1831763,59.955519914627075,200.0,200.0,0.2,6.092330857996436,5.929723245767827,-1.0785432419066547,0.11428001387339351,5.945289281730394,1784374167.1881757,5.925426175340241,-1.0778217880156484,6.078990108057169, 1784374167.149717, 1784374167.1407123,1.0570235056143678,apf_waypoint,none,0.0,nan,nan,14.650033748520073,23.087230624825352,nan,nan,nan,WEBOTS_UNKNOWN,ekf_on_cluster_on,1,1
1784374167.311364,60.08370757102966,200.0,200.0,0.2,6.108260224602229,5.9615059264255414,-1.0850735406213443,0.2890530035495632,5.968138319945044,1784374167.323873,None,None,None, None, 1784374167.23575,1.028870238749549,apf_waypoint,none,0.0,nan,nan,14.996495665765844,22.9249024347858,nan,nan,nan,WEBOTS_UNKNOWN,ekf_on_cluster_on,1,1
1784374167.4710534,60.24339699745178,200.0,200.0,0.2,6.118750357295714,5.994421388280379,-1.090989330223218,0.12737758307225192,6.001747924438101,1784374167.4520338,None,None,None, None, 1784374167.4570382,1.0777729601980124,apf_waypoint,none,0.0,nan,nan,15.218420862595263,22.835429301480175,nan,nan,nan,WEBOTS_UNKNOWN,ekf_on_cluster_on,1,1
1784374167.7273545,60.49969816207886,200.0,200.0,0.2,6.130562120916068,6.027960571298217,-1.0967163453501412,0.14885936618312565,6.038854554417078,1784374167.7013068,None,None,None, None, 1784374167.7053154,1.0485377291158129,apf_waypoint,none,0.0,nan,nan,15.470310037928721,22.722063848381723,nan,nan,nan,WEBOTS_UNKNOWN,ekf_on_cluster_on,1,1
1784374167.943656,60.715999603271484,200.0,200.0,0.2,6.163331989310088,6.061895681388747,-1.1021020327404236,0.3349491445337234,6.117511028710769,1784374167.936138,None,None,None, None, 1784374167.9351373,1.0877935969615617,apf_waypoint,none,0.0,nan,nan,16.192315407458626,22.26863376944591,nan,nan,nan,WEBOTS_UNKNOWN,ekf_on_cluster_on,1,1
1784374168.1306863,60.903029918670654,200.0,200.0,0.2,6.17774733065149,6.096193783602619,-1.1061377107089179,0.10736053534301637,6.133477920690816,1784374168.08486,None,None,None, None, 1784374168.077347,0.9509416559247931,apf_waypoint,none,0.0,nan,nan,16.500249253991754,22.08640088820261,nan,nan,nan,WEBOTS_UNKNOWN,ekf_on_cluster_on,1,1
1784374168.3249438,61.09728741645813,179.2014768503642,200.0,0.2,6.201279922522862,6.026336043355901,-1.0953506865856886,0.1218567106471187,6.162611853046009,1784374168.3239436,6.021584072600579,-1.0946891784344757,6.236713560980978, 1784374168.150194, 1784374168.3239436,1.0847021608101521,apf_waypoint,none,0.0,nan,nan,17.03908370529733,21.558568639701928,nan,nan,nan,WEBOTS_UNKNOWN,ekf_on_cluster_on,1,1
1784374168.4500635,61.22240710258484,176.69692823431845,200.0,0.2,6.218181740521527,6.050182838716309,-1.097409001358408,0.2194696221223017,6.18578949327406,1784374168.4295511,None,None,None, None, 1784374168.408522,1.0781180424157308,apf_waypoint,none,0.0,nan,nan,17.39549006787708,21.29779815027376,nan,nan,nan,WEBOTS_UNKNOWN,ekf_on_cluster_on,1,1
1784374168.6256998,61.398043394088745,178.64676192272233,200.0,0.2,6.227884318042333,6.079242805563673,-1.099336033298922,0.10448349995936312,6.194303035790199,1784374168.6567547,None,None,None, None, 1784374168.624697,0.940288608502222,apf_waypoint,none,0.0,nan,nan,17.59547230573332,21.15959088086052,nan,nan,nan,WEBOTS_UNKNOWN,ekf_on_cluster_on,1,1
1784374168.8603935,61.632737159729004,179.6306212388781,200.0,0.2,6.241573922306999,6.111689072250757,-1.1012721639054073,0.1631152989418869,6.235655794981014,1784374168.7645519,None,None,None, None, 1784374168.8603935,0.951163286011181,apf_waypoint,none,0.0,nan,nan,17.87757748532074,20.950158175932415,nan,nan,nan,WEBOTS_UNKNOWN,ekf_on_cluster_on,1,1
1784374169.1715572,61.94390082359314,159.43953628128335,200.0,0.2,6.286715308258029,6.121317591928554,-1.099110585846106,0.13061390490186017,0.00576183194676716,1784374169.1725585,6.118871691693328,-1.0987445270042513,0.1086146743131451, 1784374169.155045, 1784374169.1530387,1.008280624684021,apf_waypoint,none,0.0,nan,nan,18.80465303010371,20.106089320999075,nan,nan,nan,WEBOTS_UNKNOWN,ekf_on_cluster_on,1,1
1784374169.406731,62.17907452583313,158.2570774806124,200.0,0.2,6.3050907876434925,6.154824356482392,-1.0991224757966256,0.23237530413567337,0.04178786460724166,1784374169.4253125,None,None,None, None, 1784374169.3576236,1.0813492195430368,apf_waypoint,none,0.0,nan,nan,19.167499625730727,19.77324636113805,nan,nan,nan,WEBOTS_UNKNOWN,ekf_on_cluster_on,1,1
1784374169.726123,62.4984667301178,156.9035984791048,200.0,0.2,0.04203756602129243,6.1909814251413255,-1.0983372145283852,0.19572540520697268,0.1101922488942094,1784374169.677084,None,None,None, None, 1784374169.7241232,1.0207698172061574,apf_waypoint,none,0.0,nan,nan,19.55835065823527,19.393328770402952,nan,nan,nan,WEBOTS_UNKNOWN,ekf_on_cluster_on,1,1
1784374170.006642,62.77898573875427,156.18709998944482,200.0,0.2,0.061961530193583206,6.228677137128516,-1.0967391298290607,0.18160959746081143,0.1615862914205737,1784374169.9600759,None,None,None, None, 1784374169.962076,1.0895078404736005,apf_waypoint,none,0.0,nan,nan,19.93746563940964,19.002962412143624,nan,nan,nan,WEBOTS_UNKNOWN,ekf_on_cluster_on,1,1
1784374170.2982411,63.070584774017334,120.85717874210741,200.0,0.2,0.11667451964457766,6.22487613288904,-1.0878792095215408,0.09759632976315169,0.18919532509216333,1784374170.242966,6.220726271699107,-1.0872449969470932,0.2568093172556436, 1784374170.165853, 1784374170.2992394,1.0033797596752771,apf_waypoint,none,0.0,nan,nan,20.941462177942128,17.79809855878463,nan,nan,nan,WEBOTS_UNKNOWN,ekf_on_cluster_on,1,1
1784374170.5491047,63.32144832611084,125.87745968850649,200.0,0.2,0.12567541137542412,6.260263888829707,-1.0838233226860732,0.12044262961312453,0.22016613438892466,1784374170.5001075,None,None,None, None, 1784374170.5566187,1.0402035281082223,apf_waypoint,none,0.0,nan,nan,21.096015788501187,17.587751931760145,nan,nan,nan,WEBOTS_UNKNOWN,ekf_on_cluster_on,1,1
1784374170.7347713,63.50711488723755,131.8263525016025,200.0,0.2,0.13500429203029665,6.298820146365414,-1.0790882122049332,0.12185203837372251,0.2343757134258872,1784374170.616721,None,None,None, None, 1784374170.6823242,1.0227586685722954,apf_waypoint,none,0.0,nan,nan,21.25346456448085,17.364281918346503,nan,nan,nan,WEBOTS_UNKNOWN,ekf_on_cluster_on,1,1
1784374170.8943944,63.66673803329468,131.23659091263292,200.0,0.2,0.15623133814188347,6.338798631905629,-1.0738204822681556,0.2302687662575732,0.29543039495470513,1784374170.8818662,None,None,None, None, 1784374170.893393,1.0584559402727776,apf_waypoint,none,0.0,nan,nan,21.610387067447974,16.879209011146994,nan,nan,nan,WEBOTS_UNKNOWN,ekf_on_cluster_on,1,1
1784374170.9890747,63.76141834259033,128.40140021289878,200.0,0.2,0.1817933286904503,6.379380794301117,-1.067422691654798,0.2302687662575732,0.34148414820621975,1784374171.0080826,None,None,None, None, 1784374170.893393,1.0584559402727776,apf_waypoint,none,0.0,nan,nan,22.025697141197853,16.281156854902246,nan,nan,nan,WEBOTS_UNKNOWN,ekf_on_cluster_on,1,1
1784374171.167915,63.940258741378784,123.28072386599763,200.0,0.2,0.21146432039865265,6.4202416121111705,-1.0598110686905695,0.24654410662606752,0.4053500793305498,1784374171.1409109,None,None,None, None, 1784374171.1222858,0.9980642907434071,apf_waypoint,none,0.0,nan,nan,22.486916019450824,15.569386714850076,nan,nan,nan,WEBOTS_UNKNOWN,ekf_on_cluster_on,1,1
1784374171.4165964,64.18894004821777,34.15322234525443,200.0,0.2,0.280803849309608,6.334443547915806,-1.0575009280789647,0.20422180564137954,0.45817853833181443,1784374171.3995926,6.328692440391902,-1.0578039007625637,0.40416530773484194, 1784374171.168419, 1784374171.3975925,0.9467241809159921,apf_waypoint,none,0.0,nan,nan,23.504552139965774,13.909249572794684,nan,nan,nan,WEBOTS_UNKNOWN,ekf_on_cluster_on,1,1
1784374171.6606581,64.43300175666809,23.34445973206826,200.0,0.2,0.3078373585185098,6.365787827564416,-1.0482879930835916,0.22574085934556937,0.5168857988704909,1784374171.6596575,None,None,None, None, 1784374171.631582,1.0220771685196424,apf_waypoint,none,0.0,nan,nan,23.850718367532448,13.199258524395109,nan,nan,nan,WEBOTS_UNKNOWN,ekf_on_cluster_on,1,1
1784374171.9167888,64.68913245201111,25.812635819979615,200.0,0.2,0.3229545683492213,6.404389739323947,-1.035754425245015,0.08897756432592238,0.5395869465288675,1784374171.9147909,None,None,None, None, 1784374171.9408147,0.9894266681941708,apf_waypoint,none,0.0,nan,nan,24.017043214777154,12.740936280928324,nan,nan,nan,WEBOTS_UNKNOWN,ekf_on_cluster_on,1,1
1784374172.0539894,64.82633304595947,33.238489832648405,200.0,0.2,0.3348332962540529,6.446888895803473,-1.0214784414527287,0.10043786218591365,0.5486922934840319,1784374172.0054474,None,None,None, None, 1784374172.0324707,1.0633279168303924,apf_waypoint,none,0.0,nan,nan,24.130588533751073,12.344701239097333,nan,nan,nan,WEBOTS_UNKNOWN,ekf_on_cluster_on,1,1
1784374172.2753956,65.04773926734924,-18.58182995591417,200.0,0.2,0.40214132855882756,6.446484601448643,-1.0070193915380252,0.20339108760654603,0.5958449101783428,1784374172.2372797,6.442111695005682,-1.00709943369597,0.5426447726564767, 1784374172.1732, 1784374172.2743957,1.0700596066211845,apf_waypoint,none,0.0,nan,nan,24.858498924652167,10.563417896924866,nan,nan,nan,WEBOTS_UNKNOWN,ekf_on_cluster_on,1,1
1784374172.5164175,65.28876113891602,-15.275823026659092,200.0,0.2,0.4139345470654778,6.487637694565607,-0.9893825258899325,0.0929214519253767,0.6211327116092743,1784374172.5094213,None,None,None, None, 1784374172.5179217,0.9214546978418879,apf_waypoint,none,0.0,nan,nan,24.92501176688866,10.131602566879222,nan,nan,nan,WEBOTS_UNKNOWN,ekf_on_cluster_on,1,1
1784374172.7874663,65.559809923172,-9.37213279531687,200.0,0.2,0.42222548004312926,6.531614601241832,-0.9700627213421344,0.07921161542072251,0.6427605044535433,1784374172.7824595,None,None,None, None, 1784374172.7929797,0.9904356864447903,apf_waypoint,none,0.0,nan,nan,24.945034462348275,9.773299752589867,nan,nan,nan,WEBOTS_UNKNOWN,ekf_on_cluster_on,1,1
1784374173.066106,65.838449716568,1.923863679901386,200.0,0.2,0.4294971471875128,6.57649332307923,-0.9500210605104371,0.08629907571526893,0.665424468197791,1784374173.0450807,None,None,None, None, 1784374173.0305624,0.9776715520480884,apf_waypoint,none,0.0,nan,nan,24.948684128392994,9.4345916459431,nan,nan,nan,WEBOTS_UNKNOWN,ekf_on_cluster_on,1,1
1784374173.3262508,66.09859442710876,-36.89252675922646,200.0,0.2,0.49386223734424234,6.560841910101778,-0.9358748460325694,0.10397915990589865,0.6942957568453685,1784374173.3227448,6.554917761822166,-0.9364815072143595,0.6703682322588405, 1784374173.17775, 1784374173.3227448,0.9376306865947697,apf_waypoint,none,0.0,nan,nan,25.443399947550024,7.679799297061608,nan,nan,nan,WEBOTS_UNKNOWN,ekf_on_cluster_on,1,1
1784374173.8438404,66.61618399620056,-30.991675911151717,200.0,0.2,0.5001410591286114,6.600900079901171,-0.9144103984661722,0.0859948293044002,0.7375150934260675,1784374173.8253255,None,None,None, None, 1784374173.7928061,1.0777685378572917,apf_waypoint,none,0.0,nan,nan,25.406649708379945,7.352899943044686,nan,nan,nan,WEBOTS_UNKNOWN,ekf_on_cluster_on,1,1
1784374174.025998,66.79834175109863,-28.302405409307173,200.0,0.2,0.517254919448028,6.644044110320991,-0.8909776496759303,0.18863423589303283,0.7568116427192281,1784374174.0342102,None,None,None, None, 1784374174.0229988,1.0225999976349862,apf_waypoint,none,0.0,nan,nan,25.43322300276128,6.735769956236703,nan,nan,nan,WEBOTS_UNKNOWN,ekf_on_cluster_on,1,1
1784374174.2705762,67.04291987419128,-58.897334474735565,200.0,0.2,0.5932635602451459,6.664272539711018,-0.8518586687051475,0.14938218524047844,0.793979503357979,1784374174.1764321,6.660506206905411,-0.849606322650936,0.7944376766367762, 1784374174.190457, 1784374174.2480602,0.9767558142831768,apf_waypoint,none,0.0,nan,nan,25.679593607431578,4.471045544831653,nan,nan,nan,WEBOTS_UNKNOWN,ekf_on_cluster_on,1,1
1784374174.4016857,67.17402935028076,-54.05876404803118,200.0,0.2,0.6045081800072777,6.706915774698859,-0.8229340208555822,0.08710094577819186,0.8122434596673818,1784374174.3861194,None,None,None, None, 1784374174.3486023,0.9213917699912428,apf_waypoint,none,0.0,nan,nan,25.588700306410335,3.963657771045389,nan,nan,nan,WEBOTS_UNKNOWN,ekf_on_cluster_on,1,1
1784374174.6040514,67.37639498710632,-52.10130162138707,200.0,0.2,0.6255515294818543,6.750330614281349,-0.7929163291929484,0.1986531015506313,0.8541449537721099,1784374174.5970473,None,None,None, None, 1784374174.595046,1.0858348552150565,apf_waypoint,none,0.0,nan,nan,25.51642144519133,3.2000346564564683,nan,nan,nan,WEBOTS_UNKNOWN,ekf_on_cluster_on,1,1
1784374174.7157834,67.48812699317932,-51.07072353467214,200.0,0.2,0.6504602058942915,6.793261981922812,-0.7616651104976055,0.19923448341297462,0.8756097971322132,1784374174.704784,None,None,None, None, 1784374174.689775,0.9655072709004291,apf_waypoint,none,0.0,nan,nan,25.425450571079438,2.3325088557810254,nan,nan,nan,WEBOTS_UNKNOWN,ekf_on_cluster_on,1,1
1784374174.8193777,67.59172129631042,-46.627790935493735,200.0,0.2,0.6682625212152064,6.835370771299909,-0.7292619520360843,0.11730476047204973,0.8877012122808157,1784374174.8078609,None,None,None, None, 1784374174.7958572,0.9250290130142326,apf_waypoint,none,0.0,nan,nan,25.289054676899365,1.641526216472732,nan,nan,nan,WEBOTS_UNKNOWN,ekf_on_cluster_on,1,1
1784374174.9380884,67.7104320526123,-39.66679822130195,200.0,0.2,0.6820935896184459,6.876783672631622,-0.6963723598621812,0.10063071459640842,0.8991392449665669,1784374174.9215243,None,None,None, None, 1784374174.8950074,0.9898114301455592,apf_waypoint,none,0.0,nan,nan,25.12881033646041,1.051446394503964,nan,nan,nan,WEBOTS_UNKNOWN,ekf_on_cluster_on,1,1
1784374175.1650941,67.93743777275085,-30.41532438191456,200.0,0.2,0.6931670431917316,6.917445888019898,-0.663296554313014,0.0922719684772205,0.9117153723115852,1784374175.1991584,None,None,None, None, 1784374175.1143668,1.0341530281986726,apf_waypoint,none,0.0,nan,nan,24.95404388154521,0.5327378776799243,nan,nan,nan,WEBOTS_UNKNOWN,ekf_on_cluster_on,1,1
1784374175.488182,68.26052570343018,-103.63904209572425,200.0,0.2,0.7590322417927814,6.765617485152199,-0.7413873036847576,0.10431747164781438,0.9543628548959663,1784374175.4666424,6.759366112207341,-0.7450118508075151,0.9155320623859486, 1784374175.19516, 1784374175.4271095,0.9579340515604265,apf_waypoint,none,0.0,nan,nan,25.393229573398706,-0.5966342258980735,nan,nan,nan,WEBOTS_UNKNOWN,ekf_on_cluster_on,1,1
1784374175.6775649,68.44990849494934,-101.3377320872796,200.0,0.2,0.7676264772853856,6.79318736582397,-0.715189386649687,0.07989459775707396,0.9626417849256836,1784374175.683073,None,None,None, None, 1784374175.6138291,1.0241437518767473,apf_waypoint,none,0.0,nan,nan,25.226401081766937,-0.9949811033121243,nan,nan,nan,WEBOTS_UNKNOWN,ekf_on_cluster_on,1,1
1784374175.894173,68.66651654243469,-97.07545448026401,200.0,0.2,0.7768817870926764,6.829153821673273,-0.6804580202956814,0.0863115990237462,0.9831653560549919,1784374175.9161785,None,None,None, None, 1784374175.8340788,0.9876463152726653,apf_waypoint,none,0.0,nan,nan,25.00019682275906,-1.465839081614691,nan,nan,nan,WEBOTS_UNKNOWN,ekf_on_cluster_on,1,1
1784374176.2016315,68.97397518157959,-118.50768105659328,200.0,0.2,0.8407115414753276,6.850116559107172,-0.6278725438494591,0.05797179042085315,1.005402201294145,1784374176.1916306,6.847219694116335,-0.6256658801895859,1.0250879135654776, 1784374176.198632, 1784374176.1220403,0.9541668057019753,apf_waypoint,none,0.0,nan,nan,24.496447531575228,-3.4083601668996923,nan,nan,nan,WEBOTS_UNKNOWN,ekf_on_cluster_on,1,1
1784374176.3547785,69.12712216377258,-113.77343649508705,200.0,0.2,0.8512659648556371,6.889035985292767,-0.584390563404296,0.11034935571880722,1.017409493113515,1784374176.3004422,None,None,None, None, 1784374176.351757,0.9763348453246024,apf_waypoint,none,0.0,nan,nan,24.16406895913056,-3.946254203106238,nan,nan,nan,WEBOTS_UNKNOWN,ekf_on_cluster_on,1,1
1784374176.6032338,69.37557744979858,-108.04186438437819,200.0,0.2,0.862504681834523,6.927928635192213,-0.5398752704937024,0.09520037449030144,1.0374601577337035,1784374176.6167457,None,None,None, None, 1784374176.615746,1.098660513791406,apf_waypoint,none,0.0,nan,nan,23.811804099274006,-4.501197584632402,nan,nan,nan,WEBOTS_UNKNOWN,ekf_on_cluster_on,1,1
1784374176.7534344,69.52577805519104,-101.27524195372739,200.0,0.2,0.8748850215188273,6.966156490153473,-0.4951165770565993,0.1026053950609789,1.060634306439043,1784374176.7369146,None,None,None, None, 1784374176.7173455,1.0025086380975292,apf_waypoint,none,0.0,nan,nan,23.44152919101443,-5.077787376582636,nan,nan,nan,WEBOTS_UNKNOWN,ekf_on_cluster_on,1,1
1784374176.9456902,69.71803379058838,-91.77072191389063,200.0,0.2,0.8843604365460733,7.003443082997983,-0.45033996961335987,0.07343238351400239,1.0710763383475805,1784374176.879114,None,None,None, None, 1784374176.9436922,1.0722967043037042,apf_waypoint,none,0.0,nan,nan,23.075658765531024,-5.579754840806898,nan,nan,nan,WEBOTS_UNKNOWN,ekf_on_cluster_on,1,1
1784374177.279037,70.05138063430786,-143.70258101095868,200.0,0.2,0.9582748854272549,6.933191462576316,-0.48489309318073587,0.17738738937534088,1.127190086989875,1784374177.3105547,6.926423977928356,-0.48990454971706565,1.1241335381047826, 1784374177.203455, 1784374177.2912862,1.084878316699198,apf_waypoint,none,0.0,nan,nan,22.847973320119117,-7.083704993751668,nan,nan,nan,WEBOTS_UNKNOWN,ekf_on_cluster_on,1,1
1784374177.5585718,70.3309154510498,-141.0516911036698,200.0,0.2,0.9696828375761654,6.9624010659701945,-0.4428241917523579,0.05801380309186615,1.148256257395994,1784374177.5585718,None,None,None, None, 1784374177.522051,1.0216409513513833,apf_waypoint,none,0.0,nan,nan,22.44505082378847,-7.582213038977412,nan,nan,nan,WEBOTS_UNKNOWN,ekf_on_cluster_on,1,1
1784374177.7189288,70.49127244949341,-137.09628480213345,200.0,0.2,0.9837478140346935,6.9957102766524795,-0.393921104021941,0.10597695433381077,1.160421499639546,1784374177.6733632,None,None,None, None, 1784374177.6563346,0.9398806865923811,apf_waypoint,none,0.0,nan,nan,21.95840972666853,-8.16941027567798,nan,nan,nan,WEBOTS_UNKNOWN,ekf_on_cluster_on,1,1
1784374177.9053414,70.67768502235413,-122.98648211606063,196.53002588177986,0.2,0.9943405679134347,7.029482131100048,-0.3427516962971753,0.06672904010577954,1.167397678996861,1784374177.9053414,None,None,None, None, 1784374177.8873363,1.0991204963632704,apf_waypoint,none,0.0,nan,nan,21.470860250714754,-8.682851599224506,nan,nan,nan,WEBOTS_UNKNOWN,ekf_on_cluster_on,1,1
1784374178.0866165,70.85896015167236,-200.0,174.50025698652306,0.2,1.0035189170648768,7.0622122679170705,-0.29217972916179225,0.0664322530706736,1.176048102636295,1784374178.0355556,None,None,None, None, 1784374178.0270495,1.0491985358121658,apf_waypoint,none,0.0,nan,nan,20.991231093987132,-9.154392319342874,nan,nan,nan,WEBOTS_UNKNOWN,ekf_on_cluster_on,1,1
1784374178.5678506,71.34019422531128,-200.0,152.28454631227373,0.2,1.059049517156397,7.002278776057301,-0.330969863000279,0.004198066663955401,1.1779795187354702,1784374178.4956284,6.996078436473974,-0.33711945607597066,1.2114905808710246, 1784374178.214289, 1784374178.6002038,1.0692177227031452,apf_waypoint,none,0.0,nan,nan,20.757565550201104,-10.12036027949689,nan,nan,nan,WEBOTS_UNKNOWN,ekf_on_cluster_on,1,1
1784374178.8635736,71.63591718673706,-200.0,146.91132432699382,0.2,1.0572991173883723,7.029417272799296,-0.2820900704890277,-0.07072332597124903,1.1586733152420419,1784374178.8876083,None,None,None, None, 1784374178.8565712,0.9720563602509736,apf_waypoint,none,0.0,nan,nan,20.374508749481073,-10.329357561660764,nan,nan,nan,WEBOTS_UNKNOWN,ekf_on_cluster_on,1,1
1784374179.0518568,71.82420039176941,-200.0,140.11459324423174,0.2,1.0532880158013487,7.059414871805453,-0.22868192674754084,-0.05470096098537779,1.145123732019865,1784374179.0163133,None,None,None, None, 1784374179.000309,0.9133206105342704,apf_waypoint,none,0.0,nan,nan,19.977880903789185,-10.51743619117083,nan,nan,nan,WEBOTS_UNKNOWN,ekf_on_cluster_on,1,1
1784374179.2545936,72.02693724632263,-197.12381694475803,102.02795879151627,0.2,1.077173106282716,7.063833894651694,-0.17177212609343703,-0.06679746711721711,1.1328860935255456,1784374179.1995184,7.059648119588366,-0.17130626349686878,1.1773364281687044, 1784374179.222045, 1784374179.2180324,1.056202847973803,apf_waypoint,none,0.0,nan,nan,19.238473670845934,-11.27382057047687,nan,nan,nan,WEBOTS_UNKNOWN,ekf_on_cluster_on,1,1
1784374179.4775877,72.24993133544922,-200.0,10.305941943901486,0.2,1.0631838314154258,7.091323801390157,-0.1205226798647221,-0.1594787190363172,1.0966265160522382,1784374179.4268816,None,None,None, None, 1784374179.4765878,1.0324172842665778,apf_waypoint,none,0.0,nan,nan,18.968915185922995,-11.258636828724047,nan,nan,nan,WEBOTS_UNKNOWN,ekf_on_cluster_on,1,1
1784374179.7266839,72.49902749061584,-200.0,-20.953902431158713,0.2,1.0530752979150388,7.116893752525279,-0.07459412813938826,-0.09396300237444366,1.0735381148168628,1784374179.6725996,None,None,None, None, 1784374179.6931205,0.9323528904646603,apf_waypoint,none,0.0,nan,nan,18.702107341568055,-11.298597490954153,nan,nan,nan,WEBOTS_UNKNOWN,ekf_on_cluster_on,1,1
1784374180.0142515,72.78659510612488,-200.0,-53.87585778300869,0.2,1.0387774181040537,7.141549314411197,-0.031132950832712503,-0.14690462224989081,1.0370507582814754,1784374179.920974,None,None,None, None, 1784374179.9425013,1.0385374739668507,apf_waypoint,none,0.0,nan,nan,18.50489030747746,-11.25494883251595,nan,nan,nan,WEBOTS_UNKNOWN,ekf_on_cluster_on,1,1
1784374180.2357078,73.00805139541626,-200.0,-55.57563648558498,0.2,1.0367200495757258,7.1212327244498095,-0.03565223936702797,-0.09486251779596062,1.007528013943633,1784374180.2321901,7.116864766895627,-0.040150327154750656,1.0616793578463684, 1784374180.225191, 1784374180.2040625,0.9617540191349921,apf_waypoint,none,0.0,nan,nan,18.560685290330635,-11.196853888930228,nan,nan,nan,WEBOTS_UNKNOWN,ekf_on_cluster_on,1,1
1784374180.3711364,73.14348006248474,-200.0,-83.3752314136099,0.2,1.0257369439895092,7.142024626276235,-0.0002703056875006382,-0.14270237746252595,0.9946975367841266,1784374180.3221009,None,None,None, None, 1784374180.320102,0.9023516438086845,apf_waypoint,none,0.0,nan,nan,18.394150305614193,-11.178990225847349,nan,nan,nan,WEBOTS_UNKNOWN,ekf_on_cluster_on,1,1
1784374180.7414193,73.51376295089722,-200.0,-116.3353723555151,0.2,1.018394602771937,7.164373282426108,0.036763955217717914,-0.08977584157239085,0.9670377083524399,1784374180.6301997,None,None,None, None, 1784374180.7554271,1.0742534346149821,apf_waypoint,none,0.0,nan,nan,18.174821029451564,-11.241181341737956,nan,nan,nan,WEBOTS_UNKNOWN,ekf_on_cluster_on,1,1
1784374180.975407,73.74775052070618,-200.0,-149.24474564980207,0.2,1.0119213748064484,7.186827513119008,0.07354604725301117,-0.09641997055575316,0.9400841419736282,1784374180.909743,None,None,None, None, 1784374180.9704006,0.914838150908837,apf_waypoint,none,0.0,nan,nan,17.94902239298752,-11.32145792857737,nan,nan,nan,WEBOTS_UNKNOWN,ekf_on_cluster_on,1,1
1784374181.2458172,74.01816082000732,-200.0,-125.13871738401956,0.2,0.9815001550799769,7.178863566560398,0.06681700369730473,-0.16720194351847667,0.895198736736442,1784374181.3173916,7.175898146104836,0.06262746637996527,0.9249219302722826, 1784374181.225272, 1784374181.3188949,1.039013759881817,apf_waypoint,none,0.0,nan,nan,18.337700443218083,-10.733097326657425,nan,nan,nan,WEBOTS_UNKNOWN,ekf_on_cluster_on,1,1
1784374181.5308564,74.30320000648499,-200.0,-144.50642053151532,0.2,0.960644777835559,7.198780894472593,0.09681149898832153,-0.24759599970790377,0.835676285422118,1784374181.5453901,None,None,None, None, 1784374181.526353,0.9401936122691101,apf_waypoint,none,0.0,nan,nan,18.322953720823904,-10.521935566699813,nan,nan,nan,WEBOTS_UNKNOWN,ekf_on_cluster_on,1,1
1784374181.6891673,74.46151089668274,-199.95418790425938,-171.4204709516968,0.2,0.9459530300989049,7.220690291283503,0.12807781365557425,-0.13113133546112923,0.8054033372520117,1784374181.6494546,None,None,None, None, 1784374181.6249068,0.9787056623648577,apf_waypoint,none,0.0,nan,nan,18.23345841462177,-10.436020625948103,nan,nan,nan,WEBOTS_UNKNOWN,ekf_on_cluster_on,1,1
1784374182.0472782,74.81962180137634,-200.0,-181.3884875845231,0.2,0.9349624757027788,7.2429079315429625,0.1590040847205243,-0.11734062102074479,0.7618344310566086,1784374182.0207574,None,None,None, None, 1784374182.0207574,1.0639772342620302,apf_waypoint,none,0.0,nan,nan,18.109213677551754,-10.420040526066458,nan,nan,nan,WEBOTS_UNKNOWN,ekf_on_cluster_on,1,1
1784374182.2743638,75.04670739173889,-200.0,-153.41872754913757,0.2,0.8877563305686996,7.243857198628929,0.1523994525349754,-0.15370450469265592,0.7228539973420788,1784374182.2743638,7.241754537395501,0.1487425295963022,0.7753412101437931, 1784374182.230814, 1784374182.2838688,0.9775033110607854,apf_waypoint,none,0.0,nan,nan,18.630732188030926,-9.510915772387634,nan,nan,nan,WEBOTS_UNKNOWN,ekf_on_cluster_on,1,1
1784374182.510124,75.28246760368347,-200.0,-168.46075655951114,0.2,0.8797044950588631,7.264864272409679,0.1783824224223549,-0.11607657525724735,0.7066462989620242,1784374182.4139931,None,None,None, None, 1784374182.5405402,0.9621807477283302,apf_waypoint,none,0.0,nan,nan,18.515884206908243,-9.52654329732094,nan,nan,nan,WEBOTS_UNKNOWN,ekf_on_cluster_on,1,1
1784374182.7434516,75.51579523086548,-200.0,-179.83732790921172,0.2,0.8618785862060445,7.287439670656886,0.20593613700865454,-0.21397618890722866,0.6501115511118389,1784374182.6782036,None,None,None, None, 1784374182.7032297,0.9882087916880282,apf_waypoint,none,0.0,nan,nan,18.483207189473816,-9.374635782443939,nan,nan,nan,WEBOTS_UNKNOWN,ekf_on_cluster_on,1,1
1784374183.0426455,75.81498908996582,-200.0,-193.78106555500196,0.2,0.8499997028605007,7.311018994507171,0.23352602526490074,-0.12442240050203475,0.6071392162735318,1784374183.0235782,None,None,None, None, 1784374183.0255754,0.951978688767923,apf_waypoint,none,0.0,nan,nan,18.39534334580024,-9.33665248204433,nan,nan,nan,WEBOTS_UNKNOWN,ekf_on_cluster_on,1,1
1784374183.3729732,76.14531683921814,-200.0,-161.1428780316242,0.2,0.7916665909243293,7.317673402230217,0.22450762292641308,-0.09482935024674252,0.579323673413438,1784374183.3954885,7.315994044609644,0.2209305885611751,0.6212067018286591, 1784374183.24071, 1784374183.3109045,0.9530296121647847,apf_waypoint,none,0.0,nan,nan,18.971827938219974,-8.182297856122425,nan,nan,nan,WEBOTS_UNKNOWN,ekf_on_cluster_on,1,1
1784374183.6262653,76.39860892295837,-200.0,-174.03059509622767,0.2,0.77660784454454,7.3404590283284925,0.24783350605873533,-0.21256891973705797,0.5135622823096616,1784374183.6262653,None,None,None, None, 1784374183.5887256,1.046326944408339,apf_waypoint,none,0.0,nan,nan,18.937482259216992,-8.06124757972843,nan,nan,nan,WEBOTS_UNKNOWN,ekf_on_cluster_on,1,1
1784374183.8319128,76.60425639152527,-200.0,-190.17595999527552,0.2,0.7668747641289017,7.365287426879439,0.2723323535793938,-0.11274316396824817,0.4907151141385896,1784374183.8289132,None,None,None, None, 1784374183.829913,1.0114911865443101,apf_waypoint,none,0.0,nan,nan,18.853309758434882,-8.052037621240096,nan,nan,nan,WEBOTS_UNKNOWN,ekf_on_cluster_on,1,1
1784374183.997117,76.76946067810059,-200.0,-200.0,0.2,0.7589448579022972,7.390638178899822,0.29699001811002157,-0.11274316396824817,0.46816648134493993,1784374183.9981165,None,None,None, None, 1784374184.0001156,0.9896773349143644,apf_waypoint,none,0.0,nan,nan,18.754873235941382,-8.080338425577981,nan,nan,nan,WEBOTS_UNKNOWN,ekf_on_cluster_on,1,1
1784374184.2355187,77.00786232948303,-200.0,-200.0,0.2,0.7433769891925899,7.415960645724916,0.3213079160017194,-0.1910571289822898,0.40004306189156197,1784374184.1854737,None,None,None, None, 1784374184.1844738,0.9401335980865211,apf_waypoint,none,0.0,nan,nan,18.721353161248487,-7.965622624293898,nan,nan,nan,WEBOTS_UNKNOWN,ekf_on_cluster_on,1,1
1784374184.5490918,77.32143545150757,-200.0,-150.33769772871264,0.2,0.6564068613760131,7.398936704482041,0.28234286719368895,-0.267773457119602,0.3058892083323362,1784374184.5370913,7.396146131745352,0.27824054510158885,0.467645689808708, 1784374184.24506, 1784374184.5620973,1.093036008584006,apf_waypoint,none,0.0,nan,nan,19.57115970191859,-5.998433151371198,nan,nan,nan,WEBOTS_UNKNOWN,ekf_on_cluster_on,1,1
1784374184.8603761,77.63271975517273,-200.0,-154.2718442836396,0.2,0.6237560112803521,7.421594439195388,0.2997290748210055,-0.3161565484752825,0.22888262806433896,1784374184.7806623,None,None,None, None, 1784374184.8363466,0.9976149763318423,apf_waypoint,none,0.0,nan,nan,19.66095464048962,-5.495290823538912,nan,nan,nan,WEBOTS_UNKNOWN,ekf_on_cluster_on,1,1
1784374185.2700815,78.04242515563965,-200.0,-145.77178462126983,0.2,0.5336663664026199,7.480349693262776,0.32326046593614227,-0.2114967469960572,0.13793553342908393,1784374185.2106788,7.4891752533463665,0.3244426907283856,0.3097664996995917, 1784374185.248814, 1784374185.2665665,1.0786184491809343,apf_waypoint,none,0.0,nan,nan,19.96615691053712,-3.897624687744276,nan,nan,nan,WEBOTS_UNKNOWN,ekf_on_cluster_on,1,1
1784374185.5818973,78.35424089431763,-199.1649650319619,-175.54938906703066,0.2,0.5162895881180336,7.515540666485199,0.3438072262036056,-0.12526122762897343,0.09156147783498626,1784374185.5808976,None,None,None, None, 1784374185.524833,0.9450009450728796,apf_waypoint,none,0.0,nan,nan,19.93639932196275,-3.7244767095809914,nan,nan,nan,WEBOTS_UNKNOWN,ekf_on_cluster_on,1,1
1784374185.8247066,78.59705018997192,-200.0,-89.84242815829668,0.2,0.5036668293129498,7.549583509652287,0.3631314918094452,-0.12280519417714598,0.06986992544934524,1784374185.8362596,None,None,None, None, 1784374185.7915568,1.0256511693475094,apf_waypoint,none,0.0,nan,nan,19.894889665013427,-3.6377757946720886,nan,nan,nan,WEBOTS_UNKNOWN,ekf_on_cluster_on,1,1
1784374186.1824899,78.95483350753784,-200.0,-116.56534863133855,0.2,0.4979693663212816,7.586469587679285,0.38352909216326303,-0.06550630645533476,0.0425566032598044,1784374186.1744885,None,None,None, None, 1784374186.149027,0.956368641492389,apf_waypoint,none,0.0,nan,nan,19.824342538183583,-3.699477636879574,nan,nan,nan,WEBOTS_UNKNOWN,ekf_on_cluster_on,1,1
1784374186.3598866,79.13223028182983,-200.0,-34.58939073334514,0.2,0.41815327467018565,7.596239709239401,0.3610662225908541,-0.10190079281673098,0.030309010864504105,1784374186.2946799,7.5935578300509565,0.35688258235527265,0.16319398604111157, 1784374186.24964, 1784374186.3814132,1.0382525610539461,apf_waypoint,none,0.0,nan,nan,20.144282037043993,-1.8963497945290193,nan,nan,nan,WEBOTS_UNKNOWN,ekf_on_cluster_on,1,1
1784374186.6281667,79.40051031112671,-200.0,-64.0214143449767,0.2,0.4113812949433006,7.633411840259861,0.37774857984530463,-0.10808810421006258,0.004170980401892715,1784374186.5365014,None,None,None, None, 1784374186.6251688,0.9667416952174525,apf_waypoint,none,0.0,nan,nan,20.095428943807576,-1.9076822534791837,nan,nan,nan,WEBOTS_UNKNOWN,ekf_on_cluster_on,1,1
1784374186.774372,79.54671573638916,-200.0,-96.8610410397943,0.2,0.4045608380238542,7.673530779556243,0.3954304924713776,-0.09948952766632732,6.26523670044426,1784374186.7588322,None,None,None, None, 1784374186.720315,1.0046080372140411,apf_waypoint,none,0.0,nan,nan,20.04399749102875,-1.9278744877214997,nan,nan,nan,WEBOTS_UNKNOWN,ekf_on_cluster_on,1,1
1784374186.9636412,79.7359848022461,-200.0,-129.37127683841265,0.2,0.3965818225035167,7.7140628731477285,0.41300305119465364,-0.11182609030911382,6.252487637150714,1784374186.9646385,None,None,None, None, 1784374186.907086,0.9529327752740019,apf_waypoint,none,0.0,nan,nan,19.996256732615645,-1.9249516141787328,nan,nan,nan,WEBOTS_UNKNOWN,ekf_on_cluster_on,1,1
1784374187.1063573,79.8787009716034,-200.0,-159.82732892000547,0.2,0.3881160420124743,7.753666219945516,0.42981720385061095,-0.11621004087174616,6.227627528371602,1784374187.086764,None,None,None, None, 1784374187.11786,1.0209104689535469,apf_waypoint,none,0.0,nan,nan,19.95318708737772,-1.906590994095232,nan,nan,nan,WEBOTS_UNKNOWN,ekf_on_cluster_on,1,1
1784374187.334655,80.1069986820221,-200.0,-9.814144385065536,0.2,0.2942467847624044,7.718490601911509,0.3795086161470014,-0.12605182825006775,6.199047122537801,1784374187.3134995,7.713670615034409,0.37515448887271874,0.022257431149580675, 1784374187.258929, 1784374187.3436575,0.9796966872684455,apf_waypoint,none,0.0,nan,nan,20.179807077303366,0.45517794717652116,nan,nan,nan,WEBOTS_UNKNOWN,ekf_on_cluster_on,1,1
1784374187.5236638,80.29600739479065,-200.0,-41.25514546540842,0.2,0.2865995087858157,7.7524796375057825,0.38990884716384233,-0.10683139880632428,6.186038094950356,1784374187.435271,None,None,None, None, 1784374187.5716963,1.0950584645392465,apf_waypoint,none,0.0,nan,nan,20.149713452753513,0.5152774495635208,nan,nan,nan,WEBOTS_UNKNOWN,ekf_on_cluster_on,1,1
1784374187.8582206,80.63056421279907,-197.98911391964307,-92.49369999129539,0.2,0.27925010078670703,7.792516432934422,0.4018394827235232,-0.09800406905924273,6.150328318391036,1784374187.9280121,None,None,None, None, 1784374187.876739,1.072700661059133,apf_waypoint,none,0.0,nan,nan,20.116300047454082,0.555066525965394,nan,nan,nan,WEBOTS_UNKNOWN,ekf_on_cluster_on,1,1
1784374188.2234013,80.99574494361877,-200.0,32.40649192162544,0.2,0.271923641506425,7.833941598538043,0.41389994912173744,-0.10191505096631875,6.108314466113129,1784374188.2118852,None,None,None, None, 1784374188.1412706,1.0221622769766203,apf_waypoint,none,0.0,nan,nan,20.08306047565688,0.5927081861437675,nan,nan,nan,WEBOTS_UNKNOWN,ekf_on_cluster_on,1,1
1784374188.4735434,81.24588704109192,-200.0,88.00754048400746,0.2,0.17474761570475045,7.837425283187548,0.3808931923403776,-0.10537096297760976,6.080954243237827,1784374188.4715414,7.833180433161791,0.37632819584908533,6.170818800801465, 1784374188.261224, 1784374188.4715414,1.092113963691234,apf_waypoint,none,0.0,nan,nan,19.981902750561567,2.870693388816261,nan,nan,nan,WEBOTS_UNKNOWN,ekf_on_cluster_on,1,1
1784374188.7183175,81.49066114425659,-200.0,78.67849785419574,0.2,0.1672706043061336,7.88535028895785,0.3893712586885272,-0.08071971605256195,6.0675094186492435,1784374188.6381032,None,None,None, None, 1784374188.716807,1.0011536384043167,apf_waypoint,none,0.0,nan,nan,19.9483475005862,2.9457127603687665,nan,nan,nan,WEBOTS_UNKNOWN,ekf_on_cluster_on,1,1
1784374188.8657358,81.63807940483093,-200.0,66.98501229765,0.2,0.15672363270609477,7.937853477766301,0.3982849614255741,-0.10955682344242801,6.045147472144145,1784374188.842216,None,None,None, None, 1784374188.8287432,0.9356978604370156,apf_waypoint,none,0.0,nan,nan,19.90488461209447,3.0780098755874814,nan,nan,nan,WEBOTS_UNKNOWN,ekf_on_cluster_on,1,1
1784374189.0954695,81.86781311035156,-200.0,51.300864981444526,0.2,0.14758530252643487,7.991362829101452,0.40675735994430795,-0.08704478603124208,6.024886745100361,1784374189.074978,None,None,None, None, 1784374189.0374277,0.9528158002797678,apf_waypoint,none,0.0,nan,nan,19.865911612706718,3.1862738838154447,nan,nan,nan,WEBOTS_UNKNOWN,ekf_on_cluster_on,1,1
1784374189.2471611,82.01950478553772,-197.3881124387037,22.634385057092196,0.2,0.14040543380945714,8.044296357449126,0.4146945449550117,-0.07507346429137386,6.017297697312642,1784374189.1760664,None,None,None, None, 1784374189.2371614,1.0251370781882776,apf_waypoint,none,0.0,nan,nan,19.8336583604641,3.260398411861992,nan,nan,nan,WEBOTS_UNKNOWN,ekf_on_cluster_on,1,1
1784374189.5767746,82.34911823272705,-200.0,123.19123508480253,0.2,0.035397226708762455,7.977885730509702,0.36247210308034544,-0.20803202537329685,5.95220446276506,1784374189.5917943,7.970247818219273,0.35859615639876286,6.058322045548342, 1784374189.263684, 1784374189.535216,0.9449862889024624,apf_waypoint,none,0.0,nan,nan,19.389955085310326,5.839431837759269,nan,nan,nan,WEBOTS_UNKNOWN,ekf_on_cluster_on,1,1
1784374189.8469133,82.6192569732666,-191.44537356188297,100.88893095962439,0.2,0.022996490446204464,8.024312754400938,0.3638869442132151,-0.07547806595640726,5.935491043925175,1784374189.8469133,None,None,None, None, 1784374189.815878,0.9780447599929488,apf_waypoint,none,0.0,nan,nan,19.315290046636207,6.076464277405844,nan,nan,nan,WEBOTS_UNKNOWN,ekf_on_cluster_on,1,1
1784374189.9856637,82.75800728797913,-98.66174154709176,200.0,0.2,0.006561355282929121,8.07730842915054,0.3649663282313931,-0.1336089550365548,5.922370952029151,1784374189.945111,None,None,None, None, 1784374189.9275944,0.9107620879545448,apf_waypoint,none,0.0,nan,nan,19.21189025101688,6.395296714275388,nan,nan,nan,WEBOTS_UNKNOWN,ekf_on_cluster_on,1,1
1784374190.2292914,83.00163507461548,-90.59317782795,200.0,0.2,6.280500430915998,8.133604299050004,0.36475751720773664,0.0016690905025826843,5.922804960909314,1784374190.2051382,None,None,None, None, 1784374190.177657,0.9662996515031099,apf_waypoint,none,0.0,nan,nan,19.150523146109094,6.58909412256998,nan,nan,nan,WEBOTS_UNKNOWN,ekf_on_cluster_on,1,1
1784374190.3844142,83.15675783157349,-55.67130926915023,200.0,0.2,6.205696457501836,8.122274645646606,0.32593186832912835,0.060765841970134314,5.930195574218274,1784374190.3267627,8.115534322325843,0.32215388242942183,5.972136987035365, 1784374190.266341, 1784374190.391415,1.0341717681271456,apf_waypoint,none,0.0,nan,nan,18.564014161881722,8.395415153169566,nan,nan,nan,WEBOTS_UNKNOWN,ekf_on_cluster_on,1,1
1784374190.5844247,83.35676836967468,-50.054722211491,200.0,0.2,6.207090306711969,8.171384653391108,0.32174780541571346,0.09453383149799728,5.951684414614276,1784374190.5540764,None,None,None, None, 1784374190.5270395,1.0274279043579206,apf_waypoint,none,0.0,nan,nan,18.5689528742495,8.425558782604496,nan,nan,nan,WEBOTS_UNKNOWN,ekf_on_cluster_on,1,1
1784374190.7151458,83.4874894618988,-45.194644932040624,200.0,0.2,6.212152901999044,8.222878174316305,0.3175720080489386,0.09321131539013237,5.961654613460779,1784374190.6610398,None,None,None, None, 1784374190.7131422,0.9000398491662638,apf_waypoint,none,0.0,nan,nan,18.604708550110896,8.388431289980716,nan,nan,nan,WEBOTS_UNKNOWN,ekf_on_cluster_on,1,1
1784374191.002355,83.77469873428345,-41.12833105546716,200.0,0.2,6.220389749065989,8.275018002649704,0.31367668640672886,0.10623157770785936,5.988134220332361,1784374191.0223923,None,None,None, None, 1784374190.9708412,0.9756846847177747,apf_waypoint,none,0.0,nan,nan,18.667111318772548,8.289627272151119,nan,nan,nan,WEBOTS_UNKNOWN,ekf_on_cluster_on,1,1
1784374191.3540943,84.12643790245056,-26.035899768976446,200.0,0.2,6.196953005896451,8.261674289670468,0.28454565441754287,0.12775972429450838,6.044832885894729,1784374191.3540943,8.255217946574332,0.2820107817953502,6.082423002694327, 1784374191.267681, 1784374191.2731955,1.0571512028434262,apf_waypoint,none,0.0,nan,nan,18.43408412091776,9.019545977394483,nan,nan,nan,WEBOTS_UNKNOWN,ekf_on_cluster_on,1,1
1784374191.7106545,84.48299813270569,-25.8622408902894,200.0,0.2,6.213860376903919,8.307212436194682,0.2805395290871058,0.19061971871396874,6.1086057397536395,1784374191.6886497,None,None,None, None, 1784374191.715656,0.9059412485768862,apf_waypoint,none,0.0,nan,nan,18.577461410621392,8.761328637538249,nan,nan,nan,WEBOTS_UNKNOWN,ekf_on_cluster_on,1,1
1784374192.0415857,84.81392931938171,-26.311028229759565,200.0,0.2,6.23386071080146,8.355904163337424,0.27724595988473233,0.17570297921396302,6.162261640929664,1784374191.994028,None,None,None, None, 1784374192.0385828,1.0974259105084245,apf_waypoint,none,0.0,nan,nan,18.743926178742925,8.436839039172547,nan,nan,nan,WEBOTS_UNKNOWN,ekf_on_cluster_on,1,1
1784374192.2253418,84.99768543243408,-22.8629417833827,200.0,0.2,6.245670382045132,8.405976768890492,0.27492273954035973,0.08403215042615601,6.181279078338914,1784374192.2203395,None,None,None, None, 1784374192.1507695,0.9960229986766248,apf_waypoint,none,0.0,nan,nan,18.838328492232407,8.254483640158647,nan,nan,nan,WEBOTS_UNKNOWN,ekf_on_cluster_on,1,1
1784374192.4701526,85.24249625205994,-21.185070235346497,200.0,0.2,6.2497596096497805,8.400104016914394,0.2581378167245009,0.151095801045979,6.217928754142753,1784374192.4628987,8.394524493263456,0.25666447858901953,6.209102241120144, 1784374192.27841, 1784374192.3958294,1.0332569595654177,apf_waypoint,none,0.0,nan,nan,18.86103856903738,8.34921339856141,nan,nan,nan,WEBOTS_UNKNOWN,ekf_on_cluster_on,1,1
1784374192.6302545,85.4025981426239,-17.656418755309954,200.0,0.2,6.260285193442489,8.445424310521188,0.25665506351082,0.10085182655412167,6.229647348668346,1784374192.579095,None,None,None, None, 1784374192.6046145,1.031606989961802,apf_waypoint,none,0.0,nan,nan,18.945044622566623,8.180247156642938,nan,nan,nan,WEBOTS_UNKNOWN,ekf_on_cluster_on,1,1
1784374192.9632156,85.7355592250824,-13.298601944934257,200.0,0.2,6.271076965321636,8.493697244802323,0.25551105547297936,0.11093097572621456,6.267579898203807,1784374192.9210422,None,None,None, None, 1784374192.9316978,1.0351437332425446,apf_waypoint,none,0.0,nan,nan,19.029694786107374,8.00308279014479,nan,nan,nan,WEBOTS_UNKNOWN,ekf_on_cluster_on,1,1
1784374193.224426,85.99676966667175,-7.085191741947797,200.0,0.2,6.279203751724403,8.543046899432925,0.25485122059265564,0.08578637037044509,0.009432925825881178,1784374193.2129107,None,None,None, None, 1784374193.1793892,0.9986737312545588,apf_waypoint,none,0.0,nan,nan,19.091893400740783,7.871545792107093,nan,nan,nan,WEBOTS_UNKNOWN,ekf_on_cluster_on,1,1
1784374193.5230281,86.29537177085876,-18.022634161589494,200.0,0.2,6.304475606414857,8.535807995718558,0.24949131031510124,0.16635434425416668,0.055027330832285976,1784374193.4869907,8.530185179905484,0.24899286000038245,0.05160990161594637, 1784374193.279576, 1784374193.4644485,0.9399293444946732,apf_waypoint,none,0.0,nan,nan,19.284312947085215,7.440023291749938,nan,nan,nan,WEBOTS_UNKNOWN,ekf_on_cluster_on,1,1
1784374193.7454941,86.51783776283264,-13.814064028038064,200.0,0.2,0.03181591318088774,8.580402926464838,0.2504483460213578,0.10664511400164962,0.08126124615727291,1784374193.7329834,None,None,None, None, 1784374193.6974313,0.961697984032493,apf_waypoint,none,0.0,nan,nan,19.36027695238624,7.241904002573821,nan,nan,nan,WEBOTS_UNKNOWN,ekf_on_cluster_on,1,1
1784374193.9181738,86.69051742553711,-6.720424375481325,200.0,0.2,0.038376429576139404,8.628218702795175,0.25192616890890207,0.07142100744846468,0.0893415881316553,1784374193.9782152,None,None,None, None, 1784374193.9812148,0.960033274904631,apf_waypoint,none,0.0,nan,nan,19.40598990318536,7.115857248241057,nan,nan,nan,WEBOTS_UNKNOWN,ekf_on_cluster_on,1,1
1784374194.1712065,86.94355010986328,2.3242546546268543,200.0,0.2,0.052354933712238864,8.67711699605923,0.25365514697911173,0.15483229131354095,0.13300666687619847,1784374194.1281354,None,None,None, None, 1784374194.1281354,1.0710955315703408,apf_waypoint,none,0.0,nan,nan,19.502100749021505,6.8429765184540665,nan,nan,nan,WEBOTS_UNKNOWN,ekf_on_cluster_on,1,1
1784374194.3626258,87.13496947288513,-21.010524223513748,200.0,0.2,0.09010690002366926,8.671759748772711,0.258336855077961,0.09919250505770442,0.1566630741410788,1784374194.3666253,8.666377105208557,0.2585506259338753,0.18101266887815906, 1784374194.282519, 1784374194.4016745,0.9282092066578846,apf_waypoint,none,0.0,nan,nan,19.743749959958674,6.051124015590159,nan,nan,nan,WEBOTS_UNKNOWN,ekf_on_cluster_on,1,1
1784374194.7744486,87.54679226875305,-14.669618370945303,200.0,0.2,0.09759723681813827,8.716426267330094,0.26230857245774786,0.09216650198350845,0.19314181700622757,1784374194.762417,None,None,None, None, 1784374194.7188857,1.0618392171165532,apf_waypoint,none,0.0,nan,nan,19.785544864845154,5.877238685821312,nan,nan,nan,WEBOTS_UNKNOWN,ekf_on_cluster_on,1,1
1784374195.0324705,87.8048141002655,-10.142010857542193,200.0,0.2,0.11243411903755095,8.764234018301135,0.2668765308933043,0.16386226191844422,0.21784044593788787,1784374195.0411358,None,None,None, None, 1784374194.9619102,1.0926097390979008,apf_waypoint,none,0.0,nan,nan,19.866705672411005,5.552184402742447,nan,nan,nan,WEBOTS_UNKNOWN,ekf_on_cluster_on,1,1
1784374195.2844822,88.05682587623596,-5.370481933775514,200.0,0.2,0.1286961944786432,8.813085643445984,0.2723923826952901,0.15028199474005585,0.2546883964466304,1784374195.3239875,None,None,None, None, 1784374195.2168972,1.094964700018185,apf_waypoint,none,0.0,nan,nan,19.949063665203767,5.188062050573789,nan,nan,nan,WEBOTS_UNKNOWN,ekf_on_cluster_on,1,1
1784374195.578351,88.35069465637207,-37.32771880577936,200.0,0.2,0.1886657555812114,8.802111593709874,0.28398203131961913,0.21729307339515172,0.3413854162209858,1784374195.5573237,8.796172322586191,0.28449882566774876,0.3054729543062997, 1784374195.292, 1784374195.5938702,1.016361216396249,apf_waypoint,none,0.0,nan,nan,20.204975868498668,3.8583718314699817,nan,nan,nan,WEBOTS_UNKNOWN,ekf_on_cluster_on,1,1
1784374195.809133,88.58147668838501,-36.51378978866645,200.0,0.2,0.21011201736032398,8.846645170763368,0.2926951045761026,0.17263034329536914,0.380621811440596,1784374195.7846093,None,None,None, None, 1784374195.8071315,1.0676465843278256,apf_waypoint,none,0.0,nan,nan,20.268391994182682,3.349319125732749,nan,nan,nan,WEBOTS_UNKNOWN,ekf_on_cluster_on,1,1
1784374196.0391967,88.81154036521912,-31.512400061863815,200.0,0.2,0.22465292456299354,8.89484239534057,0.30320019258646536,0.09823567899363435,0.39244966352424543,1784374196.0391967,None,None,None, None, 1784374196.0647194,1.0899913142439142,apf_waypoint,none,0.0,nan,nan,20.295692519752706,2.962088449842094,nan,nan,nan,WEBOTS_UNKNOWN,ekf_on_cluster_on,1,1
1784374196.385859,89.15820264816284,-49.170860696375634,200.0,0.2,0.27852160281679805,8.932708717037173,0.32797215248873884,0.07433552209637538,0.41300456866145846,1784374196.315712,8.930866392376544,0.33011389842088196,0.4351687292012736, 1784374196.291697, 1784374196.369355,0.9482778255105907,apf_waypoint,none,0.0,nan,nan,20.36403714544399,1.6232019304623324,nan,nan,nan,WEBOTS_UNKNOWN,ekf_on_cluster_on,1,1
1784374196.776884,89.54922771453857,-45.88543219726251,200.0,0.2,0.29955045914448003,8.982199166577272,0.34209611191978695,0.22277705373210896,0.515520529663239,1784374196.7758849,None,None,None, None, 1784374196.7728841,1.0277866917911425,apf_waypoint,none,0.0,nan,nan,20.35725021648015,1.0666063897064348,nan,nan,nan,WEBOTS_UNKNOWN,ekf_on_cluster_on,1,1
1784374196.9497652,89.72210884094238,-39.16766008214843,200.0,0.2,0.3144314131556207,9.032082548106542,0.35772123539597445,0.10611989847004838,0.527915062902151,1784374196.8926823,None,None,None, None, 1784374196.8826756,1.011549277942709,apf_waypoint,none,0.0,nan,nan,20.32797926606719,0.6203817488769383,nan,nan,nan,WEBOTS_UNKNOWN,ekf_on_cluster_on,1,1
1784374197.2839475,90.05629110336304,-37.07424579962818,200.0,0.2,0.34354894048638396,9.081683951072126,0.3739386592837821,0.2558836552298675,0.6225259150204943,1784374197.262424,None,None,None, None, 1784374197.2584238,0.9746872739136493,apf_waypoint,none,0.0,nan,nan,20.288231918678967,-0.12022879528804431,nan,nan,nan,WEBOTS_UNKNOWN,ekf_on_cluster_on,1,1
1784374197.5105178,90.28286147117615,-72.9497242345174,200.0,0.2,0.40434540773640704,9.0647641776565,0.3922268354095886,0.09798173555746105,0.6457561118694525,1784374197.499511,9.058281417427544,0.39227211471872486,0.556433650715646, 1784374197.294985, 1784374197.515519,1.0371492933322732,apf_waypoint,none,0.0,nan,nan,20.17040558357719,-1.540332935017621,nan,nan,nan,WEBOTS_UNKNOWN,ekf_on_cluster_on,1,1
1784374197.697967,90.4703106880188,-65.76136163102191,200.0,0.2,0.4140663310138371,9.109381360096224,0.4115098151183467,0.06187198737390799,0.6525768049241311,1784374197.715973,None,None,None, None, 1784374197.6314726,0.929759107468373,apf_waypoint,none,0.0,nan,nan,20.081625087277803,-1.9140137778195117,nan,nan,nan,WEBOTS_UNKNOWN,ekf_on_cluster_on,1,1
1784374197.9297006,90.70204424858093,-56.79845217537688,200.0,0.2,0.425383507428077,9.157346883830144,0.43259685988545016,0.10716088598260143,0.6856820088789259,1784374197.9186797,None,None,None, None, 1784374197.935701,1.0249338024459775,apf_waypoint,none,0.0,nan,nan,19.976324608882152,-2.335563307871502,nan,nan,nan,WEBOTS_UNKNOWN,ekf_on_cluster_on,1,1
1784374198.1926372,90.96498084068298,-45.52562007954258,200.0,0.2,0.43617789312791483,9.205848739476163,0.4545703973602425,0.09871175660409069,0.7127248340425891,1784374198.1926372,None,None,None, None, 1784374198.1901212,1.0101248295696506,apf_waypoint,none,0.0,nan,nan,19.861326491715996,-2.7539918298181494,nan,nan,nan,WEBOTS_UNKNOWN,ekf_on_cluster_on,1,1
1784374198.4796462,91.25198984146118,-85.40945527266105,200.0,0.2,0.5021928813445947,9.186375933517295,0.47161314040046326,0.1432794514690085,0.7526177196467608,1784374198.4710643,9.179667596795012,0.47108973344104904,0.6741128943489115, 1784374198.304828, 1784374198.489653,1.071745108256783,apf_waypoint,none,0.0,nan,nan,19.55016656384656,-4.227060825923818,nan,nan,nan,WEBOTS_UNKNOWN,ekf_on_cluster_on,1,1
1784374198.71837,91.490713596344,-77.95857668973719,200.0,0.2,0.5154849296139724,9.2299583172566,0.4956613933836511,0.11512034844000388,0.7805691320683986,1784374198.713866,None,None,None, None, 1784374198.607889,1.0211890317028838,apf_waypoint,none,0.0,nan,nan,19.375835361593058,-4.703994400112678,nan,nan,nan,WEBOTS_UNKNOWN,ekf_on_cluster_on,1,1
1784374199.0285704,91.80091404914856,-69.22142242398306,200.0,0.2,0.533354747333945,9.276593528668563,0.5221910840945689,0.15528534193381868,0.8288167967685924,1784374199.0245693,None,None,None, None, 1784374199.0401247,0.9489652777359651,apf_waypoint,none,0.0,nan,nan,19.155040943816914,-5.288373890567554,nan,nan,nan,WEBOTS_UNKNOWN,ekf_on_cluster_on,1,1
1784374199.3039527,92.07629632949829,-56.82755782590141,200.0,0.2,0.5490089625743448,9.323398707446017,0.5500161818800837,0.11907380945251145,0.8585638151283346,1784374199.2743893,None,None,None, None, 1784374199.3039527,1.044565375533286,apf_waypoint,none,0.0,nan,nan,18.924676277853738,-5.837507319851728,nan,nan,nan,WEBOTS_UNKNOWN,ekf_on_cluster_on,1,1
1784374199.5989258,92.3712694644928,-101.60016471647947,200.0,0.2,0.6174053436468645,9.301215533840722,0.5677505603391659,0.14091668862006068,0.8993592634093782,1784374199.5638897,9.29446364627493,0.5667102320824947,0.7885898168768328, 1784374199.310953, 1784374199.5724077,0.9009425752657317,apf_waypoint,none,0.0,nan,nan,18.370822938925794,-7.281819418954228,nan,nan,nan,WEBOTS_UNKNOWN,ekf_on_cluster_on,1,1
1784374199.8750045,92.64734816551208,-82.0234234329416,195.7346185766328,0.2,0.630391957166797,9.343065765445742,0.5977042989859784,0.09329311460668215,0.9214612559922017,1784374199.800799,None,None,None, None, 1784374199.8274465,1.016981078820115,apf_waypoint,none,0.0,nan,nan,18.094367670696286,-7.778183099847438,nan,nan,nan,WEBOTS_UNKNOWN,ekf_on_cluster_on,1,1
1784374200.0261703,92.79851388931274,-200.0,125.07950072253618,0.2,0.6399806938305835,9.386688742964708,0.6296757872819843,0.0728498187953225,0.9350563500090205,1784374199.987417,None,None,None, None, 1784374199.9594512,0.9318377387370904,apf_waypoint,none,0.0,nan,nan,17.822455528894587,-8.226537360716858,nan,nan,nan,WEBOTS_UNKNOWN,ekf_on_cluster_on,1,1
1784374200.2204354,92.99277901649475,-200.0,117.53665706357073,0.2,0.6472729827576552,9.433585696527272,0.6650852249402655,0.010256453410723879,0.9372457851541853,1784374200.200886,None,None,None, None, 1784374200.1958857,0.9489125654100762,apf_waypoint,none,0.0,nan,nan,17.540449158996328,-8.660983714137842,nan,nan,nan,WEBOTS_UNKNOWN,ekf_on_cluster_on,1,1
1784374200.398449,93.17079257965088,-200.0,94.51741504028335,0.2,0.6983736416114942,9.405450292778687,0.6774436627192674,-0.06759020322851965,0.9297997345902341,1784374200.4144554,9.39798509337039,0.6750799334456742,0.8730479236598256, 1784374200.315053, 1784374200.3120522,0.9015359384431526,apf_waypoint,none,0.0,nan,nan,16.98681187810993,-9.655264748643047,nan,nan,nan,WEBOTS_UNKNOWN,ekf_on_cluster_on,1,1
1784374200.663592,93.43593573570251,-200.0,90.29190925611402,0.2,0.6909044788986017,9.445469462301386,0.7113811764458404,-0.12933141335764287,0.8979661925969967,1784374200.6605947,None,None,None, None, 1784374200.661594,0.9905184585819038,apf_waypoint,none,0.0,nan,nan,16.831328262892676,-9.812190664707334,nan,nan,nan,WEBOTS_UNKNOWN,ekf_on_cluster_on,1,1
1784374201.0822518,93.85459542274475,-200.0,85.21114248691404,0.2,0.6831096876683168,9.488176672759,0.7467737884285341,-0.08491345247401709,0.8659431035025353,1784374201.037721,None,None,None, None, 1784374201.081247,0.9361637347225816,apf_waypoint,none,0.0,nan,nan,16.671264207982986,-9.979685410267848,nan,nan,nan,WEBOTS_UNKNOWN,ekf_on_cluster_on,1,1
1784374201.3914125,94.16375613212585,-200.0,67.68556147069108,0.2,0.6937884018399045,9.504259722900208,0.7888930959969916,-0.12938976717768605,0.8210220102931428,1784374201.3848975,9.499885675661877,0.7899581142292218,0.7779563302277737, 1784374201.31668, 1784374201.400417,1.0887453492646826,apf_waypoint,none,0.0,nan,nan,16.273995216942602,-10.515047962814862,nan,nan,nan,WEBOTS_UNKNOWN,ekf_on_cluster_on,1,1
1784374201.619259,94.3916027545929,-200.0,64.89641473407153,0.2,0.674985806017837,9.545571159247203,0.823234449120136,-0.19123387172448963,0.7778336439783042,1784374201.610738,None,None,None, None, 1784374201.5596933,1.0793020466514462,apf_waypoint,none,0.0,nan,nan,16.238961141272753,-10.500927942034647,nan,nan,nan,WEBOTS_UNKNOWN,ekf_on_cluster_on,1,1
1784374201.9816444,94.75398802757263,-200.0,58.83828546091069,0.2,0.6628189342306664,9.587918436047287,0.8568825015674655,-0.08406967805228388,0.7493038583623852,1784374201.9500968,None,None,None, None, 1784374201.987658,0.9407218402021956,apf_waypoint,none,0.0,nan,nan,16.142341843599237,-10.593954471758126,nan,nan,nan,WEBOTS_UNKNOWN,ekf_on_cluster_on,1,1
1784374202.2722585,95.04460215568542,-200.0,50.861455481236014,0.2,0.6528016070433773,9.630416275298359,0.8899993171466427,-0.08534473748507244,0.7225356533807185,1784374202.2637448,9.603948680601633,0.888776154420574,0.6675502939324698, 1784374202.2997744, 1784374202.2997744,1.0601891116922475,apf_waypoint,none,0.0,nan,nan,16.02931252809574,-10.721698738653686,nan,nan,nan,WEBOTS_UNKNOWN,ekf_on_cluster_on,1,1
1784374202.5245254,95.29686903953552,-200.0,49.299063764331265,0.2,0.6474910240503485,9.615227814244152,0.8961231848967975,-0.09097090955405612,0.6999975197912766,1784374202.5114958,9.609556370106837,0.893529825270405,0.6616348872040945, 1784374202.326835, 1784374202.5428526,1.0022341564475474,apf_waypoint,none,0.0,nan,nan,16.04481781922939,-10.69166923662816,nan,nan,nan,WEBOTS_UNKNOWN,ekf_on_cluster_on,1,1
1784374202.771952,95.5442955493927,-200.0,40.89640318825619,0.2,0.6393173171310991,9.653215268150632,0.9249342065787438,-0.09830206473499158,0.6770996268302923,1784374202.7444298,None,None,None, None, 1784374202.77095,0.9279534481283057,apf_waypoint,none,0.0,nan,nan,15.607899144029895,-11.267474619886698,nan,nan,nan,WEBOTS_UNKNOWN,ekf_on_cluster_on,1,1
1784374202.9101796,95.68252325057983,-200.0,30.580352778817026,0.2,0.6307541840431595,9.693681065606127,0.9551200808371991,-0.09652947049900786,0.6677206526322899,1784374202.9347177,None,None,None, None, 1784374202.8665946,1.0922327140515071,apf_waypoint,none,0.0,nan,nan,15.641432138715595,-11.220877891232707,nan,nan,nan,WEBOTS_UNKNOWN,ekf_on_cluster_on,1,1
1784374203.174223,95.94656658172607,-200.0,18.137030586015797,0.2,0.622743525051687,9.734855051496346,0.9853126863116213,-0.09051814481401124,0.6387177110764894,1784374203.1620018,None,None,None, None, 1784374203.160002,0.9940600388409062,apf_waypoint,none,0.0,nan,nan,15.667674827241894,-11.184206074094426,nan,nan,nan,WEBOTS_UNKNOWN,ekf_on_cluster_on,1,1
1784374203.4058902,96.17823386192322,-200.0,31.10305907999715,0.2,0.5991226107203484,9.724697896300118,0.9797943498788826,-0.08862311081688998,0.6171920964832391,1784374203.4048913,9.719598846170634,0.976293219434942,0.5443693966426402, 1784374203.32925, 1784374203.3668532,1.094523881427075,apf_waypoint,none,0.0,nan,nan,15.938703052374729,-10.794454363617483,nan,nan,nan,WEBOTS_UNKNOWN,ekf_on_cluster_on,1,1
1784374203.7011595,96.47350311279297,-200.0,19.291627323236927,0.2,0.5926444278468741,9.762050438442536,1.0054480125370748,-0.09473645715852348,0.5925882875165938,1784374203.6645992,None,None,None, None, 1784374203.625056,1.0347102058287365,apf_waypoint,none,0.0,nan,nan,15.956038438516815,-10.768813181988714,nan,nan,nan,WEBOTS_UNKNOWN,ekf_on_cluster_on,1,1
1784374203.9242218,96.69656538963318,-200.0,6.484265904634017,0.2,0.5814853763617469,9.80215057676261,1.032616550063116,-0.1328145604733872,0.5605006014969969,1784374203.9061968,None,None,None, None, 1784374203.8711243,0.9421816921362679,apf_waypoint,none,0.0,nan,nan,16.019554979675483,-10.674097538113203,nan,nan,nan,WEBOTS_UNKNOWN,ekf_on_cluster_on,1,1
1784374204.1338747,96.90621829032898,-200.0,-25.573803215280552,0.2,0.5723930142483751,9.843196043687527,1.0596878855653173,-0.09717546544259183,0.5460018866751546,1784374204.1432886,None,None,None, None, 1784374204.0964327,1.0571675945560601,apf_waypoint,none,0.0,nan,nan,16.059928795900348,-10.613255253248685,nan,nan,nan,WEBOTS_UNKNOWN,ekf_on_cluster_on,1,1
1784374204.358096,97.1304395198822,-200.0,19.042407893632337,0.2,0.5241128283947538,9.842170604768013,1.0488157682706256,-0.16980716167607693,0.5137067758574051,1784374204.372273,9.838025282749825,1.0451176620678084,0.4172296553162047, 1784374204.334059, 1784374204.3465796,0.9080244367414386,apf_waypoint,none,0.0,nan,nan,16.574120806157648,-9.790864083567502,nan,nan,nan,WEBOTS_UNKNOWN,ekf_on_cluster_on,1,1
1784374204.6095457,97.38188934326172,-200.0,5.86538497943035,0.2,0.5126615561538236,9.880635057063436,1.0710232913493556,-0.11221373985801916,0.47331438943307813,1784374204.6055446,None,None,None, None, 1784374204.5995448,1.0629519319220644,apf_waypoint,none,0.0,nan,nan,16.642664518597957,-9.67389361743247,nan,nan,nan,WEBOTS_UNKNOWN,ekf_on_cluster_on,1,1
1784374204.8644564,97.63680005073547,-200.0,-25.231580757466922,0.2,0.4975648347210111,9.92197637263023,1.0943272180568542,-0.15051432423490113,0.4358701876177074,1784374204.8543196,None,None,None, None, 1784374204.8644564,0.9514396119064621,apf_waypoint,none,0.0,nan,nan,16.742331726678295,-9.50035938024775,nan,nan,nan,WEBOTS_UNKNOWN,ekf_on_cluster_on,1,1
1784374205.0446088,97.81695246696472,-200.0,-61.73250724228062,0.2,0.48556644578427327,9.96411487322146,1.1172145235455517,-0.11089039286099792,0.42055380214726995,1784374204.9924414,None,None,None, None, 1784374205.014448,0.9809421873576945,apf_waypoint,none,0.0,nan,nan,16.400950905342373,-10.155378673172516,nan,nan,nan,WEBOTS_UNKNOWN,ekf_on_cluster_on,1,1
1784374205.2994297,98.07177329063416,-200.0,-100.93931740378598,0.2,0.47600456521551787,10.005757613902837,1.1392759311905802,-0.09952029622826633,0.39528030261800084,1784374205.2463946,None,None,None, None, 1784374205.3024294,0.9906998254098546,apf_waypoint,none,0.0,nan,nan,16.37883112810033,-10.222944486273589,nan,nan,nan,WEBOTS_UNKNOWN,ekf_on_cluster_on,1,1
1784374205.6691816,98.44152522087097,-200.0,17.425140689119072,0.2,0.41300828550088864,9.962711376359334,1.0997852370402574,-0.23917999276621524,0.2966723529435641,1784374205.6586697,9.957259563040045,1.0958316661598877,0.2894520900379103, 1784374205.33435, 1784374205.6586697,1.0349456563235118,apf_waypoint,none,0.0,nan,nan,17.474931595400946,-8.073986978937839,nan,nan,nan,WEBOTS_UNKNOWN,ekf_on_cluster_on,1,1
1784374206.0321915,98.80453515052795,-200.0,7.292054639296881,0.2,0.39264703389751787,9.997595743619044,1.1149509049456867,-0.17866595741827596,0.24410457862977394,1784374205.9528935,None,None,None, None, 1784374205.9954438,1.0000111975479056,apf_waypoint,none,0.0,nan,nan,17.281275124804726,-8.568887034546862,nan,nan,nan,WEBOTS_UNKNOWN,ekf_on_cluster_on,1,1
1784374206.2372587,99.00960230827332,-197.798709935308,-45.14766159462566,0.2,0.3807840087295604,10.038692758056028,1.1318099918276596,-0.082975151795194,0.22495639363278655,1784374206.1836636,None,None,None, None, 1784374206.2147179,1.0696116226845258,apf_waypoint,none,0.0,nan,nan,17.307480988751287,-8.544102746634607,nan,nan,nan,WEBOTS_UNKNOWN,ekf_on_cluster_on,1,1
1784374206.4667451,99.23908877372742,-200.0,115.30135984042866,0.2,0.3166588263684582,10.082308713888862,1.133077770970697,-0.15950671812373857,0.19146153594607182,1784374206.3936539,10.082473225249585,1.1305483050911296,0.1546963771455374, 1784374206.340092, 1784374206.4607468,1.0825603632162224,apf_waypoint,none,0.0,nan,nan,17.81326817932473,-7.4354299835809305,nan,nan,nan,WEBOTS_UNKNOWN,ekf_on_cluster_on,1,1
1784374206.7585204,99.53086400032043,-200.0,118.48640875789354,0.2,0.30293219121824044,10.13404627161843,1.149830103768707,-0.10451377803227409,0.1638937265578572,1784374206.7615185,None,None,None, None, 1784374206.7269943,1.0960522048026702,apf_waypoint,none,0.0,nan,nan,17.852792316776984,-7.377979542947079,nan,nan,nan,WEBOTS_UNKNOWN,ekf_on_cluster_on,1,1
1784374207.0769897,99.8493332862854,-200.0,120.48008927176262,0.2,0.29267428352225333,10.18975255990198,1.1670447023424906,-0.06898999378729606,0.13601813092358594,1784374207.0614786,None,None,None, None, 1784374207.0269477,0.9537745745888088,apf_waypoint,none,0.0,nan,nan,17.866090996794867,-7.389783460184251,nan,nan,nan,WEBOTS_UNKNOWN,ekf_on_cluster_on,1,1
1784374207.2974,100.06974363327026,-200.0,122.3631964901579,0.2,0.2826370419673726,10.24688580008715,1.1841557627449575,-0.0785746092203762,0.11771644466503797,1784374207.2943997,None,None,None, None, 1784374207.279883,0.9716701695078654,apf_waypoint,none,0.0,nan,nan,17.879325299848187,-7.406654545888312,nan,nan,nan,WEBOTS_UNKNOWN,ekf_on_cluster_on,1,1
1784374207.4696128,100.24195647239685,-200.0,144.17018281260758,0.2,0.2149451966355114,10.243445998644674,1.1556552417816175,-0.15594325172223306,0.09766178907755138,1784374207.423002,10.237459308835119,1.1512355591112577,0.04879982801887106, 1784374207.340486, 1784374207.4968362,1.042483721536019,apf_waypoint,none,0.0,nan,nan,18.41366495389209,-5.8593791390305165,nan,nan,nan,WEBOTS_UNKNOWN,ekf_on_cluster_on,1,1
1784374207.7115893,100.48393297195435,-200.0,146.65589604007369,0.2,0.20310841749363204,10.299339863916193,1.1675435086649735,-0.06492018387205932,0.08353450002452671,1784374207.6406121,None,None,None, None, 1784374207.7125883,0.9699516912259679,apf_waypoint,none,0.0,nan,nan,18.45055531525514,-5.782881659673829,nan,nan,nan,WEBOTS_UNKNOWN,ekf_on_cluster_on,1,1
1784374207.947523,100.71986675262451,-200.0,148.14771819722657,0.2,0.19460315070760395,10.35973200820939,1.1797605988758857,-0.04937217558684563,0.07080182795305148,1784374207.8985038,None,None,None, None, 1784374207.9465215,1.0821583476637628,apf_waypoint,none,0.0,nan,nan,18.467679172630366,-5.7735837974184765,nan,nan,nan,WEBOTS_UNKNOWN,ekf_on_cluster_on,1,1
1784374208.1235583,100.89590191841125,-200.0,149.47635253044174,0.2,0.18659581109787565,10.421486626945798,1.1918084151992598,-0.05757158056273987,0.06604879702564534,1784374208.1305614,None,None,None, None, 1784374208.0684578,0.9696619763660065,apf_waypoint,none,0.0,nan,nan,18.482919815909646,-5.773373801802627,nan,nan,nan,WEBOTS_UNKNOWN,ekf_on_cluster_on,1,1
1784374208.2626486,101.03499221801758,-200.0,150.66763071159335,0.2,0.17905571462137643,10.483738523243803,1.2034663468350395,-0.05628895393676022,0.05200109090911304,1784374208.2306266,None,None,None, None, 1784374208.3038943,1.0530159195812208,apf_waypoint,none,0.0,nan,nan,18.496960874141635,-5.779080160777824,nan,nan,nan,WEBOTS_UNKNOWN,ekf_on_cluster_on,1,1
1784374208.58706,101.35940361022949,-200.0,168.23574603976667,0.2,0.12064922046159131,10.411858080732824,1.1600968366822844,-0.07974101439877816,0.02891601035754263,1784374208.5201273,10.40302997171423,1.156510135399952,6.2510930099080415, 1784374208.348949, 1784374208.585066,1.0993646485174315,apf_waypoint,none,0.0,nan,nan,18.873132678357766,-4.17386941204003,nan,nan,nan,WEBOTS_UNKNOWN,ekf_on_cluster_on,1,1
1784374208.8346908,101.60703444480896,-200.0,169.53045174651496,0.2,0.11341313593279277,10.467028925331785,1.16661499833027,-0.042193925786921785,0.01957138707152751,1784374208.8462086,None,None,None, None, 1784374208.8412066,0.9177121662473023,apf_waypoint,none,0.0,nan,nan,18.89198450159012,-4.12117769327771,nan,nan,nan,WEBOTS_UNKNOWN,ekf_on_cluster_on,1,1
1784374209.124685,101.89702868461609,-200.0,170.7192703825041,0.2,0.10634434082222705,10.529975013950239,1.1736474378375519,-0.04803048617439975,0.007212140059561159,1784374208.9989166,None,None,None, None, 1784374209.124685,1.013775119510094,apf_waypoint,none,0.0,nan,nan,18.90927299978624,-4.079752082987004,nan,nan,nan,WEBOTS_UNKNOWN,ekf_on_cluster_on,1,1
1784374209.4026644,102.17500805854797,-200.0,184.6439232133871,0.2,0.04860013364245813,10.5732298787326,1.1532114828466187,-0.12626028882363455,6.239546083886051,1784374209.4016669,10.569730165285277,1.1488506311012707,6.187381373341445, 1784374209.36164, 1784374209.3801498,1.0138835951451337,apf_waypoint,none,0.0,nan,nan,19.127593637862653,-2.7474158784014593,nan,nan,nan,WEBOTS_UNKNOWN,ekf_on_cluster_on,1,1
1784374209.5804238,102.35276746749878,-200.0,186.46953688039605,0.2,0.0387334094964967,10.639274016330878,1.1560324406670182,-0.03883323286191098,6.235390905082656,1784374209.6395571,None,None,None, None, 1784374209.5989397,1.060591559319156,apf_waypoint,none,0.0,nan,nan,19.15128815555776,-2.602153755222338,nan,nan,nan,WEBOTS_UNKNOWN,ekf_on_cluster_on,1,1
1784374209.809142,102.58148574829102,-200.0,187.84181076546844,0.2,0.030988181042394033,10.706892025412415,1.1583693617146702,-0.035820847114154314,6.225004551776391,1784374209.7986202,None,None,None, None, 1784374209.7891076,0.992891575525299,apf_waypoint,none,0.0,nan,nan,19.16889225300567,-2.492515514654686,nan,nan,nan,WEBOTS_UNKNOWN,ekf_on_cluster_on,1,1
1784374209.9662154,102.73855900764465,-200.0,188.99800364505947,0.2,0.024284021780069158,10.774933171514553,1.1602608084252157,-0.03484196781560227,6.221034932074965,1784374209.9125524,None,None,None, None, 1784374209.9853194,1.0342732701980804,apf_waypoint,none,0.0,nan,nan,19.183592791036197,-2.3981182587899545,nan,nan,nan,WEBOTS_UNKNOWN,ekf_on_cluster_on,1,1
1784374210.1545901,102.92693376541138,-200.0,190.35918115983162,0.2,0.016554103612774318,10.843171228767623,1.1617356077203205,-0.04829578915961816,6.211738401660807,1784374210.105044,None,None,None, None, 1784374210.1671042,1.0602949904601655,apf_waypoint,none,0.0,nan,nan,19.200341652020807,-2.279579972717788,nan,nan,nan,WEBOTS_UNKNOWN,ekf_on_cluster_on,1,1
1784374210.320405,103.09274864196777,-200.0,191.5037416440058,0.2,0.009923678764429483,10.911592065298642,1.1626633708577554,-0.035674600182198264,6.2045202707391995,1784374210.3073764,None,None,None, None, 1784374210.271815,0.9503665221215728,apf_waypoint,none,0.0,nan,nan,19.214134172081117,-2.176038513046322,nan,nan,nan,WEBOTS_UNKNOWN,ekf_on_cluster_on,1,1
1784374210.647648,103.41999173164368,-200.0,200.0,0.2,-0.03431870286063355,10.763136099949614,1.1305596218694332,-0.05390390809637474,6.189338681255205,1784374210.589018,10.753407597108824,1.1290983478630188,6.14119512086555, 1784374210.372995, 1784374210.574991,0.9564432139491672,apf_waypoint,none,0.0,nan,nan,19.28347937684747,-0.910989792887584,nan,nan,nan,WEBOTS_UNKNOWN,ekf_on_cluster_on,1,1
1784374210.9955611,103.76790475845337,-199.23013218950067,200.0,0.2,6.243630159427919,10.81930750552881,1.128411384010942,-0.012480665178350359,6.184698938961845,1784374210.9607725,None,None,None, None, 1784374210.976286,1.0876651348877902,apf_waypoint,none,0.0,nan,nan,19.28733129360162,-0.791982106228034,nan,nan,nan,WEBOTS_UNKNOWN,ekf_on_cluster_on,1,1
1784374211.2303808,104.0027244091034,-198.4632670417716,200.0,0.2,6.239591645045115,10.885921383424824,1.1256001978996863,-0.014649294231059347,6.181093867150982,1784374211.2068644,None,None,None, None, 1784374211.2158644,1.0895380807695796,apf_waypoint,none,0.0,nan,nan,19.28940717169172,-0.6894434542881227,nan,nan,nan,WEBOTS_UNKNOWN,ekf_on_cluster_on,1,1
1784374211.5265667,104.29891037940979,-191.38588512443962,200.0,0.2,6.207195051141722,10.939565536574312,1.1043979855632975,-0.025121419738971498,6.174130006371362,1784374211.4840724,10.937115949326799,1.1015159636129472,6.115053950623043, 1784374211.38375, 1784374211.4925911,0.9929508244051385,apf_waypoint,none,0.0,nan,nan,19.28510962432401,0.1868507780322748,nan,nan,nan,WEBOTS_UNKNOWN,ekf_on_cluster_on,1,1
1784374211.8069,104.57924365997314,-190.5858431631845,200.0,0.2,6.204073753016433,11.007446185917726,1.0990459547422748,-0.003393315816418398,6.173404813330603,1784374211.6977847,None,None,None, None, 1784374211.8058999,1.0163060752257607,apf_waypoint,none,0.0,nan,nan,19.22161838165826,1.0449338686717276,nan,nan,nan,WEBOTS_UNKNOWN,ekf_on_cluster_on,1,1
1784374211.961776,104.73411965370178,-190.0717060678788,200.0,0.2,6.20248564047126,11.075643975415414,1.0935055012132864,0.002814595887364336,6.173742888633075,1784374211.9667747,None,None,None, None, 1784374211.9382982,1.011906166101616,apf_waypoint,none,0.0,nan,nan,19.21887135733422,1.0942960066811853,nan,nan,nan,WEBOTS_UNKNOWN,ekf_on_cluster_on,1,1
1784374212.1876893,104.96003293991089,-190.02779209120058,200.0,0.2,6.203298768616721,11.143835879175274,1.087899540318876,0.018825368282952858,6.180629013543635,1784374212.1836894,None,None,None, None, 1784374212.143436,0.9449976126254753,apf_waypoint,none,0.0,nan,nan,19.21863154855307,1.0984996135459593,nan,nan,nan,WEBOTS_UNKNOWN,ekf_on_cluster_on,1,1
1784374212.6302376,105.40258121490479,-185.57327113874186,200.0,0.2,6.185994367482843,11.130334695358446,1.0712211838349386,0.020071012933828656,6.188827997520097,1784374212.5921881,11.122411733878106,1.0701355151361651,6.122295837730072, 1784374212.388459, 1784374212.6212268,0.9408465342677823,apf_waypoint,none,0.0,nan,nan,19.190283213375288,1.515100719571687,nan,nan,nan,WEBOTS_UNKNOWN,ekf_on_cluster_on,1,1
1784374212.8613808,105.63372445106506,-186.2387496191039,200.0,0.2,6.190493184802206,11.193697917309663,1.0650364195187763,0.047475921979842135,6.199350871707644,1784374212.8138347,None,None,None, None, 1784374212.8513865,1.0293125089829611,apf_waypoint,none,0.0,nan,nan,19.195005278123833,1.4540537723200608,nan,nan,nan,WEBOTS_UNKNOWN,ekf_on_cluster_on,1,1
1784374213.0911365,105.86348009109497,-186.88193865390224,200.0,0.2,6.194919415201365,11.26056337124217,1.0589092821875496,0.030400929141310644,6.207096436575019,1784374213.0686152,None,None,None, None, 1784374213.0686152,0.965183765059569,apf_waypoint,none,0.0,nan,nan,19.199411676916966,1.3946652861043258,nan,nan,nan,WEBOTS_UNKNOWN,ekf_on_cluster_on,1,1
1784374213.3369417,106.10928535461426,-187.54281138097897,200.0,0.2,6.1994314004804,11.328178794940552,1.0530215346345813,0.029745550928763187,6.213320231339591,1784374213.2778497,None,None,None, None, 1784374213.309887,0.9702906901958748,apf_waypoint,none,0.0,nan,nan,19.203774811580555,1.333241533295498,nan,nan,nan,WEBOTS_UNKNOWN,ekf_on_cluster_on,1,1
1784374213.6549997,106.42734336853027,-185.80804905289187,200.0,0.2,6.193988943909573,11.314383148191963,1.0424903799396374,0.033791297717807645,6.225895636733862,1784374213.649999,11.306270773189219,1.0419998039651783,6.159252440645253, 1784374213.392188, 1784374213.6519992,0.9745626931266657,apf_waypoint,none,0.0,nan,nan,19.19196786187219,1.4936095838153525,nan,nan,nan,WEBOTS_UNKNOWN,ekf_on_cluster_on,1,1
1784374213.876533,106.6488766670227,-186.55539306210704,200.0,0.2,6.198905336119486,11.37768026739723,1.0369245885895033,0.034815617341874924,6.233207706269317,1784374213.8600216,None,None,None, None, 1784374213.8715315,0.9907864261782572,apf_waypoint,none,0.0,nan,nan,19.197194092705786,1.4248645433802192,nan,nan,nan,WEBOTS_UNKNOWN,ekf_on_cluster_on,1,1
1784374214.077235,106.8495786190033,-187.54376739052458,200.0,0.2,6.205048494221107,11.44460592866479,1.0313830841774383,0.04361211228441356,6.242593675209204,1784374214.0752363,None,None,None, None, 1784374214.0782351,0.9014156277525641,apf_waypoint,none,0.0,nan,nan,19.20378100095988,1.3331523795772342,nan,nan,nan,WEBOTS_UNKNOWN,ekf_on_cluster_on,1,1
1784374214.3964295,107.16877317428589,-187.5336641400183,200.0,0.2,6.207496032813033,11.487063677325416,1.0222374122003153,0.027119911439349567,6.251060338864386,1784374214.38743,11.48302308359874,1.0216001382671438,6.198803507540075, 1784374214.393428, 1784374214.3654022,1.0588601999088207,apf_waypoint,none,0.0,nan,nan,19.203715572706635,1.334094525355962,nan,nan,nan,WEBOTS_UNKNOWN,ekf_on_cluster_on,1,1
1784374214.5502315,107.32257509231567,-188.24071111849614,200.0,0.2,6.21225379609249,11.553813844814764,1.0172915049675098,0.0307143986959647,6.254257604908489,1784374214.4915266,None,None,None, None, 1784374214.4635003,0.9104013424530278,apf_waypoint,none,0.0,nan,nan,18.913102512049196,1.2484463311793481,nan,nan,nan,WEBOTS_UNKNOWN,ekf_on_cluster_on,1,1
1784374214.7768645,107.54920816421509,-189.08188212369822,200.0,0.2,6.21767576051014,11.621629979535205,1.0125886024860193,0.03648250554834678,6.264557755509818,1784374214.7738578,None,None,None, None, 1784374214.716451,1.0835209744806085,apf_waypoint,none,0.0,nan,nan,18.545711568044617,1.147275945251882,nan,nan,nan,WEBOTS_UNKNOWN,ekf_on_cluster_on,1,1
1784374215.0154305,107.78777408599854,-190.58381337919434,200.0,0.2,6.226372824900844,11.689734221371989,1.0082536479711983,0.0639001535876291,6.279866568064158,1784374215.0134318,None,None,None, None, 1784374215.0134318,0.9440848358432952,apf_waypoint,none,0.0,nan,nan,18.179665186371157,0.9884761298210655,nan,nan,nan,WEBOTS_UNKNOWN,ekf_on_cluster_on,1,1
1784374215.2068808,107.97922444343567,-191.96424042614265,200.0,0.2,6.234415331304492,11.758079808008468,1.00458912966406,0.04648613264777009,0.0056739577068043445,1784374215.2068808,None,None,None, None, 1784374215.2212574,1.0323452867595948,apf_waypoint,none,0.0,nan,nan,17.81059064656767,0.8440411475983307,nan,nan,nan,WEBOTS_UNKNOWN,ekf_on_cluster_on,1,1
1784374215.3550613,108.1274049282074,-192.94168839990786,200.0,0.2,6.240362451067983,11.826632937916155,1.0014691888260714,0.02724178896431436,0.008739476029825735,1784374215.3194108,None,None,None, None, 1784374215.338054,0.9299658269994538,apf_waypoint,none,0.0,nan,nan,17.437864107545323,0.7391079833994777,nan,nan,nan,WEBOTS_UNKNOWN,ekf_on_cluster_on,1,1
1784374215.5590997,108.33144330978394,-193.92119166147106,200.0,0.2,6.243701159081554,11.678704690461647,1.0072524720632288,0.02819029138198243,0.015355239056476972,1784374215.5540931,11.66891738505416,1.007638761139359,6.237334198266821, 1784374215.395312, 1784374215.5766184,0.9567223083061677,apf_waypoint,none,0.0,nan,nan,18.254461405720043,0.6812169370548232,nan,nan,nan,WEBOTS_UNKNOWN,ekf_on_cluster_on,1,1
1784374215.7973516,108.5696952342987,-194.75979212760382,200.0,0.2,6.248674184758492,11.734292443201358,1.0051818109103667,0.027358488953152897,0.018200648345018534,1784374215.8033576,None,None,None, None, 1784374215.7948394,1.0271468380725388,apf_waypoint,none,0.0,nan,nan,17.951679827867252,0.5912617551051269,nan,nan,nan,WEBOTS_UNKNOWN,ekf_on_cluster_on,1,1
1784374216.1574347,108.92977833747864,-195.43485034604672,200.0,0.2,6.2528634948537105,11.800266342423287,1.0030425059034336,0.02093469751698722,0.027904989174324886,1784374216.1216507,None,None,None, None, 1784374216.129427,1.0502416093921003,apf_waypoint,none,0.0,nan,nan,17.590952902517486,0.5168116229557853,nan,nan,nan,WEBOTS_UNKNOWN,ekf_on_cluster_on,1,1
1784374216.466963,109.23930668830872,-196.496765548802,200.0,0.2,6.2592636108205015,11.854430980680961,1.0006219288912515,0.02148097877185974,0.034604607269607075,1784374216.4335368,11.852129133570772,1.0005480553509234,6.2674364148092785, 1784374216.397765, 1784374216.4335368,0.9068266507437687,apf_waypoint,none,0.0,nan,nan,17.295761539760925,0.41040130739226827,nan,nan,nan,WEBOTS_UNKNOWN,ekf_on_cluster_on,1,1
1784374216.6870399,109.45938348770142,-197.0883706020376,200.0,0.2,6.262931563357556,11.922984331408639,0.9990981621663764,0.019805189681521337,0.037634057531000464,1784374216.6930392,None,None,None, None, 1784374216.6800385,0.9043940880728722,apf_waypoint,none,0.0,nan,nan,16.920014694855492,0.34770163565610684,nan,nan,nan,WEBOTS_UNKNOWN,ekf_on_cluster_on,1,1
1784374216.8986073,109.6709508895874,-197.65933824420483,200.0,0.2,6.266455773215493,11.992179597952628,0.9978064957278363,0.019227885527295284,0.04168049600701243,1784374216.9096143,None,None,None, None, 1784374216.8765771,0.9847431090410588,apf_waypoint,none,0.0,nan,nan,16.54049543814361,0.2888065604535262,nan,nan,nan,WEBOTS_UNKNOWN,ekf_on_cluster_on,1,1
1784374217.2309313,110.00327491760254,-198.33075250500784,200.0,0.2,6.2704909346618605,12.061533892822759,0.996752307796239,0.024323835193371057,0.048981385924148094,1784374217.235932,None,None,None, None, 1784374217.2054162,1.0042961115498057,apf_waypoint,none,0.0,nan,nan,16.16003466777079,0.22301626644798866,nan,nan,nan,WEBOTS_UNKNOWN,ekf_on_cluster_on,1,1
1784374217.4044774,110.17682099342346,-198.85936854054032,200.0,0.2,6.273685692692566,12.130987940195391,0.9959909824263136,0.014871679322403112,0.05265099934703774,1784374217.343851,None,None,None, None, 1784374217.3343396,0.9734350308180817,apf_waypoint,none,0.0,nan,nan,15.77864487962117,0.17194614410300849,nan,nan,nan,WEBOTS_UNKNOWN,ekf_on_cluster_on,1,1
1784374217.6224873,110.39483094215393,-200.0,200.0,0.2,6.281058071872389,12.050895739483888,0.9984713706691062,0.02647571171437265,0.05899722322330558,1784374217.583551,12.041312618278928,0.9986659535162952,0.007644731308573682, 1784374217.406478, 1784374217.6204884,0.9847350870266481,apf_waypoint,none,0.0,nan,nan,16.22001884924651,0.04291132916672661,nan,nan,nan,WEBOTS_UNKNOWN,ekf_on_cluster_on,1,1
1784374217.83552,110.60786366462708,-200.0,200.0,0.2,0.0011219875209006838,12.11203510256524,0.9984566711617759,0.013469119559384252,0.06183837526422824,1784374217.7944891,None,None,None, None, 1784374217.8415225,0.9408581563846945,apf_waypoint,none,0.0,nan,nan,15.883806461953753,-0.009333126159909092,nan,nan,nan,WEBOTS_UNKNOWN,ekf_on_cluster_on,1,1
1784374218.0661461,110.83848977088928,-200.0,200.0,0.2,0.004988205847461585,12.180133268939931,0.9986387371437644,0.022837912999235585,0.0675052574138515,1784374218.042624,None,None,None, None, 1784374218.0641458,1.0049214511891797,apf_waypoint,none,0.0,nan,nan,15.50911141517882,-0.06987624305125502,nan,nan,nan,WEBOTS_UNKNOWN,ekf_on_cluster_on,1,1
1784374218.3415456,111.11388921737671,-200.0,199.5054725640109,0.2,0.007647339173498892,12.249593102306541,0.9991069118613147,0.009717032649907023,0.07003538098034084,1784374218.3030043,None,None,None, None, 1784374218.33654,0.9396735596212576,apf_waypoint,none,0.0,nan,nan,15.12683316869226,-0.11077015057609609,nan,nan,nan,WEBOTS_UNKNOWN,ekf_on_cluster_on,1,1
1784374218.6628418,111.43518543243408,-200.0,198.4867556135621,0.2,0.012687502031661527,12.236532631148656,1.000711582530451,0.006784972278814058,0.07188703297768186,1784374218.6723614,12.22832327151947,1.0008087721183552,0.02259711618536997, 1784374218.414687, 1784374218.633831,0.9613704889199615,apf_waypoint,none,0.0,nan,nan,15.197797573528595,-0.1967464535600498,nan,nan,nan,WEBOTS_UNKNOWN,ekf_on_cluster_on,1,1
1784374218.9196875,111.69203114509583,-200.0,198.16018165905007,0.2,0.014135031574522271,12.301856735614473,1.0016110028102112,0.003440696574528606,0.0730384269488326,1784374218.910549,None,None,None, None, 1784374218.881544,0.9510623979871662,apf_waypoint,none,0.0,nan,nan,14.83818025103897,-0.21861351666363557,nan,nan,nan,WEBOTS_UNKNOWN,ekf_on_cluster_on,1,1
1784374219.245563,112.017906665802,-200.0,197.91900717716277,0.2,0.015044071505253043,12.370637188335456,1.0026376520877989,0.0014484732429125122,0.07338738009629019,1784374219.2495618,None,None,None, None, 1784374219.2445621,0.9478301456093279,apf_waypoint,none,0.0,nan,nan,14.459640765223382,-0.2320570102880023,nan,nan,nan,WEBOTS_UNKNOWN,ekf_on_cluster_on,1,1
1784374219.488145,112.26048874855042,-200.0,197.1766532216967,0.2,0.018106150294157325,12.41841685669204,1.0050718317638794,-0.0007030464200991586,0.07324074570198275,1784374219.5131497,12.414991558467253,1.0052867728537258,0.02715737966171261, 1784374219.420033, 1784374219.481631,1.0056199375065855,apf_waypoint,none,0.0,nan,nan,14.195874906836728,-0.2849603839886291,nan,nan,nan,WEBOTS_UNKNOWN,ekf_on_cluster_on,1,1
1784374219.8732362,112.64557981491089,-200.0,197.20240070337925,0.2,0.017409256759319446,12.486875135698408,1.0063395524027214,-0.011602351621475784,0.06832023354166683,1784374219.8897128,None,None,None, None, 1784374219.8226647,1.0581429530496425,apf_waypoint,none,0.0,nan,nan,13.819485189769294,-0.27548409752243935,nan,nan,nan,WEBOTS_UNKNOWN,ekf_on_cluster_on,1,1
1784374220.120425,112.8927686214447,-200.0,197.26676679200048,0.2,0.016501210350310398,12.556073209587169,1.0075348781218452,-0.0074719204582272825,0.06662275905829408,1784374220.1297963,None,None,None, None, 1784374220.120425,0.9428374999262435,apf_waypoint,none,0.0,nan,nan,13.439083573591319,-0.26322874733927704,nan,nan,nan,WEBOTS_UNKNOWN,ekf_on_cluster_on,1,1
1784374220.34592,113.11826372146606,-200.0,197.40860491273713,0.2,0.015170481977887793,12.625385421081678,1.0086603651967607,-0.010060279405282693,0.06439334781351494,1784374220.3489177,None,None,None, None, 1784374220.3093288,1.00096441618126,apf_waypoint,none,0.0,nan,nan,13.058154759106111,-0.24575119007262966,nan,nan,nan,WEBOTS_UNKNOWN,ekf_on_cluster_on,1,1
1784374220.5301473,113.30249094963074,-200.0,197.53057659804676,0.2,0.013952873413746607,12.615314174304306,1.0100257798969987,-0.015280228759097077,0.0611058557981173,1784374220.5466616,12.607495064756964,1.0100596583660844,0.016899317479600384, 1784374220.430546, 1784374220.5231454,1.0417380495151374,apf_waypoint,none,0.0,nan,nan,13.113725993792576,-0.23813319110951164,nan,nan,nan,WEBOTS_UNKNOWN,ekf_on_cluster_on,1,1
1784374220.7786803,113.55102396011353,-200.0,197.9669584258625,0.2,0.011091028342689638,12.68069966636966,1.0108892716494395,-0.02150528836363589,0.05621164486547066,1784374220.7881947,None,None,None, None, 1784374220.7766805,0.9638113398924306,apf_waypoint,none,0.0,nan,nan,12.754703030994268,-0.20136325147645576,nan,nan,nan,WEBOTS_UNKNOWN,ekf_on_cluster_on,1,1
1784374221.1245675,113.89691114425659,-200.0,198.67154380246637,0.2,0.006789333650812855,12.749473588875079,1.0115705024373085,-0.03034748960676018,0.0431496833511764,1784374221.1060536,None,None,None, None, 1784374221.1090536,1.0640833095415156,apf_waypoint,none,0.0,nan,nan,12.377177927734351,-0.14767331192229527,nan,nan,nan,WEBOTS_UNKNOWN,ekf_on_cluster_on,1,1
1784374221.4417768,114.214120388031,-200.0,199.59914580572183,0.2,0.0011891604598358205,12.798611118483322,1.0123560610037114,-0.032378535133868944,0.03378788538858569,1784374221.3951895,12.795359894988279,1.0124265688536167,6.282816165156153, 1784374221.43225, 1784374221.39119,1.0971527434129853,apf_waypoint,none,0.0,nan,nan,12.107549474274482,-0.08235620945745221,nan,nan,nan,WEBOTS_UNKNOWN,ekf_on_cluster_on,1,1
1784374221.676894,114.44923758506775,-200.0,200.0,0.2,6.280740301875781,12.867424031152252,1.0122822185642661,-0.013447997528678054,0.030770118889552795,1784374221.6195922,None,None,None, None, 1784374221.6748958,0.9853641319201639,apf_waypoint,none,0.0,nan,nan,11.729297935226588,-0.03887415121096782,nan,nan,nan,WEBOTS_UNKNOWN,ekf_on_cluster_on,1,1
1784374221.8283165,114.6006600856781,-200.0,200.0,0.2,6.277763043843381,12.936989819454956,1.0119903122421654,-0.012471531315106796,0.028191966836066642,1784374221.8263152,None,None,None, None, 1784374221.7817667,1.0824775585945252,apf_waypoint,none,0.0,nan,nan,11.346746772417545,-0.004422034810381436,nan,nan,nan,WEBOTS_UNKNOWN,ekf_on_cluster_on,1,1
1784374222.0221283,114.79447197914124,-200.0,200.0,0.2,6.274442326861877,13.006659940941224,1.0115123095458358,-0.018483857189763572,0.02616481718549165,1784374222.0281265,None,None,None, None, 1784374221.9700263,0.9499052166467724,apf_waypoint,none,0.0,nan,nan,10.963504887470691,0.0325360272895636,nan,nan,nan,WEBOTS_UNKNOWN,ekf_on_cluster_on,1,1
1784374222.407254,115.17959761619568,-199.86450975806423,200.0,0.2,6.272248882714635,13.076342287905204,1.0107974538942095,-0.007580011854455178,0.022763355395422562,1784374222.3847275,None,None,None, None, 1784374222.4187608,1.0340503852828233,apf_waypoint,none,0.0,nan,nan,10.58013416086279,0.0563239033957419,nan,nan,nan,WEBOTS_UNKNOWN,ekf_on_cluster_on,1,1
1784374222.6911933,115.46353697776794,-199.51357124022434,200.0,0.2,6.270118723835822,12.989465677491197,1.0116390060472826,-0.009044749277526909,0.020527437196265326,1784374222.6319337,12.979264138363709,1.0117485880388097,6.269691197300976, 1784374222.437314, 1784374222.7041988,1.0040482074670216,apf_waypoint,none,0.0,nan,nan,11.057831222754483,0.08047629849228352,nan,nan,nan,WEBOTS_UNKNOWN,ekf_on_cluster_on,1,1
1784374223.119502,115.891845703125,-199.23138150394288,200.0,0.2,6.268810296601362,13.049996873391832,1.0107884299141112,-0.0030770093095166926,0.019035393921891023,1784374223.1168342,None,None,None, None, 1784374223.1168342,1.0071835331806867,apf_waypoint,none,0.0,nan,nan,10.724762033159392,0.09483669201585093,nan,nan,nan,WEBOTS_UNKNOWN,ekf_on_cluster_on,1,1
1784374223.3941457,116.16648936271667,-198.952912678632,200.0,0.2,6.267614950323119,13.11785635545031,1.0097666582459937,-0.005214558239665838,0.01802512597665257,1784374223.310574,None,None,None, None, 1784374223.3661218,1.0256557813237959,apf_waypoint,none,0.0,nan,nan,10.351371600176574,0.10746444343784138,nan,nan,nan,WEBOTS_UNKNOWN,ekf_on_cluster_on,1,1
1784374223.6865075,116.45885109901428,-198.65718345875484,200.0,0.2,6.2663099536334945,13.16910198745691,1.0089090388937598,-0.0008225351368018116,0.01779700138952051,1784374223.5879173,13.166205366411402,1.0089514350668247,6.264040567850383, 1784374223.44324, 1784374223.6594758,1.069707677357159,apf_waypoint,none,0.0,nan,nan,10.069332104938843,0.12093297946521406,nan,nan,nan,WEBOTS_UNKNOWN,ekf_on_cluster_on,1,1
1784374223.9978132,116.77015686035156,-198.6239201875704,200.0,0.2,6.26661249002234,13.237879962489256,1.0077192128527201,0.007629500463200082,0.020809691668208393,1784374223.9827912,None,None,None, None, 1784374223.8926382,0.9793109251720056,apf_waypoint,none,0.0,nan,nan,9.691032867325431,0.11816091971193558,nan,nan,nan,WEBOTS_UNKNOWN,ekf_on_cluster_on,1,1
1784374224.2185316,116.99087524414062,-198.61748648469177,200.0,0.2,6.267077092104139,13.307282483364457,1.0065689122488843,0.004737882864583932,0.02141259383247623,1784374224.2185316,None,None,None, None, 1784374224.2325382,1.0297675798302721,apf_waypoint,none,0.0,nan,nan,9.309320469158541,0.11383580248345279,nan,nan,nan,WEBOTS_UNKNOWN,ekf_on_cluster_on,1,1
1784374224.5159533,117.2882969379425,-198.80207492150296,200.0,0.2,6.26860253159648,13.353328086479575,1.0055497558661493,0.01510241497011952,0.025903018610179775,1784374224.5297365,13.349625095077444,1.0055639500117215,6.267708180640857, 1784374224.446368, 1784374224.506437,1.0162597535858935,apf_waypoint,none,0.0,nan,nan,9.056177658888936,0.10154666561978719,nan,nan,nan,WEBOTS_UNKNOWN,ekf_on_cluster_on,1,1
1784374224.7861464,117.55849003791809,-199.02423318787913,200.0,0.2,6.2702867755076666,13.421907650968881,1.004593554614793,0.010554098757773467,0.029868948369235572,1784374224.7831457,None,None,None, None, 1784374224.785147,1.0420652061327986,apf_waypoint,none,0.0,nan,nan,8.679111782185089,0.08668735476518824,nan,nan,nan,WEBOTS_UNKNOWN,ekf_on_cluster_on,1,1
1784374225.06816,117.84050369262695,-199.4337030869024,200.0,0.2,6.272979422435676,13.491329492603032,1.0037486842370384,0.019136970316591787,0.03520837836972053,1784374225.062157,None,None,None, None, 1784374225.0551586,1.0999262946591648,apf_waypoint,none,0.0,nan,nan,8.297466069371179,0.06406708556422941,nan,nan,nan,WEBOTS_UNKNOWN,ekf_on_cluster_on,1,1
1784374225.344148,118.1164915561676,-199.71901026607046,200.0,0.2,6.274884008934966,13.560917676128895,1.0031178207777813,0.007928551875861304,0.036164434956950944,1784374225.3571584,None,None,None, None, 1784374225.3146186,1.0368929150847452,apf_waypoint,none,0.0,nan,nan,7.914822416160829,0.04855620556729307,nan,nan,nan,WEBOTS_UNKNOWN,ekf_on_cluster_on,1,1
1784374225.6731043,118.44544792175293,-200.0,200.0,0.2,6.277655683354354,13.541962676475512,1.0031596068981057,0.015819351581484613,0.043874195641259245,1784374225.6701035,13.533192856212226,1.0032146442373793,6.278362394973343, 1784374225.419911, 1784374225.652584,1.0789201859892432,apf_waypoint,none,0.0,nan,nan,8.019178771538071,0.026965390332862646,nan,nan,nan,WEBOTS_UNKNOWN,ekf_on_cluster_on,1,1
1784374226.0531287,118.82547235488892,-200.0,200.0,0.2,6.279513022572735,13.607063619692502,1.0028732949342043,0.007165023979763031,0.0462024119572771,1784374225.9950454,None,None,None, None, 1784374226.0321167,0.963870779892861,apf_waypoint,none,0.0,nan,nan,7.661156467293828,0.012330844738016888,nan,nan,nan,WEBOTS_UNKNOWN,ekf_on_cluster_on,1,1
1784374226.38478,119.15712356567383,-200.0,200.0,0.2,6.280938252192927,13.676012305702978,1.0026817133326915,0.005474423559050521,0.047931172002202,1784374226.310834,None,None,None, None, 1784374226.34123,0.9087577363793702,apf_waypoint,none,0.0,nan,nan,7.281947077208073,0.0016135024660149087,nan,nan,nan,WEBOTS_UNKNOWN,ekf_on_cluster_on,1,1
1784374226.8823378,119.65468144416809,-200.0,200.0,0.2,6.283073565906141,13.717000934550294,1.0027346921980786,0.0020186291800554875,0.04900602905082518,1784374226.8433027,13.712411033670135,1.0027604937061345,0.004543605892374459, 1784374226.475526, 1784374226.8898504,0.9232586921639263,apf_waypoint,none,0.0,nan,nan,7.056496496598227,-0.014252305275460859,nan,nan,nan,WEBOTS_UNKNOWN,ekf_on_cluster_on,1,1
1784374227.2276082,119.99995183944702,-200.0,200.0,0.2,0.0014848158014733048,13.785491452893504,1.0027589362127998,0.011493438107552463,0.05260294863412816,1784374227.156257,None,None,None, None, 1784374227.2236016,0.9445734949869483,apf_waypoint,none,0.0,nan,nan,6.67976711487826,-0.025092396948639444,nan,nan,nan,WEBOTS_UNKNOWN,ekf_on_cluster_on,1,1
1784374227.407643,120.17998671531677,-200.0,199.47668537680306,0.2,0.0049394760222260204,13.855012503692373,1.0029117527125067,0.026576396178674862,0.058182883991801396,1784374227.3662152,None,None,None, None, 1784374227.421433,0.9242107848132798,apf_waypoint,none,0.0,nan,nan,6.297275302543274,-0.04712032862443383,nan,nan,nan,WEBOTS_UNKNOWN,ekf_on_cluster_on,1,1
1784374227.6132164,120.38556003570557,-200.0,198.86555028957324,0.2,0.00762790004905867,13.87982249857225,1.0036237934540722,0.0054592489135407265,0.05939747883576221,1784374227.588699,13.872692294431642,1.003666030083737,0.01040390609810693, 1784374227.494063, 1784374227.6082108,0.9272719273582274,apf_waypoint,none,0.0,nan,nan,6.1606449917896295,-0.06692513952787402,nan,nan,nan,WEBOTS_UNKNOWN,ekf_on_cluster_on,1,1
1784374227.923362,120.69570565223694,-200.0,198.5046456107122,0.2,0.008848062294038405,13.94725359997163,1.0042097710515172,0.0013496454133057952,0.05981131210240822,1784374227.8953228,None,None,None, None, 1784374227.9633992,0.9998430657259465,apf_waypoint,none,0.0,nan,nan,5.78967369009161,-0.07438337749286267,nan,nan,nan,WEBOTS_UNKNOWN,ekf_on_cluster_on,1,1
1784374228.2979846,121.07032823562622,-200.0,198.21980264502426,0.2,0.009455860509956317,14.016442592628927,1.0048691698356862,-0.00042271814479086033,0.059683090240369226,1784374228.19865,None,None,None, None, 1784374228.2782376,0.9635176051763515,apf_waypoint,none,0.0,nan,nan,5.40907067051063,-0.07793057362748321,nan,nan,nan,WEBOTS_UNKNOWN,ekf_on_cluster_on,1,1
1784374228.4561675,121.228511095047,-200.0,198.13680827041162,0.2,0.008783361484637112,14.085863561955119,1.005554704261101,-0.009745772113744158,0.05764688733237669,1784374228.4075818,None,None,None, None, 1784374228.377546,1.034920646200616,apf_waypoint,none,0.0,nan,nan,5.027288135544952,-0.07470967647173393,nan,nan,nan,WEBOTS_UNKNOWN,ekf_on_cluster_on,1,1
1784374228.7171276,121.4894711971283,-200.0,198.16156369499436,0.2,0.008528618293389101,14.07091156436484,1.0057566535449742,-0.00821740221220768,0.05595495202471967,1784374228.762155,14.06254431834379,1.0057162013117287,0.010479608100554927, 1784374228.502264, 1784374228.7681568,1.0675761909393287,apf_waypoint,none,0.0,nan,nan,5.10953052735598,-0.0752410381430814,nan,nan,nan,WEBOTS_UNKNOWN,ekf_on_cluster_on,1,1
1784374229.0155811,121.78792476654053,-200.0,198.1576499398105,0.2,0.007462783852635886,14.136049911937263,1.0062923909107155,-0.007709836420907777,0.053067033468186364,1784374228.9880543,None,None,None, None, 1784374229.0155811,1.0313078738007246,apf_waypoint,none,0.0,nan,nan,4.751334894950388,-0.07006795735604611,nan,nan,nan,WEBOTS_UNKNOWN,ekf_on_cluster_on,1,1
1784374229.1872575,121.95960116386414,-200.0,198.18085084986413,0.2,0.0060957525349768825,14.204800502584401,1.006778019513206,-0.009422109947170309,0.05212815928503939,1784374229.0877001,None,None,None, None, 1784374229.1342638,0.9654129882812087,apf_waypoint,none,0.0,nan,nan,4.3732887357336265,-0.06393861604131591,nan,nan,nan,WEBOTS_UNKNOWN,ekf_on_cluster_on,1,1
1784374229.444197,122.21654057502747,-200.0,198.16368474132526,0.2,0.004842419858164263,14.274157162861417,1.0071647070187169,-0.007161484935468063,0.0502883135287033,1784374229.4527104,None,None,None, None, 1784374229.4081707,0.9855539005925366,apf_waypoint,none,0.0,nan,nan,3.9918979793879834,-0.05873694776436547,nan,nan,nan,WEBOTS_UNKNOWN,ekf_on_cluster_on,1,1
1784374229.8642952,122.636638879776,-200.0,198.77575122644225,0.2,0.0016354903930535735,14.25479955341483,1.0072449992988945,-0.023014819082714674,0.039928669803078125,1784374229.7947378,14.245956380465273,1.0072229164816466,0.0008814537735055694, 1784374229.504901, 1784374229.8766487,1.0136794083251643,apf_waypoint,none,0.0,nan,nan,4.098531804521578,-0.04655066480507779,nan,nan,nan,WEBOTS_UNKNOWN,ekf_on_cluster_on,1,1
1784374230.1345625,122.90690612792969,-200.0,199.14025951570164,0.2,6.281836548821619,14.319671581121556,1.0072766778590214,-0.018532135399413337,0.03530650523048332,1784374230.0441513,None,None,None, None, 1784374230.1580741,1.0641378851973398,apf_waypoint,none,0.0,nan,nan,3.7418568800042356,-0.03497490082583261,nan,nan,nan,WEBOTS_UNKNOWN,ekf_on_cluster_on,1,1
1784374230.4333508,123.20569443702698,-200.0,199.68157893112428,0.2,6.277930752146091,14.388480605863782,1.0070925864956202,-0.02524714852425881,0.02857738180202961,1784374230.4343529,None,None,None, None, 1784374230.42384,0.9072765491723537,apf_waypoint,none,0.0,nan,nan,3.3635152113111504,-0.021335825815932474,nan,nan,nan,WEBOTS_UNKNOWN,ekf_on_cluster_on,1,1
1784374230.7473667,123.5197103023529,-200.0,200.0,0.2,6.27323860824847,14.434757928775927,1.0067447834280674,-0.021652322978511124,0.022265670885987375,1784374230.7258556,14.43104262189462,1.0067666581582901,6.270447676281735, 1784374230.505078, 1784374230.711342,1.0425401122995626,apf_waypoint,none,0.0,nan,nan,3.1090465837863013,-0.006172373787850207,nan,nan,nan,WEBOTS_UNKNOWN,ekf_on_cluster_on,1,1
1784374231.0890067,123.86135029792786,-183.00560806507457,183.14612839560823,0.2,6.270573344244309,14.5034934601706,1.005937397063942,-0.0083928123455339,0.019621012054799946,1784374231.0409656,None,None,None, None, 1784374231.1145284,1.0058316404115175,apf_waypoint,none,0.0,nan,nan,2.7309806316914496,0.0017865716511611743,nan,nan,nan,WEBOTS_UNKNOWN,ekf_on_cluster_on,1,1
1784374231.454834,124.22717761993408,-149.7607265097942,150.49651842708857,0.2,6.268816612216457,14.569377853759287,1.0050204350270704,-0.004866098427612579,0.017935979014596322,1784374231.3872457,None,None,None, None, 1784374231.4528337,0.9170165705506765,apf_waypoint,none,0.0,nan,nan,2.3685740574590604,0.006420417175687299,nan,nan,nan,WEBOTS_UNKNOWN,ekf_on_cluster_on,1,1
1784374231.9340084,124.70635199546814,-132.77658479015705,134.65211783858413,0.2,6.266107424788123,14.600811706366759,1.0042849966316665,-0.0029765197249702483,0.016721107647281682,1784374231.9450078,14.59644994065313,1.0043111591610132,6.260360950658619, 1784374231.509404, 1784374231.9099746,0.9168436597194455,apf_waypoint,none,0.0,nan,nan,2.1956179174315134,0.013929231664054305,nan,nan,nan,WEBOTS_UNKNOWN,ekf_on_cluster_on,1,1
1784374232.3417904,125.11413407325745,-106.76315399227342,109.50854136051727,0.2,6.26518807402082,14.65313984666766,1.0033554219881822,-0.0022283979842223785,0.015556620322612671,1784374232.3179643,None,None,None, None, 1784374232.3252714,1.0584173933603085,apf_waypoint,none,0.0,nan,nan,1.9077540120598808,0.015880191108427623,nan,nan,nan,WEBOTS_UNKNOWN,ekf_on_cluster_on,1,1
1784374232.6097195,125.38206315040588,-105.63852690890769,110.58891737103832,0.2,6.263009798279963,14.726699120176825,1.0014121745133315,0.0004843813242771669,0.015677828136565857,1784374232.5681965,14.73382645179556,1.0011179747339252,6.256032994235058, 1784374232.519163, 1784374232.6217847,1.0520736377534219,apf_waypoint,none,0.0,nan,nan,1.5030056106810818,0.022559477338001004,nan,nan,nan,WEBOTS_UNKNOWN,ekf_on_cluster_on,1,1
1784374232.889922,125.66226553916931,-105.06335244189333,111.131967002231,0.2,6.26298397487196,14.775599140928259,1.0004046851819979,0.004285606930796845,0.016915099650453517,1784374232.8569005,None,None,None, None, 1784374232.8874116,1.052976369559061,apf_waypoint,none,0.0,nan,nan,1.2339978582250672,0.022705569657282647,nan,nan,nan,WEBOTS_UNKNOWN,ekf_on_cluster_on,1,1
1784374233.136732,125.90907573699951,0.0,0.0,0.2,6.264010361351142,14.822388207714628,0.9994486973473045,0.011990031840244934,0.0199243823748499,1784374233.1078825,None,None,None, None, 1784374233.1467388,0.917597213401433,arrived,none,0.0,nan,nan,0.0,0.0,nan,nan,nan,WEBOTS_UNKNOWN,ekf_on_cluster_on,1,1
1784374233.4830234,126.25536704063416,0.0,0.0,0.2,6.265443464184598,14.85555440476494,0.998824737676081,0.010164439599394368,0.023359074175858703,1784374233.445795,None,None,None, None, 1784374233.4703176,1.0467830960954045,arrived,none,0.0,nan,nan,0.0,0.0,nan,nan,nan,WEBOTS_UNKNOWN,ekf_on_cluster_on,1,1
1784374233.8972168,126.66956043243408,0.0,0.0,0.2,6.266065981008889,14.847165588675907,0.9982761599410744,0.006033354148171076,0.025622544313653694,1784374233.8209546,14.843716077743073,0.9982664722156612,6.26387434859517, 1784374233.524134, 1784374233.8073926,1.042137592136672,arrived,none,0.0,nan,nan,0.0,0.0,nan,nan,nan,WEBOTS_UNKNOWN,ekf_on_cluster_on,1,1
1784374234.302605,127.07494854927063,0.0,0.0,0.2,6.267653358795662,14.863948751412432,0.9979982428233445,0.010331607657978165,0.03047472011714993,1784374234.2905984,None,None,None, None, 1784374234.2840912,0.9152919232615794,arrived,none,0.0,nan,nan,0.0,0.0,nan,nan,nan,WEBOTS_UNKNOWN,ekf_on_cluster_on,1,1
1784374234.6002474,127.37259101867676,0.0,0.0,0.2,6.269404829310385,14.883203788024394,0.9973499020290012,0.004517453001504174,0.03175143385645948,1784374234.5732164,14.884389072843351,0.9972304766136977,6.27182989683259, 1784374234.530186, 1784374234.5892467,0.948165733643277,arrived,none,0.0,nan,nan,0.0,0.0,nan,nan,nan,WEBOTS_UNKNOWN,ekf_on_cluster_on,1,1
1784374234.9129632,127.68530678749084,0.0,0.0,0.2,6.271407891446159,14.897723908783956,0.9971580935492561,0.01460071838606152,0.035681008618032924,1784374234.8423522,None,None,None, None, 1784374234.8884435,0.968215054671873,arrived,none,0.0,nan,nan,0.0,0.0,nan,nan,nan,WEBOTS_UNKNOWN,ekf_on_cluster_on,1,1
1784374235.2349074,128.00725102424622,0.0,0.0,0.2,6.2727289760452205,14.910931767094057,0.9970143590750009,0.004439062260168261,0.03694992218695079,1784374235.2464192,None,None,None, None, 1784374235.1793022,0.9183615509660401,arrived,none,0.0,nan,nan,0.0,0.0,nan,nan,nan,WEBOTS_UNKNOWN,ekf_on_cluster_on,1,1
1784374235.5512035,128.32354712486267,0.0,0.0,0.2,6.27454724176085,14.909347788945789,0.9966847325053352,0.004073969230777236,0.03846449454204809,1784374235.499972,14.907150434271497,0.9966509309073405,6.277654265719773, 1784374235.537678, 1784374235.5291715,1.0072386404078981,arrived,none,0.0,nan,nan,0.0,0.0,nan,nan,nan,WEBOTS_UNKNOWN,ekf_on_cluster_on,1,1
1784374235.8258195,128.59816312789917,0.0,0.0,0.2,6.275648127492678,14.91769475549697,0.9966169959738425,0.00578794366618623,0.03979753771421632,1784374235.828818,None,None,None, None, 1784374235.7958965,0.9460855157615133,arrived,none,0.0,nan,nan,0.0,0.0,nan,nan,nan,WEBOTS_UNKNOWN,ekf_on_cluster_on,1,1
1784374236.0606716,128.83301520347595,0.0,0.0,0.2,6.276524444702602,14.925607553328158,0.9965614159895777,0.0036992889051250155,0.04100491697228835,1784374236.0566673,None,None,None, None, 1784374236.057669,1.0606857172113715,arrived,none,0.0,nan,nan,0.0,0.0,nan,nan,nan,WEBOTS_UNKNOWN,ekf_on_cluster_on,1,1
1784374236.215457,128.98780059814453,0.0,0.0,0.2,6.277303903082859,14.933130185351109,0.9965144933721657,0.003613687271111152,0.04141420502686286,1784374236.1699278,None,None,None, None, 1784374236.2195718,1.0521782708834935,arrived,none,0.0,nan,nan,0.0,0.0,nan,nan,nan,WEBOTS_UNKNOWN,ekf_on_cluster_on,1,1
