epoch [s],elapsed [s],x [m],y [m],z [m],roll [deg],pitch [deg],yaw [deg],broadcast
1784381500.2070067,0.4727616310119629,-5.8084028894739786e-05,1.0000000004552303,0.027101926701407115,0.0,0.0,359.9999999088524,False
1784381500.383058,0.648813009262085,-5.7589251592197725e-05,1.0000000005206153,0.027386293010856235,0.0,0.0,359.99999990886425,False
1784381500.5197656,0.7855205535888672,-5.546894620495182e-05,1.0000000005982628,0.02775369323471833,0.0,0.0,359.99999990887596,False
1784381500.688509,0.9542639255523682,-5.150079873331177e-05,1.0000000006833376,0.02819652013957768,0.0,0.0,359.9999999088834,False
1784381500.8206713,1.0864262580871582,-4.4079091111394656e-05,1.0000000007358512,0.02862968526255541,0.0,0.0,359.9999999088865,False
1784381500.9223075,1.1880624294281006,-4.344395321255585e-05,1.0000000006485388,0.02834739375853986,0.0,0.0,359.9999999089032,False
1784381501.0454683,1.3112232685089111,-4.5945122390077946e-05,1.0000000005575147,0.02794350154571182,0.0,0.0,359.99999990891706,False
1784381501.1941721,1.4599270820617676,-4.8508140970436656e-05,1.0000000004986633,0.02764456349035721,0.0,0.0,359.9999999089228,False
1784381501.2701101,1.535865068435669,-5.1352550063122694e-05,1.000000000451145,0.027367950259155567,0.0,0.0,359.99999990892496,False
1784381501.3738253,1.639580249786377,-5.752791215843135e-05,1.0000000004300702,0.02699143141473005,0.0,0.0,359.99999990893,False
1784381501.4767864,1.7425413131713867,-5.619781999356997e-05,1.0000000005485499,0.027364364161536182,0.0,0.0,359.99999990895174,False
1784381501.570514,1.8362689018249512,-5.137114241051235e-05,1.0000000006660419,0.027929424905978873,0.0,0.0,359.99999990896424,False
1784381501.6658285,1.9315834045410156,-4.4656531266392146e-05,1.0000000007376797,0.028532946970898473,0.0,0.0,359.99999990896697,False
1784381501.834736,2.1004910469055176,-4.401176146949756e-05,1.0000000006497367,0.02845107377892659,0.0,0.0,359.9999999089855,False
1784381501.9661958,2.2319507598876953,-4.934613316961594e-05,1.0000000005033491,0.027839164058668715,0.0,0.0,359.99999990900386,False
1784381502.0990553,2.3648102283477783,-5.728810314533129e-05,1.0000000004265512,0.027044753684811944,0.0,0.0,359.99999990901046,False
1784381502.2543964,2.520151376724243,-5.125210985838743e-05,1.0000000006481762,0.027669468893515566,0.0,0.0,359.999999909044,False
1784381502.3347979,2.600552797317505,-4.619715936760915e-05,1.0000000007250858,0.028208730979078087,0.0,0.0,359.9999999090464,False
1784381502.4236264,2.6893813610076904,-4.4022681463800204e-05,1.000000000675623,0.028548732444585664,0.0,0.0,359.99999990906207,False
1784381502.535484,2.801239013671875,-4.882044998292593e-05,1.000000000535654,0.028145265866180928,0.0,0.0,359.99999990908185,False
1784381502.643719,2.9094738960266113,-5.7283121286322816e-05,1.000000000434357,0.027109782815894767,0.0,0.0,359.99999990909254,False
1784381502.817216,3.0829708576202393,-5.473784196700959e-05,1.0000000005435508,0.02715345869792722,0.0,0.0,359.9999999091134,False
1784381502.9972708,3.2630257606506348,-4.983941564945808e-05,1.00000000065625,0.02756738926672691,0.0,0.0,359.9999999091241,False
1784381503.1370077,3.4027626514434814,4.8,-3.8,0.12,0.0,0.0,90.00021045914971,False
1784381503.2551537,3.5209085941314697,4.8,-3.8,0.12,0.0,0.0,90.00021045914971,False
1784381503.705831,3.971585988998413,-5.166670024940946e-05,1.0000000005977507,0.02722807929603796,0.0,0.0,359.9999999091985,False
1784381504.023294,4.289048910140991,4.8,-3.8,0.12,0.0,0.0,90.00021045914971,False
1784381504.143253,4.409008026123047,0.0032756991802341475,1.0000000004254035,0.027527170155068507,0.0,0.0,359.9999999093025,False
1784381504.319728,4.585482835769653,0.0074582287696910825,1.0000000004482166,0.027261859382980144,0.0,0.0,359.99999990915387,False
1784381504.4839017,4.749656677246094,0.019639954532159335,1.0000000005680518,0.02725983562598115,0.0,0.0,359.99999990779514,False
1784381504.6905687,4.956323623657227,0.03934915036071552,1.0000000006448841,0.02788266874920177,0.0,0.0,359.99999990774717,False
1784381504.8832116,5.148966550827026,0.06606488361088994,1.0000000004552243,0.028129769617536708,0.0,0.0,359.9999999163441,False
1784381504.9973588,5.263113737106323,0.09413422375881615,1.0000000003110256,0.027705712217759422,0.0,0.0,359.99999992298757,False
1784381505.1241865,5.389941453933716,0.10676586859791355,1.0000000003469025,0.027587542670451676,0.0,0.0,359.999999922077,False
1784381505.254137,5.519891977310181,0.11783591709228088,1.0000000004062257,0.02758060866533064,0.0,0.0,359.99999992008924,False
1784381505.3623364,5.628091335296631,0.1336466819597978,1.0000000004727458,0.027689850700383736,0.0,0.0,359.99999991792714,False
1784381505.4524903,5.718245267868042,0.1478716775256964,1.0000000004602692,0.02781972932180736,0.0,0.0,359.99999991885477,False
1784381505.8378959,6.103650808334351,4.8,-3.606400000001311,0.12,0.0,0.0,90.00021045914973,False
1784381505.979492,6.245246887207031,0.1621114162164338,1.000000000374357,0.02789774296375897,0.0,0.0,359.9999999226588,False
1784381506.138782,6.404536962509155,0.17003533805822857,1.0000000003108012,0.02790556140525876,0.0,0.0,359.9999999253872,False
1784381506.2912815,6.557036399841309,0.19386461001194683,1.0000000001758205,0.027816380266218667,0.0,0.0,359.99999993145224,False
1784381506.4532497,6.7190046310424805,0.22088916574834516,1.0000000002473213,0.027719941746114703,0.0,0.0,359.9999999294328,False
1784381506.581404,6.847158908843994,0.2494208319964698,1.0000000003214,0.027766804959063723,0.0,0.0,359.9999999272238,False
1784381506.6811285,6.9468834400177,0.25892394230439014,1.0000000002863716,0.02779419002109814,0.0,0.0,359.99999992884693,False
1784381506.8095593,7.075314283370972,0.2874823670972116,1.0000000000923668,0.027823738342818774,0.0,0.0,359.9999999372068,False
1784381506.907272,7.173027038574219,0.308149855530832,1.0000000000502132,0.027794423760811614,0.0,0.0,359.9999999394677,False
1784381507.054824,7.3205790519714355,0.32721264220642865,1.0000000001229636,0.027766821992631613,0.0,0.0,359.99999993706246,False
1784381507.1666825,7.432437419891357,0.35099264546771,1.0000000001933365,0.02776653531836691,0.0,0.0,359.999999934835,False
1784381507.2709532,7.536708116531372,0.366838441662445,1.0000000001430682,0.0277829304570789,0.0,0.0,359.9999999371822,False
1784381507.3564496,7.622204542160034,0.37794073878516427,1.0000000000712819,0.027794582109475992,0.0,0.0,359.9999999402583,False
1784381507.533752,7.799506902694702,0.40017906163432987,0.999999999945805,0.027802794549851226,0.0,0.0,359.99999994574654,False
1784381507.7631419,8.028896808624268,0.4303654602576737,0.9999999999983622,0.027782819596252242,0.0,0.0,359.99999994441697,False
1784381507.9540179,8.219772815704346,0.4398834277876027,1.0000000000418443,0.02777666166076836,0.0,0.0,359.99999994290886,False
1784381508.0693345,8.335089445114136,0.44939459248803465,1.000000000070981,0.02777361371591119,0.0,0.0,359.9999999419709,False
1784381508.2211087,8.486863613128662,0.4573180868110652,1.000000000075237,0.027773909008621523,0.0,0.0,359.99999994198015,False
1784381508.39234,8.658094882965088,0.46682735184668306,1.0000000000527391,0.027777356073148553,0.0,0.0,359.99999994307603,False
1784381508.4994528,8.765207767486572,0.4826885878473547,0.9999999999644436,0.02778721141286193,0.0,0.0,359.9999999468934,False
1784381508.609279,8.875033855438232,0.4969814258324521,0.9999999998768583,0.0277947315039711,0.0,0.0,359.9999999506659,False
1784381508.7395742,9.005329132080078,0.5239940614759818,0.9999999998509423,0.027792199347801343,0.0,0.0,359.9999999523586,False
1784381508.8614492,9.127204179763794,0.5541352937866715,0.999999999966271,0.02777821145839531,0.0,0.0,359.99999994846655,False
1784381509.0080922,9.273847103118896,0.573157019840437,0.9999999999457088,0.027779641466415178,0.0,0.0,359.99999994968823,False
1784381509.100959,9.366714000701904,0.5937867925538253,0.999999999829989,0.02778885560832594,0.0,0.0,359.9999999546828,False
1784381509.2140856,9.479840517044067,0.6128519769494978,0.999999999749631,0.02779381650537993,0.0,0.0,359.9999999583058,False
1784381509.369286,9.635040998458862,0.6446071306556651,0.9999999998251318,0.027784508909959333,0.0,0.0,359.99999995606015,False
1784381509.4760416,9.741796493530273,0.6620470269228729,0.999999999878351,0.02777964136195209,0.0,0.0,359.9999999543436,False
1784381509.6438842,9.909639120101929,0.6890076996499598,0.9999999998033215,0.027784887836240363,0.0,0.0,359.99999995787584,False
1784381509.755034,10.02078890800476,0.709653893055271,0.9999999996932453,0.027791642088394988,0.0,0.0,359.99999996267815,False
1784381509.8915799,10.157334804534912,0.7350297448147944,0.9999999996918187,0.027789462644901217,0.0,0.0,359.99498249227366,False
1784381509.9906483,10.25640320777893,0.7537123046932263,0.9999978858142189,0.027790973271792373,0.0,0.0,359.4724157130413,False
1784381510.115793,10.381547927856445,0.7702945760228398,0.9999670046406124,0.027800562976221382,0.0,0.0,358.45855272956805,False
1784381510.2219534,10.487708330154419,0.7805223367354246,0.9999047882892511,0.02780437928851078,0.0,0.0,357.7376893834803,False
1784381510.3398051,10.605560064315796,0.7961266193474291,0.9997004878844769,0.027800986977104713,0.0,0.0,356.5730598471446,False
1784381510.4505644,10.71631932258606,0.8074544016965567,0.9994409986663726,0.027795773081269435,0.0,0.0,355.69799402901145,False
1784381510.568937,10.834692001342773,0.8176791633459833,0.9991081582938584,0.027794230046177263,0.0,0.0,354.89679711121005,False
1784381510.7340503,10.999805212020874,0.8341895544852379,0.9983460227792509,0.02779897080766959,0.0,0.0,353.5841445367278,False
1784381510.8381822,11.103937149047852,0.8466795184388826,0.9975798512818073,0.027801866248794143,0.0,0.0,353.0374216564724,False
1784381510.9711711,11.236926078796387,0.8577824362636187,0.996780421321781,0.02780063818396973,0.0,0.0,353.43438142552543,False
1784381511.0843077,11.350062608718872,0.8677661998148903,0.9959889379277811,0.027798111807641548,0.0,0.0,354.216499196722,False
1784381511.1884553,11.45421028137207,0.8751415225892456,0.9953791491707817,0.02779712024096098,0.0,0.0,354.88266425053456,False
1784381511.3220725,11.587827444076538,0.877583669839398,0.9951751836004823,0.027797095280736192,0.0,0.0,355.1095874354405,True
1784381511.4442415,11.709996461868286,0.8808293409680463,0.9949038417443516,0.02779729597195507,0.0,0.0,355.41389871377703,False
1784381511.5450609,11.810815811157227,0.8905082992831831,0.9941027123475333,0.027798953795474198,0.0,0.0,356.3322440460551,False
1784381511.7183123,11.98406720161438,0.8961237712486189,0.9936510317810388,0.027799998609098032,0.0,0.0,356.8693018032087,False
1784381511.8194933,12.085248231887817,0.9025217371753756,0.9931553381396098,0.027800638095642892,0.0,0.0,357.4834113355304,False
1784381511.9377897,12.203544616699219,0.9144787946033872,0.9923024800195623,0.027799792840863227,0.0,0.0,358.63513211063406,False
1784381512.0344334,12.300188302993774,0.9208419445454121,0.9918968931987215,0.027798825206000587,0.0,0.0,359.24941615583515,False
1784381512.1393974,12.405152320861816,0.9303753567774966,0.9913633612891475,0.027797985834298926,0.0,0.0,0.17084646700234643,False
1784381512.2622359,12.527990818023682,0.9406933944155541,0.9908979936586202,0.02779852918451078,0.0,0.0,1.1690625713058722,False
1784381512.394263,12.660017967224121,0.9541771674964673,0.9904847918327948,0.02779989740731379,0.0,0.0,2.474428154730374,False
1784381512.5277908,12.793545722961426,0.967654034996412,0.9903117969497076,0.02779962832958197,0.0,0.0,3.7798019370904594,False
1784381512.6298583,12.895613193511963,0.9771630370638935,0.990343072686436,0.02779881768945845,0.0,0.0,4.7012419635365825,False
1784381512.7584634,13.024218320846558,0.9898349073765959,0.990590819429974,0.027798536088846026,0.0,0.0,5.929824630774733,False
1784381512.8591993,13.124954223632812,0.9985408686242608,0.9909016418405213,0.027799020001656804,0.0,0.0,6.774474628800054,False
1784381512.975905,13.241659879684448,1.0080310865767697,0.9913741946297032,0.027799562166647744,0.0,0.0,7.695913106487237,False
1784381513.084542,13.350296974182129,1.0206699065899565,0.9922246181583937,0.027799481154783475,0.0,0.0,8.924501167572247,False
1784381513.2317367,13.497491598129272,1.03249951070777,0.9932538964736285,0.027798913751590083,0.0,0.0,10.07630214985315,False
1784381513.3462074,13.61196231842041,1.0435198210498762,0.9944193828980855,0.02779878606757028,0.0,0.0,11.15131416818455,False
1784381513.4568267,13.722581624984741,1.0560853625203839,0.9959954237858775,0.027799206730258423,0.0,0.0,12.37989902808336,False
1784381513.547448,13.813202857971191,1.0636331488268982,0.9971090512127311,0.027799103347518207,0.0,0.0,13.018506478038336,False
1784381513.6691735,13.93492841720581,1.0756857883440112,0.999153713623526,0.027797896420997677,0.0,0.0,13.872801243108022,False
1784381513.775267,14.041021823883057,1.0875070405512508,1.0014010103447315,0.027796560457613917,0.0,0.0,14.648696961247685,False
1784381513.8760939,14.141848802566528,1.1006477574605569,1.004133449848518,0.027796187732593552,0.0,0.0,15.494778826046964,False
1784381514.0024521,14.26820707321167,1.1159019515682416,1.0075853123415803,0.02779725633029384,0.0,0.0,16.484213047925603,False
1784381514.110911,14.376665830612183,1.1285680366747208,1.0106981466653924,0.027797534692121557,0.0,0.0,17.230246697986367,False
1784381514.2215528,14.487307786941528,1.14215569785031,1.0142958465756062,0.027795952333020648,0.0,0.0,17.890119255262917,False
1784381514.3180587,14.583813667297363,1.1596654019774735,1.0192894421579934,0.02779184227536982,0.0,0.0,18.517246504233352,False
1784381514.462274,14.728029012680054,1.1767157061438742,1.0244410525180936,0.02778894852438744,0.0,0.0,19.048281132436703,False
1784381514.5970066,14.862761497497559,1.190056862179961,1.0286376906121288,0.02778870211553347,0.0,0.0,19.444193623711175,False
1784381514.6993108,14.965065717697144,1.1980923631059908,1.0312287408705065,0.027789355368225566,0.0,0.0,19.68111814174973,False
1784381514.8335235,15.099278450012207,1.2074616245737109,1.034306547020707,0.027790557810102343,0.0,0.0,19.95972428988986,False
1784381514.9211695,15.186924457550049,4.8,-2.209600000010769,0.12,0.0,0.0,90.00021045914973,False
1784381515.0643868,15.33014178276062,1.220547550476467,1.0386965827976327,0.02779278912716241,0.0,0.0,20.397871066506067,False
1784381515.1810932,15.446848154067993,1.2280109378936679,1.0412419797085117,0.027794423143675803,0.0,0.0,20.708984462538844,False
1784381515.368705,15.634459972381592,1.241158727281888,1.045774128170014,0.027798912918715644,0.0,0.0,21.51825740770964,False
1784381515.5485349,15.814289808273315,1.2499463510391757,1.048852434974243,0.02780135988739054,0.0,0.0,22.189540651377808,False
1784381515.677771,15.943526029586792,4.8,-2.1344000000112784,0.12,0.0,0.0,90.00021045914973,False
1784381515.7915123,16.05726718902588,1.2733708796329328,1.0573806566008295,0.02779843183800288,0.0,0.0,24.254973280986242,False
1784381515.8997009,16.16545581817627,4.8,-2.0896000000115817,0.12,0.0,0.0,90.00021045914973,False
1784381516.0358157,16.301570653915405,1.2953449857162145,1.0660137733412915,0.027798503374147104,0.0,0.0,26.404801663638523,False
1784381516.1500955,16.415850400924683,1.3059361120827369,1.0704610408036763,0.02780049225110257,0.0,0.0,27.473940516113114,False
1784381516.2537823,16.519537210464478,1.31429347356756,1.0741300713468387,0.02780039894118971,0.0,0.0,28.300127639553562,False
1784381516.370207,16.63596200942993,1.3255127267519276,1.0792641584093743,0.027798647085848654,0.0,0.0,29.442292054603108,False
1784381516.478903,16.74465799331665,1.3350253384729778,1.083809651629461,0.027797876801364547,0.0,0.0,30.43938429664855,False
1784381516.626495,16.892249822616577,4.8,-1.9520000000125135,0.12,0.0,0.0,90.00021045914973,False
1784381516.7383294,17.00408434867859,1.3571379943603876,1.0951257020737606,0.027800047901895653,0.0,0.0,32.8195480813662,False
1784381516.9034119,17.169166803359985,1.3710599418487837,1.1028324513254633,0.02779921947606098,0.0,0.0,34.35528449527315,False
1784381517.0548694,17.320624351501465,4.8,-1.870400000013066,0.12,0.0,0.0,90.00021045914973,False
1784381517.1712408,17.4369957447052,1.390171465953915,1.114210285973389,0.02779871713429144,0.0,0.0,36.50204783873277,False
1784381517.2923956,17.55815052986145,1.3990814614753113,1.1198688197328044,0.027799278607644022,0.0,0.0,37.4799635154188,False
1784381517.3958564,17.661611318588257,1.4045977812764596,1.123490027695678,0.027799396101940047,0.0,0.0,38.078042339689055,False
1784381517.5126672,17.778422117233276,1.415657093824008,1.1310202442384112,0.02779893852607867,0.0,0.0,39.27086246787665,False
1784381517.5953295,17.861084461212158,1.42392861440524,1.1368878000222506,0.027798507887951445,0.0,0.0,40.16465853215361,False
1784381517.7112713,17.977026224136353,1.4314792834090857,1.1424233388488918,0.027798453520271483,0.0,0.0,40.982394618495746,False
1784381517.8139892,18.07974410057068,1.440376025387085,1.1491728133453192,0.02779873899146651,0.0,0.0,41.94455370319993,False
1784381517.9922304,18.25798535346985,1.4505665447264164,1.1572102712841508,0.02779899321201754,0.0,0.0,43.05334896321081,False
1784381518.1078923,18.373647212982178,1.4552868184568308,1.1610466206059409,0.027798957856948126,0.0,0.0,43.57036026008448,False
1784381518.247132,18.512887001037598,1.4613814500890636,1.166116617066638,0.027798734798374185,0.0,0.0,44.225111241815014,False
1784381518.4301474,18.695902347564697,1.4717679969561002,1.1750822386352593,0.02779806086292153,0.0,0.0,45.28320491459922,False
1784381518.625364,18.8911190032959,1.4916256688975669,1.1933235868400767,0.027797670538106858,0.0,0.0,47.211268351892436,False
1784381518.8020964,19.067851305007935,1.5057667306135767,1.2071628921855357,0.02779798451380456,0.0,0.0,48.582267362228706,False
1784381519.0166907,19.282445669174194,4.8,-1.540800000015298,0.12,0.0,0.0,90.00021045914973,False
1784381519.157843,19.423598051071167,1.5345076810685265,1.237525841277111,0.027797979054383824,0.0,0.0,51.48824894028066,False
1784381519.3288262,19.594581127166748,1.5459223139992586,1.250447785380582,0.0277986555732477,0.0,0.0,52.77059665125408,False
1784381519.5075495,19.77330446243286,4.8,-1.4528000000158938,0.12,0.0,0.0,90.00021045914973,False
1784381519.6345663,19.90032124519348,1.5714087433572956,1.2815871926451725,0.027797476906545972,0.0,0.0,55.607239476703015,False
1784381519.7818055,20.047560453414917,1.579880312045057,1.2926982029016556,0.02779780923782766,0.0,0.0,56.559982651136714,False
1784381519.940995,20.20674991607666,1.5927286044218645,1.310483822181623,0.027796171234633276,0.0,0.0,57.76302159582627,False
1784381520.0758023,20.341557264328003,1.604583065760484,1.327781820883912,0.027794475217583017,0.0,0.0,58.80119883837611,False
1784381520.1869779,20.452732801437378,1.615063893886295,1.343746006063058,0.027794829176154955,0.0,0.0,59.713887875529586,False
1784381520.375916,20.64167094230652,1.6281618914994782,1.3646180010458608,0.02779514934340406,0.0,0.0,60.80212916107758,False
1784381520.4988625,20.764617443084717,1.6372399055637665,1.3796860126845156,0.027794378097526082,0.0,0.0,61.545932538851304,False
1784381520.654994,20.920748949050903,1.6493539797143089,1.400578427075838,0.027793620504327158,0.0,0.0,62.541835021830394,False
1784381520.7619672,21.027722120285034,1.6574696488294811,1.4150947761204,0.027793871960481307,0.0,0.0,63.218562442336484,False
1784381520.892455,21.158210039138794,1.6672454027364867,1.433163743266994,0.027794298504312743,0.0,0.0,64.04763489782162,False
1784381521.0594566,21.32521152496338,1.67679996016554,1.451480355668737,0.027794060943651076,0.0,0.0,64.86712973893476,False
1784381521.3138483,21.57960319519043,1.6956886119972987,1.489823939920002,0.027791808594761283,0.0,0.0,66.36457306950834,False
1784381521.4695961,21.735351085662842,1.7077964702116644,1.515938090602727,0.0277917109933295,0.0,0.0,67.29099909647151,False
1784381521.6463277,21.91208267211914,1.7161435165911594,1.5346567324883127,0.027792626466980764,0.0,0.0,67.9662746820257,False
1784381521.9336681,22.19942307472229,4.8,-0.9936000000190033,0.12,0.0,0.0,90.00021045914973,False
1784381522.0581794,22.323934316635132,1.743877259114597,1.6017149642728268,0.027791966847961296,0.0,0.0,70.33782455392785,True
1784381522.201547,22.467301845550537,1.7522624205544144,1.6237096017255168,0.027791936912357165,0.0,0.0,71.0689597709956,False
1784381522.3980284,22.663783311843872,1.7627543629709885,1.6525416339116037,0.027791565707003994,0.0,0.0,71.99431726010978,False
1784381522.6521184,22.91787338256836,1.7752321093337184,1.6889634319453637,0.02779031160980698,0.0,0.0,73.03393377924621,False
1784381522.8408585,23.106613397598267,1.786565539926829,1.7241703532686659,0.02779130110752377,0.0,0.0,73.86777958248544,False
1784381522.9628015,23.228556394577026,4.8,-0.7920000000203684,0.12,0.0,0.0,90.00021045914973,False
1784381523.0548677,23.32062268257141,1.7958164359859545,1.7540307470982608,0.027800823433030614,0.0,0.0,72.9609109658322,False
1784381523.1606236,23.42637848854065,4.8,-0.7536000000206284,0.12,0.0,0.0,90.00021045914973,False
1784381523.2901094,23.555864334106445,4.8,-0.7344000000207584,0.12,0.0,0.0,90.00021045914973,False
1784381523.4527454,23.71850037574768,1.810340028216571,1.8003061411517625,0.02779675853840578,0.0,0.0,69.46711321456293,False
1784381523.6072357,23.872990608215332,1.81522916194844,1.8148157020997273,0.02779876508743972,0.0,0.0,68.34653280459952,False
1784381523.8035429,24.069297790527344,1.8230183258436263,1.8365929140724973,0.02779860399161202,0.0,0.0,66.6602538540408,False
1784381523.8928452,24.158600091934204,1.8260494856494573,1.8446549999252722,0.027797813540392048,0.0,0.0,66.02155286078369,False
1784381524.0210114,24.286766290664673,1.8319048879952904,1.8596263405887117,0.02779758952421032,0.0,0.0,64.80247996833121,False
1784381524.1383185,24.404073476791382,1.8366227968832214,1.8711033772144465,0.02779827724191837,0.0,0.0,63.89026844177089,False
1784381524.256348,24.52210283279419,1.8424420246323296,1.8845889409983159,0.027798404065475665,0.0,0.0,62.861017934751466,False
1784381524.3667927,24.632547616958618,1.8479399731964008,1.8966018538369356,0.02779657899248403,0.0,0.0,62.34571255014434,False
1784381524.5130138,24.77876877784729,1.8561168705860724,1.9135817807935334,0.027791833091043952,0.0,0.0,62.14758856998255,False
1784381524.6971622,24.96291708946228,1.8724733827473286,1.9461487934764372,0.02778821192075066,0.0,0.0,62.60461360942544,False
1784381524.7909954,25.056750297546387,1.8793659739960789,1.959660817293916,0.02779115725207041,0.0,0.0,62.985096580888666,False
1784381524.927532,25.193286895751953,1.8887579681876732,1.9780742407464134,0.027797545152709806,0.0,0.0,63.096231264727514,False
1784381525.0667615,25.33251643180847,1.8946562897650208,1.989648792384121,0.027800279275600522,0.0,0.0,62.67999830980853,False
1784381525.2057793,25.471534252166748,1.904789429730342,2.0094166622114074,0.027798347577865166,0.0,0.0,61.46921572651004,False
1784381525.368387,25.63414192199707,1.9136906541121252,2.026452619540502,0.027795500087372152,0.0,0.0,60.27199826828881,False
1784381525.6111224,25.876877307891846,1.9271667308198435,2.0513040303867456,0.027798329919339955,0.0,0.0,58.458260895537705,False
1784381525.78214,26.047894954681396,1.9390594707441087,2.07212483392551,0.02779793669556981,0.0,0.0,56.92219304361841,False
1784381525.9103467,26.176101684570312,1.9477292792182992,2.0866240929517805,0.027796313808983897,0.0,0.0,55.871125012240995,False
1784381526.056445,26.322199821472168,1.9563671729860201,2.1005045556192092,0.027796015845853998,0.0,0.0,55.098933166952214,False
1784381526.1922657,26.45802068710327,1.966064274236265,2.1154700472728662,0.027795011236739255,0.0,0.0,54.99363586131526,False
1784381526.3114803,26.577235221862793,1.9784165765901802,2.134019233291425,0.02779279742396854,0.0,0.0,55.49639562896657,False
1784381526.4198067,26.685561656951904,1.9874848165415655,2.1474901547419574,0.02779282520191379,0.0,0.0,56.10270054563989,False
1784381526.623186,26.888941049575806,2.000744231663457,2.1672333759342886,0.027795494873560027,0.0,0.0,57.099927291841844,False
1784381526.923292,27.18904685974121,2.027524079116907,2.208251463342962,0.02779222046275376,0.0,0.0,59.024272629311305,False
1784381527.1182742,27.384029150009155,2.0429115689908084,2.2328876854120394,0.027792682506612394,0.0,0.0,60.09543381241902,False
1784381527.254955,27.520709991455078,2.053216560067807,2.249916191844137,0.027793966673031027,0.0,0.0,60.82096865712692,False
1784381527.385408,27.65116286277771,2.0654533150300765,2.2707636892274996,0.027793215655826587,0.0,0.0,61.66036144563893,False
1784381527.5384107,27.804165601730347,2.0764421779285627,2.290122495547658,0.02779074686440742,0.0,0.0,62.32499275946923,False
1784381527.67383,27.939584970474243,2.0887014309381735,2.3124144386990158,0.027789840834685355,0.0,0.0,63.038735412284474,False
1784381527.8331032,28.09885811805725,2.1000742820305076,2.33375188535715,0.02779105625318724,0.0,0.0,63.70172883004994,False
1784381528.0133271,28.27908205986023,4.8,0.15199999997325714,0.12,0.0,0.0,90.00021045914973,False
1784381528.1670923,28.432847261428833,2.124465640134716,2.3817214105415068,0.02779163232589556,0.0,0.0,65.00738627154158,False
1784381528.3697443,28.635499238967896,2.138050810368837,2.4094015412813543,0.027802020509792573,0.0,0.0,63.864999718738126,False
1784381528.516171,28.781925916671753,4.8,0.25919999997253323,0.12,0.0,0.0,90.00021045914973,False
1784381528.661396,28.92715096473694,2.1524650898584947,2.4386384026229133,0.027796235218512336,0.0,0.0,61.51300607320601,False
1784381528.8815546,29.14730954170227,2.1533083182328174,2.4403181795238837,0.027795914467970962,0.0,0.0,61.3664221337581,False
1784381529.0099397,29.275694608688354,2.156685305761149,2.446992217999363,0.02779560888123661,0.0,0.0,60.783227054095484,False
1784381529.1402423,29.405997276306152,4.8,0.30719999997220987,0.12,0.0,0.0,90.00021045914973,False
1784381529.2383962,29.504151105880737,2.1636378025832617,2.46041260107845,0.0277982746277485,0.0,0.0,59.64684681123991,False
1784381529.3970842,29.66283917427063,2.1730973267178273,2.477960670800178,0.027799957311193443,0.0,0.0,58.15703025820975,False
1784381529.5058348,29.771589756011963,2.1763151472868287,2.48374382008217,0.027799173289720112,0.0,0.0,57.65725373614023,False
1784381529.6229558,29.888710737228394,2.184674198557552,2.4983396284623614,0.027797154057947245,0.0,0.0,56.35875089620947,False
1784381529.7316241,29.997379064559937,2.187988283895416,2.503951636636467,0.02779714261464276,0.0,0.0,55.85548750229541,False
1784381529.8400834,30.105838298797607,2.1937489210121925,2.5134790987169287,0.0277981131708176,0.0,0.0,54.98957956234423,False
1784381529.9463077,30.21206259727478,2.1995754775599115,2.522836366224744,0.027799259050930194,0.0,0.0,54.11649015690206,False
1784381530.0543656,30.320120573043823,2.2034623825124426,2.5289330658386913,0.027799575669980956,0.0,0.0,53.52574737930479,False
1784381530.153719,30.419473886489868,2.2111450977647915,2.540664460945577,0.02779909932773635,0.0,0.0,52.31978992883062,False
1784381530.2643173,30.53007221221924,2.2146021753152945,2.5457804870175953,0.027798615924086518,0.0,0.0,51.80836709223666,False
1784381530.382685,30.64843988418579,2.2247420339478547,2.560180225356028,0.027797522502427365,0.0,0.0,50.48043971093854,False
1784381530.5240366,30.789791584014893,2.2292565194120466,2.566347834907671,0.027797510438982747,0.0,0.0,49.926894003956804,False
1784381530.639978,30.90573287010193,2.2323041373131334,2.570411274917942,0.02779739788795262,0.0,0.0,49.65632310497296,False
1784381530.8197148,31.085469722747803,2.242925265399808,2.5840470582006483,0.02779518213395796,0.0,0.0,49.29336803106972,False
1784381530.9776466,31.243401527404785,2.2581538511293395,2.6028331207501956,0.0277901757270878,0.0,0.0,49.46072967833641,False
1784381531.0880501,31.35380506515503,2.2673855105622334,2.614004329621736,0.027789066404615474,0.0,0.0,49.796285691913845,False
1784381531.1941414,31.459896326065063,2.280137182779574,2.6293433451687718,0.027791987108196668,0.0,0.0,50.40519517106735,False
1784381531.299527,31.565281867980957,2.2860579640455163,2.636468018685922,0.02779416388704737,0.0,0.0,50.72830567649684,False
1784381531.4531953,31.718950271606445,2.297717195025318,2.6505655819792433,0.02779673191173922,0.0,0.0,51.423948404037816,False
1784381531.5649936,31.830748558044434,2.3026336179769538,2.6565534065046332,0.02779659813095205,0.0,0.0,51.73514957013979,False
1784381531.7262027,31.991957664489746,2.3146846774891126,2.6713849658809488,0.027794403854283816,0.0,0.0,52.53858934195195,False
1784381531.85736,32.123114824295044,2.330217998258877,2.6909242777681235,0.027793674150971552,0.0,0.0,53.65048088796734,False
1784381531.9656498,32.23140478134155,2.335495439748937,2.697693072248052,0.02779455531181548,0.0,0.0,53.98535959260812,False
1784381532.129799,32.39555382728577,2.3426641875242535,2.706985032850182,0.02779658813546786,0.0,0.0,54.093425084253674,False
1784381532.2564595,32.52221441268921,2.3540664977367776,2.7219614698026215,0.027799268493430566,0.0,0.0,53.48207113589965,False
1784381532.3621254,32.627880334854126,2.3579660376488274,2.727118312215776,0.02779936890900583,0.0,0.0,53.13294976450487,False
1784381532.4770024,32.74275732040405,2.366518957527144,2.7384340140676637,0.027797839513391976,0.0,0.0,52.33736582343557,False
1784381532.621714,32.88746905326843,2.3724958273366212,2.746308686218084,0.027796312863905458,0.0,0.0,51.771935924506366,False
1784381532.8326454,33.098400354385376,2.3818264091509795,2.758488691562553,0.027795337931679546,0.0,0.0,50.87670259015932,False
1784381532.9642954,33.23005032539368,2.3871104436060118,2.765307331874513,0.027795979555060763,0.0,0.0,50.349818130607474,False
1784381533.1037202,33.36947512626648,2.3982184915669325,2.779407694990458,0.027798382820264714,0.0,0.0,49.20505258349644,False
1784381533.2302682,33.496023178100586,2.406050840075396,2.78912439519441,0.027798880698196072,0.0,0.0,48.3942429392685,False
1784381533.4050143,33.67076921463013,2.4195015018900516,2.8053045756243136,0.027796856476745322,0.0,0.0,47.0740087539685,False
1784381533.6503248,33.91607975959778,2.4305534966454174,2.818125481831295,0.027796217890662646,0.0,0.0,46.01962576874516,True
1784381533.7836459,34.049400806427,2.4424700611485286,2.8314864663008645,0.027797527231251843,0.0,0.0,44.890472357019846,False
1784381533.9097161,34.17547106742859,2.450249309930882,2.839956315821083,0.027798203497248566,0.0,0.0,44.15257410145313,False
1784381534.0276933,34.29344820976257,2.4630920057665584,2.8535101276757953,0.02779781974545085,0.0,0.0,42.94072847385039,False
1784381534.1599932,34.425748109817505,2.4748723328356235,2.865465123116995,0.027796827393177046,0.0,0.0,41.882956021011736,False
1784381534.340666,34.60642099380493,2.492809000521962,2.8828182246725893,0.027796427933778206,0.0,0.0,40.431870863589594,False
1784381534.475881,34.74163603782654,2.498568648332161,2.8881881149465007,0.027796310571191026,0.0,0.0,40.006297380841445,False
1784381534.6499064,34.915661334991455,4.8,1.1599999999664419,0.12,0.0,0.0,90.00021045914973,False
1784381534.7860708,35.051825761795044,2.524069670110637,2.9109798260137087,0.027796072315721336,0.0,0.0,38.17898007325428,False
1784381534.9355574,35.20131230354309,2.5432069631726986,2.9271361981862243,0.027796535534643743,0.0,0.0,36.81882146524665,False
1784381535.1316643,35.39741921424866,2.550229130291863,2.932873881604029,0.027796628795683658,0.0,0.0,36.32094506272876,False
1784381535.3136284,35.5793833732605,4.8,1.257599999965781,0.12,0.0,0.0,90.00021045914973,False
1784381535.507627,35.77338194847107,2.5946216505355078,2.966859093432838,0.027793919500500263,0.0,0.0,34.37128839941722,False
1784381535.708542,35.97429704666138,2.603906215190017,2.9735530797031102,0.027792448760211867,0.0,0.0,34.53540262241188,False
1784381535.9228954,36.188650369644165,2.6195838040471853,2.9847252661835033,0.027791621625481416,0.0,0.0,35.07728656496398,False
1784381536.1968741,36.462629079818726,2.632224234527174,2.9936920717854743,0.02779300955752148,0.0,0.0,35.628151328605156,False
1784381536.4096231,36.67537808418274,2.656160029549057,3.0107770538630523,0.027791807369911773,0.0,0.0,36.20991358640378,False
1784381536.5760684,36.84182333946228,2.6729440393739985,3.022882247115484,0.027787331456280377,0.0,0.0,36.36327797868302,False
1784381536.7668576,37.032612562179565,2.6899761266220534,3.035256333695972,0.027784554311804398,0.0,0.0,36.40098170538602,False
1784381536.8946168,37.16037178039551,2.7149283246133344,3.053497239526986,0.027787104063142318,0.0,0.0,36.39397051542227,False
1784381537.024825,37.29058003425598,2.7250110376589722,3.0608913538980143,0.02778867269213831,0.0,0.0,36.37762972107072,False
1784381537.1456132,37.41136813163757,2.749033913920731,3.0785331708615,0.027787718299421883,0.0,0.0,36.30944112882609,False
1784381537.2883456,37.55410051345825,2.75787864450434,3.0850310303019035,0.02778617452860209,0.0,0.0,36.27213349944702,False
1784381537.455086,37.72084093093872,2.7851166284776063,3.1050051182366536,0.0277938338096545,0.0,0.0,35.49789368744618,False
1784381537.6253347,37.89108967781067,2.7956671843008127,3.1126846813011486,0.027798639972360956,0.0,0.0,34.99440484508073,False
1784381537.7532759,38.019030809402466,2.815167864624087,3.1266922299374333,0.02779819566166289,0.0,0.0,33.953180265779544,False
1784381537.9644156,38.230170488357544,2.8373629104753597,3.1422175677492987,0.027792055414354727,0.0,0.0,32.70180118611015,False
1784381538.1112437,38.37699866294861,2.849463109586378,3.150452495431785,0.02779317054711347,0.0,0.0,32.01689398232525,False
1784381538.2469563,38.5127112865448,2.868052162076983,3.1627469976313276,0.02779645955377435,0.0,0.0,31.028556557031603,False
1784381538.3681943,38.633949279785156,2.8807720538031485,3.1709098306715724,0.0277960571620848,0.0,0.0,30.392623552417675,False
1784381538.6400287,38.90578365325928,4.8,1.7423999999624982,0.12,0.0,0.0,90.00021045914973,False
1784381538.8784423,39.14419722557068,2.9341876134664546,3.203125016492423,0.027793656274593005,0.0,0.0,27.984039462819208,False
1784381539.0414643,39.30721926689148,2.959157123581178,3.217150562528131,0.02779480482027987,0.0,0.0,26.868154604306703,False
1784381539.1968079,39.462562799453735,2.9694260874268292,3.222736276652643,0.02779420879136208,0.0,0.0,26.408926468328957,False
1784381539.340303,39.60605788230896,2.9900087353143605,3.2336189017360013,0.027793312392254174,0.0,0.0,25.481551042793875,False
1784381539.465617,39.73137187957764,3.007438146666311,3.242502982051368,0.027793448205243057,0.0,0.0,24.730010961526187,False
1784381539.6114256,39.87718057632446,3.024065684036927,3.250701525838284,0.027793368770756537,0.0,0.0,24.055172324463214,False
1784381539.7642224,40.029977321624756,3.0372694952695207,3.2570314282676307,0.027793065594239573,0.0,0.0,23.52891434127229,False
1784381539.9805515,40.24630641937256,3.06739877160847,3.2709096737634904,0.02779313866624957,0.0,0.0,22.314179235255146,False
1784381540.1450965,40.41085147857666,3.0893457290525954,3.280530392940462,0.02779337704106534,0.0,0.0,21.449143521398085,False
1784381540.2839653,40.549720287323,3.104178617761731,3.2868043883315257,0.027793026732000875,0.0,0.0,20.88536763990877,False
1784381540.4079206,40.673675537109375,3.125488218976468,3.295506623654937,0.027792253701157087,0.0,0.0,20.10712730902436,False
1784381540.7106717,40.97642660140991,3.153830902545287,3.306535573819633,0.02779141205210539,0.0,0.0,19.16272221830091,False
1784381540.9189117,41.18466663360596,3.168178783946205,3.311900144777713,0.027791419073126843,0.0,0.0,18.69894129365112,False
1784381541.4769633,41.74271821975708,4.8,2.107199999960028,0.12,0.0,0.0,90.00021045914973,False
1784381542.0541122,42.31986713409424,3.190528180050638,3.3199790692026157,0.027791668190358332,0.0,0.0,17.989949484374126,False
1784381542.6972377,42.962992668151855,3.19984273107336,3.3232480549138805,0.027791593658714007,0.0,0.0,17.707633999542587,False
1784381542.8985813,43.16433620452881,3.213296624104554,3.3278708815563163,0.02779117210637829,0.0,0.0,17.318467640493495,False
1784381543.3112128,43.57696771621704,3.2268860375352473,3.332426932910442,0.027790562312771116,0.0,0.0,16.941026087779495,False
1784381543.559899,43.82565402984619,3.250192709618587,3.3399903851969714,0.027789939486045103,0.0,0.0,16.314032830627774,False
1784381543.8005064,44.066261291503906,3.2805923151894993,3.3494071097616462,0.027790447344304678,0.0,0.0,15.514369199325667,False
1784381543.9878387,44.2535936832428,3.312815887912521,3.358859825876645,0.027790136558648582,0.0,0.0,14.716622518634251,False
1784381544.165951,44.431705951690674,3.331180595439184,3.3640174438654484,0.027789585517733025,0.0,0.0,14.277815783009524,False
1784381544.4792635,44.74501848220825,3.3652403462007356,3.3731647853686546,0.027789675620051905,0.0,0.0,13.474677527464024,False
1784381544.6028821,44.86863708496094,3.379478215363209,3.3768322298314115,0.027789967075032528,0.0,0.0,13.141095490746942,False
1784381544.9627817,45.22853660583496,4.8,2.374399999958219,0.12,0.0,0.0,90.00021045914973,False
1784381545.1427217,45.40847659111023,3.4387247528545752,3.3911376699063527,0.02778868076041253,0.0,0.0,11.865001018729375,False
1784381545.3384461,45.60420107841492,3.464938870291938,3.3970068239118545,0.027789019889773565,0.0,0.0,11.321702675061811,False
1784381545.4663086,45.73206353187561,3.4897904658535426,3.402322296782563,0.02778947200009891,0.0,0.0,10.814726053910961,False
1784381545.7256408,45.991395711898804,3.520853068883292,3.408633776969228,0.027788487407251792,0.0,0.0,10.232215238351841,False
1784381545.9408612,46.206616163253784,3.54761681219821,3.4137935607833563,0.027787915761894943,0.0,0.0,9.750199848889082,False
1784381546.058395,46.32414984703064,3.5774176040996535,3.4192507489097332,0.027788643899025207,0.0,0.0,9.219477617048556,False
1784381546.202389,46.468143939971924,3.5908503544049646,3.421613907819468,0.02778893357851148,0.0,0.0,8.981883889724491,False
1784381546.4586234,46.72437834739685,3.61477371768051,3.425676694687194,0.027788768616630946,0.0,0.0,8.562705547344363,False
1784381546.6916857,46.95744061470032,3.6417094549912177,3.430031359687498,0.027788269901763696,0.0,0.0,8.090187051180221,False
1784381546.955143,47.220897912979126,3.6733867822728716,3.4348559122046605,0.027787998857162526,0.0,0.0,7.568127825115003,False
1784381547.1975675,47.46332240104675,3.711850355166925,3.4403052375157888,0.027786481192461472,0.0,0.0,7.067187136603464,False
1784381547.432868,47.698622941970825,3.7257508800097168,3.4421770435283525,0.027786279808944717,0.0,0.0,6.904910484133503,False
1784381547.944861,48.21061587333679,3.7365639440559915,3.4436002572014983,0.027786449562920774,0.0,0.0,6.782873614429703,False
1784381548.0968256,48.36258053779602,3.7504262132916417,3.445385048172331,0.02778709052027263,0.0,0.0,6.6314205031399975,False
1784381548.2884378,48.554192781448364,3.781429986275011,3.4492345460485265,0.02779140412528902,0.0,0.0,6.3403947346778455,False
1784381548.535904,48.80165886878967,3.8053368201389577,3.4520781511018646,0.027794110464439057,0.0,0.0,6.054413652300824,False
1784381548.6538033,48.91955828666687,3.820438443263139,3.453838377946069,0.027798633424689047,0.0,0.0,5.308554089873935,False
1784381549.0235512,49.28930616378784,3.860565574573239,3.4580719223209484,0.02779746200760451,0.0,0.0,2.065319891955684,False
1784381549.2048028,49.47055768966675,4.8,2.9215999999545135,0.12,0.0,0.0,90.00021045914973,False
1784381549.39941,49.665164947509766,3.889508132515475,3.460241240035921,0.02780038929532053,0.0,0.0,359.3779595444999,False
1784381549.6138508,49.879605770111084,3.906422467121603,3.461013329875649,0.027799667989696603,0.0,0.0,357.765765472631,False
1784381549.779836,50.04559087753296,3.9241075520659963,3.461371844791963,0.027797878656154976,0.0,0.0,356.0846931482108,False
1784381549.9836469,50.249401807785034,4.8,3.0399999999537117,0.12,0.0,0.0,90.00021045914973,False
1784381550.1927674,50.4585223197937,3.9545443553563686,3.460867408336797,0.02779996844488977,0.0,0.0,353.17452679250647,False
1784381550.3479543,50.61370921134949,3.9712396265084298,3.4599701558135814,0.02779864736099505,0.0,0.0,351.5627858270661,True
1784381550.4917734,50.75752830505371,3.985693075424598,3.4588119463443103,0.027798566173031287,0.0,0.0,350.1988437937296,False
1784381550.732698,50.99845290184021,4.001271154985518,3.4571563568697523,0.027799272597395036,0.0,0.0,348.77398657830736,False
1784381550.886694,51.152448892593384,4.0161999612416635,3.4551875313419753,0.027799074535931768,0.0,0.0,347.42741022408654,False
1784381551.1486485,51.414403438568115,4.027065728856366,3.453521203018861,0.02779862285831725,0.0,0.0,346.4590187364057,False
1784381551.3633492,51.629104137420654,4.8,3.2319999999524116,0.12,0.0,0.0,90.00021045914973,False
1784381551.5673244,51.83307933807373,4.048855708268724,3.4495982705497994,0.027798785704750473,0.0,0.0,344.5204936981282,False
1784381552.134713,52.40046787261963,4.8,3.2703999999521516,0.12,0.0,0.0,90.00021045914973,False
1784381552.4376247,52.70337963104248,4.8,3.294399999951989,0.12,0.0,0.0,90.00021045914973,False
1784381552.6030028,52.86875772476196,4.079227174767477,3.4427647415781713,0.027798170941845383,0.0,0.0,341.9979893304139,False
1784381552.9791431,53.244898080825806,4.0828235689252255,3.44185011378898,0.027798007575933353,0.0,0.0,341.71605341759965,False
1784381553.2079272,53.473682165145874,4.092924277426236,3.439160771904467,0.02779766735721666,0.0,0.0,340.95619928924026,False
1784381553.2943764,53.560131311416626,4.11079784269978,3.434000698771158,0.02779767373532852,0.0,0.0,339.65857516013716,False
1784381553.4423206,53.708075523376465,4.122214119583109,3.430451894206057,0.027797826712785002,0.0,0.0,338.8421434320729,False
1784381553.553465,53.81921982765198,4.137714965273484,3.425314623755684,0.02779757176851346,0.0,0.0,337.77562228705955,False
1784381553.6850204,53.950775384902954,4.146520288163261,3.4222389059970433,0.027797295131053387,0.0,0.0,337.1803346135127,False
1784381553.8117163,54.0774712562561,4.165165467035315,3.4153617294225547,0.027797062257750346,0.0,0.0,335.92535144121786,False
1784381553.9607565,54.22651147842407,4.8,3.475199999950765,0.12,0.0,0.0,90.00021045914973,False
1784381554.0980604,54.36381530761719,4.193224850391395,3.404103487065471,0.027797730648400194,0.0,0.0,333.98338953637506,False
1784381554.2147398,54.48049473762512,4.201761488458978,3.4004599408356047,0.027797811156896064,0.0,0.0,333.37374036790254,False
1784381554.3571384,54.62289333343506,4.21771476102766,3.393364282631238,0.02779764248035258,0.0,0.0,332.221234229602,False
1784381554.6055615,54.87131643295288,4.235710791472831,3.384871600746026,0.027797061515480264,0.0,0.0,330.97764081793366,False
1784381554.7890477,55.054802656173706,4.249481274832502,3.378002963057184,0.027796269339655857,0.0,0.0,330.1110704050372,False
1784381554.9363043,55.202059268951416,4.262407571927162,3.3712885731120883,0.027795903987463785,0.0,0.0,329.3118043016397,False
1784381555.0581458,55.32390069961548,4.277334659117166,3.3632249649320625,0.027796152372134314,0.0,0.0,328.38974188162535,False
1784381555.1924412,55.45819616317749,4.286264570194097,3.3582434512196406,0.027796415886576897,0.0,0.0,327.8364865480106,False
1784381555.3857644,55.65151929855347,4.302024829775817,3.3491641833705317,0.027796599208748635,0.0,0.0,326.8493129666623,False
1784381555.5055413,55.77129626274109,4.320495513808446,3.3380489464512038,0.02779636747115181,0.0,0.0,325.67123930453715,False
1784381555.6580877,55.923842668533325,4.329252867542573,3.3325888177691616,0.027796150799416167,0.0,0.0,325.1263561050719,False
1784381555.8196893,56.08544421195984,4.349031919309054,3.319787811842207,0.027795317598263848,0.0,0.0,323.9634808381019,False
1784381555.9309657,56.196720600128174,4.357953770417979,3.313809843642032,0.027795118442264746,0.0,0.0,323.4446022222039,False
1784381556.05361,56.31936502456665,4.375669370562643,3.301571209298404,0.02779537088674314,0.0,0.0,322.40222117194287,False
1784381556.285047,56.55080199241638,4.394148087219616,3.2882736583228604,0.027795739236097582,0.0,0.0,321.30059847505373,False
1784381556.4404652,56.7062201499939,4.413326181231426,3.2738810682005224,0.027795515756243363,0.0,0.0,320.1399694320597,False
1784381556.6001577,56.865912675857544,4.426551624266992,3.263593316914296,0.027795406955677338,0.0,0.0,319.3248765953386,False
1784381556.7514677,57.01722264289856,4.441885865711323,3.2512560163629427,0.027794794261777535,0.0,0.0,318.4494994501042,False
1784381556.9221218,57.18787670135498,4.4573585843953545,3.2383725771765097,0.027793947259781255,0.0,0.0,317.6031009004311,False
1784381557.087839,57.353593826293945,4.478465591424111,3.220116966402585,0.027794034170801778,0.0,0.0,316.44159915332784,False
1784381557.2320433,57.497798204422,4.489827835398619,3.209962326458722,0.027794470610212268,0.0,0.0,315.80504960847355,False
1784381557.4199326,57.68568754196167,4.51116042252443,3.1902624284244046,0.027794784026521992,0.0,0.0,314.5660781812433,False
1784381557.5668192,57.832574129104614,4.8,4.044799999946908,0.12,0.0,0.0,90.00021045914973,False
1784381557.723724,57.98947882652283,4.8,4.076799999946691,0.12,0.0,0.0,90.00021045914973,False
1784381557.875803,58.141557931900024,4.549221877328815,3.1528498084640737,0.02779247594662162,0.0,0.0,312.52381327722395,False
1784381558.1932838,58.459038734436035,4.564000523088803,3.1375400602158456,0.02779277833165597,0.0,0.0,311.75680947619213,False
1784381558.6051977,58.87095260620117,4.569494891843858,3.1317371824037337,0.027793052996598355,0.0,0.0,311.4689968930021,False
1784381558.7935913,59.059346199035645,4.582183819278668,3.1181027843413953,0.0277935505950389,0.0,0.0,310.793445515878,False
1784381558.9616308,59.22738575935364,4.5994137843093235,3.099036299934553,0.02779263943597402,0.0,0.0,309.9241455332941,False
1784381559.092163,59.35791802406311,4.60848258336446,3.0887445024003313,0.027791805455032324,0.0,0.0,309.48443615664326,False
1784381559.2669802,59.532735109329224,4.62823082347193,3.065730893668019,0.02779151658138783,0.0,0.0,308.5254681053657,False
1784381559.4005785,59.66633343696594,4.642376099322523,3.0487323396085566,0.027792263687219623,0.0,0.0,307.83104998455207,False
1784381559.5331104,59.79886531829834,4.650247013156274,3.039083328933102,0.027792455333902094,0.0,0.0,307.4411335863341,False
1784381559.7289662,59.99472117424011,4.8,4.310399999945109,0.12,0.0,0.0,90.00021045914973,False
1784381559.845245,60.11099982261658,4.680097753630854,3.001183105283718,0.027789863355417794,0.0,0.0,306.10786975132123,False
1784381559.9919848,60.257739782333374,4.694922395374566,2.9816136345982938,0.02778970701109764,0.0,0.0,305.48721026502926,False
1784381560.1331425,60.39889740943909,4.712109175899023,2.9583184436071304,0.02779075670954423,0.0,0.0,304.76250152164545,False
1784381560.2872217,60.55297660827637,4.719740092634525,2.9477643277267807,0.027790960975051383,0.0,0.0,304.43539535357746,False
1784381560.3998716,60.665626525878906,4.734783484045616,2.926569148562542,0.02779068709224303,0.0,0.0,303.77362251768267,False
1784381560.5396302,60.80538511276245,4.741386412913438,2.917097708934524,0.027790490526358475,0.0,0.0,303.4787555357467,False
1784381560.6634967,60.9292516708374,4.757667108935495,2.893287744979701,0.027790474879190473,0.0,0.0,302.7390212726521,False
1784381560.7584202,61.02417516708374,4.7625401396463385,2.886027276760719,0.027790390267218253,0.0,0.0,302.52888240315167,False
1784381560.8463054,61.11206030845642,4.770738949265191,2.873665849297985,0.027789680361811987,0.0,0.0,302.2123515497303,False
1784381560.9844847,61.250239610672,4.782246984158878,2.856023868735365,0.027788107471461064,0.0,0.0,301.8107401875355,False
1784381561.0786867,61.344441652297974,4.787980512450383,2.847113505619056,0.02778747845000853,0.0,0.0,301.62037872923077,False
1784381561.2103803,61.47613525390625,4.80339908222643,2.8227716781959353,0.027787635976569042,0.0,0.0,301.1170614813335,False
1784381561.3244808,61.59023571014404,4.810622096256458,2.8111820381714554,0.027788428275402684,0.0,0.0,300.8814892063444,False
1784381561.5052323,61.77098727226257,4.824121138630923,2.7892071288342297,0.027789378697804352,0.0,0.0,300.4371753709603,False
1784381561.7746913,62.040446281433105,4.842161636238955,2.759190303270287,0.027788030213218008,0.0,0.0,299.85462389603566,False
1784381561.9545126,62.22026753425598,4.847676232861093,2.7498628175124264,0.027787216074338702,0.0,0.0,299.7037833037918,False
1784381562.3611066,62.626861572265625,4.8516151023751455,2.7431588523825634,0.027786689926569987,0.0,0.0,299.60289932541787,False
1784381562.566423,62.83217787742615,4.859476852289038,2.7296785743755905,0.027785989413899776,0.0,0.0,299.41441907463576,False
1784381562.8010726,63.06682753562927,4.866525258296108,2.7174850354234517,0.027785865908682716,0.0,0.0,299.25692128352466,False
1784381562.9170778,63.18283271789551,4.881378689281227,2.691475989622867,0.02778639506443148,0.0,0.0,298.9766022693366,False
1784381563.0701323,63.33588719367981,4.8891606871358055,2.6776954500998573,0.027786636138065986,0.0,0.0,298.8532153102773,False
1784381563.2260084,63.49176335334778,4.903839894218813,2.6514500959832104,0.027786454216824172,0.0,0.0,298.65788890268135,False
1784381563.335817,63.601572036743164,4.9115114816871905,2.6376179369035286,0.0277862501474123,0.0,0.0,298.57324496448854,False
1784381563.455608,63.721362829208374,4.922193392821709,2.618243239061896,0.02778628695447838,0.0,0.0,298.47425124821797,False
1784381563.5732944,63.839049339294434,4.932060927272614,2.6002418517567567,0.02778660785827144,0.0,0.0,298.4013475754859,False
1784381563.7202864,63.98604130744934,4.943365081466331,2.5795171339736096,0.02778696807073032,0.0,0.0,298.3483646294991,False
1784381563.8441377,64.10989260673523,4.956735330747077,2.5548996406476228,0.02778762987024293,0.0,0.0,298.3804857590561,False
1784381563.971297,64.23705196380615,4.9618985545066545,2.5453752329029067,0.02778794496506387,0.0,0.0,298.42464277329265,False
1784381564.060503,64.32625794410706,4.973456618137076,2.5240524395208825,0.027789400832890443,0.0,0.0,298.59894855842566,True
1784381564.1777444,64.44349932670593,4.9795522153168505,2.5128214187844042,0.02779166302428282,0.0,0.0,298.7761183471621,False
1784381564.2869842,64.55273914337158,4.9833434621526695,2.5058462985275987,0.02779397400875668,0.0,0.0,299.0044230240614,False
1784381564.4105585,64.67631340026855,4.994302531489906,2.4857997143340187,0.02780043879496648,0.0,0.0,300.10201517446075,False
1784381564.5232859,64.7890408039093,4.997508175732456,2.4799921438340715,0.027800925015640493,0.0,0.0,300.507504566227,False
1784381564.7375045,65.0032594203949,5.004776354380677,2.466987739709407,0.027798897661064893,0.0,0.0,301.46827477299473,False
1784381564.9207454,65.18650031089783,5.011994262540196,2.4544202745677226,0.027795128497861477,0.0,0.0,302.264685788814,False
1784381565.0300503,65.29580521583557,5.018431868821633,2.443493878411698,0.02779346902967654,0.0,0.0,302.9120225599826,False
1784381565.3216896,65.5874445438385,4.8,5.068799999939974,0.12,0.0,0.0,90.00021045914973,False
1784381565.9171984,66.18295335769653,5.031934030283392,2.4213664164374373,0.027795689470190947,0.0,0.0,304.19119811694736,False
1784381566.221218,66.48697304725647,5.036358474783523,2.414333110855291,0.0277965581941433,0.0,0.0,304.5994358615619,False
1784381566.369977,66.6357319355011,5.046630992008749,2.398391318529061,0.02779669456285442,0.0,0.0,305.5409519370101,False
1784381566.559073,66.8248279094696,5.0583810744895725,2.380790339676352,0.02779539371924736,0.0,0.0,306.6179657939172,False
1784381566.692244,66.95799899101257,5.064312420033631,2.372151423096585,0.027795309420155408,0.0,0.0,307.1646473749589,False
1784381566.8763871,67.14214205741882,5.073686272968056,2.3588325955963074,0.027795963660620704,0.0,0.0,308.01045566342145,False
1784381567.137147,67.40290188789368,5.090291205491463,2.3361992243390133,0.027796272520981966,0.0,0.0,309.4440604777386,False
1784381567.3575096,67.62326455116272,5.107403708256963,2.314039160989932,0.027795676252647162,0.0,0.0,310.8886068493245,False
1784381567.6012897,67.86704468727112,5.120528534001066,2.2977815403491726,0.027796098741028293,0.0,0.0,311.9795138738622,False
1784381567.862201,68.1279559135437,5.123472102935922,2.29421845478829,0.027796233136890343,0.0,0.0,312.22367183077284,False
1784381568.0769482,68.34270310401917,5.127912028547984,2.2889007478542744,0.027796389845699317,0.0,0.0,312.5896658847325,False
1784381568.364867,68.63062191009521,5.132399936548532,2.283595350181266,0.027796432087153187,0.0,0.0,312.95257564516777,False
1784381568.566766,68.83252096176147,5.145264241488751,2.268751909768255,0.027796189290964207,0.0,0.0,313.9869418507444,False
1784381568.845255,69.1110098361969,5.158314785485434,2.254220789628162,0.027796078322004415,0.0,0.0,315.0298412912486,False
1784381569.0835075,69.34926247596741,4.8,5.407999999937677,0.12,0.0,0.0,90.00021045914973,False
1784381569.2738078,69.53956270217896,5.1929756155164934,2.2180383803241477,0.027796247980874825,0.0,0.0,317.745476659068,False
1784381569.5467236,69.81247854232788,5.208713882449479,2.2026992848462514,0.027795649108059213,0.0,0.0,318.8922052392233,False
1784381569.6829162,69.9486711025238,5.217957947892726,2.1939722357148526,0.027795837339854176,0.0,0.0,319.55986144722556,False
1784381570.0492346,70.31498956680298,5.2256118114540495,2.186899969949662,0.027796116842794573,0.0,0.0,320.1038800729985,False
1784381570.5123003,70.77805519104004,5.230760166671795,2.182218831492836,0.027796259508735304,0.0,0.0,320.4660105607506,False
1784381570.8089278,71.07468271255493,5.241966071366755,2.1722302088524703,0.027796392586185662,0.0,0.0,321.2582788334935,False
1784381571.0777438,71.34349870681763,5.2531680814900215,2.162508305965663,0.02779643433586997,0.0,0.0,322.0671396630855,False
1784381571.3673606,71.63311553001404,5.268989137706868,2.1492380818675283,0.027796189882336418,0.0,0.0,323.16406262464443,False
1784381571.59288,71.85863494873047,5.278004182750692,2.141910930613923,0.02779590001541097,0.0,0.0,323.76209455400345,False
1784381571.9306564,72.19641137123108,5.3026947069994135,2.1226323385719104,0.02779599278254561,0.0,0.0,325.3927427015243,False
1784381572.2028496,72.46860456466675,5.319577143066034,2.1100941031247396,0.027796065780199254,0.0,0.0,326.4655845659945,False
1784381572.8546016,73.12035655975342,4.8,5.679999999935835,0.12,0.0,0.0,90.00021045914973,False
1784381573.3085892,73.57434415817261,5.333883738754189,2.099852714023188,0.02779581112180109,0.0,0.0,327.3585814882154,False
1784381573.5693555,73.8351104259491,4.8,5.7231999999355425,0.12,0.0,0.0,90.00021045914973,False
1784381573.9723954,74.23815035820007,5.361854414012564,2.0807792578910584,0.027796065100026485,0.0,0.0,329.1045538926114,False
1784381574.26895,74.53470492362976,5.3795061863942575,2.069371176243456,0.027796164104860716,0.0,0.0,330.1803978331051,False
1784381574.7210698,74.98682475090027,5.401503683466889,2.0558055697856346,0.027795630934729084,0.0,0.0,331.4887259067052,False
1784381575.1246772,75.3904321193695,5.409516704658531,2.051032191997188,0.027795711390979302,0.0,0.0,331.972107174939,False
1784381575.3230567,75.58881163597107,5.417585165091929,2.046317765997583,0.027795879533852347,0.0,0.0,332.45174342809815,False
1784381575.4667978,75.73255276679993,5.4391567573737465,2.0341597645548135,0.027795891041059312,0.0,0.0,333.68942019311237,False
1784381575.6935284,75.9592833518982,5.450545021544064,2.0279875481955476,0.02779575711764947,0.0,0.0,334.3438540095829,False
1784381575.9527233,76.21847820281982,4.8,5.9263999999341666,0.12,0.0,0.0,90.00021045914973,False
1784381576.213761,76.47951602935791,5.50275942437979,2.0017745176481196,0.02779610808393312,0.0,0.0,337.34840091618014,False
1784381576.3405538,76.60630869865417,5.52213293848892,1.9929093372326208,0.027795517205828756,0.0,0.0,338.3979063041146,False
1784381576.4974022,76.76315712928772,5.533127310050577,1.9880777979283077,0.027795118210989546,0.0,0.0,338.96987279168616,False
1784381576.626535,76.89228987693787,5.55421439742619,1.9791860404542077,0.02779510860189279,0.0,0.0,340.0599462486776,False
1784381576.7576914,77.02344632148743,5.564279666382688,1.9751107824904108,0.027795344506873758,0.0,0.0,340.5767890172938,False
1784381576.8991203,77.16487526893616,5.584571528104026,1.967219703728098,0.027795549065381234,0.0,0.0,341.60458852633053,False
1784381577.0597692,77.32552409172058,5.594992431931557,1.96333967849877,0.027795099239530555,0.0,0.0,342.0954251597085,False
1784381577.3481755,77.6139304637909,5.632675885197537,1.9501877552255587,0.027794257846920665,0.0,0.0,343.83427489927857,False
1784381577.5096593,77.77541422843933,5.6504694187365105,1.9444304857047838,0.02779494092427218,0.0,0.0,344.65644381796227,False
1784381577.69918,77.96493482589722,4.8,6.198399999932325,0.12,0.0,0.0,90.00021045914973,False
1784381577.8554194,78.12117433547974,5.696853242543484,1.930736799037883,0.027794799976745197,0.0,0.0,346.81792142756956,False
1784381578.0238605,78.28961539268494,5.711411564650322,1.9268342377821117,0.027794403894866954,0.0,0.0,347.4583162631923,False
1784381578.1744869,78.44024181365967,5.732646066908985,1.9214766395969554,0.027793480155425484,0.0,0.0,348.3184119624978,False
1784381578.3165786,78.5823335647583,5.756750415279033,1.9158320433345954,0.027793165867808195,0.0,0.0,349.2686714052897,False
1784381578.4426937,78.70844864845276,5.770755586775056,1.912753820183697,0.027793531604887126,0.0,0.0,349.8228069560416,False
1784381578.5885534,78.85430836677551,5.793582787143758,1.9080427209622457,0.027794312538485463,0.0,0.0,350.74858899278007,False
1784381578.821528,79.08728289604187,5.826245392553045,1.901958496952294,0.027794503972994915,0.0,0.0,352.1260126474115,False
1784381578.9465861,79.21234107017517,5.850536779481464,1.897959946422089,0.02779359343505868,0.0,0.0,353.08481285477666,False
1784381579.0727706,79.33852553367615,5.85967201314279,1.8965715509258338,0.027793085082253737,0.0,0.0,353.4227951372473,False
1784381579.1912222,79.45697712898254,5.883222008229779,1.8932591190927115,0.027792688343326682,0.0,0.0,354.29989820652867,False
1784381579.2972074,79.56296229362488,5.8922375627113235,1.892086394787979,0.02779319528612533,0.0,0.0,354.6621286904066,False
1784381579.436807,79.70256185531616,5.914099594127799,1.8893732526074416,0.027799995896199647,0.0,0.0,356.06737231996783,False
1784381579.548228,79.81398296356201,5.9208705863065685,1.8885870613816835,0.027801731094309227,0.0,0.0,356.599166115398,False
1784381579.680771,79.94652605056763,5.93541591131075,1.8870258836924558,0.027800906703136993,0.0,0.0,357.82466306858714,False
1784381579.8023138,80.06806874275208,5.945774576253897,1.8860439707537182,0.027798046180909863,0.0,0.0,358.7458046136581,False
1784381579.925456,80.19121098518372,5.955844614440223,1.8852110511326297,0.02779674091221088,0.0,0.0,359.66718270452446,False
1784381580.0496354,80.31539034843445,5.9673594691808525,1.8844213788947335,0.027798381789311922,0.0,0.0,0.7421732222802868,False
1784381580.1639693,80.42972421646118,5.973863682051492,1.8840572235863267,0.027799842686624752,0.0,0.0,1.356461617170548,False
1784381580.2733335,80.53908848762512,5.986764867069136,1.8835189644728207,0.027800789666632002,0.0,0.0,2.585051518702862,False
1784381580.3782368,80.6439917087555,5.993177848493729,1.8833453284211237,0.02780000065172963,0.0,0.0,3.1993492146534983,False
1784381580.5255756,80.791330575943,6.008344326799578,1.883190442972566,0.027797864134518905,0.0,0.0,4.658298329048536,False
1784381580.7178934,80.9836483001709,6.025831154746649,1.8834687162310415,0.027799194091060592,0.0,0.0,6.347596451986155,False
1784381580.920686,81.18644094467163,6.039305478270391,1.8840237493717056,0.027800152924459663,0.0,0.0,7.652971030762121,False
1784381581.217767,81.48352193832397,4.8,6.777599999928403,0.12,0.0,0.0,90.00021045914973,False
1784381581.358208,81.62396287918091,4.8,6.7951999999282835,0.12,0.0,0.0,90.00021045914973,True
1784381581.5110176,81.77677249908447,6.076400558695586,1.887116623320795,0.02779888852466834,0.0,0.0,11.261946269690704,False
1784381581.6210349,81.88678979873657,6.08347390869066,1.8879711688235885,0.027799421645629162,0.0,0.0,11.953025329984225,False
1784381581.8137977,82.07955265045166,6.096802980943918,1.889815641762855,0.02779965547369256,0.0,0.0,13.258400958045586,False
1784381582.0571423,82.32289719581604,6.111644825104498,1.8922332573872562,0.02779887382324787,0.0,0.0,14.717350606678492,False
1784381582.2848744,82.55062937736511,6.129520747030162,1.8956616336519743,0.027798975445434915,0.0,0.0,16.483442101462355,False
1784381582.4340806,82.69983553886414,6.145742674862245,1.8992699940421927,0.02779948236455608,0.0,0.0,18.095962511690594,False
1784381582.588002,82.85375690460205,6.152662601507121,1.9009555525391344,0.027799378217945224,0.0,0.0,18.787043794246785,False
1784381582.7007504,82.96650528907776,6.166438948741306,1.9045759362920047,0.027798947222173295,0.0,0.0,20.16920541089357,False
1784381582.8113477,83.07710266113281,6.171772799734826,1.9060735218987903,0.02779888924910626,0.0,0.0,20.706627910470424,False
1784381582.9754078,83.24116277694702,6.188570691181257,1.9111559470118844,0.0277991417110741,0.0,0.0,22.385308646947422,False
1784381583.095211,83.36096596717834,6.193913779114901,1.9128889689080908,0.027799215865704455,0.0,0.0,22.918865549783877,False
1784381583.2173302,83.48308515548706,6.208273153252822,1.9178178844414433,0.02779918231019031,0.0,0.0,24.37524156355383,False
1784381583.3414323,83.60718727111816,6.213513777295884,1.9197175399391144,0.027799119677485516,0.0,0.0,24.912627846688448,False
1784381583.4826968,83.74845170974731,6.226141070811398,1.9245229346264676,0.027799055303931532,0.0,0.0,26.217935797921783,False
1784381583.6236649,83.88941979408264,6.234239692479678,1.9277785798387954,0.027799112921268986,0.0,0.0,27.062583938002476,False
1784381583.7429392,84.00869417190552,6.242283188956154,1.931149765656805,0.027799187250162154,0.0,0.0,27.907236411826318,False
1784381583.8579583,84.12371325492859,6.253891754082114,1.9362636589925373,0.027799196719338337,0.0,0.0,29.13484598696771,False
1784381583.9971027,84.26285767555237,6.259711189441498,1.9389456177679498,0.027799118194991763,0.0,0.0,29.74239828151375,False
1784381584.16596,84.43171501159668,6.274859214332247,1.9462868553858281,0.027798997611695724,0.0,0.0,31.346376907737792,False
1784381584.4894354,84.75519037246704,6.2967177600902335,1.9578217300418268,0.027799234068237484,0.0,0.0,33.72455803874083,False
1784381584.740732,85.0064868927002,6.304328674135373,1.9621124803221939,0.027799205649275367,0.0,0.0,34.56918735348985,False
1784381585.0713396,85.33709454536438,6.3227067302169875,1.9730945412242873,0.027799074070074144,0.0,0.0,36.642421978241615,False
1784381585.2438896,85.50964450836182,6.336257628576061,1.9818080901401414,0.027799012920944794,0.0,0.0,38.154731586152536,False
1784381585.4303422,85.69609713554382,6.34518113471603,1.9878569428080108,0.027798841667546852,0.0,0.0,39.123862330807675,False
1784381585.5547574,85.82051229476929,6.356060760656353,1.9955460702864338,0.027798809274234164,0.0,0.0,40.327519827242604,False
1784381585.6711738,85.93692874908447,6.364076207107508,2.0014321844062484,0.027798973063505893,0.0,0.0,41.23625865544952,False
1784381585.7657614,86.03151631355286,6.369315399928256,2.0053806050119922,0.027799119210393,0.0,0.0,41.84760096396533,False
1784381585.8844755,86.15023040771484,6.380213895453061,2.0138681257304687,0.02779924718944752,0.0,0.0,43.14767487484228,False
1784381586.0676544,86.3334093093872,6.393854761458406,2.02512034027019,0.027798620900181748,0.0,0.0,44.69866909313638,False
1784381586.2170255,86.48278045654297,6.403601040768431,2.0335821833730003,0.02779842158602683,0.0,0.0,45.80650722451032,False
1784381586.3461308,86.61188578605652,6.412542317678321,2.0416474639816853,0.027798753113081148,0.0,0.0,46.84799662588309,False
1784381586.439722,86.70547699928284,6.422550807292089,2.051033704906433,0.02779910971813939,0.0,0.0,48.042264321118076,False
1784381586.5787666,86.84452152252197,6.428663905962146,2.056958399027203,0.027799092381402896,0.0,0.0,48.79411513099161,False
1784381586.7284508,86.9942057132721,6.436950077091372,2.0652222040146326,0.027798967359322076,0.0,0.0,49.859947958295095,False
1784381586.8926213,87.15837621688843,6.446656975249646,2.0752790006450574,0.02779898561656096,0.0,0.0,51.15924548831999,False
1784381587.0039535,87.26970839500427,6.454379343539839,2.0835951377161557,0.027799158037556827,0.0,0.0,52.23329065235206,False
1784381587.1425617,87.40831661224365,6.461508967760951,2.091574406238385,0.027799097220491523,0.0,0.0,53.20396415062247,False
1784381587.303461,87.56921601295471,6.473885449765814,2.1062999526778583,0.027797653374922262,0.0,0.0,54.64770821011396,False
1784381587.4013827,87.66713762283325,6.478082332646183,2.1115084409835148,0.027797313225892874,0.0,0.0,55.12862786872711,False
1784381587.5770466,87.84280157089233,6.485010269077861,2.1202896426037112,0.02779772951666783,0.0,0.0,55.5721004070016,False
1784381587.7180688,87.98382377624512,6.494101593540928,2.132104077164904,0.027799732732073833,0.0,0.0,54.98036869368108,False
1784381587.8801816,88.14593648910522,6.503201501305926,2.144173404874979,0.02780017506781512,0.0,0.0,53.7013837958693,False
1784381588.020427,88.2861819267273,6.512038849772274,2.155964043427965,0.027798620584130088,0.0,0.0,52.32803835632933,False
1784381588.1467001,88.4124550819397,6.51739012448585,2.1630682932478535,0.02779821508973696,0.0,0.0,51.484004780119136,False
1784381588.3098419,88.5755968093872,6.52468873780303,2.172650998977581,0.027798940248660756,0.0,0.0,50.33236644814038,False
1784381588.4399288,88.70568370819092,6.529578258764665,2.178975907829687,0.02779959842891751,0.0,0.0,49.56452260017147,False
1784381588.6369467,88.90270161628723,6.540961110407681,2.1933308129835494,0.02779935745943041,0.0,0.0,47.79844132606853,False
1784381588.895536,89.16129088401794,6.546999230950359,2.2007102048682863,0.0277987661975045,0.0,0.0,46.87700476323068,False
1784381589.0967107,89.3624656200409,4.8,7.985599999920223,0.12,0.0,0.0,90.00021045914973,False
1784381589.3395398,89.60529470443726,6.5645616989910796,2.2211758929023797,0.027799419655766797,0.0,0.0,44.26626985119895,False
1784381589.5322807,89.79803562164307,6.572544322568101,2.2299820873875906,0.027799472137968215,0.0,0.0,43.11447054256627,False
1784381589.764132,90.02988696098328,6.586741252929651,2.244897687871378,0.027798848938729328,0.0,0.0,41.11801824988543,False
1784381589.9501975,90.21595239639282,6.593450502118884,2.2516257210312554,0.02779896138336165,0.0,0.0,40.196580007208574,False
1784381590.043478,90.30923295021057,6.603125699484358,2.2609811200012944,0.027799323731198207,0.0,0.0,38.891207992791564,False
1784381590.1756134,90.44136834144592,6.607167562309807,2.264771883486285,0.027799372298475608,0.0,0.0,38.35370115778301,False
1784381590.3181155,90.58387041091919,6.61771513779332,2.274350570916615,0.027799148949578738,0.0,0.0,36.97154007899762,False
1784381590.4607532,90.72650814056396,6.623670056215937,2.2795647829857235,0.027799002707421784,0.0,0.0,36.20367327286801,False
1784381590.5988796,90.86463451385498,6.635168958915355,2.2892553709743106,0.027799069183935328,0.0,0.0,34.744727324833164,False
1784381590.775057,91.04081201553345,6.644415071876396,2.296701226186637,0.027799250949463606,0.0,0.0,33.592927369069066,False
1784381590.923002,91.18875694274902,6.6544375295356515,2.304440002657647,0.027799233647907044,0.0,0.0,32.364339769334755,False
1784381591.0959232,91.36167812347412,6.667836261432354,2.3142715666262594,0.027799052850659086,0.0,0.0,30.751818857208526,False
1784381591.2816482,91.54740309715271,6.6821610370129925,2.3241660374330007,0.0277991439294735,0.0,0.0,29.062512133206955,False
1784381591.395526,91.66128087043762,6.687440949891658,2.3276593715585974,0.0277991984888774,0.0,0.0,28.448218598394533,False
1784381591.5570238,91.82277870178223,6.701474901524863,2.3365593948130856,0.027799178256743207,0.0,0.0,26.835697471118436,False
1784381591.7066154,91.97237038612366,6.7082440958771565,2.34065843024744,0.027799119983591084,0.0,0.0,26.067830315523416,False
1784381591.8411903,92.10694527626038,6.719875300255778,2.347418001426873,0.02779909456522467,0.0,0.0,24.76245655210061,False
1784381592.0092642,92.27501916885376,6.72887164213734,2.3524077368502416,0.027799146192226194,0.0,0.0,23.76422963143929,False
1784381592.2869034,92.55265831947327,4.8,8.479999999916876,0.12,0.0,0.0,90.00021045914973,False
1784381592.4695976,92.73535251617432,6.754934702468856,2.365743915690352,0.027799135752195656,0.0,0.0,20.92312133793889,False
1784381592.6809473,92.94670224189758,6.76424442846729,2.370120994001401,0.02779911237686708,0.0,0.0,19.924894233868674,False
1784381592.881233,93.14698791503906,6.77580488765887,2.3752846615400873,0.027799138856459675,0.0,0.0,18.69630714786214,False
1784381593.0523732,93.31812810897827,6.7852775066765165,2.3792969848052605,0.027799166960954847,0.0,0.0,17.698080038696776,False
1784381593.2233207,93.48907566070557,6.797767565653965,2.3842938979258275,0.0277991586429772,0.0,0.0,16.39270596832306,False
1784381593.399961,93.66571593284607,6.813348367294514,2.3900718206801934,0.02779912665948935,0.0,0.0,14.780185172992141,False
1784381593.4968576,93.76261258125305,6.819325712606166,2.3921572783381038,0.02779912910315362,0.0,0.0,14.165891598888214,False
1784381593.5975704,93.86332535743713,6.832099787107015,2.396375461324322,0.02779915223158043,0.0,0.0,12.860517735107912,False
1784381593.7213955,93.98715043067932,6.838143618198952,2.398259564286798,0.02779915908785574,0.0,0.0,12.246224108698264,False
1784381593.869828,94.13558292388916,6.848006866973818,2.4011827304289244,0.02779915464448272,0.0,0.0,11.247996924818615,False
1784381594.0147002,94.28045511245728,6.859448756705402,2.404341520014652,0.027799138601424758,0.0,0.0,10.096196355506837,False
1784381594.1332288,94.39898371696472,6.873259366905423,2.407827556002554,0.027799137365700968,0.0,0.0,8.714035769918112,True
1784381594.2607284,94.52648329734802,6.8794235930506735,2.409269773843654,0.02779914383114198,0.0,0.0,8.099742182456161,False
1784381594.3724554,94.63821029663086,6.893347253571209,2.412272602750965,0.027799153640784783,0.0,0.0,6.717581554029844,False
1784381594.4709597,94.73671460151672,6.898004069375287,2.413198802964653,0.02779915241924622,0.0,0.0,6.256861330047633,False
1784381594.633351,94.8991060256958,6.912797352299467,2.4158842779350027,0.027799141286123128,0.0,0.0,4.797913972648454,False
1784381594.768699,95.03445386886597,6.920609436170437,2.4171461577606035,0.027799139054951155,0.0,0.0,4.030046971660354,False
1784381594.8668962,95.13265109062195,6.933926424766976,2.41905071833508,0.027799145161281773,0.0,0.0,2.724673085620545,False
1784381595.0263045,95.2920594215393,6.941779044140937,2.4200291622522148,0.027799149248753853,0.0,0.0,1.956806079115938,False
1784381595.1813326,95.44708752632141,6.956732034792124,2.421597913644102,0.027799147495906788,0.0,0.0,0.4978587360662008,False
1784381595.3055634,95.57131838798523,6.967773028738744,2.422509947274048,0.02779914266039202,0.0,0.0,359.422844914508,False
1784381595.4090707,95.67482566833496,6.978039044103453,2.4231712206350684,0.027799142095422287,0.0,0.0,358.4246178142587,False
1784381595.5417793,95.80753421783447,6.985942921126057,2.423558131850251,0.027799144467283505,0.0,0.0,357.65675081710185,False
1784381595.6879203,95.95367527008057,7.000180223001547,2.423987525869104,0.02779914807740161,0.0,0.0,356.2745902030363,False
1784381595.908086,96.17384099960327,7.011258401190132,2.4240839958602662,0.027799146505591676,0.0,0.0,355.19957637849666,False
1784381596.1556423,96.42139720916748,7.018380258390893,2.424036249406281,0.027799144571430984,0.0,0.0,354.50849606547996,False
1784381596.3099139,96.5756688117981,7.029456147162151,2.4237912536573147,0.027799143269274927,0.0,0.0,353.4334822556808,False
1784381596.465417,96.73117184638977,7.038944703724923,2.4234158954722127,0.027799144565886353,0.0,0.0,352.51204185152403,False
1784381596.7426548,97.00840973854065,7.047636226447037,2.422937810992087,0.027799146289069463,0.0,0.0,351.6673881430319,False
1784381596.8912058,97.1569607257843,7.057108707434672,2.4222702013708584,0.027799146895381575,0.0,0.0,350.74594772570845,False
1784381597.1281917,97.39394664764404,7.067356987388419,2.4213751598676376,0.027799145715946594,0.0,0.0,349.7477206027523,False
1784381597.3110378,97.57679271697998,7.083088998503052,2.4196499220961374,0.027799144139885826,0.0,0.0,348.21198657453704,False
1784381597.5600333,97.82578825950623,7.095637789350428,2.41796653922868,0.027799145218017587,0.0,0.0,346.98339935474814,False
1784381597.707364,97.97311902046204,7.108147601543864,2.416014481800257,0.027799146245413082,0.0,0.0,345.7548121260762,False
1784381597.8612363,98.12699127197266,7.119835034742253,2.4139412132676634,0.02779914567537235,0.0,0.0,344.6030115918119,False
1784381598.0086386,98.2743935585022,7.136122404488541,2.4106448590626215,0.02779914464684237,0.0,0.0,342.9904908439093,False
1784381598.1271093,98.39286422729492,7.141530116012483,2.40944437442208,0.027799144788045776,0.0,0.0,342.4529839281282,False
1784381598.2303784,98.49613332748413,7.155381712545159,2.4061249770376723,0.02779914568394701,0.0,0.0,341.07082328228563,False
1784381598.4071314,98.67288637161255,4.8,9.361599999910906,0.12,0.0,0.0,90.00021045914973,False
1784381598.5827074,98.84846234321594,7.1790355819631735,2.3996284863216517,0.027799145189939433,0.0,0.0,338.6904354813528,False
1784381598.7504587,99.0162136554718,7.193392242442556,2.395163158355692,0.027799145009042826,0.0,0.0,337.23148811382737,False
1784381598.9083993,99.17415428161621,7.20389562665699,2.391639772433685,0.027799145415997265,0.0,0.0,336.15647425962413,False
1784381599.0546594,99.32041430473328,7.21581607271515,2.3873725843858598,0.027799145636826356,0.0,0.0,334.92788699013033,False
1784381599.420448,99.68620300292969,7.240827364961557,2.3774620238554287,0.027799145113687234,0.0,0.0,332.31713902244405,False
1784381599.6664488,99.93220376968384,4.8,9.548799999909638,0.12,0.0,0.0,90.00021045914973,False
1784381599.8468175,100.11257243156433,4.8,9.574399999909465,0.12,0.0,0.0,90.00021045914973,False
1784381600.058392,100.32414698600769,7.273188020836846,2.3626128764583902,0.027799145416478713,0.0,0.0,328.86173725719397,False
1784381600.2894835,100.5552384853363,7.283768662332721,2.3572328614634626,0.02779914523283719,0.0,0.0,327.7099366562191,False
1784381600.5027516,100.76850652694702,7.295626507703001,2.350879832793853,0.027799145259824097,0.0,0.0,326.40456263508446,False
1784381600.672104,100.93785881996155,7.304594863785408,2.345840296362035,0.02779914539054429,0.0,0.0,325.4063354367033,False
1784381600.8578424,101.12359738349915,7.318217295003504,2.3377841197505225,0.027799145409813538,0.0,0.0,323.87060127465725,False
1784381601.0094807,101.27523565292358,7.330954236141172,2.32979517838904,0.027799145276817715,0.0,0.0,322.41165380968846,False
1784381601.1436641,101.40941905975342,7.337575049663323,2.3254609202585907,0.027799145268015097,0.0,0.0,321.6437867187629,False
1784381601.284877,101.55063199996948,7.3493438487012765,2.3174371746084215,0.027799145360675914,0.0,0.0,320.26162594730687,False
1784381601.4489763,101.71473121643066,7.358361532914731,2.3110015938483883,0.027799145397611552,0.0,0.0,319.1866120065456,False
1784381601.5712147,101.83696961402893,7.369775511871117,2.3024806661106147,0.02779914533453533,0.0,0.0,317.80445121625087,False
1784381601.7034714,101.96922636032104,7.374781742441329,2.2986057094421692,0.027799145305221675,0.0,0.0,317.1901575284654,False
1784381601.8581269,102.12388181686401,7.386502837522485,2.289189299105317,0.027799145318941298,0.0,0.0,315.73121001198854,False
1784381601.9477603,102.21351528167725,7.395584669653319,2.2815463375819993,0.027799145365992407,0.0,0.0,314.5794093327441,False
1784381602.0601053,102.32586026191711,7.401553076752608,2.276350273501091,0.02779914537247748,0.0,0.0,313.8115422090575,False
1784381602.1663785,102.432133436203,7.405100507228192,2.2731944058777103,0.027799145363816127,0.0,0.0,313.35082193326105,False
1784381602.2792315,102.54498648643494,7.416164784461173,2.2630142966996467,0.027799145319501728,0.0,0.0,311.8918743856197,False
1784381602.4306245,102.69637942314148,7.420745220337086,2.2586442576968953,0.02779914531501544,0.0,0.0,311.27758067792047,False
1784381602.5824404,102.84819531440735,7.431989041292011,2.247506524347304,0.02779914534645073,0.0,0.0,309.74184639960373,False
1784381602.7186046,102.98435950279236,7.439135787162529,2.2401070404628864,0.02779914535934518,0.0,0.0,308.74361911163487,False
1784381602.8390534,103.10480833053589,7.447753102346699,2.2308308447468286,0.027799145343282174,0.0,0.0,307.5150316727461,False
1784381603.0112002,103.27695512771606,7.4546069409082945,2.2231592585176356,0.027799145327255706,0.0,0.0,306.5168043726718,False
1784381603.2013428,103.46709775924683,7.463874079359426,2.2123423610875643,0.027799145333901678,0.0,0.0,305.134643486879,False
1784381603.4417155,103.7074704170227,4.8,10.129599999905706,0.12,0.0,0.0,90.00021045914973,False
1784381603.5667002,103.83245515823364,7.480175395508065,2.191943624293539,0.02779914534594834,0.0,0.0,302.60068183641323,False
1784381603.7350602,104.00081515312195,7.49053494566145,2.1779526353021184,0.027799145331757664,0.0,0.0,300.9113740508934,False
1784381603.9313664,104.19712138175964,7.500034775771167,2.1643182086537753,0.027799145341436696,0.0,0.0,299.2988529694829,False
1784381604.1290057,104.3947606086731,7.5057219318156765,2.1557458930727917,0.027799145346465732,0.0,0.0,298.30062562688977,False
1784381604.3113678,104.57712268829346,7.512932079331227,2.1443888140950196,0.027799145341316365,0.0,0.0,296.99525140236256,False
1784381604.5037308,104.76948571205139,7.5210806944545165,2.130821475173024,0.027799145335335954,0.0,0.0,295.4595170103403,False
1784381604.7181423,104.98389720916748,4.8,10.329599999904351,0.12,0.0,0.0,90.00021045914973,False
1784381604.901218,105.16697287559509,7.533353744539847,2.1086737383165786,0.027799145343790757,0.0,0.0,293.00234196095687,False
1784381605.0857098,105.35146474838257,7.541929164396327,2.091728732062184,0.027799145338766085,0.0,0.0,291.15946065687064,False
1784381605.2824252,105.548180103302,7.550919427365233,2.0723473226175826,0.027799145339621145,0.0,0.0,289.0862191734792,False
1784381605.5263698,105.79212474822998,7.555914066176582,2.060712911971545,0.02779914534218956,0.0,0.0,287.8576316200658,False
1784381605.673785,105.9395399093628,7.561233374190073,2.0474996577414766,0.02779914534057011,0.0,0.0,286.4754706160252,False
1784381605.8473837,106.1131386756897,7.566232418723762,2.0341619413387035,0.02779914533852898,0.0,0.0,285.0933096055607,False
1784381606.0295475,106.29530239105225,7.57065704554856,2.021457920417714,0.02779914533988384,0.0,0.0,283.78793531236965,False
1784381606.195468,106.46122288703918,7.575490327777591,2.006387684960247,0.027799145341329858,0.0,0.0,282.25220084338605,False
1784381606.346546,106.61230087280273,7.579917985425092,1.9911933287183106,0.02779914533978264,0.0,0.0,280.71646636805383,False
1784381606.4994495,106.76520442962646,7.582576927865645,1.981255604462045,0.027799145339206556,0.0,0.0,279.71823895598425,False
1784381606.7018256,106.9675805568695,7.586328489977999,1.9658803517627894,0.02779914534030503,0.0,0.0,278.1825044715573,False
1784381606.7968388,107.06259369850159,7.58935150048093,1.951961065409354,0.027799145340779766,0.0,0.0,276.8003434315557,False
1784381606.891113,107.15686798095703,7.590284446215082,1.9473055981191147,0.027799145340557472,0.0,0.0,276.3396230841297,False
1784381607.0292368,107.29499173164368,7.5917560720349435,1.9395302985955483,0.027799145340013535,0.0,0.0,275.57175583765337,False
1784381607.2299945,107.49574947357178,7.594626055326152,1.9223596478146432,0.027799145339727112,0.0,0.0,273.88244789241026,False
1784381607.40035,107.66610503196716,7.596083581605387,1.9121761339102583,0.02779914534024502,0.0,0.0,272.8842204685712,True
1784381607.5825267,107.84828162193298,7.597633566769743,1.8996101690078933,0.027799145340522493,0.0,0.0,271.65563286865086,False
1784381607.822617,108.0883719921112,7.5993888625565,1.8814949109986072,0.027799145339920527,0.0,0.0,269.8895381918321,False
1784381608.101269,108.36702394485474,7.600280244030549,1.8688651300422747,0.027799145339886984,0.0,0.0,268.6609505897213,False
1784381608.3251624,108.5909173488617,7.601086742571764,1.8506829080618787,0.02779914534034652,0.0,0.0,266.8948559112742,False
1784381608.485895,108.75164985656738,7.6013170857935215,1.8380238058054978,0.027799145340242873,0.0,0.0,265.6662683090866,False
1784381608.715833,108.9815878868103,7.601238012041572,1.8229889595846294,0.027799145339961553,0.0,0.0,264.2073205322762,False
1784381608.833153,109.09890794754028,7.600776166414092,1.8079610005695277,0.027799145340094932,0.0,0.0,262.74837275688503,False
1784381609.047389,109.31314396858215,7.60009056984014,1.7953183787973244,0.02779914534025984,0.0,0.0,261.5197851580897,False
1784381609.2368767,109.50263166427612,7.598924584197228,1.7803286045820834,0.027799145340148886,0.0,0.0,260.0608373868542,False
1784381609.42368,109.68943500518799,7.596809661413995,1.7606594057933125,0.02779914534004778,0.0,0.0,258.1411692716016,False
1784381609.5647042,109.8304591178894,7.595110771275918,1.7481127050223548,0.027799145340166666,0.0,0.0,256.9125816812455,False
1784381609.7702003,110.03595519065857,7.592198222508129,1.7301471631235728,0.02779914534016887,0.0,0.0,255.14648702554717,False
1784381609.9988477,110.26460266113281,7.58857024687672,1.7115055737200147,0.027799145340071673,0.0,0.0,253.30360565347544,False
1784381610.2197018,110.48545670509338,7.584905393978889,1.6952971433399426,0.02779914534014852,0.0,0.0,251.69108446027036,False
1784381610.4780965,110.74385142326355,4.8,11.247999999898132,0.12,0.0,0.0,90.00021045914973,False
1784381610.7077906,110.97354555130005,7.576895473796209,1.665496077919611,0.027799145340103554,0.0,0.0,248.6964022649857,False
1784381610.9410207,111.2067756652832,7.572431642512423,1.6511389520298951,0.02779914534011284,0.0,0.0,247.23745453959333,False
1784381611.1729653,111.43872022628784,7.566273081645551,1.6331738973202126,0.027799145340155196,0.0,0.0,245.3945732133005,False
1784381611.433942,111.69969701766968,7.564917508193639,1.6294566621023567,0.027799145340151217,0.0,0.0,245.01063960528305,False
1784381611.653066,111.91882085800171,4.8,11.353599999897417,0.12,0.0,0.0,90.00021045914973,False
1784381611.8636096,112.12936449050903,7.558953158679217,1.6139463140399084,0.027799145340114278,0.0,0.0,243.39811845801734,False
1784381612.0075083,112.27326321601868,7.557468908325497,1.610278560240118,0.027799145340110666,0.0,0.0,243.0141848530912,False
1784381612.2526882,112.51844310760498,7.551605498746239,1.5964339482322225,0.027799145340128242,0.0,0.0,241.55523716006002,False
1784381612.4157352,112.68149018287659,7.546061994029755,1.5841767452250635,0.027799145340144545,0.0,0.0,240.24986291626283,False
1784381612.5557773,112.82153224945068,7.539184795931247,1.569922736660335,0.02779914534012788,0.0,0.0,238.71412852166003,False
1784381612.7065268,112.97228169441223,7.535603548775539,1.5628661345003387,0.027799145340119596,0.0,0.0,237.94626132847208,False
1784381612.891385,113.15714001655579,7.527776944789068,1.5482070543045219,0.027799145340128326,0.0,0.0,236.33374023195438,False
1784381613.0747972,113.34055209159851,7.5207423277134,1.5358216076961597,0.027799145340138293,0.0,0.0,234.95157930221723,False
1784381613.2072792,113.47303414344788,7.51382601658084,1.5242832321424689,0.027799145340130463,0.0,0.0,233.64620509960235,False
1784381613.3248558,113.59061074256897,7.5083607287146785,1.5155677879865104,0.027799145340123836,0.0,0.0,232.6479777740696,False
1784381613.5212064,113.78696131706238,7.499213933679809,1.501694053711323,0.027799145340129144,0.0,0.0,231.03545672069805,False
1784381613.6753309,113.94108581542969,7.495175041510151,1.495828009377305,0.027799145340133214,0.0,0.0,230.34437627344752,False
1784381613.8192296,114.08498454093933,7.488752492768636,1.4868010389022366,0.027799145340134092,0.0,0.0,229.26936224945126,False
1784381614.0166185,114.28237342834473,4.8,11.695999999895099,0.12,0.0,0.0,90.00021045914973,False
1784381614.280488,114.5462429523468,7.472952171777073,1.4660118295007727,0.027799145340126362,0.0,0.0,226.73540064612504,False
1784381614.4537413,114.71949625015259,7.458319959941886,1.4483346609528163,0.027799145340132603,0.0,0.0,224.50858593274856,False
1784381614.643724,114.90947890281677,7.44942679949489,1.4382410408210502,0.027799145340130307,0.0,0.0,223.20321180311325,False
1784381614.8272755,115.09303045272827,7.442472303644328,1.4306605839904791,0.027799145340127934,0.0,0.0,222.2049845338554,False
1784381614.9824972,115.2482521533966,7.433180621018762,1.4209325778182904,0.0277991453401287,0.0,0.0,220.89961042081666,False
1784381615.1439402,115.40969514846802,7.427051241385764,1.4147518145088362,0.027799145340130522,0.0,0.0,220.05495658797273,False
1784381615.3774517,115.64320659637451,7.421968958792469,1.409762472896088,0.027799145340131386,0.0,0.0,219.36387618220022,False
1784381615.619295,115.88504981994629,7.414522491541072,1.4026646941048395,0.027799145340130796,0.0,0.0,218.3656489340395,False
1784381615.8409445,116.10669946670532,7.4051896525052205,1.3941087579510236,0.0277991453401289,0.0,0.0,217.1370615591512,False
1784381616.0804672,116.3462221622467,7.390245767128817,1.381146097374271,0.027799145340129696,0.0,0.0,215.2173938022311,False
1784381616.2413588,116.50711369514465,7.376120887655461,1.3696686666554723,0.027799145340130622,0.0,0.0,213.45129948323154,False
1784381616.5711842,116.8369390964508,7.3533209110009174,1.3525928502655382,0.02779914534012925,0.0,0.0,210.68697797309957,False
1784381616.891822,117.15757703781128,7.329057613478344,1.3362096091100533,0.02779914534013013,0.0,0.0,207.84586979447673,False
1784381617.2043884,117.47014331817627,7.306070486125732,1.32223191527396,0.02779914534012954,0.0,0.0,205.23512177261748,False
1784381617.3911614,117.65691637992859,7.286677610163381,1.3115167638745886,0.027799145340130105,0.0,0.0,203.08509401316448,False
1784381617.513484,117.77923893928528,7.276833816274639,1.3064339447581124,0.027799145340129824,0.0,0.0,202.0100801409304,False
1784381617.6540833,117.91983819007874,7.26260970281174,1.2994951256911509,0.027799145340129575,0.0,0.0,200.47434604601006,False
1784381617.78489,118.05064487457275,7.2539877653607245,1.2955157047944188,0.027799145340129745,0.0,0.0,199.55290559355424,False
1784381617.9059181,118.1716730594635,7.240208658582689,1.2894999695988825,0.027799145340129987,0.0,0.0,198.09395821708563,False
1784381618.0699356,118.33569049835205,7.2277536731967285,1.2844163872856016,0.027799145340129828,0.0,0.0,196.78858425519311,False
1784381618.2135966,118.47935152053833,7.213700474631498,1.2790721882221752,0.027799145340129672,0.0,0.0,195.32963689289193,False
1784381618.3709002,118.63665509223938,4.8,12.4047999998903,0.12,0.0,0.0,90.00021045914973,False
1784381618.5013294,118.76708436012268,7.191247065492411,1.2713672790968862,0.027799145340129897,0.0,0.0,193.02603580815526,False
1784381618.6865933,118.95234823226929,7.175354027739686,1.266513856269763,0.027799145340129814,0.0,0.0,191.41351505785798,False
1784381618.9561396,119.22189450263977,7.152426830387729,1.2603604159165516,0.02779914534012977,0.0,0.0,189.10991399731438,False
1784381619.1182299,119.38398480415344,7.137785569413715,1.256941888363046,0.027799145340129856,0.0,0.0,187.6509666649952,False
1784381619.2725682,119.5383231639862,7.125391870016279,1.2543530385830706,0.02779914534012982,0.0,0.0,186.42237944091238,False
1784381619.4158192,119.68157410621643,7.115282951912714,1.252445654754095,0.027799145340129776,0.0,0.0,185.42415232320576,False
1784381619.5626376,119.82839250564575,7.100452216831963,1.249975401627822,0.02779914534012978,0.0,0.0,183.9652049999203,False
1784381619.755869,120.02162384986877,7.0839931655506945,1.2476854249753246,0.027799145340129828,0.0,0.0,182.3526842771383,False
1784381620.011839,120.27759385108948,7.071413362326714,1.2462520796634218,0.02779914534012979,0.0,0.0,181.1240970613898,False
1784381620.2083275,120.47408246994019,7.057228093891186,1.2449623957867106,0.027799145340129776,0.0,0.0,179.74193644485206,False
1784381620.3415227,120.60727763175964,7.0406450934102525,1.2438907348338697,0.027799145340129828,0.0,0.0,178.12941572648398,False
1784381620.5125766,120.77833151817322,7.0248296342075,1.2433043356050386,0.027799145340129807,0.0,0.0,176.59368170921528,False
1784381620.6854675,120.95122241973877,7.009004140106757,1.2431420077983781,0.027799145340129772,0.0,0.0,175.0579476914562,False
1784381620.863698,121.12945294380188,6.997135273188014,1.2432986404230333,0.027799145340129793,0.0,0.0,173.90614717739626,False
1784381621.0582533,121.32400822639465,6.976578486148246,1.2441351436421886,0.027799145340129824,0.0,0.0,171.90969295058235,False
1784381621.2145405,121.480295419693,6.960004144821618,1.2453332971118731,0.027799145340129786,0.0,0.0,170.2971722257862,False
1784381621.4313316,121.6970865726471,6.941897988793218,1.2471801186833649,0.02779914534012981,0.0,0.0,168.5310780944071,False
1784381621.5656066,121.8313615322113,6.92620615594149,1.2492390008079424,0.02779914534012982,0.0,0.0,166.99534406276624,False
1784381621.7601478,122.02590274810791,6.91213518306329,1.2514509789612795,0.027799145340129786,0.0,0.0,165.61318343025476,False
1784381621.8791976,122.14495253562927,4.8,13.031999999886052,0.12,0.0,0.0,90.00021045914973,False
1784381621.9942517,122.26000666618347,6.886493491249696,1.2563850454293308,0.027799145340129807,0.0,0.0,163.0792222591265,False
1784381622.1225672,122.38832211494446,4.8,13.078399999885738,0.12,0.0,0.0,90.00021045914973,False
1784381622.2933037,122.55905866622925,6.8610950148665415,1.2624479464172051,0.027799145340129807,0.0,0.0,160.54526107072118,False
1784381622.4784975,122.7442524433136,6.847361598073499,1.2662266218833447,0.027799145340129807,0.0,0.0,159.16310041425896,True
1784381622.7459884,123.01174330711365,4.8,13.180799999885044,0.12,0.0,0.0,90.00021045914973,False
1784381622.9262836,123.19203853607178,6.817942832140865,1.2755431948863623,0.027799145340129807,0.0,0.0,156.1684189696117,False
1784381623.1471534,123.41290831565857,6.8119707333733075,1.2776435924699674,0.027799145340129807,0.0,0.0,155.554125335893,False
1784381623.3828151,123.64857006072998,6.803055665493028,1.2809139381355796,0.027799145340129807,0.0,0.0,154.63268488257964,False
1784381623.5711699,123.83692479133606,6.783196757420353,1.288793508585283,0.027799145340129807,0.0,0.0,152.55944385012373,False
1784381623.8839307,124.1496856212616,6.762199520233471,1.298050934878833,0.027799145340129807,0.0,0.0,150.33262938751903,False
1784381624.1656384,124.43139338493347,6.749353654004812,1.3042047016866745,0.027799145340129797,0.0,0.0,148.95046867543883,False
1784381624.3309135,124.59666848182678,6.744398726843169,1.306681232327185,0.027799145340129786,0.0,0.0,148.41296172946653,False
1784381624.567171,124.83292603492737,6.7310690985124895,1.3136363643970443,0.027799145340129786,0.0,0.0,146.9540142977835,False
1784381624.8536909,125.11944580078125,6.722743309436108,1.3182030735336325,0.027799145340129797,0.0,0.0,146.0325738093161,False
1784381625.045479,125.31123399734497,6.7124411118501754,1.3240987720176356,0.02779914534012981,0.0,0.0,144.8807731928364,False
1784381625.2445023,125.51025724411011,6.697550521267853,1.3331175504516175,0.02779914534012981,0.0,0.0,143.19146560990345,False
1784381625.351371,125.61712598800659,6.693536178189314,1.335653060869878,0.02779914534012981,0.0,0.0,142.730745357475,False
1784381625.5834532,125.84920811653137,6.684249615327865,1.3416941765379702,0.027799145340129793,0.0,0.0,141.65573143085155,False
1784381625.756599,126.02235388755798,6.6705363588184685,1.351079854886175,0.027799145340129793,0.0,0.0,140.0432105295155,False
1784381626.0046794,126.27043437957764,6.658996268356088,1.3594291924173778,0.027799145340129793,0.0,0.0,138.66104974590183,False
1784381626.3208416,126.58659648895264,6.651416215773524,1.365149017495836,0.027799145340129793,0.0,0.0,137.73960921776788,False
1784381626.4828439,126.74859881401062,6.647660929185944,1.3680544582676402,0.027799145340129804,0.0,0.0,137.27888895197216,False
1784381626.7454057,127.01116061210632,6.637149281688111,1.37644938155387,0.027799145340129817,0.0,0.0,135.9735148592596,False
1784381626.9828095,127.24856448173523,6.628035208647099,1.38405386761915,0.0277991453401298,0.0,0.0,134.82171418146083,False
1784381627.1834216,127.4491765499115,6.6190758376455285,1.391840022444871,0.02779914534012979,0.0,0.0,133.6699134963591,False
1784381627.3342128,127.59996771812439,6.6079550372419416,1.4019583549125691,0.0277991453401298,0.0,0.0,132.21096595138889,False
1784381627.463051,127.72880601882935,6.597660391032733,1.4118024081690823,0.027799145340129814,0.0,0.0,130.8288051084749,False
1784381627.6103816,127.87613654136658,6.588711264516986,1.420758917675718,0.027799145340129804,0.0,0.0,129.60021768371556,False
1784381627.8234556,128.0892105102539,6.576723962561821,1.4333832055434466,0.027799145340129786,0.0,0.0,127.91090996115308,False
1784381627.9531593,128.218914270401,6.57192825272347,1.4386485918761993,0.027799145340129797,0.0,0.0,127.21982952470923,False
1784381628.1744103,128.44016528129578,6.565114030881436,1.4463553888102816,0.027799145340129817,0.0,0.0,126.22160222305618,False
1784381628.3249261,128.5906810760498,6.556407587961747,1.4566105007934134,0.027799145340129817,0.0,0.0,124.91622805127209,False
1784381628.4602084,128.72596335411072,6.549414496129223,1.4652030554145241,0.027799145340129783,0.0,0.0,123.841214020639,False
1784381628.6311538,128.8969087600708,6.536388647535545,1.4821379639978423,0.02779914534012981,0.0,0.0,121.76797265874664,False
1784381628.8082223,129.07397723197937,4.8,13.943999999879876,0.12,0.0,0.0,90.00021045914973,False
1784381628.962503,129.228257894516,6.519550579226736,1.5060878628088101,0.027799145340129786,0.0,0.0,118.92686409014944,False
1784381629.3116403,129.57739520072937,4.8,14.017599999879378,0.12,0.0,0.0,90.00021045914973,False
1784381629.5649517,129.8307065963745,6.503515008018936,1.5315225892368718,0.02779914534012981,0.0,0.0,116.00896876238511,False
1784381629.90572,130.17147493362427,6.499116904802057,1.5390344344074398,0.02779914534012981,0.0,0.0,115.1643148442749,False
1784381630.1290288,130.39478373527527,6.494830015028087,1.5466102977799372,0.02779914534012981,0.0,0.0,114.31966092293895,False
1784381630.4195323,130.68528723716736,4.8,14.076799999878977,0.12,0.0,0.0,90.00021045914973,False
1784381630.7379858,131.0037407875061,6.489165163908014,1.557041213247975,0.02779914534012981,0.0,0.0,113.16786011604194,False
1784381631.066898,131.3326530456543,6.486229969827858,1.5626503370129226,0.02779914534012981,0.0,0.0,112.55356635002485,False
1784381631.3325715,131.59832644462585,6.4840681315432445,1.5668776551538368,0.027799145340129804,0.0,0.0,112.09284602446677,False
1784381631.6133301,131.87908506393433,6.482645820677941,1.5697054656514289,0.027799145340129793,0.0,0.0,111.78569914027044,False
1784381631.8168468,132.0826017856598,6.481238689287904,1.57254086009648,0.027799145340129793,0.0,0.0,111.47855225568571,False
1784381632.0908763,132.3566312789917,6.478470126244836,1.5782340746871337,0.027799145340129793,0.0,0.0,110.8642584853658,False
1784381632.3437269,132.60948181152344,4.8,14.1471999998785,0.12,0.0,0.0,90.00021045914973,False
1784381632.6391826,132.90493750572205,6.473444261625479,1.588987456505976,0.027799145340129793,0.0,0.0,109.71245766197526,False
1784381632.8097725,133.0755274295807,6.469264110433195,1.5983871732200738,0.027799145340129797,0.0,0.0,108.71423027757479,False
1784381632.9338531,133.19960808753967,6.467081272021469,1.6034783149052814,0.02779914534012981,0.0,0.0,108.17672322289977,False
1784381633.1732218,133.43897676467896,6.463747859946875,1.6115194276214333,0.02779914534012981,0.0,0.0,107.33206927773325,False
1784381633.453773,133.7195279598236,6.459111701580452,1.6233012765229717,0.02779914534012981,0.0,0.0,106.10348171669685,False
1784381633.7274323,133.99318718910217,6.45472922661479,1.6351798219352935,0.0277991453401298,0.0,0.0,104.87489415066192,False
1784381634.0605521,134.32630705833435,6.448635546178036,1.65316698739869,0.027799145340129786,0.0,0.0,103.0320127928749,False
1784381634.265272,134.53102684020996,6.447202767603746,1.657693675922366,0.027799145340129797,0.0,0.0,102.57129245189147,False
1784381634.506924,134.7726788520813,6.440793046483653,1.679727726531031,0.02779914534012982,0.0,0.0,100.34447746255975,False
1784381634.6627426,134.9284975528717,6.438978468428974,1.6866147021060045,0.027799145340129793,0.0,0.0,99.65339694615757,False
1784381634.8724554,135.13821029663086,6.434893594831715,1.7035375227936442,0.027799145340129783,0.0,0.0,97.96408901278484,False
1784381635.1273453,135.39310026168823,6.431008475396896,1.7221272218135337,0.027799145340129817,0.0,0.0,96.12120762463843,False
1784381635.3299906,135.59574556350708,6.428228928827344,1.7377075534761508,0.027799145340129793,0.0,0.0,94.58547313030554,False
1784381635.5371222,135.80287718772888,6.425550001000965,1.7557094139839622,0.027799145340129786,0.0,0.0,92.81937845801892,False
1784381635.7993956,136.06515049934387,6.42410232481432,1.7674907029360478,0.02779914534012982,0.0,0.0,91.6675775830659,False
1784381636.362369,136.62812399864197,6.421596233885924,1.7958657262680058,0.027799145340129783,0.0,0.0,88.90325547958244,False
1784381636.5607526,136.82650756835938,6.420687156216773,1.8148352977039748,0.02779914534012982,0.0,0.0,87.06037407600348,False
1784381636.7444012,137.01015615463257,6.420438763105504,1.8259111105029147,0.02779914534012982,0.0,0.0,85.98535992402354,False
1784381636.9406302,137.20638513565063,6.420409387218168,1.8385722741537995,0.02779914534012978,0.0,0.0,84.75677232223454,False
1784381637.1716027,137.43735766410828,6.420651489287359,1.8512311569846562,0.02779914534012978,0.0,0.0,83.52818472129223,False
1784381637.3708668,137.6366217136383,6.421164957999355,1.8638819386924819,0.02779914534012982,0.0,0.0,82.29959712155126,False
1784381637.6144602,137.88021516799927,6.42189258273829,1.8757295164176206,0.02779914534012982,0.0,0.0,81.14779624819855,False
1784381637.9552999,138.22105479240417,6.423155863187133,1.8907114046848206,0.02779914534012978,0.0,0.0,79.6888484776956,False
1784381638.266632,138.53238701820374,6.424150111771789,1.9001551891928703,0.02779914534012978,0.0,0.0,78.76740778216495,False
1784381638.5859113,138.8516662120819,4.8,14.825599999873907,0.12,0.0,0.0,90.00021045914973,False
1784381638.8365073,139.10226225852966,6.42754246565432,1.9252478562771338,0.02779914534012982,0.0,0.0,76.31023260147963,False
1784381639.0020165,139.26777148246765,6.428558445926597,1.9314964895505007,0.027799145340129804,0.0,0.0,75.6959388082165,False
1784381639.301922,139.5676770210266,6.4309394928984505,1.944736583410372,0.027799145340129786,0.0,0.0,74.39056450039132,False
1784381639.502777,139.76853203773499,6.433956807871037,1.9594657607091728,0.027799145340129807,0.0,0.0,72.93161674958252,False
1784381639.8184657,140.0842206478119,6.436419553847224,1.9702671592552714,0.027799145340129814,0.0,0.0,71.85660262107868,False
1784381640.0523996,140.31815457344055,6.439681799394772,1.9833181065039542,0.02779914534012981,0.0,0.0,70.55122832669895,False
1784381640.2846923,140.55044722557068,6.441529007817562,1.9901964018690557,0.02779914534012979,0.0,0.0,69.86014782003011,False
1784381640.45695,140.72270488739014,4.8,15.023999999872563,0.12,0.0,0.0,90.00021045914973,False
1784381640.6535447,140.91929960250854,6.44999015413972,2.0182236600357544,0.02779914534012979,0.0,0.0,67.01903908708078,False
1784381640.9335952,141.19935011863708,6.457310951815719,2.039135475571227,0.027799145340129814,0.0,0.0,64.86901087610377,False
1784381641.246326,141.51208090782166,6.463908001152485,2.0560978626700392,0.02779914534012979,0.0,0.0,63.10291628780786,True
1784381641.539151,141.80490589141846,6.469118431118454,2.06850031765565,0.02779914534012979,0.0,0.0,61.79754203522352,False
1784381641.76767,142.03342485427856,6.47296584459047,2.077181965290628,0.027799145340129807,0.0,0.0,60.876101390772625,False
1784381641.9765549,142.24230980873108,4.8,15.188799999871447,0.12,0.0,0.0,90.00021045914973,False
1784381642.2553062,142.5210611820221,6.479686839803287,2.091510288193143,0.027799145340129824,0.0,0.0,59.34036699178112,False
1784381642.5797143,142.8454692363739,6.483546360164423,2.0993125463505544,0.027799145340129797,0.0,0.0,58.49571307694764,False
1784381642.7656832,143.0314381122589,6.486789425792591,2.1056533389995997,0.02779914534012978,0.0,0.0,57.804632603666185,False
1784381642.9190917,143.18484663963318,6.48936454561172,2.110557751819469,0.02779914534012978,0.0,0.0,57.2671255704645,False
1784381643.2686703,143.53442525863647,6.4935038017410545,2.1182152767765743,0.027799145340129793,0.0,0.0,56.422471663966675,False
1784381643.5045161,143.77027106285095,6.499724996282189,2.1292426366790456,0.02779914534012982,0.0,0.0,55.19388416985716,False
1784381643.7149277,143.98068261146545,6.507831627063767,2.142835103387506,0.027799145340129804,0.0,0.0,53.6581498128536,False
1784381643.9432795,144.2090344429016,6.516299629660112,2.1562054267148505,0.02779914534012978,0.0,0.0,52.12241546792292,False
1784381644.1584058,144.42416071891785,6.523330140053595,2.166735281962876,0.02779914534012981,0.0,0.0,50.89382800083596,False
1784381644.409714,144.67546892166138,6.529665828493663,2.1758234270038233,0.027799145340129824,0.0,0.0,49.81881397368724,False
1784381644.6012845,144.86703944206238,6.537586673491913,2.186696774446724,0.027799145340129793,0.0,0.0,48.513439806180614,False
1784381644.843761,145.10951590538025,4.8,15.462399999869595,0.12,0.0,0.0,90.00021045914973,False
1784381645.0595894,145.32534432411194,6.556174024014581,2.210330971132425,0.02779914534012982,0.0,0.0,45.59554464164663,False
1784381645.2536254,145.51938033103943,6.568000232860529,2.224165146943571,0.027799145340129786,0.0,0.0,43.82945022262665,False
1784381645.4581604,145.72391533851624,6.577549593959672,2.234733724316519,0.027799145340129786,0.0,0.0,42.44728938495617,False
1784381645.615906,145.88166093826294,6.58624976863007,2.2439322507551274,0.027799145340129814,0.0,0.0,41.21870198254633,False
1784381645.8365207,146.1022756099701,4.8,15.627199999868479,0.12,0.0,0.0,90.00021045914973,False
1784381646.0218365,146.28759145736694,4.8,15.657599999868273,0.12,0.0,0.0,90.00021045914973,False
1784381646.2904856,146.55624055862427,4.8,15.697599999868002,0.12,0.0,0.0,90.00021045914973,False
1784381646.4605145,146.72626948356628,6.634421928573296,2.28853067567359,0.027799145340129814,0.0,0.0,34.84540496525149,False
1784381646.6674187,146.93317365646362,6.642404418560805,2.295019758189243,0.02779914534012981,0.0,0.0,33.847177741411,False
1784381646.9283168,147.19407176971436,6.649872190972933,2.300885418534271,0.027799145340129786,0.0,0.0,32.92573723175068,False
1784381647.2303436,147.49609851837158,6.6555343961502045,2.305205436892711,0.027799145340129786,0.0,0.0,32.234656852408015,False
1784381647.5472732,147.8130280971527,6.662524986477184,2.3103922255575053,0.027799145340129793,0.0,0.0,31.390003058776916,False
1784381647.75943,148.02518486976624,6.665085868632571,2.3122526994202834,0.027799145340129807,0.0,0.0,31.082856225633424,False
1784381648.0094433,148.27519822120667,6.67217930800028,2.317297919703833,0.027799145340129814,0.0,0.0,30.238202436950928,False
1784381648.2112718,148.4770267009735,6.683286112799481,2.3248879366506396,0.027799145340129814,0.0,0.0,28.932828406907106,False
1784381648.325516,148.5912709236145,6.689899324852433,2.3292337842753725,0.027799145340129814,0.0,0.0,28.16496133432182,False
1784381648.4812853,148.74704027175903,6.700599871055848,2.336001667170773,0.027799145340129786,0.0,0.0,26.93637402408837,False
1784381648.6280594,148.89381432533264,6.710761284061556,2.3421368298777727,0.027799145340129786,0.0,0.0,25.784573427202503,False
1784381648.8146808,149.08043575286865,6.726576221634861,2.3511441261199377,0.02779914534012981,0.0,0.0,24.018479190409526,False
1784381648.9750836,149.24083852767944,6.736335910608948,2.356386625468915,0.02779914534012981,0.0,0.0,22.943465313889842,False
1784381649.1268468,149.39260172843933,6.746899868444806,2.3617993263248764,0.027799145340129797,0.0,0.0,21.791664737366602,False
1784381649.3375869,149.60334181785583,4.8,16.01119999986588,0.12,0.0,0.0,90.00021045914973,False
1784381649.5772343,149.8429892063141,6.766180900049102,2.3710028952296467,0.02779914534012979,0.0,0.0,19.718423713256428,False
1784381649.8948712,150.1606261730194,6.7777594919188,2.376125603327145,0.02779914534012981,0.0,0.0,18.48983644757807,False
1784381650.1272056,150.39296054840088,6.782859143201958,2.3782884865835308,0.02779914534012981,0.0,0.0,17.95232952060034,False
1784381650.3994699,150.66522479057312,6.790913248880147,2.3815903817207946,0.027799145340129804,0.0,0.0,17.107675780293572,False
1784381650.5944781,150.8602330684662,6.800493225892592,2.3853390319761085,0.027799145340129793,0.0,0.0,16.109448635837836,False
1784381650.8831635,151.14891839027405,6.810137055998796,2.3889202160230836,0.027799145340129793,0.0,0.0,15.11122149468291,False
1784381651.208835,151.4745898246765,6.819093196187222,2.392076344823981,0.027799145340129793,0.0,0.0,14.189781059489407,False
1784381651.4929373,151.75869226455688,6.824340664597865,2.3938507693700966,0.027799145340129793,0.0,0.0,13.652274140147911,False
1784381651.9915495,152.25730443000793,6.8386652040044105,2.398418090722227,0.027799145340129793,0.0,0.0,12.193326791832192,False
1784381652.2887764,152.5545313358307,6.854627098113767,2.4030400273931627,0.027799145340129793,0.0,0.0,10.58080604504468,False
1784381652.4802175,152.74597239494324,4.8,16.254399999864233,0.12,0.0,0.0,90.00021045914973,False
1784381652.8149743,153.08072924613953,6.886135771635558,2.410760962980155,0.0277991453401298,0.0,0.0,7.432551271037233,False
1784381652.9648883,153.2306432723999,6.8954333155237055,2.412692095738549,0.027799145340129793,0.0,0.0,6.511110853085084,False
1784381653.1944745,153.46022939682007,6.903204175541751,2.4141869869769557,0.027799145340129793,0.0,0.0,5.743243839218688,False
1784381653.4165907,153.6823456287384,6.918020923369588,2.4167397966740527,0.027799145340129793,0.0,0.0,4.284296515295892,False
1784381653.6064336,153.87218856811523,4.8,16.3919999998633,0.12,0.0,0.0,90.00021045914973,False
1784381653.8178222,154.0835771560669,6.947825352705226,2.4207097896725154,0.027799145340129814,0.0,0.0,1.366401874926787,False
1784381653.963466,154.22922086715698,6.9604279643794875,2.421926386123702,0.027799145340129786,0.0,0.0,0.13781466001247292,False
1784381654.1858547,154.45160961151123,6.978583360344452,2.4232012325446597,0.0277991453401298,0.0,0.0,358.3717205397309,False
1784381654.3839185,154.64967346191406,6.991232320713111,2.423757766038124,0.027799145340129817,0.0,0.0,357.14313332593537,False
1784381654.5572217,154.82297658920288,7.001516514101892,2.4240101638150744,0.02779914534012981,0.0,0.0,356.1449062146291,False
1784381654.8505237,155.11627864837646,7.008638189423055,2.424079925600812,0.027799145340129786,0.0,0.0,355.45382590664155,False
1784381655.1766717,155.44242668151855,7.018925353697693,2.4240290386455334,0.027799145340129786,0.0,0.0,354.45559879472677,False
1784381655.4098234,155.67557835578918,4.8,16.60479999986186,0.12,0.0,0.0,90.00021045914973,False
1784381655.5835857,155.84934067726135,7.051338775170707,2.4226950739331383,0.027799145340129817,0.0,0.0,351.3073440522193,False
1784381655.7873592,156.0531141757965,7.071049327163734,2.4210085332424374,0.02779914534012978,0.0,0.0,349.38767652076046,False
1784381656.0346925,156.30044746398926,7.08598534490276,2.4192856787382127,0.02779914534012982,0.0,0.0,347.9287291930418,False
1784381656.3675854,156.63334035873413,7.09617724772627,2.4178880181457356,0.027799145340129824,0.0,0.0,346.9305020718521,False
1784381656.7072265,156.9729814529419,7.11102566914358,2.415526401124011,0.027799145340129783,0.0,0.0,345.4715547372093,False
1784381656.8912685,157.1570234298706,7.128136814890659,2.412320665084687,0.027799145340129797,0.0,0.0,343.7822472909965,False
1784381657.028271,157.29402589797974,7.1405181014134405,2.4096730865725275,0.027799145340129817,0.0,0.0,342.5536600528226,False
1784381657.1958897,157.46164464950562,7.15207152348674,2.4069504088262477,0.02779914534012981,0.0,0.0,341.4018595132292,False
1784381657.4424405,157.70819544792175,7.168912012077278,2.402538380226662,0.027799145340129783,0.0,0.0,339.7125520479636,False
1784381657.6172993,157.8830542564392,7.180316279778239,2.3992463878331827,0.027799145340129804,0.0,0.0,338.56075149821163,False
1784381657.8534374,158.11919236183167,7.195414656454577,2.3945017450026946,0.02779914534012982,0.0,0.0,337.02501742478705,False
1784381658.0447402,158.31049513816833,7.205905275675755,2.390940532196479,0.02779914534012978,0.0,0.0,335.9500035683089,False
1784381658.3780756,158.64383053779602,7.211125067695488,2.3890862726511886,0.02779914534012978,0.0,0.0,335.41249663843547,False
1784381658.6631927,158.92894768714905,7.222989101574289,2.3846646634350885,0.027799145340129793,0.0,0.0,334.18390936591953,False
1784381658.850802,159.11655688285828,7.236219288206856,2.3793876105873957,0.02779914534012982,0.0,0.0,332.80174867704545,False
1784381659.0449088,159.31066370010376,7.250765361402942,2.373151877396861,0.027799145340129797,0.0,0.0,331.26601456884384,False
1784381659.2756925,159.54144740104675,7.2658530660872165,2.366187286274008,0.027799145340129776,0.0,0.0,329.65349374406236,False
1784381659.4709692,159.7367241382599,7.276507040136516,2.36095399164531,0.02779914534012982,0.0,0.0,328.5016931476705,False
1784381659.6577022,159.92345714569092,7.287053665179014,2.3555075950450943,0.027799145340129828,0.0,0.0,327.34989254504467,True
1784381660.0009408,160.26669573783875,7.29818027493104,2.3494657010238975,0.027799145340129772,0.0,0.0,326.1213052285379,False
1784381660.310337,160.576092004776,7.307123607190368,2.3443818888327446,0.027799145340129772,0.0,0.0,325.12307802841167,False
1784381660.512602,160.77835702896118,7.31529923725316,2.339551498666415,0.027799145340129814,0.0,0.0,324.2016375315605,False
1784381660.8775268,161.14328169822693,7.325407804998177,2.3333296505600747,0.027799145340129828,0.0,0.0,323.04983690442486,False
1784381661.0658183,161.33157324790955,7.3400026394094455,2.323839715848012,0.027799145340129772,0.0,0.0,321.360529305543,False
1784381661.1757574,161.4415123462677,7.351731627201656,2.3157578861999664,0.027799145340129807,0.0,0.0,319.97836853165217,False
1784381661.3127773,161.5785322189331,7.360717385284787,2.309277802869768,0.02779914534012983,0.0,0.0,318.9033545893551,False
1784381661.4489322,161.71468710899353,7.369579986127022,2.3026302744112996,0.027799145340129797,0.0,0.0,317.8283406408286,False
1784381661.6872904,161.95304536819458,7.378316309894904,2.295817640903057,0.02779914534012977,0.0,0.0,316.7533266860253,False
1784381661.9672601,162.2330150604248,7.3863128521495955,2.289345883007048,0.027799145340129793,0.0,0.0,315.7550994366253,False
1784381662.2424462,162.50820112228394,7.389358232096479,2.286819803430407,0.02779914534012981,0.0,0.0,315.3711658777086,False
1784381662.39055,162.6563048362732,7.3989885707793235,2.278600162027587,0.02779914534012983,0.0,0.0,314.1425784837259,False
1784381662.6424205,162.90817546844482,7.407855024072706,2.2707083598436646,0.027799145340129786,0.0,0.0,312.9907777943097,False
1784381662.8645349,163.13028979301453,4.8,17.459199999856075,0.12,0.0,0.0,90.00021045914973,False
1784381663.0888836,163.35463857650757,7.433477812879426,2.2459862660682073,0.02779914534012983,0.0,0.0,309.5353756821444,False
1784381663.2784967,163.54425168037415,7.4427624848616665,2.2362515685237256,0.02779914534012978,0.0,0.0,308.2300015337978,False
1784381663.4778216,163.74357652664185,7.455487510652302,2.222153881433267,0.027799145340129807,0.0,0.0,306.3871203673864,False
1784381663.6301615,163.89591646194458,7.464223542543243,2.2119239636965076,0.027799145340129835,0.0,0.0,305.0817461967594,False
1784381663.792465,164.05821990966797,7.4702487379220255,2.2045843031641605,0.0277991453401298,0.0,0.0,304.16030560025615,False
1784381664.0326493,164.29840421676636,7.483368697890091,2.187722200366849,0.02779914534012979,0.0,0.0,302.08706424180787,False
1784381664.2264638,164.49221873283386,7.491772693696032,2.176221853433666,0.02779914534012982,0.0,0.0,300.7049033238471,False
1784381664.433902,164.6996569633484,7.4972201838344175,2.168443778654213,0.02779914534012982,0.0,0.0,299.7834627065056,False
1784381664.6038451,164.86960005760193,7.504721809619852,2.157277083499617,0.02779914534012978,0.0,0.0,298.47808849139574,False
1784381664.7593062,165.02506113052368,7.511548069229439,2.1466136831188867,0.027799145340129783,0.0,0.0,297.2495009872588,False
1784381665.157881,165.42363595962524,7.520157697139401,2.132400355943294,0.027799145340129824,0.0,0.0,295.6369798772521,False
1784381665.4335022,165.69925713539124,7.522938262089081,2.127609430588921,0.027799145340129824,0.0,0.0,295.0994728379187,False
1784381665.7056882,165.97144317626953,7.526447020001602,2.1214117097176564,0.027799145340129793,0.0,0.0,294.4083923568618,False
1784381665.9305532,166.19630813598633,7.536881240448019,2.1018662460168867,0.027799145340129804,0.0,0.0,292.2583641801987,False
1784381666.124382,166.39013695716858,7.542167239988352,2.0912383231448723,0.027799145340129828,0.0,0.0,291.1065633632511,False
1784381666.343978,166.60973286628723,7.552093078450917,2.069674489130226,0.027799145340129772,0.0,0.0,288.80296171352796,False
1784381666.57488,166.84063482284546,4.8,17.958399999852695,0.12,0.0,0.0,90.00021045914973,False
1784381666.8599248,167.12567973136902,7.5631285954726275,2.0425574177269317,0.027799145340129814,0.0,0.0,285.9618529852725,False
1784381667.0594165,167.3251714706421,7.566417336471739,2.0336491194201094,0.027799145340129776,0.0,0.0,285.0404123107777,False
1784381667.302913,167.56866788864136,7.569562393579985,2.0246890852757295,0.027799145340129776,0.0,0.0,284.11897163361215,False
1784381667.685301,167.95105600357056,7.5796402154854885,1.9921929919821724,0.02779914534012979,0.0,0.0,280.8171425204437,False
1784381667.8374856,168.10324048995972,7.5823166156866,1.9822599551726605,0.027799145340129776,0.0,0.0,279.81891510860885,False
1784381667.971051,168.23680591583252,7.585916052838803,1.967662116095228,0.027799145340129817,0.0,0.0,278.35996734882804,False
1784381668.199459,168.46521401405334,4.8,18.166399999851286,0.12,0.0,0.0,90.00021045914973,False
1784381668.3984015,168.66415643692017,7.591134416282047,1.9428847334804278,0.027799145340129793,0.0,0.0,275.90279216507054,False
1784381668.5585806,168.82433557510376,7.59308240224981,1.9319787406799407,0.02779914534012978,0.0,0.0,274.8277780190464,False
1784381668.867674,169.13342905044556,7.595285709718731,1.9179064074943146,0.02779914534012981,0.0,0.0,273.4456169718736,False
1784381669.0928097,169.35856461524963,7.596665553887526,1.9077120772875042,0.02779914534012982,0.0,0.0,272.44738954757406,False
1784381669.335953,169.60170793533325,7.598362299297216,1.8927730710100443,0.0277991453401298,0.0,0.0,270.98844177200885,False
1784381669.5098755,169.77563047409058,7.599618393838465,1.878584788816865,0.02779914534012978,0.0,0.0,269.60628072021206,False
1784381669.740281,170.00603604316711,7.600612214783616,1.8627896967380426,0.027799145340129814,0.0,0.0,268.0705462174037,False
1784381670.1544473,170.42020225524902,7.601005177865526,1.853301853142218,0.02779914534012983,0.0,0.0,267.1491055155873,False
1784381670.4395945,170.70534944534302,7.60119974122866,1.8461824942395837,0.02779914534012982,0.0,0.0,266.458024989273,False
1784381670.685027,170.9507818222046,7.601332913622361,1.8327306640587515,0.027799145340129772,0.0,0.0,265.1526506621466,False
1784381671.0358524,171.3016073703766,7.601195899167494,1.8208615544563815,0.027799145340129797,0.0,0.0,264.0008497859429,False
1784381671.231637,171.4973919391632,7.600914520258324,1.8113697463045044,0.02779914534012983,0.0,0.0,263.0794090856399,False
1784381671.406086,171.6718409061432,7.6001569463499425,1.7963537902804403,0.02779914534012981,0.0,0.0,261.6204613117498,False
1784381671.6063979,171.87215280532837,7.59887514102739,1.779785708397992,0.027799145340129772,0.0,0.0,260.0079400908669,False
1784381671.8604817,172.1262366771698,7.596542967387508,1.7585483633091108,0.027799145340129824,0.0,0.0,257.9346985268442,False
1784381672.0830405,172.34879541397095,7.59468094594467,1.7452253626618548,0.027799145340129814,0.0,0.0,256.62932421271137,False
1784381672.2755728,172.54132771492004,7.592515895056827,1.7319482385472942,0.027799145340129772,0.0,0.0,255.3239499021155,False
1784381672.539001,172.8047559261322,7.591247389188529,1.7249400990688817,0.027799145340129772,0.0,0.0,254.63286938630773,False
1784381672.8870313,173.1527862548828,7.588783911096831,1.7125208718936913,0.027799145340129828,0.0,0.0,253.404281805548,False
1784381673.1000993,173.36585426330566,7.586233051834415,1.7009283030352698,0.027799145340129828,0.0,0.0,252.25248095219513,False
1784381673.368493,173.63424801826477,7.584214586186114,1.6924608992891654,0.027799145340129793,0.0,0.0,251.4078269954417,False
1784381673.573778,173.83953285217285,7.581261417427423,1.6809642332508463,0.02779914534012978,0.0,0.0,250.25602614875567,False
1784381673.865417,174.1311719417572,7.576285979838317,1.6634574158119588,0.02779914534012982,0.0,0.0,248.48993152537773,False
1784381674.0835724,174.34932732582092,7.570773358185452,1.6461122539921902,0.0277991453401298,0.0,0.0,246.72383691268516,False
1784381674.428078,174.6938328742981,7.563065161448263,1.6244981934268223,0.02779914534012979,0.0,0.0,244.49702198272948,False
1784381674.6751316,174.94088649749756,7.557561979324681,1.6105064873100552,0.027799145340129817,0.0,0.0,243.03807428064565,False
1784381674.9941916,175.25994658470154,7.550104418257202,1.5930406393318517,0.02779914534012979,0.0,0.0,241.1951929855246,False
1784381675.288005,175.5537600517273,7.542434039111097,1.5765358242830054,0.02779914534012979,0.0,0.0,239.4290984250636,False
1784381675.5918055,175.85756039619446,7.536439613340154,1.5644927212868056,0.02779914534012981,0.0,0.0,238.12372419391605,False
1784381675.7765205,176.04227542877197,7.533891846962763,1.5595740432452172,0.02779914534012981,0.0,0.0,237.58621715989474,False
1784381675.981246,176.24700093269348,7.526745108675026,1.546346156588994,0.02779914534012981,0.0,0.0,236.12726950313993,False
1784381676.0958312,176.3615860939026,7.52006700054041,1.5346682996861738,0.027799145340129793,0.0,0.0,234.82189529281135,False
1784381676.2703683,176.53612327575684,7.515193702215585,1.5265181733362432,0.027799145340129793,0.0,0.0,233.90045467890738,False
1784381676.4698768,176.73563170433044,4.8,19.11679999984485,0.12,0.0,0.0,90.00021045914973,False
1784381676.7245467,176.9903016090393,7.49212762332016,1.4915000950474344,0.02779914534012979,0.0,0.0,229.83075868669926,False
1784381676.9308867,177.1966416835785,7.481833106932102,1.4774611853793864,0.027799145340129786,0.0,0.0,228.14145094215488,False
1784381677.1102912,177.3760461807251,7.47555696554404,1.4693102107399534,0.027799145340129814,0.0,0.0,227.143223645819,False
1784381677.3849235,177.65067839622498,7.463601117289928,1.4545545760468084,0.027799145340129807,0.0,0.0,225.30034249764952,False
1784381677.60261,177.86836504936218,7.454326188554254,1.4437443576383744,0.027799145340129786,0.0,0.0,223.91818164876662,False
1784381677.896142,178.16189694404602,4.8,19.315199999843507,0.12,0.0,0.0,90.00021045914973,False
1784381678.0563843,178.32213926315308,7.433352650460755,1.4211086994557585,0.027799145340129817,0.0,0.0,220.92349984567446,False
1784381678.2369673,178.50272226333618,7.426664359380207,1.4143677530456134,0.027799145340129793,0.0,0.0,220.00205930082728,True
1784381678.4409602,178.7067151069641,7.416430834404023,1.4044601755590784,0.027799145340129786,0.0,0.0,218.61989849230224,False
1784381678.6715264,178.93728137016296,7.404783721492232,1.3937448885974781,0.027799145340129814,0.0,0.0,217.08416427284888,False
1784381678.8875444,179.15329933166504,7.394660839573701,1.3848850504632992,0.027799145340129814,0.0,0.0,215.77879019636075,False
1784381679.098038,179.36379289627075,7.3800318214183775,1.3727746049519192,0.027799145340129793,0.0,0.0,213.93590916272782,False
1784381679.344509,179.6102638244629,7.370693778900866,1.3654468837744271,0.027799145340129793,0.0,0.0,212.78410852581047,False
1784381679.5657547,179.83150959014893,7.352231290719455,1.3518189550538215,0.027799145340129793,0.0,0.0,210.55729398055254,False
1784381679.795706,180.06146097183228,7.340510687757582,1.3437249701699734,0.027799145340129807,0.0,0.0,209.1751332409313,False
1784381680.185183,180.4509379863739,7.322572274874764,1.332119919392128,0.027799145340129807,0.0,0.0,207.10189214904295,False
1784381680.3603957,180.62615060806274,7.313108707839285,1.326360038554832,0.027799145340129807,0.0,0.0,206.02687825759529,False
1784381680.5349228,180.80067777633667,7.299405592081152,1.3184418801598108,0.027799145340129807,0.0,0.0,204.49114413617335,False
1784381680.66288,180.92863488197327,7.288991678627696,1.3127458339611022,0.027799145340129807,0.0,0.0,203.33934355200952,False
1784381680.8184273,181.08418226242065,7.277053599410206,1.306544887686753,0.027799145340129786,0.0,0.0,202.03396956352648,False
1784381681.014556,181.28031086921692,7.264262817468128,1.3002774302756428,0.027799145340129786,0.0,0.0,200.65180887753763,False
1784381681.208395,181.47414994239807,7.249154398816482,1.293357889250757,0.027799145340129814,0.0,0.0,199.03928808677273,False
1784381681.5910733,181.85682821273804,7.219124147820583,1.2810862398683525,0.027799145340129783,0.0,0.0,195.89103323707823,False
1784381681.8318222,182.09757709503174,7.207229434621842,1.2767478385663804,0.027799145340129814,0.0,0.0,194.6624459877373,False
1784381682.1341245,182.3998794555664,7.200498629637191,1.2744198801592364,0.027799145340129814,0.0,0.0,193.97136566204858,False
1784381682.340414,182.60616898536682,7.197498246773878,1.273411325212096,0.027799145340129814,0.0,0.0,193.66421885109057,False
1784381682.5945783,182.8603332042694,7.1922347229236285,1.271685108577828,0.027799145340129814,0.0,0.0,193.12671193257495,False
1784381682.7779348,183.0436897277832,7.1854439453741605,1.2695383746957554,0.027799145340129786,0.0,0.0,192.4356316099695,False
1784381683.015236,183.28099083900452,7.174830395018634,1.266362232830916,0.027799145340129786,0.0,0.0,191.3606177773677,False
1784381683.1679244,183.4336793422699,7.166450495986937,1.2640067239705084,0.027799145340129797,0.0,0.0,190.5159640538207,False
1784381683.3290849,183.59483981132507,7.157270287432442,1.2615782744695805,0.027799145340129817,0.0,0.0,189.59452363007654,False
1784381683.5116541,183.77740907669067,7.141115241421316,1.257684837616765,0.027799145340129807,0.0,0.0,187.9820028930001,False
1784381683.7327278,183.9984827041626,4.8,20.071999999838383,0.12,0.0,0.0,90.00021045914973,False
1784381683.9268157,184.19257068634033,7.1100690699829725,1.2515329470822505,0.02779914534012981,0.0,0.0,184.91053483572327,False
1784381684.1460602,184.4118151664734,7.095216786952628,1.2491957388480892,0.027799145340129824,0.0,0.0,183.45158751340566,False
1784381684.4438305,184.70958542823792,7.085807607472637,1.2479147479832209,0.027799145340129797,0.0,0.0,182.53014710056033,False
1784381684.6038387,184.8695936203003,7.082666786550186,1.2475213978326594,0.027799145340129783,0.0,0.0,182.2230002964617,False
1784381684.8415554,185.10731029510498,7.078737869180177,1.2470533963924484,0.027799145340129783,0.0,0.0,181.83906679145358,False
1784381685.0535722,185.31932711601257,7.059051098251099,1.2451088322363595,0.027799145340129807,0.0,0.0,179.91939926796564,False
1784381685.2899675,185.55572247505188,4.8,20.22719999983733,0.12,0.0,0.0,90.00021045914973,False
1784381685.5197318,185.78548669815063,7.038519790194031,1.2437872345290857,0.027799145340129793,0.0,0.0,177.92294504520922,False
1784381685.9743881,186.2401430606842,7.033776118806154,1.2435838993448514,0.02779914534012978,0.0,0.0,177.46222484004076,False
1784381686.1938586,186.45961356163025,7.026657929491857,1.2433504320610538,0.02779914534012978,0.0,0.0,176.77114453226616,False
1784381686.4105103,186.67626523971558,7.010833014079595,1.24313908863362,0.027799145340129807,0.0,0.0,175.2354105145994,False
1784381686.6007714,186.86652636528015,6.9942170785239455,1.2433737112219894,0.027799145340129824,0.0,0.0,173.62288979484626,False
1784381686.8128755,187.0786304473877,6.9768242708127985,1.2441209007927334,0.02779914534012978,0.0,0.0,171.9335823719697,False
1784381686.9708664,187.2366213798523,6.965770571624467,1.2448632366660057,0.027799145340129786,0.0,0.0,170.85856855583728,False
1784381687.0932498,187.35900473594666,6.955520552191983,1.2457381309049547,0.02779914534012982,0.0,0.0,169.86034143951613,False
1784381687.2483323,187.5140872001648,6.942928531123175,1.2470598469636827,0.02779914534012982,0.0,0.0,168.6317542173751,False
1784381687.5098388,187.7755937576294,6.924883697495627,1.249432106518568,0.02779914534012979,0.0,0.0,166.86566008092998,False
1784381687.674598,187.94035291671753,6.909258330297917,1.251946169721067,0.02779914534012981,0.0,0.0,165.32992604411854,False
1784381687.9093218,188.17507672309875,6.892155161037648,1.2551941927484138,0.02779914534012981,0.0,0.0,163.64061859732195,False
1784381688.1897678,188.45552277565002,6.871307465321677,1.259867247813902,0.02779914534012979,0.0,0.0,161.56737762967742,False
1784381688.4374158,188.7031707763672,6.853691368513885,1.2644407332790772,0.027799145340129814,0.0,0.0,159.8012834621371,False
1784381688.6201663,188.8859212398529,6.842282016328369,1.2677150604497753,0.027799145340129814,0.0,0.0,158.64948291272444,False
1784381688.8366487,189.10240364074707,6.82792855110681,1.2721906486431651,0.027799145340129786,0.0,0.0,157.19053554362637,False
1784381688.9886386,189.25439357757568,6.821919934957725,1.274184179598938,0.027799145340129786,0.0,0.0,156.57624191225392,False
1784381689.3124247,189.57817959785461,6.814439787070448,1.2767664949977964,0.027799145340129786,0.0,0.0,155.80837487106677,False
1784381689.6211762,189.88693118095398,6.8099685462494515,1.2783639207250104,0.02779914534012979,0.0,0.0,155.34765464527845,False
1784381689.9309864,190.19674134254456,6.801065321225897,1.2816663713699885,0.027799145340129824,0.0,0.0,154.42621419121784,False
