EpochTime(s),TimeFromStart(s),right_prop_rate(rad/s),left_prop_rate(rad/s),LastDT(s),Yaw(rad),North(m),East(m),IMUSensedYawRate(rad/s),IMUIntegratedYaw(rad),IMUSensedTimeStamp(s),ARUCOSensedNorth(m),ARUCOSensedEast(m),ARUCOSensedYaw(rad),ArucoSensedTimeStamp(s),DepthTimeStamp(s),Depth(m),NavigationMode,APFEncounter,APFSide,APFDCPA(m),APFTCPA(s),APFForceX,APFForceY,NearestObstacleNorth(m),NearestObstacleEast(m),NearestObstacleDistance(m),WebotsEnvironment,SwitchCombination,EKFPredictionEnabled,ClusterSizeAPFEnabled
1784381503.9568486,4.2226035594940186,-200.0,200.0,0.2,6.283185305594933,-4.4087703633716586e-05,1.00000000072376,-1.3283823994379574e-12,6.283185305594704,1784381503.9568486,-4.4087703633716586e-05,1.00000000072376,6.283185305594969, 1784381503.796327, 1784381503.9084709,0.9836654557152392,track,none,0.0,nan,nan,0.0,0.0,nan,nan,nan,WEBOTS_UNKNOWN,ekf_on_cluster_on,1,1
1784381504.0742364,4.339991331100464,-200.0,200.0,0.2,6.28318530559586,0.030173575342269405,1.0000000006758754,8.318196534317909e-12,6.283185305595655,1784381504.0711849,None,None,None, None, 1784381504.0606701,0.9446303883828555,track,none,0.0,nan,nan,0.0,0.0,nan,nan,nan,WEBOTS_UNKNOWN,ekf_on_cluster_on,1,1
1784381504.1792867,4.445041656494141,-200.0,200.0,0.2,6.283185305596347,0.08492763609470122,1.0000000005891598,8.318196534317909e-12,6.283185305597319,1784381504.243833,None,None,None, None, 1784381504.1792867,0.9917744831900802,track,none,0.0,nan,nan,0.0,0.0,nan,nan,nan,WEBOTS_UNKNOWN,ekf_on_cluster_on,1,1
1784381504.3132148,4.578969717025757,-200.0,200.0,0.2,6.283185305594551,0.15124604628131805,1.0000000004841618,-1.0094158992536859e-11,6.283185305595576,1784381504.243833,None,None,None, None, 1784381504.2906904,0.9817783277426909,track,none,0.0,nan,nan,0.0,0.0,nan,nan,nan,WEBOTS_UNKNOWN,ekf_on_cluster_on,1,1
1784381504.3785787,4.644333600997925,-200.0,200.0,0.2,6.283185305589992,0.22041736616025126,1.0000000003745229,-4.106920682192795e-11,6.283185305591846,1784381504.3346593,None,None,None, None, 1784381504.2906904,0.9817783277426909,track,none,0.0,nan,nan,0.0,0.0,nan,nan,nan,WEBOTS_UNKNOWN,ekf_on_cluster_on,1,1
1784381504.475903,4.741657972335815,-200.0,200.0,0.2,6.283185305580926,0.29003658107746333,1.0000000002638565,-9.673819590143339e-11,6.283185305578763,1784381504.469895,None,None,None, None, 1784381504.505426,1.0164605546460457,track,none,0.0,nan,nan,0.0,0.0,nan,nan,nan,WEBOTS_UNKNOWN,ekf_on_cluster_on,1,1
1784381504.5776687,4.84342360496521,-200.0,200.0,0.2,6.283185305571922,0.3597169151149747,1.0000000001524614,-1.2750710277319586e-10,6.283185305565021,1784381504.5776687,None,None,None, None, 1784381504.505426,1.0164605546460457,track,none,0.0,nan,nan,0.0,0.0,nan,nan,nan,WEBOTS_UNKNOWN,ekf_on_cluster_on,1,1
1784381504.8626623,5.128417253494263,-200.0,200.0,0.2,6.2831853056544125,0.06560870865654161,1.0000000005046412,4.43304138709568e-10,6.283185305634935,1784381504.8646607,0.059962225597883924,1.0000000005118463,6.283185305677872, 1784381504.806481, 1784381504.820998,1.0397888669634978,track,none,0.0,nan,nan,0.0,0.0,nan,nan,nan,WEBOTS_UNKNOWN,ekf_on_cluster_on,1,1
1784381504.9287643,5.194519281387329,-200.0,200.0,0.2,6.283185305737708,0.10990915395093212,1.0000000004370753,1.160347647071848e-09,6.283185305784945,1784381504.9603188,None,None,None, None, 1784381504.9197571,0.9266391852227688,track,none,0.0,nan,nan,0.0,0.0,nan,nan,nan,WEBOTS_UNKNOWN,ekf_on_cluster_on,1,1
1784381505.013386,5.279140949249268,-200.0,200.0,0.2,6.283185305748662,0.17221659190181726,1.0000000003472356,6.58512538060296e-10,6.283185305847938,1784381504.9603188,None,None,None, None, 1784381504.9197571,0.9266391852227688,track,none,0.0,nan,nan,0.0,0.0,nan,nan,nan,WEBOTS_UNKNOWN,ekf_on_cluster_on,1,1
1784381505.1537054,5.419460296630859,-200.0,200.0,0.2,6.283185305673627,0.2405869114562873,1.000000000249403,-1.7025995286089325e-10,6.283185305829074,1784381505.1892467,None,None,None, None, 1784381505.1647081,1.0269845234701929,track,none,0.0,nan,nan,0.0,0.0,nan,nan,nan,WEBOTS_UNKNOWN,ekf_on_cluster_on,1,1
1784381505.265135,5.530889987945557,-200.0,200.0,0.2,6.283185305625274,0.31009059882879747,1.0000000001447333,-2.2121575554706988e-10,6.28318530580294,1784381505.1892467,None,None,None, None, 1784381505.258137,0.9262719272079273,track,none,0.0,nan,nan,0.0,0.0,nan,nan,nan,WEBOTS_UNKNOWN,ekf_on_cluster_on,1,1
1784381505.304193,5.569947957992554,-200.0,200.0,0.2,6.283185305585859,0.3797554070479605,1.0000000000364524,-3.2571814016459945e-10,6.283185305774471,1784381505.2766507,None,None,None, None, 1784381505.258137,0.9262719272079273,track,none,0.0,nan,nan,0.0,0.0,nan,nan,nan,WEBOTS_UNKNOWN,ekf_on_cluster_on,1,1
1784381505.366335,5.632089853286743,-200.0,200.0,0.2,6.28318530559628,0.4494418226912803,0.9999999999253912,-2.1780131703827025e-11,6.2831853057701155,1784381505.366335,None,None,None, None, 1784381505.3413286,0.9693162382192128,track,none,0.0,nan,nan,0.0,0.0,nan,nan,nan,WEBOTS_UNKNOWN,ekf_on_cluster_on,1,1
1784381505.4179404,5.683695316314697,-200.0,200.0,0.2,6.283185305601723,0.5191311114743289,0.9999999998150517,-2.1780131703827025e-11,6.28318530576576,1784381505.366335,None,None,None, None, 1784381505.3413286,0.9693162382192128,track,none,0.0,nan,nan,0.0,0.0,nan,nan,nan,WEBOTS_UNKNOWN,ekf_on_cluster_on,1,1
1784381505.4765275,5.742282390594482,-200.0,200.0,0.2,6.283185305636662,0.5888207818612146,0.9999999997050909,2.629604755081216e-10,6.283185305787492,1784381505.4489796,None,None,None, None, 1784381505.441979,1.0517829355758357,track,none,0.0,nan,nan,0.0,0.0,nan,nan,nan,WEBOTS_UNKNOWN,ekf_on_cluster_on,1,1
1784381505.59772,5.8634748458862305,-200.0,200.0,0.2,6.283185305657172,0.65851050292412,0.9999999995975649,2.629604755081216e-10,6.2831853058400835,1784381505.4489796,None,None,None, None, 1784381505.441979,1.0517829355758357,track,none,0.0,nan,nan,0.0,0.0,nan,nan,nan,WEBOTS_UNKNOWN,ekf_on_cluster_on,1,1
1784381505.7813458,6.047100782394409,-200.0,200.0,0.2,6.283185305657172,0.7282002307165356,0.9999999994914682,2.629604755081216e-10,6.2831853058400835,1784381505.4489796,None,None,None, None, 1784381505.441979,1.0517829355758357,track,none,0.0,nan,nan,0.0,0.0,nan,nan,nan,WEBOTS_UNKNOWN,ekf_on_cluster_on,1,1
1784381505.8478963,6.113651275634766,-200.0,200.0,0.2,6.283185305709857,0.16603649449560498,1.0000000003867033,3.0021261412448805e-11,6.2831853058517595,1784381505.8378959,0.1589447164109169,1.0000000003979421,6.283185305811926, 1784381505.776344, 1784381505.8378959,1.0762899563745136,track,none,0.0,nan,nan,0.0,0.0,nan,nan,nan,WEBOTS_UNKNOWN,ekf_on_cluster_on,1,1
1784381506.0190108,6.284765720367432,-200.0,200.0,0.2,6.283185305704155,0.19775104440035343,1.0000000003400915,3.0021261412448805e-11,6.283185305857764,1784381505.8378959,None,None,None, None, 1784381505.9774902,0.933475208982887,track,none,0.0,nan,nan,0.0,0.0,nan,nan,nan,WEBOTS_UNKNOWN,ekf_on_cluster_on,1,1
1784381506.1172388,6.382993698120117,-200.0,200.0,0.2,6.283185305706175,0.25342518716742213,1.000000000257948,7.249594330239641e-11,6.283185305875585,1784381506.0837216,None,None,None, None, 1784381506.116243,1.0921796374588304,track,none,0.0,nan,nan,0.0,0.0,nan,nan,nan,WEBOTS_UNKNOWN,ekf_on_cluster_on,1,1
1784381506.1667895,6.432544469833374,-200.0,200.0,0.2,6.283185306000357,0.32003151520424006,1.0000000001598095,2.6500098117724386e-09,6.2831853060930705,1784381506.1657915,None,None,None, None, 1784381506.116243,1.0921796374588304,track,none,0.0,nan,nan,0.0,0.0,nan,nan,nan,WEBOTS_UNKNOWN,ekf_on_cluster_on,1,1
1784381506.1906016,6.456356525421143,-200.0,200.0,0.2,6.283185306175308,0.38925263191592957,1.000000000078182,2.6500098117724386e-09,6.283185306623072,1784381506.1657915,None,None,None, None, 1784381506.1916008,1.0624933242045331,track,none,0.0,nan,nan,0.0,0.0,nan,nan,nan,WEBOTS_UNKNOWN,ekf_on_cluster_on,1,1
1784381506.4562614,6.722016334533691,-200.0,200.0,0.2,6.283185305977947,0.45887876538137534,1.0000000000082578,-6.861284245424498e-11,6.283185306610776,1784381506.5069158,None,None,None, None, 1784381506.4178555,1.0698979723055844,track,none,0.0,nan,nan,0.0,0.0,nan,nan,nan,WEBOTS_UNKNOWN,ekf_on_cluster_on,1,1
1784381506.5979142,6.863669157028198,-200.0,200.0,0.2,6.283185305911077,0.5285600239359914,0.9999999999245262,2.7198783874666235e-10,6.283185306676845,1784381506.5879145,None,None,None, None, 1784381506.566121,1.066533896164253,track,none,0.0,nan,nan,0.0,0.0,nan,nan,nan,WEBOTS_UNKNOWN,ekf_on_cluster_on,1,1
1784381506.698703,6.964457988739014,-200.0,200.0,0.2,6.283185305922683,0.598248627508667,0.9999999998361255,6.706612237890482e-10,6.283185306749464,1784381506.6961935,None,None,None, None, 1784381506.668047,1.0042834340889053,track,none,0.0,nan,nan,0.0,0.0,nan,nan,nan,WEBOTS_UNKNOWN,ekf_on_cluster_on,1,1
1784381506.8005466,7.066301584243774,-200.0,200.0,0.2,6.283185305905831,0.6679382068968085,0.9999999997485325,4.2641748583194086e-10,6.283185306834747,1784381506.8035536,None,None,None, None, 1784381506.791036,0.9245156833045445,track,none,0.0,nan,nan,0.0,0.0,nan,nan,nan,WEBOTS_UNKNOWN,ekf_on_cluster_on,1,1
1784381506.9002671,7.166022062301636,-200.0,200.0,0.2,6.283185306017308,0.2994594804122293,1.0000000000627247,1.0326160206032905e-09,6.283185306916528,1784381506.882751,0.29225050500967603,1.0000000000693545,6.283185306101815, 1784381506.840232, 1784381506.8782332,0.9964999623142662,track,none,0.0,nan,nan,0.0,0.0,nan,nan,nan,WEBOTS_UNKNOWN,ekf_on_cluster_on,1,1
1784381507.0126219,7.278376817703247,-200.0,200.0,0.2,6.283185305934759,0.3430783434144847,1.0000000000120275,-2.419181549924206e-10,6.2831853068987265,1784381506.9563358,None,None,None, None, 1784381506.9563358,0.9977025686479616,track,none,0.0,nan,nan,0.0,0.0,nan,nan,nan,WEBOTS_UNKNOWN,ekf_on_cluster_on,1,1
1784381507.1149406,7.380695581436157,-200.0,200.0,0.2,6.28318530588635,0.4050770419809358,0.9999999999348498,-2.2068703552941264e-10,6.283185306869905,1784381507.086935,None,None,None, None, 1784381507.0774236,0.9186422191988366,track,none,0.0,nan,nan,0.0,0.0,nan,nan,nan,WEBOTS_UNKNOWN,ekf_on_cluster_on,1,1
1784381507.201817,7.467571973800659,-200.0,200.0,0.2,6.283185305954923,0.47337740763793956,0.9999999998465212,6.979556678636848e-10,6.283185306927318,1784381507.169193,None,None,None, None, 1784381507.1666825,0.9707533215338082,track,none,0.0,nan,nan,0.0,0.0,nan,nan,nan,WEBOTS_UNKNOWN,ekf_on_cluster_on,1,1
1784381507.2989721,7.564727067947388,-200.0,200.0,0.2,6.2831853059619815,0.5428706265440181,0.9999999997614154,3.7433927746124355e-10,6.2831853069588455,1784381507.2534146,None,None,None, None, 1784381507.2514155,0.981834717393842,track,none,0.0,nan,nan,0.0,0.0,nan,nan,nan,WEBOTS_UNKNOWN,ekf_on_cluster_on,1,1
1784381507.40145,7.667204856872559,-200.0,200.0,0.2,6.2831853059899485,0.6125340196928895,0.9999999996765929,5.683482473584348e-10,6.28318530702252,1784381507.3654487,None,None,None, None, 1784381507.4192412,0.9665502920924118,track,none,0.0,nan,nan,0.0,0.0,5.102965248586567,3.0262670581450704,5.061497297850445,WEBOTS_UNKNOWN,ekf_on_cluster_on,1,1
1784381507.5347517,7.800506591796875,-200.0,200.0,0.2,6.283185306026143,0.6822202469715772,0.9999999995936916,7.215717376367102e-10,6.28318530711507,1784381507.4937108,None,None,None, None, 1784381507.5757856,0.9807496025896993,track,none,0.0,nan,nan,0.0,0.0,5.102965248586567,3.0262670581450704,5.061497297850445,WEBOTS_UNKNOWN,ekf_on_cluster_on,1,1
1784381507.6444106,7.910165548324585,-200.0,200.0,0.2,6.283185305948177,0.7519095107328789,0.9999999995133089,-1.8605789325422532e-10,6.283185307091414,1784381507.6208503,None,None,None, None, 1784381507.7341058,0.900872997513088,track,none,0.0,nan,nan,0.0,0.0,5.0129021245491865,2.967088608440198,4.5879902419782566,WEBOTS_UNKNOWN,ekf_on_cluster_on,1,1
1784381507.9400115,8.205766439437866,-200.0,200.0,0.2,6.283185306007609,0.445220553775826,1.0000000000148626,-1.0295433798163486e-10,6.283185307063966,1784381507.887454,0.4367116609785107,1.0000000000281415,6.2831853061913785, 1784381507.829012, 1784381507.9244957,1.0249169360925536,track,none,0.0,nan,nan,0.0,0.0,5.105243575139083,2.987447840271444,4.559350037601141,WEBOTS_UNKNOWN,ekf_on_cluster_on,1,1
1784381508.0668197,8.332574605941772,-200.0,200.0,0.2,6.283185305995364,0.4913688424491324,0.9999999999607778,-6.721733123112281e-11,6.283185307058752,1784381508.0693345,None,None,None, None, 1784381508.0348134,0.931201768077449,track,none,0.0,nan,nan,0.0,0.0,5.105243575139083,2.987447840271444,4.559350037601141,WEBOTS_UNKNOWN,ekf_on_cluster_on,1,1
1784381508.1494727,8.41522765159607,-200.0,200.0,0.2,6.283185305987734,0.5544842252223601,0.9999999998860352,-6.721733123112281e-11,6.283185307045309,1784381508.1664944,None,None,None, None, 1784381508.1389503,0.9766025916992962,track,none,0.0,nan,nan,0.0,0.0,4.763073135238782,2.9800583345940796,4.539542711546972,WEBOTS_UNKNOWN,ekf_on_cluster_on,1,1
1784381508.2947187,8.560473680496216,-200.0,200.0,0.2,6.283185305992755,0.62303199468056,0.9999999998043364,2.4330554475769565e-11,6.283185307047673,1784381508.3557942,None,None,None, None, 1784381508.281666,1.01299305120274,track,none,0.0,nan,nan,0.0,0.0,4.8429796827596645,2.9759919397896266,4.528551515403737,WEBOTS_UNKNOWN,ekf_on_cluster_on,1,1
1784381508.4135602,8.679315090179443,-200.0,200.0,0.2,6.283185306001011,0.6925619639377503,0.9999999997218161,7.303795578977389e-11,6.283185307061499,1784381508.3557942,None,None,None, None, 1784381508.3953474,0.9664204493265351,track,none,0.0,nan,nan,0.0,0.0,4.8429796827596645,2.9759919397896266,4.528551515403737,WEBOTS_UNKNOWN,ekf_on_cluster_on,1,1
1784381508.519109,8.784863948822021,-200.0,200.0,0.2,6.283185306115259,0.7622303187894388,0.9999999996397066,1.0546537953580417e-09,6.283185307139339,1784381508.4296005,None,None,None, None, 1784381508.5311093,0.988589045185394,track,none,0.0,nan,nan,0.0,0.0,4.948493571844897,2.9971965317252263,4.502125353546777,WEBOTS_UNKNOWN,ekf_on_cluster_on,1,1
1784381508.6082795,8.874034404754639,-200.0,200.0,0.2,6.283185306110997,0.831917206427118,0.999999999565537,4.044036330899768e-10,1.0522249738187384e-11,1784381508.5551403,None,None,None, None, 1784381508.6524448,1.09735577964713,track,none,0.0,nan,nan,0.0,0.0,4.948493571844897,2.9971965317252263,4.502125353546777,WEBOTS_UNKNOWN,ekf_on_cluster_on,1,1
1784381508.7590904,9.024845361709595,-200.0,200.0,0.2,6.283185306090086,0.9016065579064276,0.9999999994910677,2.1433375260729077e-10,3.95354890537134e-11,1784381508.690505,None,None,None, None, 1784381508.7947454,0.9478960454412149,track,none,0.0,nan,nan,0.0,0.0,5.065667133747638,2.986610084318988,4.466539668022243,WEBOTS_UNKNOWN,ekf_on_cluster_on,1,1
1784381508.8865135,9.152268409729004,-200.0,200.0,0.2,6.283185306099514,0.5666602394419269,0.9999999999581716,-3.7117928698442984e-10,6.283185307173928,1784381508.8122637,0.5573052142201674,0.9999999999707262,6.2831853062783045, 1784381508.874999, 1784381508.8840008,0.9542908526524186,track,none,0.0,nan,nan,0.0,0.0,5.108234316292489,2.9670639999827157,4.397726046079386,WEBOTS_UNKNOWN,ekf_on_cluster_on,1,1
1784381509.0391235,9.30487847328186,-200.0,200.0,0.2,6.283185306148482,0.60968129638043,0.9999999999117057,5.437101955371562e-10,1.1605560956695626e-10,1784381509.036123,None,None,None, None, 1784381509.0060906,0.9365671212589108,track,none,0.0,nan,nan,0.0,0.0,4.70816213652472,2.958822840460967,4.378577188999205,WEBOTS_UNKNOWN,ekf_on_cluster_on,1,1
1784381509.135503,9.401257991790771,-200.0,200.0,0.2,6.283185306180603,0.6714044453810597,0.9999999998480628,5.437101955371562e-10,2.247976486743875e-10,1784381509.1470144,None,None,None, None, 1784381509.1325035,0.9896101740050673,track,none,0.0,nan,nan,0.0,0.0,4.70816213652472,2.958822840460967,4.378577188999205,WEBOTS_UNKNOWN,ekf_on_cluster_on,1,1
1784381509.2070837,9.472838640213013,-200.0,200.0,0.2,6.283185306213959,0.7396413755303174,0.9999999997798952,6.53836063257326e-10,2.9730240728362074e-10,1784381509.1470144,None,None,None, None, 1784381509.1325035,0.9896101740050673,track,none,0.0,nan,nan,0.0,0.0,4.8397741311534395,2.968194327237745,4.324725928075163,WEBOTS_UNKNOWN,ekf_on_cluster_on,1,1
1784381509.3762875,9.642042398452759,-200.0,200.0,0.2,6.283185306125371,0.8091250487870509,0.9999999997127998,-3.6057174559019476e-10,2.1571516495030128e-10,1784381509.3732862,None,None,None, None, 1784381509.3732862,1.0728153462669234,track,none,0.0,nan,nan,0.0,0.0,4.8397741311534395,2.968194327237745,4.324725928075163,WEBOTS_UNKNOWN,ekf_on_cluster_on,1,1
1784381509.4770417,9.742796659469604,-200.0,200.0,0.2,6.283185306109708,0.878787150418339,0.9999999996393609,-4.852978221208546e-11,2.10971080407832e-10,1784381509.4710424,None,None,None, None, 1784381509.4775474,0.9999830760601023,track,none,0.0,nan,nan,0.0,0.0,4.886001168509132,2.9203489600819754,4.268316541223295,WEBOTS_UNKNOWN,ekf_on_cluster_on,1,1
1784381509.6824377,9.948192596435547,-200.0,200.0,0.2,6.283185306150495,0.9484732057571504,0.9999999995648053,3.923878641965962e-10,2.7367861097024826e-10,1784381509.6308525,None,None,None, None, 1784381509.6438842,1.011824495961959,track,none,0.0,nan,nan,0.0,0.0,4.941057328817785,2.9121149437157663,4.2515268877580485,WEBOTS_UNKNOWN,ekf_on_cluster_on,1,1
1784381509.7909799,10.056734800338745,-200.0,-200.0,0.2,6.283185306183979,1.018162446678131,0.9999999994930887,4.711881561922446e-10,3.196865636277772e-10,1784381509.842524,None,None,None, None, 1784381509.8079882,0.9361887785543316,apf_waypoint,crossing_from_port,0.0,1.649712785054647,8.018397358441312,17.924012975243087,-2.5893167607406578,4.9747141231208305,2.8939518233238695,4.197119488929237,WEBOTS_UNKNOWN,ekf_on_cluster_on,1,1
1784381509.9787922,10.244547128677368,-200.0,-159.30825208667386,0.2,-0.001081850213609209,0.7439681967228571,1.0000088145861596,-0.07653149286588996,6.267325405563094,1784381509.9357285,0.7365421617923227,0.9999999986585079,6.282922966581543, 1784381509.875558, 1784381509.9966595,0.9230157468549881,apf_return,crossing_from_port,0.0,4.3606830966947685,0.7429250870002275,18.941358792333972,-2.896622888041514,5.029559822860096,2.87017171580181,4.14674631050945,WEBOTS_UNKNOWN,ekf_on_cluster_on,1,1
1784381510.1052763,10.371031284332275,-200.0,-157.18056282772827,0.2,-0.013054716176962418,0.7563730818408133,1.0001052811467268,-0.23117649489287206,6.2451377082881505,1784381510.133821,None,None,None, None, 1784381510.0782537,0.9612778375636628,apf_return,crossing_from_port,0.0,1.1401782122195532,27.52946918927459,20.568982025520373,-2.362769489750923,5.029559822860096,2.87017171580181,4.14674631050945,WEBOTS_UNKNOWN,ekf_on_cluster_on,1,1
1784381510.2699885,10.535743474960327,-200.0,-157.3612097459274,0.2,6.256879414179806,0.7775517288349894,0.999889641063402,-0.15791531099084438,6.214777922892603,1784381510.2239594,None,None,None, None, 1784381510.2847464,0.91997027758006,apf_return,crossing_from_port,0.0,1.1826815965545263,19.561226271702363,19.065799792936982,-2.4351830597481356,4.658655040001678,2.8752702659241143,4.108682027941032,WEBOTS_UNKNOWN,ekf_on_cluster_on,1,1
1784381510.3443205,10.6100754737854,-200.0,-155.2852125384264,0.2,6.2346647067290295,0.8056534139296969,0.9992243883195453,-0.2308105323354912,6.194164855546199,1784381510.3132668,None,None,None, None, 1784381510.3698678,0.9304381917324263,apf_return,crossing_from_port,0.0,0.47509547736278973,14.633971341340379,17.834935768272373,-1.6744892944598466,4.696414069668086,2.8004491741034214,4.0776501561756895,WEBOTS_UNKNOWN,ekf_on_cluster_on,1,1
1784381510.5393946,10.805149555206299,-200.0,-158.42233575012875,0.2,6.218777956426119,0.8386172434329311,0.9976078547904521,-0.14075517926748546,6.164610759389722,1784381510.5232348,None,None,None, None, 1784381510.4936883,1.0866626096473153,apf_return,crossing_from_port,0.0,1.204573767163594,13.359329570768915,18.79151448854086,-1.6910205168765882,4.696414069668086,2.8004491741034214,4.0776501561756895,WEBOTS_UNKNOWN,ekf_on_cluster_on,1,1
1784381510.663947,10.929702043533325,200.0,200.0,0.2,6.21037948157408,0.8744305975283524,0.9953541266311987,-0.08775633603951881,6.152525742374003,1784381510.660946,None,None,None, None, 1784381510.7470493,0.9297128590348913,apf_colreg,crossing_from_port,1.0,0.6891760330571105,11.845656785100967,25.89734845106606,-7.269200022190985,4.688820799444116,2.812118862531437,4.039724928943852,WEBOTS_UNKNOWN,ekf_on_cluster_on,1,1
1784381510.8647013,11.13045620918274,200.0,200.0,0.2,6.192425850589699,0.9097047420281628,0.9923902040500321,-0.0738202656701226,6.14381332956081,1784381510.9130788,None,None,None, None, 1784381510.8361826,0.9249398270818544,apf_colreg,crossing_from_port,1.0,0.8996755658122171,11.841998018150123,22.98987855935325,-6.960387576717327,4.68687101435466,2.8498249470601644,4.01232643713778,WEBOTS_UNKNOWN,ekf_on_cluster_on,1,1
1784381511.0597858,11.325540781021118,200.0,200.0,0.2,6.188670409854484,0.8546461122929483,0.9969607465491926,0.1980983029382693,6.195871906204526,1784381511.0417595,0.8518502497772762,0.9972203204019819,6.163316445121437, 1784381510.875731, 1784381511.072307,0.9570687357908899,apf_colreg,crossing_from_port,1.0,0.2478663771434882,15.938635732996314,25.698984590236172,-6.940508872931077,4.772701149882371,2.6503153886288056,3.9834601701874597,WEBOTS_UNKNOWN,ekf_on_cluster_on,1,1
1784381511.18294,11.448694944381714,200.0,200.0,0.2,6.1869103164704695,0.8806088769279101,0.9942507505613231,0.08933036234545816,6.206603785823317,1784381511.1618965,None,None,None, None, 1784381511.1864624,1.0065964408335786,apf_colreg,crossing_from_port,1.0,0.05421080637157143,14.862183517817014,26.62552209890534,-6.26844284384123,4.772701149882371,2.6503153886288056,3.9834601701874597,WEBOTS_UNKNOWN,ekf_on_cluster_on,1,1
1784381511.381153,11.646908044815063,200.0,200.0,0.2,6.180334065458418,0.9098391359597894,0.9911399620151721,0.029036993908411936,6.21022335100269,1784381511.4006963,None,None,None, None, 1784381511.3996918,1.0619634953848174,apf_colreg,crossing_from_port,1.0,1.1069592744358776,13.70265661780459,23.76812860646635,-6.873576293917997,4.749624899369803,2.5699856212319694,3.957290200939526,WEBOTS_UNKNOWN,ekf_on_cluster_on,1,1
1784381511.5221596,11.787914514541626,200.0,200.0,0.2,6.179865026767072,0.9411768222292599,0.9875146714650541,0.10253437918560764,6.230941397149422,1784381511.4886096,None,None,None, None, 1784381511.4906082,0.9986449239588739,apf_colreg,crossing_from_port,1.0,0.9979358368509893,13.470312605522931,24.851540955822284,-6.94335563459578,4.749624899369803,2.5699856212319694,3.957290200939526,WEBOTS_UNKNOWN,ekf_on_cluster_on,1,1
1784381511.6372297,11.902984619140625,200.0,200.0,0.2,6.178672791405567,0.9738519538413262,0.9837723648105018,0.07697643935103221,6.2373283451598365,1784381511.6767652,None,None,None, None, 1784381511.592137,1.0402309173112583,apf_colreg,crossing_from_port,1.0,1.8659045099489833,12.28044521004047,27.07766266334207,-5.559734521622807,4.858849262143465,2.411016201719783,3.9307409983328876,WEBOTS_UNKNOWN,ekf_on_cluster_on,1,1
1784381511.7529066,12.018661499023438,200.0,200.0,0.2,6.17500158631332,1.0073211135061673,0.9798926717975766,0.053501103347170495,6.242955745620692,1784381511.7769413,None,None,None, None, 1784381511.6947992,0.9453734115171837,apf_colreg,crossing_from_port,1.0,2.3966279210752846,11.506655014948716,27.118718654875707,-5.425196904883328,4.858849262143465,2.411016201719783,3.9307409983328876,WEBOTS_UNKNOWN,ekf_on_cluster_on,1,1
1784381511.8691716,12.134926557540894,200.0,200.0,0.2,6.179591722191135,1.041238605522977,0.9757988007235957,0.1338069793478095,6.267693982402385,1784381511.8616452,None,None,None, None, 1784381511.814985,0.9700031822392854,apf_colreg,crossing_from_port,1.0,2.352357547731723,11.59867951774199,27.29115363275526,-5.187589828262782,4.858849262143465,2.411016201719783,3.9307409983328876,WEBOTS_UNKNOWN,ekf_on_cluster_on,1,1
1784381511.9568167,12.222571611404419,200.0,200.0,0.2,6.200733720191198,0.9155612894423746,0.9919402972199755,0.060838816181684546,6.279861745638722,1784381511.9693317,0.9104975623474891,0.9925742747189985,6.2526631690305905, 1784381511.87618, 1784381512.0089095,1.0303363102076954,apf_colreg,crossing_from_port,1.0,3.9113501926925096,4.1663621091687215,25.73604916522445,-7.194171068671478,4.788292976381148,2.315928571469397,3.8984454823471024,WEBOTS_UNKNOWN,ekf_on_cluster_on,1,1
1784381512.1403992,12.406154155731201,200.0,200.0,0.2,6.220889363049449,0.9324818380445897,0.9903608908164666,0.3350458794470559,0.040741843303547576,1784381512.1008523,None,None,None, None, 1784381512.119879,0.9376686226092636,apf_colreg,crossing_from_port,1.0,3.6399592999504944,6.121109500864475,27.005433145480744,-6.413567477462676,4.788292976381148,2.315928571469397,3.8984454823471024,WEBOTS_UNKNOWN,ekf_on_cluster_on,1,1
1784381512.2367148,12.502469778060913,200.0,200.0,0.2,6.227095798103926,0.9551796534064058,0.9889355875208885,0.06462401953304835,0.0486817631305052,1784381512.2237155,None,None,None, None, 1784381512.2227156,0.9200414146680963,apf_colreg,crossing_from_port,1.0,3.4144995855736804,6.9701068338202985,27.328405503766813,-5.4827584115168975,4.7906216680009885,2.2711864679773273,3.86959843662969,WEBOTS_UNKNOWN,ekf_on_cluster_on,1,1
1784381512.4243288,12.690083742141724,200.0,200.0,0.2,6.234675275014786,0.9821906071554825,0.9872589176335773,0.1218220502715234,0.0715302811361264,1784381512.411272,None,None,None, None, 1784381512.4203334,0.9122336417767934,apf_colreg,crossing_from_port,1.0,3.383640093825521,6.4950589741868585,27.31472309915042,-5.193580770577289,4.842552276911403,2.1402012087194833,3.8447388153838165,WEBOTS_UNKNOWN,ekf_on_cluster_on,1,1
1784381512.5403068,12.806061744689941,200.0,200.0,0.2,6.235565919893968,1.0121888928217588,0.9856066791054303,0.061411636285122424,0.07767181959152027,1784381512.5112782,None,None,None, None, 1784381512.5443058,1.0828088757395922,apf_colreg,crossing_from_port,1.0,3.285526532940013,6.84608482883264,21.322194714638197,-5.537934915730066,4.842552276911403,2.1402012087194833,3.8447388153838165,WEBOTS_UNKNOWN,ekf_on_cluster_on,1,1
1784381512.644881,12.910635948181152,200.0,200.0,0.2,6.238927229091674,1.0441022966538478,0.9837887936133427,0.10373561278815784,0.08607812340139055,1784381512.592314,None,None,None, None, 1784381512.6438825,1.0456084494958382,apf_colreg,crossing_from_port,1.0,3.5086662545937517,4.8863473474242785,21.333479112019113,-4.892804706614342,4.905232670113425,1.9324061756578892,3.8117132184254054,WEBOTS_UNKNOWN,ekf_on_cluster_on,1,1
1784381512.7834916,13.049246549606323,200.0,200.0,0.2,6.244092659993875,1.0772002869824397,0.982022938386051,0.11635483505593351,0.10130183091460133,1784381512.8215556,None,None,None, None, 1784381512.7491872,1.0006103030594065,apf_colreg,crossing_from_port,1.0,3.4702519680256914,5.046567752056558,21.356871497444654,-4.775330703136535,4.905232670113425,1.9324061756578892,3.8117132184254054,WEBOTS_UNKNOWN,ekf_on_cluster_on,1,1
1784381512.8667126,13.13246750831604,200.0,200.0,0.2,6.254562610685132,1.1110084832003868,0.9804159088948088,0.1574626509863039,0.11679662453635102,1784381512.9348469,None,None,None, None, 1784381512.8321564,0.9680727211239116,apf_colreg,crossing_from_port,1.0,3.6482839756044245,3.637321480704616,21.357191452059674,-4.832167278545567,4.962891443303677,1.8297514614553445,3.7808904227299323,WEBOTS_UNKNOWN,ekf_on_cluster_on,1,1
1784381513.0344915,13.300246477127075,200.0,200.0,0.2,6.3065568505946406,1.004237378026195,0.9907351600641142,0.12175905416511709,0.1401635532342576,1784381513.0134668,1.0009141908944308,0.9910066335508848,0.1222574166220989, 1784381512.878256, 1784381513.042005,1.0009825710256297,apf_colreg,crossing_from_port,1.0,3.858833333531483,2.0976061144032347,21.182501035949272,-5.6908653561686116,4.826311852999434,1.9237969392500496,3.751220943404264,WEBOTS_UNKNOWN,ekf_on_cluster_on,1,1
1784381513.1485925,13.414347410202026,200.0,200.0,0.2,0.02892963692220802,1.0252333297699763,0.9910891198416246,0.13356614984271856,0.15179834700997952,1784381513.2121642,None,None,None, None, 1784381513.127049,1.059627877495128,apf_colreg,crossing_from_port,1.0,3.678942921772126,3.3836462497127004,20.92788442435646,-6.470862434128173,4.826311852999434,1.9237969392500496,3.751220943404264,WEBOTS_UNKNOWN,ekf_on_cluster_on,1,1
1784381513.2612667,13.527021646499634,200.0,200.0,0.2,0.03182222330452286,1.0510185065094018,0.9916708301798365,0.08933337274501009,0.16176692211709706,1784381513.3213491,None,None,None, None, 1784381513.3213491,0.9698346795861167,apf_colreg,crossing_from_port,1.0,3.805327466868685,2.751519819565488,20.978909371490662,-6.377534145946807,4.855336636046909,1.8173879944152573,3.7276182237934052,WEBOTS_UNKNOWN,ekf_on_cluster_on,1,1
1784381513.3959103,13.661665201187134,15.405640575235967,200.0,0.2,0.05300256815094799,1.0801997645062589,0.9923637807710652,0.26782513019805076,0.21044243129535684,1784381513.3939078,None,None,None, None, 1784381513.3989084,0.9400782164498597,apf_colreg,crossing_from_port,1.0,3.735649161879438,3.188961411408974,20.84015685632484,-6.743499481838129,4.855336636046909,1.8173879944152573,3.7276182237934052,WEBOTS_UNKNOWN,ekf_on_cluster_on,1,1
1784381513.550471,13.8162260055542,29.70060136477129,200.0,0.2,0.06667789251010037,1.118789236483668,0.994445390973997,0.11713779767697269,0.22379427867327648,1784381513.507892,None,None,None, None, 1784381513.507892,0.9511257234284763,apf_colreg,crossing_from_port,1.0,3.8431250709225915,2.869904772170337,20.818835936612867,-6.865510588157369,4.885184593270592,1.7010661582171998,3.6891962075404683,WEBOTS_UNKNOWN,ekf_on_cluster_on,1,1
1784381513.6581404,13.923895359039307,49.35681674587688,200.0,0.2,0.07958353621829736,1.1624500619574145,0.9973361775280765,0.120202835483642,0.23402837552523342,1784381513.7047021,None,None,None, None, 1784381513.7156968,1.0994586829143238,apf_colreg,crossing_from_port,1.0,3.6596184834620544,3.547519261743724,20.692587460228847,-7.488982485926866,4.943094265526088,1.6767003928211102,3.659221457498081,WEBOTS_UNKNOWN,ekf_on_cluster_on,1,1
1784381513.826446,14.092200994491577,72.76714299979821,200.0,0.2,0.09100052355200682,1.208013450725062,1.0009052121140805,0.11254598577052517,0.24659638769679443,1784381513.8389668,None,None,None, None, 1784381513.8379672,1.030759281995685,apf_colreg,crossing_from_port,1.0,3.8411912180585346,2.735009747193506,20.690418718047784,-7.6895256637752425,4.943094265526088,1.6767003928211102,3.659221457498081,WEBOTS_UNKNOWN,ekf_on_cluster_on,1,1
1784381513.9438825,14.20963740348816,-36.17256738459683,200.0,0.2,0.1581951230885399,1.1072306504474851,1.0045877806917964,0.1772148837595747,0.286319473945471,1784381513.9288542,1.1026799059761994,1.0045762447630273,0.27272802728014955, 1784381513.880095, 1784381513.9288542,1.076181838504697,apf_colreg,crossing,1.0,4.373726738046066,0.0,20.423709499019004,-9.143890247563439,4.975992094310511,1.5944152457250873,3.628198162111193,WEBOTS_UNKNOWN,ekf_on_cluster_on,1,1
1784381514.0673559,14.333110809326172,-143.3794111142809,200.0,0.2,0.1702820516045424,1.1437649457485382,1.010463250987737,0.11459545359977132,0.2984061776609706,1784381514.034327,None,None,None, None, 1784381514.1119115,0.9679672976357313,apf_colreg,crossing,1.0,4.260157403042012,0.3926149744039559,20.37209641048309,-9.53403114887314,4.835999032470005,1.7447126050725539,3.5936532528294043,WEBOTS_UNKNOWN,ekf_on_cluster_on,1,1
1784381514.2464786,14.51223349571228,-144.97844152507722,200.0,0.2,0.18993243862201015,1.1959302446912339,1.019605414042081,0.16140623370290258,0.3323259291212493,1784381514.2444785,None,None,None, None, 1784381514.2020094,0.9361441830972378,apf_colreg,crossing,1.0,4.165341382058591,1.5617358640885879,19.881089438296087,-9.839940856864411,4.835999032470005,1.7447126050725539,3.5936532528294043,WEBOTS_UNKNOWN,ekf_on_cluster_on,1,1
1784381514.3470922,14.612847089767456,-144.757807028293,200.0,0.2,0.2054550554983223,1.2548979359479089,1.0313216741048299,0.09110811352096887,0.3411281074986855,1784381514.341091,None,None,None, None, 1784381514.3135457,1.0319902471263784,apf_colreg,crossing,1.0,4.053761617474159,1.9269594968715327,19.637253611365235,-10.046196156255139,4.865445493160149,1.737108170275991,3.551759814962108,WEBOTS_UNKNOWN,ekf_on_cluster_on,1,1
1784381514.4372406,14.702995538711548,-143.68682217034024,200.0,0.2,0.21992613168765773,1.3157471689793556,1.0443166852679973,0.09110811352096887,0.35934973020287925,1784381514.4452393,None,None,None, None, 1784381514.4091806,0.9342199348843692,apf_colreg,crossing,1.0,3.885526306233648,2.160362766841914,19.549539076229035,-10.613840994291639,4.865445493160149,1.737108170275991,3.551759814962108,WEBOTS_UNKNOWN,ekf_on_cluster_on,1,1
1784381514.5208566,14.786611557006836,-140.38746755510388,200.0,0.2,0.22855676374294667,1.376805356279463,1.0582377745528397,0.04375713799090794,0.36390696558414115,1784381514.5569274,None,None,None, None, 1784381514.4807868,0.919714691712703,apf_colreg,crossing,1.0,3.7911526111143212,2.340944682353581,19.35847428578088,-10.787713759248058,4.952991258122312,1.8228695653747153,3.519415086858283,WEBOTS_UNKNOWN,ekf_on_cluster_on,1,1
1784381514.6642108,14.929965734481812,-135.25449674477176,200.0,0.2,0.2340316922825808,1.4375795590138174,1.072492790227031,0.034398985312148696,0.37097432932602137,1784381514.650692,None,None,None, None, 1784381514.6752858,1.0838239475544755,apf_colreg,overtaking,1.0,1.2551576595786176,12.398251263066046,19.17269937164529,-10.590647907984732,5.011075158284945,1.820804662997891,3.504763666572519,WEBOTS_UNKNOWN,ekf_on_cluster_on,1,1
1784381514.8009794,15.066734313964844,-68.49150237822093,200.0,0.2,0.24151270150947218,1.4978187770786433,1.0868538274028279,0.06630753465747156,0.3792473890516099,1784381514.8946486,None,None,None, None, 1784381514.8355248,0.9401349805352122,apf_colreg,overtaking,1.0,1.274084463639097,12.434071903449375,19.090898411659524,-10.680070434683712,5.102306990615195,1.8153590665120967,3.4835110136209066,WEBOTS_UNKNOWN,ekf_on_cluster_on,1,1
1784381515.0643868,15.33014178276062,200.0,200.0,0.2,0.2753005352017447,1.2180251023256594,1.0366948697604128,0.01892584035688458,0.3835695274139619,1784381515.0038323,1.2101340451360099,1.035195300491143,0.3497645648383152, 1784381514.916655, 1784381515.041871,1.0195223587209,apf_colreg,overtaking,1.0,3.6394946179093117,0.0,18.84690786016569,-11.524992261022016,5.102306990615195,1.8153590665120967,3.4835110136209066,WEBOTS_UNKNOWN,ekf_on_cluster_on,1,1
1784381515.1930935,15.458848476409912,200.0,200.0,0.2,0.2698029202867782,1.2342990469074786,1.041148857753056,0.03404771558321126,0.3872678771351191,1784381515.2127976,None,None,None, None, 1784381515.1765778,0.994939217111109,apf_colreg,crossing,1.0,4.195046415802321,0.0,18.7706468694314,-11.294353890236984,4.775120161257331,1.7565638984420808,3.45481177808652,WEBOTS_UNKNOWN,ekf_on_cluster_on,1,1
1784381515.4418955,15.707650423049927,200.0,200.0,0.2,0.26504127048377524,1.2561746775542222,1.0469338170651494,0.061343450844963295,0.40105068129319454,1784381515.4714103,None,None,None, None, 1784381515.4218621,0.9310795734874745,apf_colreg,head_on,1.0,0.4297641647539456,17.041912240854597,18.117005431970917,-13.54886404066427,4.789465241097719,1.6544635104886127,3.437647102717528,WEBOTS_UNKNOWN,ekf_on_cluster_on,1,1
1784381515.6124995,15.878254413604736,200.0,200.0,0.2,0.2603931064845488,1.2822846551652713,1.0536902901256673,0.05917187076701725,0.41672213380451895,1784381515.6019838,None,None,None, None, 1784381515.5585384,1.0410693203093375,apf_colreg,head_on,1.0,0.4224891663561658,15.440690438292894,20.299532712686187,-15.01173808351984,4.789465241097719,1.6544635104886127,3.437647102717528,WEBOTS_UNKNOWN,ekf_on_cluster_on,1,1
1784381515.7579281,16.023683071136475,200.0,200.0,0.2,0.2984291478059383,1.3113396446319467,1.0610531718783003,0.44607421192778346,0.46594169611033714,1784381515.7123232,None,None,None, None, 1784381515.786002,0.9199013561093425,apf_colreg,head_on,1.0,0.7125693985952373,13.52137700997235,23.143545696731625,-15.40746085403948,4.8223351966090044,1.6085919637438566,3.42349277761714,WEBOTS_UNKNOWN,ekf_on_cluster_on,1,1
1784381515.8897011,16.155456066131592,200.0,200.0,0.2,0.33119821655082443,1.341830268013515,1.0705416726086865,0.26793540558972007,0.4945327523486035,1784381515.915709,None,None,None, None, 1784381515.8746712,0.9023793531381368,apf_colreg,head_on,1.0,1.0623567658738133,12.39121701893744,22.961228325021406,-15.736469544796922,4.820406512649631,1.6010337161799983,3.3835043263243345,WEBOTS_UNKNOWN,ekf_on_cluster_on,1,1
1784381516.0534482,16.31920313835144,177.07463733690633,200.0,0.2,0.37724338977055827,1.2904527940811232,1.0633823909343936,0.12342529307978398,0.523094690977823,1784381516.0504427,1.2868845366837394,1.0626025928700993,0.44610913191887747, 1784381515.933452, 1784381515.987538,1.0907258489212623,apf_colreg,head_on,1.0,1.201362847351479,15.828043842009706,16.823834105825014,-14.705059387544427,4.820406512649631,1.6010337161799983,3.3835043263243345,WEBOTS_UNKNOWN,ekf_on_cluster_on,1,1
1784381516.1716497,16.43740463256836,200.0,200.0,0.2,0.38460402574026725,1.3141606534120314,1.0727653752344395,0.08249362868556223,0.5311504537199689,1784381516.1480958,None,None,None, None, 1784381516.1933103,0.9640310975568331,apf_colreg,head_on,1.0,0.8725409722988352,13.530703202106423,22.085091522859273,-16.865210468933107,4.758720088846386,1.6481604178408664,3.358963918429827,WEBOTS_UNKNOWN,ekf_on_cluster_on,1,1
1784381516.333205,16.598959922790527,200.0,200.0,0.2,0.38916658066319565,1.3410874100728865,1.083502660553897,0.0936350424215077,0.5414220359570773,1784381516.3512378,None,None,None, None, 1784381516.2909303,0.9442550602984295,apf_colreg,head_on,1.0,0.8860228284439796,12.594504915281425,16.610416302972318,-14.755748226260675,4.758720088846386,1.6481604178408664,3.358963918429827,WEBOTS_UNKNOWN,ekf_on_cluster_on,1,1
1784381516.478903,16.74465799331665,200.0,200.0,0.2,0.39199713864626096,1.3701290747274368,1.0951664110200157,0.08911864546380915,0.5576886007750567,1784381516.440321,None,None,None, None, 1784381516.5039704,1.0219629939220323,apf_colreg,crossing,1.0,2.078996048606072,10.7937682893078,22.172377063852625,-16.745118751122934,4.782842341841802,1.4949344068951909,3.3223410408240417,WEBOTS_UNKNOWN,ekf_on_cluster_on,1,1
1784381516.6485276,16.91428256034851,200.0,200.0,0.2,0.4211609777790774,1.400490452988117,1.10741426934043,0.33504422971522585,0.5926543305857398,1784381516.6495273,None,None,None, None, 1784381516.5962746,0.9697962705559583,apf_colreg,crossing_from_port,1.0,2.207948606205114,8.367695089649859,15.955582468504183,-15.475815676861266,4.804635135598203,1.3561144649295516,3.288585326993225,WEBOTS_UNKNOWN,ekf_on_cluster_on,1,1
1784381516.8934069,17.159161806106567,200.0,200.0,0.2,0.43674616811330397,1.4311344859040087,1.1211678929108082,0.13404366967086287,0.6100596973762309,1784381516.9024065,None,None,None, None, 1784381516.954687,0.9528449645213428,apf_colreg,crossing_from_port,1.0,2.459875800285395,7.593754887868703,15.561390768960159,-16.039176458983807,4.813014877083064,1.426315174080807,3.263927683366502,WEBOTS_UNKNOWN,ekf_on_cluster_on,1,1
1784381517.0844133,17.350168228149414,178.17431647187377,200.0,0.2,0.5057660838832979,1.3795512215031627,1.106884810257452,0.268029555269282,0.6734187871337125,1784381517.09942,1.3758753012884153,1.1056094856186154,0.6089941042443758, 1784381516.944174, 1784381517.0759034,0.9929952863256789,apf_colreg,crossing,1.0,2.294856661349061,12.022708553149743,19.85919135330896,-19.624614592635975,4.818404224330137,1.283788608508053,3.2413112769863317,WEBOTS_UNKNOWN,ekf_on_cluster_on,1,1
1784381517.2237906,17.489545583724976,174.38659194450756,200.0,0.2,0.5186001534186286,1.402142461489825,1.1194530963208233,0.11414134282136677,0.6971632008163058,1784381517.2237906,None,None,None, None, 1784381517.290881,1.006542386002824,apf_colreg,crossing,1.0,2.2211778884785773,9.622433296567847,14.754481567150625,-16.40922400131784,4.7243775547045574,1.3949510013338768,3.2225045317607477,WEBOTS_UNKNOWN,ekf_on_cluster_on,1,1
1784381517.3604732,17.626228094100952,175.33472880776662,200.0,0.2,0.5220941774753607,1.4287229982630647,1.1345466931473345,0.05441250274006662,0.7019577572373894,1784381517.3119056,None,None,None, None, 1784381517.4093683,1.0171225683412488,apf_colreg,crossing,1.0,2.1823343837279157,8.721897300846646,16.7067595845256,-15.660987984990518,4.7243775547045574,1.3949510013338768,3.2225045317607477,WEBOTS_UNKNOWN,ekf_on_cluster_on,1,1
1784381517.4786334,17.744388341903687,174.90578063643267,200.0,0.2,0.5291345485553327,1.4579478611278471,1.1510987122734826,0.12381806537357865,0.718365443385801,1784381517.44442,None,None,None, None, 1784381517.4996624,1.0243346525329153,apf_colreg,crossing,1.0,2.2266448828165135,7.062661077734611,19.37879264758354,-19.8914515831495,4.754886296789627,1.2801235304070766,3.20208405929536,WEBOTS_UNKNOWN,ekf_on_cluster_on,1,1
1784381517.5963311,17.862086057662964,168.74103228079252,200.0,0.2,0.533242520519745,1.4886386108064271,1.1687823135167261,0.08960984596550253,0.726426518923339,1784381517.6165652,None,None,None, None, 1784381517.5903287,1.0674702603790904,apf_colreg,crossing,1.0,2.1993712745670146,6.92420830848487,14.138727481933037,-17.101248922120618,4.754886296789627,1.2801235304070766,3.20208405929536,WEBOTS_UNKNOWN,ekf_on_cluster_on,1,1
1784381517.7263846,17.9921395778656,168.40614641080163,200.0,0.2,0.5398069146285304,1.5204503518730272,1.1872404049966971,0.11806956004293188,0.7361303789053526,1784381517.746899,None,None,None, None, 1784381517.7619033,0.9113005446345387,apf_colreg,crossing,1.0,2.3817237874954595,5.743592974825786,14.171480405082761,-17.088655859831203,4.789251839812422,1.1963673223413889,3.184114840564316,WEBOTS_UNKNOWN,ekf_on_cluster_on,1,1
1784381517.8829772,18.14873218536377,167.85761019585487,200.0,0.2,0.5469477444138348,1.5527870303000357,1.2063133676322697,0.11717301159858379,0.766644081576333,1784381517.876981,None,None,None, None, 1784381517.8799775,1.0720648350708617,apf_colreg,crossing,1.0,2.612176157720718,4.685670201241897,14.09066325711327,-17.210908141926293,4.815192844014988,1.1254790952562523,3.1532662881128988,WEBOTS_UNKNOWN,ekf_on_cluster_on,1,1
1784381518.086884,18.352638959884644,123.36489086016849,200.0,0.2,0.6073522923866115,1.4541114152639454,1.1588223828469122,0.06938378712135845,0.7792274098513408,1784381518.0583394,1.449890292181468,1.156666597491696,0.7501331777766822, 1784381517.953441, 1784381518.1078923,0.9915252376986741,apf_colreg,crossing,1.0,2.894519713844804,4.8410875443384995,13.5591326597759,-17.54568008561995,4.815192844014988,1.1254790952562523,3.1532662881128988,WEBOTS_UNKNOWN,ekf_on_cluster_on,1,1
1784381518.2491333,18.514888286590576,102.03173023392665,200.0,0.2,0.6014243994664863,1.475155266799569,1.1732214675850932,0.018543967234560796,0.7823850452671227,1784381518.3645022,None,None,None, None, 1784381518.346983,1.0505295113326765,apf_colreg,crossing,1.0,2.9241586072600674,3.66329424558527,15.117377727202928,-17.218516825438403,4.697808359020131,1.1972298207004988,3.139860957124416,WEBOTS_UNKNOWN,ekf_on_cluster_on,1,1
1784381518.6368802,18.902635097503662,94.90932085483553,200.0,0.2,0.6165088968464101,1.5030032119287529,1.191934189752328,0.2393190654788572,0.8775730386629329,1784381518.6263628,None,None,None, None, 1784381518.634873,1.0875234227385775,apf_colreg,crossing,1.0,3.062139188196284,2.3021775108914424,13.022459652967486,-18.00266782294832,4.69085224726919,0.9229864587328556,3.1119308350104355,WEBOTS_UNKNOWN,ekf_on_cluster_on,1,1
1784381518.9026911,19.16844606399536,155.65070796157153,200.0,0.2,0.6509845978296911,1.5347964086895027,1.2143667536502774,0.33860359785766,0.9572415624461905,1784381518.9738202,None,None,None, None, 1784381518.9583063,1.0251538561043843,apf_colreg,crossing,1.0,3.2095349595910405,1.1642031510303121,12.434365975340956,-18.508320236346556,4.674262942588577,0.8880452403326192,3.097563338092541,WEBOTS_UNKNOWN,ekf_on_cluster_on,1,1
1784381519.1211796,19.386934518814087,106.43658721559639,200.0,0.2,0.722829536674203,1.5257185998918708,1.2250458797721957,0.11258820418241533,0.9811030557510748,1784381519.0735843,1.5218222631644804,1.223758825996965,0.8752692981877077, 1784381518.954308, 1784381519.1732485,0.9192867621913624,apf_colreg,crossing,1.0,3.2981483712808846,0.0,10.873355434145985,-19.51655534079279,4.673018791297584,0.9005095173783727,3.0790708128768984,WEBOTS_UNKNOWN,ekf_on_cluster_on,1,1
1784381519.357347,19.623101949691772,108.49906957963896,200.0,0.2,0.7447226915078251,1.5533135143879502,1.2494364789585628,0.2194393551650984,1.0375520142088746,1784381519.330826,None,None,None, None, 1784381519.2709515,1.0544386818781741,apf_colreg,crossing,1.0,3.2341950045944547,0.2881184120208899,9.958402480048179,-20.160122877585682,4.6430717075409005,0.9866706166606606,3.0628815635357127,WEBOTS_UNKNOWN,ekf_on_cluster_on,1,1
1784381519.4424896,19.708244562149048,110.41191737517994,200.0,0.2,0.7699291724038798,1.582814007650902,1.2767768260145642,0.2194393551650984,1.0814398852418943,1784381519.458496,None,None,None, None, 1784381519.388389,1.0967462652268913,apf_colreg,crossing,1.0,3.1964641400271696,0.2788316368229722,9.30108289507919,-20.491683384352473,4.641358290914804,0.9401203643062103,3.0465987089267834,WEBOTS_UNKNOWN,ekf_on_cluster_on,1,1
1784381519.6385694,19.904324293136597,-49.061088052678954,200.0,0.2,0.7821221704219835,1.6127896717700656,1.3060474503031525,0.08268306699911958,1.101849748062981,1784381519.693194,None,None,None, None, 1784381519.6335688,1.08869196382291,apf_colreg,crossing,1.0,3.1447535389341956,0.39224509281341347,8.863376228084848,-20.731673981254445,4.6640910984830475,0.9740578035395163,3.0279255897146276,WEBOTS_UNKNOWN,ekf_on_cluster_on,1,1
1784381519.8659947,20.131749629974365,-52.092894260607274,200.0,0.2,0.794453337210832,1.647128185566661,1.3402020175981697,0.10710842359047554,1.126555321872878,1784381519.895096,None,None,None, None, 1784381519.8589237,1.0822544479176721,apf_colreg,crossing,1.0,3.1269802314794592,0.4133949458521555,8.46214144690944,-20.971200906477424,4.657239510534838,0.8523771342886168,3.0115574876574325,WEBOTS_UNKNOWN,ekf_on_cluster_on,1,1
1784381520.1188538,20.38460874557495,-78.92202623642355,200.0,0.2,0.8578153465042246,1.6025291018319359,1.3207258665041168,0.0714724594369134,1.1431307207730812,1784381520.0402431,1.5973326765360285,1.3171054245418965,1.0152370320572075, 1784381519.961023, 1784381520.1278615,0.9195724059388073,apf_colreg,crossing,1.0,3.1686126009082516,0.0,7.16230869510073,-21.51601529049846,4.654289495917161,0.8052796244610501,2.9943723675898,WEBOTS_UNKNOWN,ekf_on_cluster_on,1,1
1784381520.284299,20.55005383491516,-84.70498889269432,200.0,0.2,0.86722375439203,1.632596586917753,1.3554522495600914,0.10508111684712299,1.1687763713443933,1784381520.284299,None,None,None, None, 1784381520.3779173,0.9430805013357743,apf_colreg,crossing,1.0,3.115634500747982,0.06426174266054183,6.7570753847923015,-21.634051074949436,4.572974282943694,0.7938237606329859,2.974631870232991,WEBOTS_UNKNOWN,ekf_on_cluster_on,1,1
1784381520.5328975,20.798652410507202,-86.4278810092901,200.0,0.2,0.8761690677768347,1.6665988023323732,1.39552963693355,0.0872451482847382,1.1900291344085927,1784381520.5278971,None,None,None, None, 1784381520.548927,0.9611665720287399,apf_colreg,crossing,1.0,3.058888549891008,0.16479307995230771,6.456810170974345,-21.819112728470564,4.583324937514792,0.7659322573893222,2.959758515213284,WEBOTS_UNKNOWN,ekf_on_cluster_on,1,1
1784381520.7629647,21.028719663619995,-89.79246624071824,200.0,0.2,0.889996773644414,1.701968121816634,1.4379643647641132,0.12999388249667124,1.207070952603817,1784381520.7838118,None,None,None, None, 1784381520.6910143,0.9665968874454655,apf_colreg,crossing,1.0,3.0312168689865406,0.08286447351768467,6.023206294670319,-22.08283296151407,4.5756195811834734,0.7101251816756803,2.942722755375449,WEBOTS_UNKNOWN,ekf_on_cluster_on,1,1
1784381520.8964558,21.162210702896118,-104.24745409474659,200.0,0.2,0.9009860430832526,1.7373784474571003,1.481812140065502,0.08775082756850555,1.218023801157748,1784381520.942488,None,None,None, None, 1784381520.9514875,1.0085089428862786,apf_colreg,crossing,1.0,3.017252456621467,0.0,5.594044859461551,-22.352319174641995,4.5857764839744615,0.6936828968047887,2.9262336694121474,WEBOTS_UNKNOWN,ekf_on_cluster_on,1,1
1784381521.0724976,21.338252544403076,-127.7307589133467,200.0,0.2,0.9662565159549726,1.6799204824816574,1.4507053752348147,0.07259290035764807,1.2383239537817325,1784381521.0634556,1.673831081380899,1.4457155137302877,1.1277290325136882, 1784381520.963491, 1784381521.0634556,0.9837948145437142,apf_colreg,crossing,1.0,3.0504343502113365,0.0,3.8510708372663176,-22.63710333385923,4.5857764839744615,0.6936828968047887,2.9262336694121474,WEBOTS_UNKNOWN,ekf_on_cluster_on,1,1
1784381521.2020917,21.467846632003784,-118.81792360220335,200.0,0.2,0.9743697488182589,1.7088768856909393,1.4927388149384413,0.07031270851537741,1.2477197095330022,1784381521.3213573,None,None,None, None, 1784381521.3284056,0.9271531848457215,apf_colreg,crossing,1.0,2.999863836312066,0.0,3.569238722883643,-22.767741754763172,4.541679224104462,0.7091982007387935,2.8965349945240737,WEBOTS_UNKNOWN,ekf_on_cluster_on,1,1
1784381521.546174,21.81192898750305,-121.64315505530347,200.0,0.2,0.9864840212667404,1.740967940177626,1.54007549933889,0.11075645198361866,1.2750734084880802,1784381521.5531745,None,None,None, None, 1784381521.561182,0.9139983594734408,apf_colreg,crossing,1.0,2.9238525205192385,0.0,3.1757371728414827,-23.006055691229115,4.535228380802462,0.6834261550440733,2.8820919711100714,WEBOTS_UNKNOWN,ekf_on_cluster_on,1,1
1784381521.934665,22.200419902801514,-132.01032381924534,200.0,0.2,0.9960290625005025,1.7736494953645359,1.5897126111794622,0.07097751888022308,1.3054906045655152,1784381522.0416353,None,None,None, None, 1784381521.9920874,1.0668708128622868,apf_colreg,crossing,1.0,2.913730364188893,0.0,2.851156336603105,-23.272335116650332,4.4714007508867635,0.5076194250317774,2.8555226630334256,WEBOTS_UNKNOWN,ekf_on_cluster_on,1,1
1784381522.2620504,22.52780532836914,-150.80786743153672,200.0,0.2,1.0574803303421023,1.7458682628288944,1.5959371041578438,0.057099780181120496,1.3242732736608434,1784381522.3491771,1.739864565796765,1.591499335835051,1.2214189728483724, 1784381521.968526, 1784381522.2610512,0.9621688139759799,apf_colreg,crossing,1.0,2.9683749766708396,0.0,0.8549006590300257,-23.38270608074121,4.466999218923164,0.473406694975287,2.842374344253685,WEBOTS_UNKNOWN,ekf_on_cluster_on,1,1
1784381522.681159,22.946913957595825,-200.0,-69.9203524747663,0.2,1.065009690937909,1.7743258409615148,1.6466188648625266,0.06005684510650216,1.3456131573058667,1784381522.726707,None,None,None, None, 1784381522.8118293,1.088469679276329,apf_colreg,crossing,1.0,2.9502635130670374,0.0,-0.1112060332450136,-23.634024127506265,4.410763540578944,0.4421428686469926,2.8192380102163277,WEBOTS_UNKNOWN,ekf_on_cluster_on,1,1
1784381522.9467862,23.212541103363037,-200.0,-102.31887263793085,0.2,1.072247970278531,1.7982933259780416,1.690885602119602,-0.018882066894844906,1.339698339622886,1784381522.9693174,None,None,None, None, 1784381522.8961506,1.0366649685334999,apf_colreg,crossing,1.0,2.970496187454726,0.0,-0.5694229020766262,-23.7967433222934,4.373272331779616,0.3466995841836471,2.8054757346617243,WEBOTS_UNKNOWN,ekf_on_cluster_on,1,1
1784381523.033834,23.299588918685913,-200.0,-165.24786128243085,0.2,1.1188877858584447,1.797424248305827,1.7454005210068817,-0.1059950191962165,1.3291844918470899,1784381522.9693174,1.7938128195983616,1.74751256287631,1.2793904766403124, 1784381522.977314, 1784381523.0028398,0.9236854969682603,apf_colreg,crossing_from_starboard,1.0,2.9058334993564197,0.0,-2.2227766410023997,-23.95931494667329,4.390171447758718,0.37607827963531687,2.79483270176339,WEBOTS_UNKNOWN,ekf_on_cluster_on,1,1
1784381523.1821394,23.44789433479309,-200.0,-181.34687953385375,0.2,1.1146689533536127,1.8156512507416878,1.783885586638062,-0.14749880931350332,1.2980886581547688,1784381523.1801383,None,None,None, None, 1784381523.1926522,0.903422881247913,apf_colreg,crossing_from_starboard,1.0,2.9058334993564197,0.0,-2.4524843782781285,-24.092708432756424,4.390171447758718,0.37607827963531687,2.79483270176339,WEBOTS_UNKNOWN,ekf_on_cluster_on,1,1
1784381523.33514,23.600894927978516,-200.0,-115.82538620931656,0.2,1.1093005365999078,1.8329260574046629,1.8197351904628385,-0.11768827483267738,1.2810231590719747,1784381523.3251443,None,None,None, None, 1784381523.3331392,0.9800427518672378,apf_colreg,crossing_from_starboard,1.0,3.0101195130955727,0.0,-2.746205383381736,-24.202217537771595,4.475478314554531,0.5794847888215313,2.789447365419926,WEBOTS_UNKNOWN,ekf_on_cluster_on,1,1
1784381523.59372,23.859474897384644,-200.0,-132.06296382550934,0.2,1.1021615490572416,1.8511744148865183,1.8569733487910787,-0.11596847158773003,1.2539396819321673,1784381523.558686,None,None,None, None, 1784381523.6117501,0.9063817293043458,apf_colreg,crossing_from_starboard,1.0,2.9871568262692305,0.0,-3.016929104074159,-24.339100658555353,4.517689392468512,0.6302156198341478,2.7884047810389694,WEBOTS_UNKNOWN,ekf_on_cluster_on,1,1
1784381523.8120506,24.077805519104004,-200.0,-145.4866800517739,0.2,1.0900708083875994,1.8697687247633188,1.8942093503507782,-0.15413091240840132,1.2201338070250412,1784381523.7780182,None,None,None, None, 1784381523.766506,0.9112631883515153,apf_colreg,crossing_from_starboard,1.0,2.9913240248762927,0.0,-1.2602978275402803,-24.799199227835338,4.544783728314693,0.6461812001095016,2.7879902628602378,WEBOTS_UNKNOWN,ekf_on_cluster_on,1,1
1784381523.9614644,24.227219343185425,-200.0,-97.17671656499856,0.2,1.0803587808343584,1.8886262697465095,1.9307211497465668,-0.11830118508591261,1.2089263860089579,1784381524.0180032,None,None,None, None, 1784381524.0094936,1.0766057889092704,apf_colreg,crossing,1.0,2.993681466214319,0.0,-2.1856472419133244,-24.654292375971455,4.577470716530346,0.6672317280515518,2.788466811651718,WEBOTS_UNKNOWN,ekf_on_cluster_on,1,1
1784381524.1528308,24.418585777282715,-134.98191630587075,200.0,0.2,1.0799088359383833,1.8338857572770433,1.8609884255272815,-0.20186113528956115,1.1619869669384904,1784381524.233343,1.8305099704090666,1.8561303579641952,1.1360341994301937, 1784381523.980479, 1784381524.121802,0.9001730184815047,apf_colreg,crossing,1.0,3.0103460012584664,0.0,-0.9047445287185236,-24.59730031440046,4.6167275929190295,0.730417012377019,2.7943695344091255,WEBOTS_UNKNOWN,ekf_on_cluster_on,1,1
1784381524.4364572,24.70221209526062,-130.99512177320992,200.0,0.2,1.0682301432142065,1.8540480637180918,1.8979642735954847,-0.03187046896935944,1.151464547622015,1784381524.4354498,None,None,None, None, 1784381524.47098,1.0559363402994586,apf_colreg,crossing,1.0,3.021262138020311,0.0,0.22421880082147272,-25.627896189427684,4.592637339194111,0.6735708449879548,2.78701249758672,WEBOTS_UNKNOWN,ekf_on_cluster_on,1,1
1784381524.77097,25.03672504425049,-200.0,-51.24215623950272,0.2,1.0713252585606248,1.8806401187153372,1.945415494528257,0.10571184635401147,1.1787078982841868,1784381524.7879927,None,None,None, None, 1784381524.757257,1.0246956165784806,apf_waypoint,static_obstacle,0.0,3.026625706905596,0.0,1.757170149723379,-20.91346680428485,4.569863648332668,0.5705735764909349,2.793024171201079,WEBOTS_UNKNOWN,ekf_on_cluster_on,1,1
1784381524.9205327,25.18628764152527,-200.0,-81.96367216532701,0.2,1.0759573210627194,1.904226267118084,1.9892563285341933,-0.0071999807734844925,1.177323097637921,1784381524.885497,None,None,None, None, 1784381524.8824973,0.9257763486720822,apf_waypoint,static_obstacle,0.0,3.0259555221704084,0.0,1.3101540181093494,-21.104748044562587,4.580445212120856,0.5819036425363051,2.791877467564758,WEBOTS_UNKNOWN,ekf_on_cluster_on,1,1
1784381525.207779,25.473533868789673,-200.0,-82.06072237451367,0.2,1.0718314484418188,1.8960575715872885,1.9905456207469048,-0.1836367141199675,1.1296061874105368,1784381525.1453412,1.8930810105156322,1.986558760530624,1.0964756851646564, 1784381524.982483, 1784381525.2525806,1.0439366002029038,apf_waypoint,static_obstacle,0.0,3.0459205743962885,0.0,1.3878322262020646,-21.10419356932191,4.642692412891072,0.6557109739444141,2.7925660210020715,WEBOTS_UNKNOWN,ekf_on_cluster_on,1,1
1784381525.5685546,25.834309577941895,-200.0,-55.424217787400885,0.2,1.0665337406324755,1.9155823805407488,2.026708411609531,-0.09678725649146254,1.1079212520715802,1784381525.5695615,None,None,None, None, 1784381525.5470326,1.0470283094060264,apf_waypoint,static_obstacle,0.0,3.0518528042542137,0.0,1.2120571973760175,-21.25040570783826,4.679961476812251,0.6579030670999637,2.8132017617775116,WEBOTS_UNKNOWN,ekf_on_cluster_on,1,1
1784381525.9208598,26.186614751815796,-86.1497599383665,200.0,0.2,1.062094451739651,1.9368028466504938,2.0655476117466307,-0.08178396398059377,1.0825681889196792,1784381525.879562,None,None,None, None, 1784381525.9392934,1.0755059735709402,apf_colreg,crossing,1.0,3.3630429123134373,0.0,-2.3726067462356957,-30.85640813185595,4.748453295082894,0.7378256370660141,2.8184134786381696,WEBOTS_UNKNOWN,ekf_on_cluster_on,1,1
1784381526.171754,26.437508821487427,-74.54301548145851,200.0,0.2,1.0333997653707703,1.9545796691560187,2.0977911879424704,-0.03627445755965924,1.0743172560484229,1784381526.1987808,1.953357759425739,2.095739756625494,0.964631413643775, 1784381525.992368, 1784381526.1632392,1.074874930881636,apf_colreg,crossing,1.0,3.43351163676336,0.0,-4.824205513063219,-30.668317707188677,4.776590396042111,0.763478066700514,2.8268694734180126,WEBOTS_UNKNOWN,ekf_on_cluster_on,1,1
1784381526.353073,26.61882781982422,-71.36763477228659,200.0,0.2,1.0300393939360382,1.9819887692049605,2.1429298126814302,0.05461523286109508,1.085046652656294,1784381526.3034747,None,None,None, None, 1784381526.3064804,1.0740852018728717,apf_colreg,crossing,1.0,3.4615125170695293,0.0,-2.8107515367772615,-31.44920204578783,4.708911236424092,0.6363257753689974,2.838824707945565,WEBOTS_UNKNOWN,ekf_on_cluster_on,1,1
1784381526.526411,26.792165994644165,-103.13096604337284,200.0,0.2,1.0326150428194423,2.0102330016493952,2.1892938262944,0.08408528736034578,1.1034560064547478,1784381526.6387012,None,None,None, None, 1784381526.5529234,1.0352836114647972,apf_colreg,crossing,1.0,3.4669325281636714,0.0,-2.600128974925406,-31.420139834765045,4.705622322004577,0.6304258135866413,2.8414551518378155,WEBOTS_UNKNOWN,ekf_on_cluster_on,1,1
1784381526.9506917,27.2164466381073,-105.41169483628087,200.0,0.2,1.0449160233168937,2.0396411423452028,2.2381857506898024,0.1422997848983194,1.1639013133919054,1784381526.9471858,None,None,None, None, 1784381526.9017704,0.9422468899987988,apf_colreg,crossing,1.0,3.433418034667159,0.0,-5.643167210809825,-25.990699922152928,4.69909292149431,0.5932259365663773,2.8457707066100917,WEBOTS_UNKNOWN,ekf_on_cluster_on,1,1
1784381527.218916,27.484670877456665,-142.07038642068522,200.0,0.2,1.0510024543996055,2.0382539865573235,2.2265977962951653,0.0802127812917364,1.1854155989197195,1784381527.215401,2.035252110482257,2.2205125114438657,1.039544027317449, 1784381526.998822, 1784381527.2164013,0.9193055265780491,apf_colreg,crossing,1.0,3.456802882661622,0.0,-4.974342444394045,-25.727301504028745,4.607192296714734,0.3565753063499657,2.869339860043301,WEBOTS_UNKNOWN,ekf_on_cluster_on,1,1
1784381527.468991,27.734745979309082,-143.821271482536,200.0,0.2,1.060581203429238,2.0660934173084566,2.2754088899817866,0.08304638593558707,1.2015287762445654,1784381527.5204093,None,None,None, None, 1784381527.4399593,1.0591077609158912,apf_colreg,crossing,1.0,3.4819252206736095,0.0,-4.939183453288174,-25.861180429979363,4.586293331992273,0.29399819209103034,2.8879280961746527,WEBOTS_UNKNOWN,ekf_on_cluster_on,1,1
1784381527.7849464,28.050701379776,-147.3088000680928,200.0,0.2,1.076733558037039,2.0958052439016583,2.328756734631326,0.13601338426871987,1.2496756134691385,1784381527.7634132,None,None,None, None, 1784381527.8406167,0.9403582730649728,apf_colreg,crossing,1.0,3.5396095533459437,0.0,-4.446817571600125,-26.570040348969115,4.585826156143364,0.26584302468498044,2.899247137574001,WEBOTS_UNKNOWN,ekf_on_cluster_on,1,1
1784381528.0354123,28.301167249679565,-200.0,-137.07024536038935,0.2,1.0944760737152979,2.1159692978039417,2.3648059582578265,0.04124624413491859,1.2608945556065203,1784381528.0354123,2.114476501817003,2.361713647991394,1.1265147564285194, 1784381528.001317, 1784381528.0459287,1.0564202374711462,apf_colreg,crossing,1.0,3.5673788163443874,0.0,-6.642730047022669,-25.964421974431794,4.584272773752555,0.2538545456071432,2.928026230638209,WEBOTS_UNKNOWN,ekf_on_cluster_on,1,1
1784381528.2746334,28.540388345718384,-200.0,-154.42109414045632,0.2,1.0845238850779024,2.1373113954919845,2.4073528228794325,-0.22365159683961727,1.2078397528985871,1784381528.272633,None,None,None, None, 1784381528.323706,1.0568768160609325,apf_colreg,crossing,1.0,3.629008872686761,0.0,-6.535875863795527,-26.23634529313912,4.564964520191445,0.15636337498104974,2.966894699796204,WEBOTS_UNKNOWN,ekf_on_cluster_on,1,1
1784381528.578152,28.84390687942505,-200.0,-171.0873966104973,0.2,1.0781129644891525,2.157406522673785,2.445783469207849,-0.10282864787718354,1.187437051549682,1784381528.6166914,None,None,None, None, 1784381528.567964,1.0350985062153195,apf_colreg,crossing,1.0,3.7283505783417286,0.0,-7.1251305492720505,-26.427936801341684,4.631036248653542,0.17993394429107828,2.993150691812247,WEBOTS_UNKNOWN,ekf_on_cluster_on,1,1
1784381528.8850691,29.150824069976807,-200.0,-135.73504884187327,0.2,1.0829462867767095,2.1764524209370046,2.4817751361250893,-0.005967930352132976,1.185052819902619,1784381528.870555,None,None,None, None, 1784381528.8685474,1.0441575483850363,apf_colreg,crossing,1.0,3.8183977473941164,0.0,-7.28685110804325,-26.566498175953157,4.673992532108601,0.2426111944217994,3.0250055963921385,WEBOTS_UNKNOWN,ekf_on_cluster_on,1,1
1784381529.01094,29.276695013046265,-200.0,-118.00423988549258,0.2,1.0796717345873585,2.1601579928896606,2.453394316265563,-0.061877763719891656,1.1780072473812835,1784381528.9844177,2.156685305761149,2.446992217999363,1.0608674420812596, 1784381529.002932, 1784381528.9764743,1.0211883360902796,apf_colreg,crossing,1.0,3.805693811798321,0.0,-7.180512444694136,-26.48503944911559,4.673992532108601,0.2426111944217994,3.0250055963921385,WEBOTS_UNKNOWN,ekf_on_cluster_on,1,1
1784381529.1732876,29.439042568206787,-200.0,-135.94152882501075,0.2,1.0820064507929892,2.175467614591235,2.4826977070876097,-0.07756103311739584,1.169921254341379,1784381529.1918318,None,None,None, None, 1784381529.1657765,0.949420753941741,apf_colreg,crossing,1.0,3.8421142299821174,0.0,-7.422027435769088,-26.541015907487562,4.7137469956485525,0.2444376827198949,3.036646681588888,WEBOTS_UNKNOWN,ekf_on_cluster_on,1,1
1784381529.3930833,29.658838272094727,-200.0,-150.25880407355655,0.2,1.0756043519610778,2.1925247307070186,2.5154916470708564,-0.14506267266461007,1.1358020745207502,1784381529.415604,None,None,None, None, 1784381529.3835902,0.9994865592958846,apf_colreg,crossing,1.0,3.841512239835859,0.0,-7.365929734085689,-26.41108485491336,4.813374872808225,0.31145264945232937,3.073321933588554,WEBOTS_UNKNOWN,ekf_on_cluster_on,1,1
1784381529.5694308,29.835185766220093,-200.0,-136.14943273803266,0.2,1.0739141775941043,2.2106128632716358,2.549501644084029,-0.06957553295199963,1.1194496751228322,1784381529.558905,None,None,None, None, 1784381529.581418,1.0434628018327408,apf_colreg,crossing,1.0,3.8696313303597516,0.0,-7.972006441616535,-26.83623435085709,4.813374872808225,0.31145264945232937,3.073321933588554,WEBOTS_UNKNOWN,ekf_on_cluster_on,1,1
1784381529.6940737,29.9598286151886,-200.0,-155.64432300076248,0.2,1.074212014047473,2.229400172567822,2.584796495421113,-0.059728561250832986,1.1125128921055532,1784381529.6750433,None,None,None, None, 1784381529.6920722,0.9567697013149983,apf_colreg,crossing,1.0,3.9388830688438023,0.0,-7.5190670010586915,-27.047036443060883,4.896540045541756,0.37878844953552954,3.0989234810470085,WEBOTS_UNKNOWN,ekf_on_cluster_on,1,1
1784381529.8481174,30.113872289657593,-200.0,-174.40168735647714,0.2,1.0752895690793112,2.2480595819892444,2.619998296726338,-0.06251576030935102,1.105055618444594,1784381529.7943296,None,None,None, None, 1784381529.8053372,0.9467565014168947,apf_colreg,crossing,1.0,3.9391577838516896,0.0,-8.485633232935688,-27.00632806076698,4.982296608835884,0.445551191429516,3.1212266706779164,WEBOTS_UNKNOWN,ekf_on_cluster_on,1,1
1784381530.0018778,30.267632722854614,-200.0,-191.00603837799775,0.2,1.0757641336375177,2.2661846037361,2.654363419147047,-0.07454214532256567,1.0971657247446558,1784381530.0143332,None,None,None, None, 1784381530.0153325,1.042120735450087,apf_colreg,crossing,1.0,3.951982957532814,0.0,-8.747954163919593,-27.135578252048838,4.982296608835884,0.445551191429516,3.1212266706779164,WEBOTS_UNKNOWN,ekf_on_cluster_on,1,1
1784381530.1121655,30.377920389175415,-200.0,-103.06932861869778,0.2,1.039719666515,2.2046060957290177,2.5317851505061433,-0.08573753616895054,1.0873780246027946,1784381530.138708,2.20200665669763,2.5266628286712125,0.9380839252488126, 1784381530.016333, 1784381530.1101654,0.9234223950349414,apf_colreg,crossing,1.0,4.00294074556803,0.0,-5.830825402867653,-27.139547994387076,5.06440455995791,0.5086929241124002,3.1479427228595194,WEBOTS_UNKNOWN,ekf_on_cluster_on,1,1
1784381530.2809258,30.546680688858032,-200.0,-108.82856368149614,0.2,1.039047239434689,2.2158413979565017,2.551291585880843,-0.0981092427211391,1.0651608857981936,1784381530.2407863,None,None,None, None, 1784381530.221484,1.0240771933942427,apf_colreg,crossing,1.0,4.031676801330754,0.0,-6.298661224791605,-27.096607407313147,4.961109280736614,0.3188062550386638,3.166942731121912,WEBOTS_UNKNOWN,ekf_on_cluster_on,1,1
1784381530.4281094,30.693864345550537,-121.33680437782495,200.0,0.2,1.010166028609236,2.231460470715122,2.578291516098493,-0.34554876323608547,1.0310293378182178,1784381530.4296155,None,None,None, None, 1784381530.4135945,0.9018507973192,apf_colreg,crossing,1.0,4.130865090540599,0.0,-5.2255276763358065,-27.58250581095919,5.03733983909433,0.37284103645515715,3.205727014490928,WEBOTS_UNKNOWN,ekf_on_cluster_on,1,1
1784381530.6419868,30.90774178504944,-115.15573542882854,200.0,0.2,0.9950232889118761,2.2573403040853086,2.6183556805566233,-0.030398897245535305,1.0239365077315863,1784381530.7140446,None,None,None, None, 1784381530.6795285,1.0255578240225036,apf_colreg,crossing,1.0,4.236085703911431,0.0,-3.449706942239054,-30.2550806998593,4.9794915558520865,0.29369296207426,3.223769032651751,WEBOTS_UNKNOWN,ekf_on_cluster_on,1,1
1784381531.005169,31.270923852920532,-110.92927743983084,200.0,0.2,0.9873905920949633,2.288121814921188,2.664641830600147,0.020810071771640723,1.0324012219768925,1784381530.979647,None,None,None, None, 1784381530.9704077,0.9267000940327919,apf_colreg,crossing,1.0,4.297040113243894,0.0,-3.7967390943445958,-29.67147674278674,4.970815110402797,0.23769133686046456,3.2553364978110824,WEBOTS_UNKNOWN,ekf_on_cluster_on,1,1
1784381531.129572,31.395326852798462,-90.29998294986841,200.0,0.2,0.9592905466464529,2.2658177357182323,2.614190770275077,0.10369995632800755,1.0436426296915917,1784381531.0880501,2.2623296463557274,2.6078986110919877,0.8656268776518692, 1784381531.031773, 1784381531.0870495,1.0817414524435818,apf_colreg,crossing,1.0,4.290062212747537,0.0,-4.045862472344504,-28.01151898729924,4.970815110402797,0.23769133686046456,3.2553364978110824,WEBOTS_UNKNOWN,ekf_on_cluster_on,1,1
1784381531.299527,31.565281867980957,-81.68181122761432,200.0,0.2,0.9598366577704319,2.2938837282387237,2.653872540897241,0.049864237110137835,1.0515295364326331,1784381531.2462177,None,None,None, None, 1784381531.2725015,1.0004559140010973,apf_colreg,crossing,1.0,4.327431854646181,0.0,-3.5943922304682747,-28.72675380343616,4.886472293923693,0.049248605457285086,3.2848435199591393,WEBOTS_UNKNOWN,ekf_on_cluster_on,1,1
1784381531.410146,31.67590093612671,-70.81291982643177,200.0,0.2,0.9607252810933165,2.324723081364617,2.6975275933166944,0.04642547794342143,1.0564727720082185,1784381531.3526945,None,None,None, None, 1784381531.3611968,0.9266418676531755,apf_colreg,crossing,1.0,4.346008022434414,0.0,-3.21499570721588,-30.06004844829302,4.868162968255734,0.046990187811687886,3.3167454760906105,WEBOTS_UNKNOWN,ekf_on_cluster_on,1,1
1784381531.5895557,31.855310678482056,-58.08019200683368,200.0,0.2,0.9624873345752654,2.3561397913699214,2.7420467317246335,0.05439617139998601,1.0642993260968807,1784381531.5975573,None,None,None, None, 1784381531.6055605,1.0072355699413411,apf_colreg,crossing,1.0,4.285420994506217,0.0,-4.786196314911503,-28.815527688493784,4.878628514338987,0.05166227713133337,3.324198445464376,WEBOTS_UNKNOWN,ekf_on_cluster_on,1,1
1784381531.8613591,32.127114057540894,-200.0,-55.31069946066904,0.2,0.9633519007795966,2.3872212019769696,2.786239112984611,0.045514387607871416,1.0808112352448562,1784381531.8593595,None,None,None, None, 1784381531.8778741,1.0052348562445361,apf_colreg,crossing,1.0,4.320154618738122,0.0,-4.782304706593806,-29.322873019020015,4.871726495583417,0.00838613567684666,3.3339113466116856,WEBOTS_UNKNOWN,ekf_on_cluster_on,1,1
1784381532.0021858,32.26794075965881,-200.0,-90.74806838194908,0.2,0.9723434979961201,2.4152893706774394,2.8270881156937158,0.03770332362429635,1.0847809528545118,1784381531.9646478,None,None,None, None, 1784381531.998678,1.0421707766076516,apf_colreg,crossing,1.0,4.282586642129865,0.0,-6.445922060215873,-28.824654122058178,4.805075708145745,-0.04969530152359803,3.362914271931237,WEBOTS_UNKNOWN,ekf_on_cluster_on,1,1
1784381532.2780085,32.543763399124146,-200.0,-3.4021882491781397,0.2,0.9690638490527809,2.342829169035474,2.708529898117616,-0.03215395894984366,1.076717601950842,1784381532.215421,2.338414052270094,2.701462793865723,0.9438154451170728, 1784381532.028724, 1784381532.2750084,1.0178700106512226,apf_colreg,crossing,1.0,4.2801389810228665,0.0,-5.601451652737151,-28.264152049868443,4.929034931965102,0.003203132013178165,3.4120210343068558,WEBOTS_UNKNOWN,ekf_on_cluster_on,1,1
1784381532.4133914,32.67914628982544,-200.0,-24.366828912521672,0.2,0.9736859748200063,2.3591921569440073,2.7328765789795746,-0.06033865010180561,1.0701313546261824,1784381532.436437,None,None,None, None, 1784381532.3681252,0.9397303156983586,apf_colreg,crossing,1.0,4.2857804704544264,0.0,-5.430364471956723,-28.524067348967247,4.929034931965102,0.003203132013178165,3.4120210343068558,WEBOTS_UNKNOWN,ekf_on_cluster_on,1,1
1784381532.6612923,32.92704725265503,-200.0,-76.47093908449472,0.2,0.978458878438609,2.3805746726667856,2.764916731500093,-0.034310936212923894,1.062410227458274,1784381532.6718075,None,None,None, None, 1784381532.7303913,0.9168431337354321,apf_colreg,crossing,1.0,4.304315382239471,0.0,-6.216115654388266,-28.536771255035152,4.942052296049961,-0.10016238926918844,3.466891311503198,WEBOTS_UNKNOWN,ekf_on_cluster_on,1,1
1784381532.9557822,33.2215371131897,-200.0,-100.93322850383265,0.2,0.978955480971151,2.4038545366215223,2.8002305422508744,-0.07658481182034346,1.033488026328375,1784381532.927259,None,None,None, None, 1784381532.9397738,0.9509430557356274,apf_colreg,crossing,1.0,4.3967443702703495,0.0,-6.521780681404673,-28.780532208123553,5.021461122467933,-0.04064771256900155,3.4872907952467567,WEBOTS_UNKNOWN,ekf_on_cluster_on,1,1
1784381533.0967133,33.362468242645264,-200.0,-58.269808834760916,0.2,0.9420079124262846,2.397895802754945,2.7807768256514906,-0.1688962281669395,1.0121709934259469,1784381533.0534728,2.3949699403978575,2.775319495592422,0.8647245616111504, 1784381533.047473, 1784381533.087708,0.9611277546798848,apf_colreg,crossing,1.0,4.384686422126794,0.0,-5.53853699535612,-28.868190188347445,5.021461122467933,-0.04064771256900155,3.4872907952467567,WEBOTS_UNKNOWN,ekf_on_cluster_on,1,1
1784381533.295335,33.56108999252319,-200.0,-49.14141518247289,0.2,0.9319588803073138,2.420182896221902,2.8116557212881745,-0.14406594962875077,0.9783367717876956,1784381533.288325,None,None,None, None, 1784381533.288325,0.9164990557449708,apf_colreg,crossing,1.0,4.384731680586958,0.0,-6.017399276159514,-29.146957680095834,4.956368022223783,-0.15003638955342904,3.526757994177523,WEBOTS_UNKNOWN,ekf_on_cluster_on,1,1
1784381533.417013,33.68276786804199,-200.0,-71.50745387347767,0.2,0.9277398167164269,2.4457156549329966,2.84618187475969,-0.06015055465217891,0.9663066608572598,1784381533.426044,None,None,None, None, 1784381533.406014,0.9344717749764082,apf_colreg,crossing,1.0,4.439854349010494,0.0,-6.011942589103013,-29.328400111156498,5.019687004466629,-0.12310804558407563,3.5506098380118396,WEBOTS_UNKNOWN,ekf_on_cluster_on,1,1
1784381533.749008,34.01476287841797,-200.0,-92.18418153852633,0.2,0.9191583709799677,2.4723162271612065,2.8820474500962625,-0.12147919917105363,0.9365681653534396,1784381533.759012,None,None,None, None, 1784381533.72339,0.9134683142600067,apf_colreg,crossing,1.0,4.493177282835048,0.0,-5.943807137355145,-29.535544215444276,5.079873642665908,-0.1159244960428038,3.5860746674863027,WEBOTS_UNKNOWN,ekf_on_cluster_on,1,1
1784381533.9262333,34.19198822975159,-200.0,-43.39786017780318,0.2,0.9185356180913259,2.4992848648187804,2.917711513783822,-0.03969051344618914,0.928417693117106,1784381533.8761978,None,None,None, None, 1784381533.8967087,0.9217219463501747,apf_colreg,crossing,1.0,4.523436265073134,0.0,-6.336568285162287,-29.74077416378095,5.153941891135278,-0.07495111404740823,3.611550093471059,WEBOTS_UNKNOWN,ekf_on_cluster_on,1,1
1784381534.0306926,34.29644751548767,-200.0,-69.73311903642812,0.2,0.9162979811238772,2.5271578758610267,2.954704441642289,-0.07168616362034633,0.9230425434584393,1784381534.0447206,None,None,None, None, 1784381533.9862492,1.0052525998465147,apf_colreg,crossing,1.0,4.60389165809788,0.0,-5.822199966368438,-29.96282972723282,5.263347131566978,-0.0029748613864221457,3.6621693207566204,WEBOTS_UNKNOWN,ekf_on_cluster_on,1,1
1784381534.1785047,34.44425964355469,-200.0,25.44381328681623,0.2,0.8689542001157537,2.469140721422999,2.86160302100451,-0.08260592613112419,0.9044294330458057,1784381534.1765037,2.4652824319568563,2.8557659572819913,0.7460060113775242, 1784381534.047722, 1784381534.191017,0.9349593171567977,apf_colreg,crossing,1.0,4.563137679691312,0.0,-4.366312498785854,-29.67660256967539,5.263347131566978,-0.0029748613864221457,3.6621693207566204,WEBOTS_UNKNOWN,ekf_on_cluster_on,1,1
1784381534.340666,34.60642099380493,-200.0,25.029730687727458,0.2,0.8485866968072315,2.4910002507872964,2.8877263135478883,-0.26698634841921953,0.8606003140203349,1784381534.340666,None,None,None, None, 1784381534.3396661,0.9874836933684323,apf_colreg,crossing,1.0,4.623656268225123,0.0,-3.8537880539554257,-29.89579956104778,5.146952929353235,-0.2268341991648473,3.699956747761102,WEBOTS_UNKNOWN,ekf_on_cluster_on,1,1
1784381534.530411,34.79616594314575,-200.0,16.084680665509868,0.2,0.8396546648089033,2.519552940477631,2.9199433826654757,-0.058656991949472624,0.8503207709429852,1784381534.5159144,None,None,None, None, 1784381534.530411,0.9042663636728626,apf_colreg,crossing,1.0,4.673421509773715,0.0,-3.8949770963763903,-30.130607311144416,5.166348105939815,-0.22538012687127817,3.7319103313654542,WEBOTS_UNKNOWN,ekf_on_cluster_on,1,1
1784381534.6950164,34.960771322250366,-200.0,7.013839305635589,0.2,0.828105704079816,2.551086635123408,2.955193104388856,-0.11836397531847964,0.836889606406264,1784381534.7340744,None,None,None, None, 1784381534.6569152,0.9866726619024824,apf_colreg,crossing,1.0,4.782324800920725,0.0,-3.2818406340902375,-30.339936283594728,5.254990988434072,-0.15854674309399622,3.7665295499817493,WEBOTS_UNKNOWN,ekf_on_cluster_on,1,1
1784381534.9585626,35.22431755065918,-200.0,-18.022855210446508,0.2,0.8210721581913315,2.584008421641146,2.991151104743489,-0.07463509707627577,0.8221148144710552,1784381534.9585626,None,None,None, None, 1784381534.919046,0.9391654817810222,apf_colreg,crossing,1.0,4.821567852719806,0.0,-3.6780048097684297,-30.53965986167531,5.326414603972056,-0.1215746759639393,3.8068148030140017,WEBOTS_UNKNOWN,ekf_on_cluster_on,1,1
1784381535.1782103,35.4439651966095,-98.68612308101366,200.0,0.2,0.7729463847091959,2.553466386159994,2.9379193101142764,-0.02349246034907532,0.8191183762193004,1784381535.2132735,2.549351386212474,2.932162030246208,0.6350124710017263, 1784381535.069472, 1784381535.159691,0.979156797475163,apf_colreg,crossing,1.0,4.953348650998697,0.0,-0.739186226041888,-30.494396147582485,5.374531477124656,-0.09118798857827592,3.8311312004171225,WEBOTS_UNKNOWN,ekf_on_cluster_on,1,1
1784381535.5353208,35.80107569694519,-91.3984170082725,200.0,0.2,0.7700592019335223,2.585184907726881,2.9686740061327708,0.0021769061138616533,0.8199396264116127,1784381535.6259673,None,None,None, None, 1784381535.6259673,1.065040834183974,apf_colreg,crossing,1.0,5.027635442969211,0.0,-1.1165517427641545,-30.602269620575463,5.314468701227115,-0.24525950935659613,3.9093513791364187,WEBOTS_UNKNOWN,ekf_on_cluster_on,1,1
1784381535.9684374,36.23419237136841,-200.0,175.72169459021922,0.2,0.7597522353013111,2.622893401332385,3.0048678481788116,0.0021769061138616533,0.8199396264116127,1784381536.0192685,None,None,None, None, 1784381536.1159115,0.9509461156603887,apf_colreg,crossing,1.0,5.051926201727728,0.0,-1.0734067537606402,-30.847337866035218,5.280053458236659,-0.2969942339886023,3.9372439154779184,WEBOTS_UNKNOWN,ekf_on_cluster_on,1,1
1784381536.5740678,36.83982276916504,-200.0,195.88693827009644,0.2,0.7255718680987744,2.6363036233044186,3.000490776422736,0.004843154197238895,0.8209082572510604,1784381536.575066,2.631160029878398,2.99293678220744,0.6210376499075485, 1784381536.082389, 1784381536.6002853,1.0015607714678951,apf_colreg,crossing,1.0,4.9508457791866745,0.0,-0.6047855093941208,-30.831685557271094,5.029853906672084,-0.5682178980319404,4.007197930383756,WEBOTS_UNKNOWN,ekf_on_cluster_on,1,1
1784381536.9131362,37.1788911819458,-200.0,195.74257286799906,0.2,0.7242038143028555,2.684305903453062,3.0429190728840556,-8.573554247800008e-05,0.8208851087379905,1784381536.9426816,None,None,None, None, 1784381536.8946168,0.9483429621321513,apf_colreg,crossing,1.0,4.814700142641058,0.0,-0.6450031511629017,-31.30025917677512,5.035420375229858,-0.5581486599277935,4.038364803284165,WEBOTS_UNKNOWN,ekf_on_cluster_on,1,1
1784381537.0393376,37.305092573165894,-200.0,195.40235930969683,0.2,0.7233278653910645,2.7354774853736217,3.0881170067117907,-0.002521166507764486,0.8204293901282136,1784381537.0258222,None,None,None, None, 1784381536.9983027,0.9271002241396376,apf_colreg,crossing,1.0,4.774784487021095,0.0,-0.9652543561987759,-31.66817532213647,5.058943588415328,-0.5855655829908541,4.069614547222006,WEBOTS_UNKNOWN,ekf_on_cluster_on,1,1
1784381537.1971729,37.46292781829834,-200.0,68.83806384593737,0.2,0.7022941300398858,2.7509532887626045,3.083646469520841,-0.0037049788120311435,0.8200284033824254,1784381537.2331967,2.745237570049371,3.075744117207604,0.6339531096568045, 1784381537.088987, 1784381537.193173,1.0651807791579135,apf_colreg,crossing,1.0,4.762772389340296,0.0,-0.3726943775762453,-31.675807229041062,5.058943588415328,-0.5855655829908541,4.069614547222006,WEBOTS_UNKNOWN,ekf_on_cluster_on,1,1
1784381537.4870617,37.752816677093506,-200.0,57.88505543958038,0.2,0.7001337020269068,2.7926229419357065,3.1191753162559364,-0.05845868954619951,0.7997142267497747,1784381537.4815476,None,None,None, None, 1784381537.4705472,1.078014822835432,apf_colreg,crossing,1.0,4.754230397631176,0.0,-0.5169740190080749,-32.174602244034,5.0900298666207995,-0.5968866659618427,4.157205944067126,WEBOTS_UNKNOWN,ekf_on_cluster_on,1,1
1784381537.6857128,37.951467752456665,-200.0,49.65565347111159,0.2,0.6870354554056328,2.8338522048641415,3.1542008358629596,-0.1595861107510591,0.7767677954051406,1784381537.7412627,None,None,None, None, 1784381537.6303337,0.9144417142264779,apf_colreg,crossing,1.0,4.744675258039475,0.0,-0.5462780245907493,-32.57557106913611,5.1779019645870346,-0.5915776341195309,4.203767941492726,WEBOTS_UNKNOWN,ekf_on_cluster_on,1,1
1784381537.9942913,38.2600462436676,-200.0,74.06577977561884,0.2,0.6806406007034898,2.87512930910853,3.1880881147491635,-0.06147455857630786,0.7543022022660595,1784381537.99078,None,None,None, None, 1784381537.9424093,0.985605973756529,apf_colreg,crossing,1.0,4.774677110869897,0.0,-0.4502559367193377,-32.875838714678096,5.186228934696383,-0.5963560768307676,4.219650446714436,WEBOTS_UNKNOWN,ekf_on_cluster_on,1,1
1784381538.2559593,38.521714210510254,-200.0,99.82518727772893,0.2,0.6375049264314936,2.8555970596840785,3.1569485588424495,-0.18982025795244667,0.7070154021000064,1784381538.2398937,2.849463109586378,3.150452495431785,0.5588002162535348, 1784381538.095236, 1784381538.245954,1.068496861758638,apf_colreg,crossing,1.0,4.816351063293555,0.0,1.3853131233090765,-32.67561189547768,5.2835828915249285,-0.541504148386469,4.256463610539732,WEBOTS_UNKNOWN,ekf_on_cluster_on,1,1
1784381538.6160007,38.88175559043884,-200.0,92.88448859875623,0.2,0.6305748478290275,2.8949580827921526,3.1858887052119194,-0.03416118165973545,0.6966471028174286,1784381538.5434048,None,None,None, None, 1784381538.6550367,1.093717614834465,apf_colreg,crossing,1.0,4.828842259133571,0.0,1.4452647429312833,-33.301146881132105,5.180040284310104,-0.6884615721404975,4.33823167102806,WEBOTS_UNKNOWN,ekf_on_cluster_on,1,1
1784381539.000524,39.266278982162476,-200.0,87.16984305203468,0.2,0.6202518046354442,2.9388410571909276,3.217947236284232,-0.10212820674656155,0.6508816179853676,1784381538.9915228,None,None,None, None, 1784381538.9875245,1.0347509213452297,apf_colreg,crossing,1.0,4.864696058586816,0.0,1.5334410814407708,-33.35237711802575,5.29039814914261,-0.6659758661599112,4.382497977524481,WEBOTS_UNKNOWN,ekf_on_cluster_on,1,1
1784381539.3118603,39.57761526107788,-200.0,109.03718632587365,0.2,0.581950823919512,2.9665710905259908,3.223902873266349,-0.04751106009843945,0.6359946747664088,1784381539.3048592,2.963720564635743,3.219645665573022,0.4653864653134887, 1784381539.091772, 1784381539.2978485,0.9147714364709781,apf_colreg,crossing,1.0,4.968042338888635,0.0,3.0066276745683704,-33.63940900521494,5.472371634147273,-0.6221340837970494,4.470051042342867,WEBOTS_UNKNOWN,ekf_on_cluster_on,1,1
1784381539.6134264,39.87918138504028,-200.0,102.35072224924195,0.2,0.5777610330613877,3.0129896581878572,3.2545009871610837,-0.052258348453235764,0.6216735112402069,1784381539.7442124,None,None,None, None, 1784381539.6652253,1.0261572893197985,apf_colreg,crossing,1.0,5.012787291870984,0.0,2.907632918425395,-33.7398752635615,5.398559571335017,-0.7319339855207297,4.512038929497195,WEBOTS_UNKNOWN,ekf_on_cluster_on,1,1
1784381539.985551,40.25130605697632,-200.0,113.63991098973621,0.2,0.564747763581255,3.0610306218888965,3.285938608813826,-0.14062703885584027,0.5794927824708077,1784381540.0075715,None,None,None, None, 1784381540.0424228,0.9357186052048465,apf_colreg,crossing,1.0,5.14661599006358,0.0,3.316445573816846,-34.12549671494846,5.5815559776023695,-0.6798086182048384,4.588561939796916,WEBOTS_UNKNOWN,ekf_on_cluster_on,1,1
1784381540.299482,40.565237045288086,-200.0,132.2571412733111,0.2,0.5141730174484358,3.088050886691169,3.2837574110375893,-0.10854521068390226,0.5340525393145089,1784381540.2974818,3.084432214252155,3.278412127891947,0.3776642418837657, 1784381540.115751, 1784381540.2914824,1.0308310177439073,apf_colreg,crossing,1.0,5.24040854225509,0.0,5.153577496075876,-33.94248627571683,5.589029427062262,-0.7072194948191236,4.626522301698493,WEBOTS_UNKNOWN,ekf_on_cluster_on,1,1
1784381540.885391,41.151145935058594,-200.0,131.57269869042435,0.2,0.5076188769258638,3.138635494944241,3.31211567245827,-0.033372999445972454,0.5144652895402577,1784381540.8844008,None,None,None, None, 1784381540.8303213,1.0789600305190004,apf_colreg,crossing,1.0,5.463084199095499,0.0,5.434717782453383,-34.59713197377317,5.5459419820733284,-0.8472303280039398,4.726382614453852,WEBOTS_UNKNOWN,ekf_on_cluster_on,1,1
1784381541.3615236,41.627278566360474,-200.0,142.90713983646913,0.2,0.4691576215745221,3.179419770390793,3.3206153262241567,-0.033372999445972454,0.5144652895402577,1784381541.4769633,3.176035275529706,3.314778319949778,0.32195242604762253, 1784381541.112613, 1784381541.6454413,0.9324539605640156,apf_colreg,crossing,1.0,5.5077291139726015,0.0,6.670146545851317,-34.45522662582875,5.49754795931938,-0.8929859344648394,4.738190845642608,WEBOTS_UNKNOWN,ekf_on_cluster_on,1,1
1784381542.201737,42.46749186515808,-200.0,150.60851338675212,0.2,0.43955710433871303,3.210263442372112,3.3316059592947673,-0.01041678913902411,0.5123819317124529,1784381542.1947348,3.1971747660666834,3.322317477826069,0.310454500344866, 1784381542.159707, 1784381542.1947348,1.0597635490288688,apf_colreg,crossing,1.0,5.453480534647965,0.0,7.749850444885456,-34.62452100033982,5.600772938429724,-0.8723496437913286,4.754966458734733,WEBOTS_UNKNOWN,ekf_on_cluster_on,1,1
1784381542.9282472,43.19400215148926,-200.0,151.00133950675132,0.2,0.43631992933419594,3.264887053433794,3.357381079836248,-0.03617334764206515,0.48839439293342335,1784381543.0590842,None,None,None, None, 1784381543.1555526,0.9533255407350297,apf_colreg,crossing,1.0,5.201323800130939,0.0,7.7342868971811205,-34.92490733007061,5.524071474537015,-0.9461223736808078,4.785821845955872,WEBOTS_UNKNOWN,ekf_on_cluster_on,1,1
1784381543.679965,43.945719957351685,-200.0,159.2939106626519,0.2,0.40607432829614254,3.2479157605527975,3.34407107311446,-0.059733645879635595,0.43961678989377073,1784381543.6744473,3.225522441812992,3.331974743953953,0.29632926093049683, 1784381543.254897, 1784381543.66893,1.0424338251322538,apf_colreg,crossing,1.0,5.086732314884062,0.0,8.908570908137259,-34.60724664847541,5.66751795074488,-0.916093677614367,4.829288545468457,WEBOTS_UNKNOWN,ekf_on_cluster_on,1,1
1784381544.015479,44.2812340259552,-200.0,159.04474805277414,0.2,0.3940454410051415,3.298967169624053,3.3659786550633086,-0.10871198568537391,0.4157718936061281,1784381544.0395818,None,None,None, None, 1784381544.1096275,0.9866724265389153,apf_colreg,crossing,1.0,5.092837299816406,0.0,9.181067494081022,-34.76364316320133,5.421224452496851,-1.0977660111818763,4.898522767926199,WEBOTS_UNKNOWN,ekf_on_cluster_on,1,1
1784381544.505802,44.77155685424805,-200.0,168.91306512119777,0.2,0.364461258851718,3.3423198030070647,3.371225585089256,-0.011526078479601829,0.4095226232123565,1784381544.5461688,3.3382617356726962,3.3659633702459013,0.2462659295237302, 1784381544.258418, 1784381544.6058886,1.091919542650566,apf_colreg,crossing,1.0,5.10368092574683,0.0,10.1406244453286,-34.68418948456076,5.410907146049675,-1.1248670426932605,4.936898709622821,WEBOTS_UNKNOWN,ekf_on_cluster_on,1,1
1784381544.99578,45.26153492927551,-200.0,167.10271102570192,0.2,0.3599243437365043,3.4018365470335947,3.3938435680089434,-0.032523693819892445,0.3920778185019296,1784381544.9723449,None,None,None, None, 1784381544.9753528,1.0303666002299083,apf_waypoint,none,0.0,nan,nan,9.950736353758682,-27.08518832997085,nan,nan,nan,WEBOTS_UNKNOWN,ekf_on_cluster_on,1,1
1784381545.3716078,45.63736271858215,-200.0,176.43255586562293,0.2,0.32714942588143614,3.4633450856697974,3.4011583901819358,-0.04555356496331195,0.37393550921852525,1784381545.370608,3.463480883752123,3.3966875020289353,0.19812710909494236, 1784381545.262408, 1784381545.3414512,1.087936404757953,apf_waypoint,none,0.0,nan,nan,10.799092989120977,-26.824114293424657,nan,nan,nan,WEBOTS_UNKNOWN,ekf_on_cluster_on,1,1
1784381545.6402907,45.90604567527771,-200.0,175.29074464371166,0.2,0.3204697778312525,3.5260494129073567,3.422322596780633,-0.05099746459774423,0.36364172281489693,1784381545.7211258,None,None,None, None, 1784381545.6272461,1.0596592382047345,apf_waypoint,none,0.0,nan,nan,10.900363972844605,-26.949555740246833,nan,nan,nan,WEBOTS_UNKNOWN,ekf_on_cluster_on,1,1
1784381546.0594027,46.3251576423645,-200.0,176.33428013859833,0.2,0.30238348913381663,3.5892084545758465,3.443147980711137,-0.1544780424645392,0.29655976222315983,1784381546.0067062,None,None,None, None, 1784381546.0857432,0.9207870916247463,apf_waypoint,none,0.0,nan,nan,11.312453662735134,-26.945183157855062,nan,nan,nan,WEBOTS_UNKNOWN,ekf_on_cluster_on,1,1
1784381546.2711082,46.53686308860779,-200.0,175.31700920670406,0.2,0.2927235048212081,3.6529755757977176,3.4625949111337198,-0.03532259610857827,0.29139254370625206,1784381546.3080003,None,None,None, None, 1784381546.2044141,1.0083796029646819,apf_waypoint,none,0.0,nan,nan,11.504161658312789,-27.02125793578213,nan,nan,nan,WEBOTS_UNKNOWN,ekf_on_cluster_on,1,1
1784381546.7323856,46.99814057350159,-200.0,192.72646291704802,0.2,0.256144810423672,3.6145829304071477,3.4291883681855686,-0.07038819956119398,0.2515303361435916,1784381546.7193122,3.6043030241409015,3.4239213009008727,0.152644743466281, 1784381546.270107, 1784381546.7052457,1.0896598506575321,apf_waypoint,none,0.0,nan,nan,12.578557190203345,-26.27990354410509,nan,nan,nan,WEBOTS_UNKNOWN,ekf_on_cluster_on,1,1
1784381547.103628,47.36938285827637,-199.02345003709885,191.32051458518035,0.2,0.24881624029414534,3.673589704202132,3.4443344018838356,-0.02430334218206483,0.24606686102986217,1784381547.1146593,None,None,None, None, 1784381547.14279,1.052309733969508,apf_waypoint,none,0.0,nan,nan,12.722824419735819,-26.337488360579826,nan,nan,nan,WEBOTS_UNKNOWN,ekf_on_cluster_on,1,1
1784381547.970457,48.23621201515198,-173.6270605341349,174.63414695453577,0.2,0.22241942500701775,3.7201235639759265,3.4450902814876487,-0.0022604120697077307,0.24420954973611525,1784381547.9363286,3.7149393118240184,3.440725398788556,0.12270579990353525, 1784381547.271388, 1784381547.964437,0.919808253914157,apf_waypoint,none,0.0,nan,nan,13.404861091764936,-26.014001319835984,nan,nan,nan,WEBOTS_UNKNOWN,ekf_on_cluster_on,1,1
1784381548.3060005,48.57175540924072,-200.0,-199.16067540509852,0.2,0.20070495853094975,3.7841301133693643,3.453011439311234,-0.010030184031867909,0.24051170996532756,1784381548.3049998,3.7857679517606537,3.4497577529193304,0.11004198458529314, 1784381548.281404, 1784381548.374305,1.0332033353981045,apf_waypoint,none,0.0,nan,nan,13.940289917125263,-25.807710038795026,nan,nan,nan,WEBOTS_UNKNOWN,ekf_on_cluster_on,1,1
1784381548.6548004,48.92055535316467,-200.0,-200.0,0.2,0.19766849541571024,3.829058413388013,3.462457993368538,-0.10427963521611297,0.20843320352019146,1784381548.6126199,None,None,None, None, 1784381548.5580137,1.0220159827542603,apf_waypoint,none,0.0,nan,nan,13.99193602420098,-25.863740937220275,nan,nan,nan,WEBOTS_UNKNOWN,ekf_on_cluster_on,1,1
1784381549.0587804,49.32453536987305,-200.0,-200.0,0.2,0.19674174747324155,3.8685446178440888,3.4706778920287515,-0.08035585557125577,0.17460639587579804,1784381549.0335824,None,None,None, None, 1784381549.0078878,1.0874596618446684,apf_waypoint,none,0.0,nan,nan,13.992612988382206,-25.936762833479154,nan,nan,nan,WEBOTS_UNKNOWN,ekf_on_cluster_on,1,1
1784381549.190251,49.45600605010986,-200.0,-200.0,0.2,0.19208122092454422,3.9054959798497197,3.4783926634160607,-0.12140548998125944,0.16235522942588215,1784381549.2609487,None,None,None, None, 1784381549.1053624,0.94966256911547,apf_waypoint,none,0.0,nan,nan,14.091777303807298,-25.9521837008818,nan,nan,nan,WEBOTS_UNKNOWN,ekf_on_cluster_on,1,1
1784381549.4903731,49.75612807273865,-200.0,-195.2415463080926,0.2,0.15347485552213014,3.888382802629527,3.4622261875959377,-0.08342757208069153,0.1400872515586051,1784381549.5283499,3.883003914519895,3.45984129262664,6.283050014979501, 1784381549.289245, 1784381549.4467149,1.078760042209324,apf_waypoint,none,0.0,nan,nan,15.113489152332582,-25.23839036479952,nan,nan,nan,WEBOTS_UNKNOWN,ekf_on_cluster_on,1,1
1784381549.819919,50.08567404747009,-200.0,-199.50905426085174,0.2,0.1537865119467938,3.916533666660022,3.466835204598685,-0.08599349115239825,0.1044004685719005,1784381549.8164015,None,None,None, None, 1784381549.8364947,1.0976405945810472,apf_waypoint,none,0.0,nan,nan,15.093796432931361,-25.293982720995608,nan,nan,nan,WEBOTS_UNKNOWN,ekf_on_cluster_on,1,1
1784381550.1691022,50.43485713005066,-200.0,-200.0,0.2,0.15472822531136904,3.947138871565547,3.4718779672685987,-0.07627260578034178,0.07781680945738323,1784381550.1649363,None,None,None, None, 1784381550.1680956,0.9073147829633522,apf_waypoint,none,0.0,nan,nan,15.056951816968098,-25.36386043617329,nan,nan,nan,WEBOTS_UNKNOWN,ekf_on_cluster_on,1,1
1784381550.3479543,50.61370921134949,-200.0,-180.06363992245863,0.2,0.08811122386214285,3.972354522661787,3.462369388461548,-0.16639263751169478,0.0612165979333214,1784381550.2647016,3.9712396265084298,3.4599701558135814,6.1359281401659596, 1784381550.3479543, 1784381550.2657025,0.9254638164424126,apf_waypoint,none,0.0,nan,nan,16.720194439730722,-24.22812570143846,nan,nan,nan,WEBOTS_UNKNOWN,ekf_on_cluster_on,1,1
1784381550.5648692,50.83062410354614,-200.0,-178.08394372156877,0.2,0.0707843446467104,4.00559331083351,3.465508528968383,-0.23783359269952195,0.0013691539764681612,1784381550.5163374,None,None,None, None, 1784381550.5804534,1.0691912992865567,apf_waypoint,none,0.0,nan,nan,17.13074517358623,-23.97514868675477,nan,nan,nan,WEBOTS_UNKNOWN,ekf_on_cluster_on,1,1
1784381550.8285935,51.094348430633545,-200.0,-172.46356608886896,0.2,0.0450585011047847,4.040663758782413,3.4680475215710853,-0.25827275168630154,6.219436759885888,1784381550.768465,None,None,None, None, 1784381550.8856928,0.9284190222654177,apf_waypoint,none,0.0,nan,nan,17.736357258412788,-23.562367397867657,nan,nan,nan,WEBOTS_UNKNOWN,ekf_on_cluster_on,1,1
1784381551.154161,51.41991591453552,-200.0,-177.33547719412906,0.2,0.04126974938398409,4.077092445240087,3.4696209112265226,-0.25827275168630154,6.219436759885888,1784381551.1998582,None,None,None, None, 1784381551.0848699,1.0087500283818513,apf_waypoint,none,0.0,nan,nan,17.82074907241742,-23.522621457102172,nan,nan,nan,WEBOTS_UNKNOWN,ekf_on_cluster_on,1,1
1784381551.5698736,51.835628509521484,-200.0,-124.62864668009586,0.2,-0.036873113318391465,4.0410089788892245,3.4541043632219925,-0.13663363661664063,6.125050901850506,1784381551.4592602,4.033779863507071,3.4523939828322088,6.036462725755251, 1784381551.297942, 1784381551.538652,0.9614890227574449,apf_waypoint,none,0.0,nan,nan,19.605591804922422,-21.904486818315174,nan,nan,nan,WEBOTS_UNKNOWN,ekf_on_cluster_on,1,1
1784381552.1963553,52.4621102809906,-200.0,-132.06931573683403,0.2,6.247461520360155,4.070968075359762,3.453065370249381,-0.003869875717630907,6.122353586377527,1784381552.1562634,None,None,None, None, 1784381552.1883442,0.9470943702009263,apf_waypoint,none,0.0,nan,nan,19.578377668718616,-21.928564968219455,nan,nan,nan,WEBOTS_UNKNOWN,ekf_on_cluster_on,1,1
1784381552.5724595,52.83821439743042,-200.0,-94.20404218437535,0.2,6.1912680761802,4.072008722874262,3.4479141535853044,-0.09908606643454412,6.083363328472721,1784381552.5497622,4.0624401636997405,3.446746027813732,5.99257843443092, 1784381552.31413, 1784381552.5473144,1.0199436157025707,apf_waypoint,none,0.0,nan,nan,20.77657976503016,-20.74770382640591,nan,nan,nan,WEBOTS_UNKNOWN,ekf_on_cluster_on,1,1
1784381553.2159266,53.48168158531189,-200.0,-103.70367395484996,0.2,6.1927379148921835,4.106316533532493,3.4449621967418382,-0.04153432430162721,6.060518362806333,1784381553.2264402,None,None,None, None, 1784381553.2089274,1.078776077911447,apf_waypoint,none,0.0,nan,nan,20.74302847971248,-20.764066572616485,nan,nan,nan,WEBOTS_UNKNOWN,ekf_on_cluster_on,1,1
1784381553.345175,53.6109299659729,-200.0,-67.13739878357507,0.2,6.1403142548117335,4.120615808118723,3.4350364162527787,-0.07965104468276342,6.0428271426017055,1784381553.3218975,4.113638360020968,3.4331363467953038,5.924575297985841, 1784381553.330559, 1784381553.308381,1.0100572957061147,apf_waypoint,none,0.0,nan,nan,21.79283917465629,-19.56364682117828,nan,nan,nan,WEBOTS_UNKNOWN,ekf_on_cluster_on,1,1
1784381553.5044236,53.77017855644226,-200.0,-60.6431283774942,0.2,6.118300629078236,4.159577861594876,3.429700479577808,-0.2921526700578968,6.00676638627352,1784381553.4453287,None,None,None, None, 1784381553.4513278,0.9001443291854733,apf_waypoint,none,0.0,nan,nan,22.211305035019898,-19.045443661930925,nan,nan,nan,WEBOTS_UNKNOWN,ekf_on_cluster_on,1,1
1784381553.5797262,53.845481157302856,-200.0,-63.22784230995622,0.2,6.106584685954164,4.2022200540645445,3.4225127629778997,-0.09242846890756233,5.996956566863572,1784381553.551463,None,None,None, None, 1784381553.5464666,1.0634979231525825,apf_waypoint,none,0.0,nan,nan,22.423263218415443,-18.734865389245975,nan,nan,nan,WEBOTS_UNKNOWN,ekf_on_cluster_on,1,1
1784381553.7335763,53.99933123588562,-200.0,-71.5560357017109,0.2,6.101319444531809,4.246589004533959,3.414652839469788,-0.059036520661295486,5.989515281137128,1784381553.6775084,None,None,None, None, 1784381553.7270594,1.074451635240317,apf_waypoint,none,0.0,nan,nan,22.51079474426996,-18.562131805955588,nan,nan,nan,WEBOTS_UNKNOWN,ekf_on_cluster_on,1,1
1784381553.8392537,54.105008602142334,-200.0,-81.23123829505248,0.2,6.097377778206324,4.291481855012883,3.4066067127971476,-0.07186550516750403,5.983397440923688,1784381553.7626374,None,None,None, None, 1784381553.824744,1.0416058090575124,apf_waypoint,none,0.0,nan,nan,22.572514680281127,-18.417429921417302,nan,nan,nan,WEBOTS_UNKNOWN,ekf_on_cluster_on,1,1
1784381553.9607565,54.22651147842407,-200.0,-91.3315463970362,0.2,6.093879934991419,4.336266630066565,3.3984592403957157,-0.07711587891164227,5.975593195661155,1784381553.9812787,None,None,None, None, 1784381553.933728,0.9609585946978766,apf_waypoint,none,0.0,nan,nan,22.62519411063404,-18.281640867478874,nan,nan,nan,WEBOTS_UNKNOWN,ekf_on_cluster_on,1,1
1784381554.227252,54.49300694465637,-200.0,-89.02643959885084,0.2,6.072847622444312,4.3806374895094615,3.3902554461430765,-0.23669502989614472,5.914464616639705,1784381554.2282507,None,None,None, None, 1784381554.1800797,0.9609367121289005,apf_waypoint,none,0.0,nan,nan,22.991786738636346,-17.744664090694215,nan,nan,nan,WEBOTS_UNKNOWN,ekf_on_cluster_on,1,1
1784381554.3842192,54.64997410774231,-200.0,17.50183579987007,0.2,5.99948667016577,4.22518271368526,3.3925547709499204,-0.0844034889559965,5.907008388586395,1784381554.316591,4.218647488319955,3.3929375861254383,5.7971719751636925, 1784381554.345133, 1784381554.3992457,0.9464220216059535,apf_waypoint,none,0.0,nan,nan,24.231827075560624,-15.972793030640617,nan,nan,nan,WEBOTS_UNKNOWN,ekf_on_cluster_on,1,1
1784381554.7614453,55.02720022201538,-200.0,14.177892048183157,0.2,5.997782344116885,4.253888170535927,3.384231176437769,-0.032848878051827075,5.896973329451493,1784381554.7775316,None,None,None, None, 1784381554.7664585,1.0898024588875834,apf_waypoint,none,0.0,nan,nan,24.241215995159877,-15.86824839211103,nan,nan,nan,WEBOTS_UNKNOWN,ekf_on_cluster_on,1,1
1784381555.007403,55.273157835006714,-200.0,14.016767728301406,0.2,5.985119869694528,4.292333826344096,3.3731497233798526,-0.16467170168015596,5.84903264239049,1784381555.015401,None,None,None, None, 1784381555.015401,1.069082233678954,apf_waypoint,none,0.0,nan,nan,24.415442514352662,-15.476226259232131,nan,nan,nan,WEBOTS_UNKNOWN,ekf_on_cluster_on,1,1
1784381555.1583676,55.42412257194519,-200.0,10.549006459540156,0.2,5.977946834119731,4.336073975188057,3.3597691612812497,-0.07622191677756744,5.830498938364164,1784381555.156366,None,None,None, None, 1784381555.1533685,0.9293780060043684,apf_waypoint,none,0.0,nan,nan,24.495113395455242,-15.198662168096256,nan,nan,nan,WEBOTS_UNKNOWN,ekf_on_cluster_on,1,1
1784381555.3166127,55.58236765861511,-200.0,7.6383433341285825,0.2,5.968021080298771,4.382142155893624,3.345401676129768,-0.11326389480242086,5.81388100237879,1784381555.3030849,None,None,None, None, 1784381555.329126,0.9099601889436352,apf_waypoint,none,0.0,nan,nan,24.610658274082112,-14.845157174131604,nan,nan,nan,WEBOTS_UNKNOWN,ekf_on_cluster_on,1,1
1784381555.4825037,55.74825859069824,-200.0,51.58583098464413,0.2,5.895585683773452,4.308743814425648,3.3485674006455173,-0.10803502995529352,5.800678811308766,1784381555.4252877,4.301044960266755,3.349739440842478,5.705675950021483, 1784381555.354149, 1784381555.437936,0.9465903737298502,apf_waypoint,none,0.0,nan,nan,25.625662848895985,-13.025006972162023,nan,nan,nan,WEBOTS_UNKNOWN,ekf_on_cluster_on,1,1
1784381555.7041657,55.96992063522339,-200.0,49.19222678351183,0.2,5.889966633511213,4.345766574837927,3.333496237924237,-0.0687754701719792,5.78249779050857,1784381555.689641,None,None,None, None, 1784381555.7081656,1.0818599447527093,apf_waypoint,none,0.0,nan,nan,25.653026264232828,-12.764630023796986,nan,nan,nan,WEBOTS_UNKNOWN,ekf_on_cluster_on,1,1
1784381555.876401,56.14215588569641,-200.0,45.04767934385533,0.2,5.88595360032797,4.389701547413482,3.3153952160254327,-0.06085036592975249,5.775467601799905,1784381555.9309657,None,None,None, None, 1784381555.828333,0.9932736518736628,apf_waypoint,none,0.0,nan,nan,25.648867205766273,-12.521956148298338,nan,nan,nan,WEBOTS_UNKNOWN,ekf_on_cluster_on,1,1
1784381556.0631151,56.32887005805969,-200.0,46.066432866320405,0.2,5.867348041188166,4.436542704800994,3.29594000834385,-0.20231650450567393,5.7328034266620955,1784381556.0160518,None,None,None, None, 1784381556.067336,1.0442692870060089,apf_waypoint,none,0.0,nan,nan,25.81523607918117,-11.893386174942073,nan,nan,nan,WEBOTS_UNKNOWN,ekf_on_cluster_on,1,1
1784381556.3415926,56.60734748840332,-200.0,42.69596931558139,0.2,5.858992664141503,4.4840997073517,3.27485011718683,-0.06289653318776751,5.724826043064683,1784381556.348592,None,None,None, None, 1784381556.348592,0.9682675081636531,apf_waypoint,none,0.0,nan,nan,25.844673982128178,-11.514736769804173,nan,nan,nan,WEBOTS_UNKNOWN,ekf_on_cluster_on,1,1
1784381556.5190403,56.78479528427124,-200.0,84.06471097623395,0.2,5.785506400562802,4.412463154442698,3.2787598898197587,-0.10152533181028855,5.690599406009982,1784381556.4800093,4.404737259792676,3.2804023641796456,5.596628183480511, 1784381556.361599, 1784381556.4980097,1.0630719667517534,apf_waypoint,none,0.0,nan,nan,26.628671177155805,-9.592589187309946,nan,nan,nan,WEBOTS_UNKNOWN,ekf_on_cluster_on,1,1
1784381556.7715104,57.03726530075073,-200.0,81.9603743015735,0.2,5.779570465895217,4.451405295948589,3.2576029169582874,-0.06162657813564829,5.6790017690593215,1784381556.795027,None,None,None, None, 1784381556.7705042,0.9029485048652133,apf_waypoint,none,0.0,nan,nan,26.60214590574569,-9.274036110512677,nan,nan,nan,WEBOTS_UNKNOWN,ekf_on_cluster_on,1,1
1784381557.0407786,57.30653357505798,-200.0,77.70791820920392,0.2,5.7768938290261405,4.496684854891814,3.2327362017403587,-0.038727470305711185,5.6671717445010525,1784381556.97367,None,None,None, None, 1784381557.0207453,0.9641953170634606,apf_waypoint,none,0.0,nan,nan,26.52866899759706,-9.01424951565097,nan,nan,nan,WEBOTS_UNKNOWN,ekf_on_cluster_on,1,1
1784381557.194489,57.460243940353394,-200.0,72.86955016378342,0.2,5.773966254002105,4.5442783338577115,3.206543386061573,-0.05417324804027764,5.6595500796204625,1784381557.2180028,None,None,None, None, 1784381557.2310355,1.0454856242651425,apf_waypoint,none,0.0,nan,nan,26.450794150554003,-8.737967444850833,nan,nan,nan,WEBOTS_UNKNOWN,ekf_on_cluster_on,1,1
1784381557.4406478,57.70640277862549,-200.0,108.37323206554484,0.2,5.694268208496626,4.514273975658276,3.1932588807986697,-0.1713356254062991,5.607968599855008,1784381557.4154158,4.506570964078684,3.1945726133452492,5.494937310483579, 1784381557.365857, 1784381557.5016282,0.995550822761291,apf_waypoint,none,0.0,nan,nan,26.994301466710986,-6.489529633015079,nan,nan,nan,WEBOTS_UNKNOWN,ekf_on_cluster_on,1,1
1784381557.7287245,57.9944794178009,-200.0,107.38278871749121,0.2,5.684715954070551,4.55689956752351,3.1646410185256464,-0.07392545526837449,5.5892561696396355,1784381557.7676141,None,None,None, None, 1784381557.6670353,1.0041962278237229,apf_waypoint,none,0.0,nan,nan,26.92080253377632,-6.0218986942814565,nan,nan,nan,WEBOTS_UNKNOWN,ekf_on_cluster_on,1,1
1784381558.0927372,58.35849213600159,-200.0,104.6505759583044,0.2,5.678470113839059,4.603445621775224,3.132831673198904,-0.05066261105151735,5.57591601858962,1784381558.1872737,None,None,None, None, 1784381558.1672351,1.0446833876500163,apf_waypoint,none,0.0,nan,nan,26.806878937419206,-5.621144465425218,nan,nan,nan,WEBOTS_UNKNOWN,ekf_on_cluster_on,1,1
1784381558.7029872,58.96874213218689,-200.0,127.80930626091246,0.2,5.621607713413909,4.579887018415469,3.1282202806051647,-0.02803310181751524,5.559131777142519,1784381558.7295077,4.568581554630988,3.13270598138531,5.436998426856935, 1784381558.413962, 1784381558.7945971,1.092026478167946,apf_waypoint,none,0.0,nan,nan,27.05433503959872,-4.046280901040761,nan,nan,nan,WEBOTS_UNKNOWN,ekf_on_cluster_on,1,1
1784381559.0352488,59.3010036945343,-200.0,126.75341084255712,0.2,5.613273220496899,4.622016536457549,3.095509117957018,-0.10122698629687515,5.544098318164285,1784381559.0643365,None,None,None, None, 1784381559.0633364,0.9916848018466012,apf_waypoint,none,0.0,nan,nan,26.915355082052336,-3.590051515373636,nan,nan,nan,WEBOTS_UNKNOWN,ekf_on_cluster_on,1,1
1784381559.2899215,59.55567646026611,-200.0,127.62858229433337,0.2,5.596807967128869,4.667969679222281,3.0590544477475383,-0.15190917976933285,5.492843189167469,1784381559.2154264,None,None,None, None, 1784381559.2574632,0.9150670422541316,apf_waypoint,none,0.0,nan,nan,26.774706140347973,-2.8919383739837343,nan,nan,nan,WEBOTS_UNKNOWN,ekf_on_cluster_on,1,1
1784381559.398574,59.664329051971436,-200.0,126.0204225774452,0.2,5.587726677796962,4.714499453895447,3.0206273992523025,-0.0505749664580943,5.487604827170249,1784381559.3190026,None,None,None, None, 1784381559.3425484,0.9459751834442034,apf_waypoint,none,0.0,nan,nan,26.59002298252208,-2.3813255844131813,nan,nan,nan,WEBOTS_UNKNOWN,ekf_on_cluster_on,1,1
1784381559.5180771,59.78383207321167,-200.0,150.81752213964725,0.2,5.5319525019864875,4.659381179037321,3.03491842042803,-0.047205798971389115,5.482256518678494,1784381559.5331104,4.649375852415425,3.040158075983174,5.366616777201776, 1784381559.506984, 1784381559.471438,0.96779687055452,apf_waypoint,none,0.0,nan,nan,26.757861665921876,-0.9789570582563165,nan,nan,nan,WEBOTS_UNKNOWN,ekf_on_cluster_on,1,1
1784381559.753486,60.019240856170654,-200.0,152.5615200952385,0.2,5.515844848732043,4.6987090633802495,2.9980950748076918,-0.15198075656525883,5.448974710554029,1784381559.7624876,None,None,None, None, 1784381559.7229664,1.0883590510868513,apf_waypoint,none,0.0,nan,nan,26.549987649678172,-0.30511296422241685,nan,nan,nan,WEBOTS_UNKNOWN,ekf_on_cluster_on,1,1
1784381559.9013057,60.1670606136322,-200.0,151.8412185759091,0.2,5.507569434696255,4.742513400123849,2.9554159466947656,-0.03302639406717603,5.445302164547806,1784381559.9033086,None,None,None, None, 1784381559.8347316,0.9224940461071078,apf_waypoint,none,0.0,nan,nan,26.293295126663303,0.19470403554821125,nan,nan,nan,WEBOTS_UNKNOWN,ekf_on_cluster_on,1,1
1784381560.0926132,60.358368158340454,-200.0,150.23679599300684,0.2,5.501259348760383,4.787508715196093,2.9110962507022453,-0.039482597034774136,5.434205205426139,1784381560.0435472,None,None,None, None, 1784381560.0926132,0.9284195329240449,apf_waypoint,none,0.0,nan,nan,26.0208451616617,0.6503304570518331,nan,nan,nan,WEBOTS_UNKNOWN,ekf_on_cluster_on,1,1
1784381560.1852198,60.45097470283508,-200.0,148.01601603550904,0.2,5.495934133528136,4.832494985825036,2.866339400276779,-0.04074469313663802,5.429982956476375,1784381560.1471741,None,None,None, None, 1784381560.1817064,0.9580328557922997,apf_waypoint,none,0.0,nan,nan,25.74143952029705,1.0805522431900982,nan,nan,nan,WEBOTS_UNKNOWN,ekf_on_cluster_on,1,1
1784381560.3622944,60.62804937362671,-200.0,149.6297626560231,0.2,5.475215744767802,4.877173088669238,2.8214777140805296,-0.18358434597584602,5.391041253548882,1784381560.359293,None,None,None, None, 1784381560.341767,1.0268034609520162,apf_waypoint,none,0.0,nan,nan,25.430645241337732,1.9006908203188324,nan,nan,nan,WEBOTS_UNKNOWN,ekf_on_cluster_on,1,1
1784381560.4725423,60.7382972240448,-200.0,148.3810395355145,0.2,5.4647132830432845,4.920736074144099,2.775383275718964,-0.04937501815753333,5.386043613694074,1784381560.460511,None,None,None, None, 1784381560.4359877,0.9753736597544385,apf_waypoint,none,0.0,nan,nan,25.11445690349054,2.4606075307149897,nan,nan,nan,WEBOTS_UNKNOWN,ekf_on_cluster_on,1,1
1784381560.641493,60.90724802017212,-200.0,178.62750923674136,0.2,5.415560738559454,4.748470517841323,2.911108855477314,-0.038991313341564936,5.382431731016063,1784381560.6524973,4.741386412913438,2.917097708934524,5.296703493953747, 1784381560.518623, 1784381560.6505022,1.023631693979463,apf_waypoint,none,0.0,nan,nan,25.861408654803807,2.8853688034888254,nan,nan,nan,WEBOTS_UNKNOWN,ekf_on_cluster_on,1,1
1784381560.6916566,60.95741152763367,-200.0,179.06545747272773,0.2,5.408989175661563,4.778388724547217,2.875622823831917,-0.03917421020218426,5.378539643430845,1784381560.6524973,None,None,None, None, 1784381560.6505022,1.023631693979463,apf_waypoint,none,0.0,nan,nan,25.603025879727557,3.267976411099866,nan,nan,nan,WEBOTS_UNKNOWN,ekf_on_cluster_on,1,1
1784381560.7799602,61.04571509361267,-200.0,178.99021186413455,0.2,5.403005909183692,4.817403302101456,2.828773146099321,-0.037256098293654075,5.375208804147177,1784381560.7419012,None,None,None, None, 1784381560.7604196,1.0067379025657712,apf_waypoint,none,0.0,nan,nan,25.26532907855369,3.700466244370185,nan,nan,nan,WEBOTS_UNKNOWN,ekf_on_cluster_on,1,1
1784381560.8628166,61.12857151031494,-200.0,178.60531156074194,0.2,5.397399780746444,4.859221638597713,2.777977003943718,-0.03610952551421916,5.372423733846157,1784381560.8190296,None,None,None, None, 1784381560.8315468,0.9757838533637992,apf_waypoint,none,0.0,nan,nan,24.89722451314494,4.143484009154298,nan,nan,nan,WEBOTS_UNKNOWN,ekf_on_cluster_on,1,1
1784381560.9905236,61.25627851486206,-200.0,177.7055913796794,0.2,5.393273768616402,4.901387619459381,2.7261953192369575,-0.024310462270908825,5.3695213596568525,1784381560.9384174,None,None,None, None, 1784381560.9384174,0.9945451286382244,apf_waypoint,none,0.0,nan,nan,24.52407718980164,4.552485595132797,nan,nan,nan,WEBOTS_UNKNOWN,ekf_on_cluster_on,1,1
1784381561.0902042,61.35595917701721,-200.0,176.59433274687294,0.2,5.38901497647148,4.943422581338947,2.6742057010293543,-0.030464610863663758,5.366393958934823,1784381561.0410743,None,None,None, None, 1784381561.0440745,0.9619808597900504,apf_waypoint,none,0.0,nan,nan,24.145022658413758,4.963347149754919,nan,nan,nan,WEBOTS_UNKNOWN,ekf_on_cluster_on,1,1
1784381561.309451,61.57520604133606,-200.0,175.07555628614307,0.2,5.385267131311364,4.985179094164085,2.622122641928666,-0.026830904142628106,5.359690019914902,1784381561.2909331,None,None,None, None, 1784381561.2769458,0.9919934356130884,apf_waypoint,none,0.0,nan,nan,23.764117514137418,5.359910491612921,nan,nan,nan,WEBOTS_UNKNOWN,ekf_on_cluster_on,1,1
1784381561.5462966,61.81205153465271,-200.0,194.72271040921555,0.2,5.3422456648134835,4.834924720334967,2.7749259679810474,-0.030454829881329804,5.354854704004832,1784381561.5934658,4.828839381312473,2.781429440716728,5.240871515655334, 1784381561.531782, 1784381561.5237858,0.9027341692645259,apf_waypoint,none,0.0,nan,nan,24.603129735493624,5.532815919847163,nan,nan,nan,WEBOTS_UNKNOWN,ekf_on_cluster_on,1,1
1784381561.9910634,62.25681829452515,-200.0,194.95591780333345,0.2,5.339302341547218,4.864486573316589,2.734233540054303,-0.013468525594239663,5.348918465760797,1784381562.2952468,None,None,None, None, 1784381561.9900618,1.0321983213186094,apf_waypoint,none,0.0,nan,nan,24.29383873867672,5.831164049929103,nan,nan,nan,WEBOTS_UNKNOWN,ekf_on_cluster_on,1,1
1784381562.60791,62.87366485595703,-200.0,200.0,0.2,5.31037339795893,4.868740830833069,2.719355254585993,-0.013108556423398969,5.339903495426067,1784381562.5781686,4.859476852289038,2.7296785743755905,5.225767440798507, 1784381562.538415, 1784381562.606398,1.0022324723667198,apf_waypoint,none,0.0,nan,nan,24.003968244462513,6.6123701727617785,nan,nan,nan,WEBOTS_UNKNOWN,ekf_on_cluster_on,1,1
1784381562.9130757,63.17883062362671,-199.6414806982864,200.0,0.2,5.306434120129099,4.905257076186331,2.665590118757903,-0.026534130841445923,5.3319731425483265,1784381562.8770423,None,None,None, None, 1784381562.9080753,1.0864405706579576,apf_waypoint,none,0.0,nan,nan,23.579610734182594,6.993356467943982,nan,nan,nan,WEBOTS_UNKNOWN,ekf_on_cluster_on,1,1
1784381563.082161,63.34791588783264,-198.96628410774548,200.0,0.2,5.3034395128285325,4.943711476627781,2.6084331912805805,-0.011906466348700235,5.329811236562866,1784381563.0586164,None,None,None, None, 1784381563.0290883,1.0380821989663906,apf_waypoint,none,0.0,nan,nan,23.13340701252757,7.367551073775465,nan,nan,nan,WEBOTS_UNKNOWN,ekf_on_cluster_on,1,1
1784381563.227008,63.49276304244995,-198.39909456890328,200.0,0.2,5.3014855723862935,4.982333261652419,2.5506951988533135,-0.005293332434885393,5.3290655567514325,1784381563.199488,None,None,None, None, 1784381563.2425218,0.9404814509727398,apf_waypoint,none,0.0,nan,nan,22.68786368906737,7.718899465807864,nan,nan,nan,WEBOTS_UNKNOWN,ekf_on_cluster_on,1,1
1784381563.3167877,63.58254265785217,-197.82420390678692,200.0,0.2,5.29993506680391,5.020875837637984,2.492883664202415,-0.005293332434885393,5.328006890264455,1784381563.3203018,None,None,None, None, 1784381563.2425218,0.9404814509727398,apf_waypoint,none,0.0,nan,nan,22.242716779271934,8.060220623034752,nan,nan,nan,WEBOTS_UNKNOWN,ekf_on_cluster_on,1,1
1784381563.457607,63.72336196899414,-197.1657119240993,200.0,0.2,5.298509555879652,5.05930630876448,2.435071206572559,-0.005833298412885943,5.326594593085802,1784381563.4415975,None,None,None, None, 1784381563.3543422,0.9627608530588242,apf_waypoint,none,0.0,nan,nan,21.79657693458175,8.397717294939119,nan,nan,nan,WEBOTS_UNKNOWN,ekf_on_cluster_on,1,1
1784381563.5472634,63.81301832199097,-190.10041295870073,200.0,0.2,5.274433282173149,4.936732710902352,2.5949981222343834,-0.005833298412885943,5.325427933403224,1784381563.5717876,4.929787514773532,2.604397278834846,5.2083535762934945, 1784381563.540262, 1784381563.4769526,0.9316875446204909,apf_waypoint,none,0.0,nan,nan,22.804328331704745,8.106968088068864,nan,nan,nan,WEBOTS_UNKNOWN,ekf_on_cluster_on,1,1
1784381563.6033454,63.86910033226013,-188.42205555680027,200.0,0.2,5.27016829654142,4.963235232425724,2.5528010742268297,-0.03086531617358044,5.3214095737531375,1784381563.5717876,None,None,None, None, 1784381563.5753024,1.0875700005992075,apf_waypoint,none,0.0,nan,nan,22.447236954925092,8.418200538752043,nan,nan,nan,WEBOTS_UNKNOWN,ekf_on_cluster_on,1,1
1784381563.6406634,63.906418323516846,-185.93970224862943,200.0,0.2,5.264679760587707,4.996628999467848,2.4989893071593885,-0.03086531617358044,5.315236510518422,1784381563.7002342,None,None,None, None, 1784381563.7002342,1.0213486505241403,apf_waypoint,none,0.0,nan,nan,21.987337435501754,8.812190659092568,nan,nan,nan,WEBOTS_UNKNOWN,ekf_on_cluster_on,1,1
1784381563.8321319,64.09788680076599,-183.49060176636743,200.0,0.2,5.26224806229113,5.031637491646162,2.441788300611332,0.0036671258979616046,5.316117793219884,1784381563.8121073,None,None,None, None, 1784381563.8331404,0.9418706842201474,apf_waypoint,none,0.0,nan,nan,21.52471484721562,9.15278233900214,nan,nan,nan,WEBOTS_UNKNOWN,ekf_on_cluster_on,1,1
1784381563.8728576,64.1386125087738,-180.6100478359561,200.0,0.2,5.260731863907793,5.0667917570318615,2.384154915022796,0.0036671258979616046,5.316851218399476,1784381563.8121073,None,None,None, None, 1784381563.8331404,0.9418706842201474,apf_waypoint,none,0.0,nan,nan,21.064907380913414,9.474222886110322,nan,nan,nan,WEBOTS_UNKNOWN,ekf_on_cluster_on,1,1
1784381564.0073757,64.2731306552887,-144.14377348109716,174.3307258229537,0.2,5.260020916184437,5.1017613311069,2.326678202717588,0.007523070023687877,5.318007350099605,1784381563.9657855,None,None,None, None, 1784381563.993362,0.9709924070172189,apf_waypoint,none,0.0,nan,nan,20.612262558350984,9.777062067457656,nan,nan,nan,WEBOTS_UNKNOWN,ekf_on_cluster_on,1,1
1784381564.0820982,64.34785318374634,24.83634308685474,200.0,0.2,5.262629415840226,5.133397696778813,2.2746034636113333,0.03637950854396983,5.320868416218756,1784381564.0444305,None,None,None, None, 1784381564.0930984,0.9471761753383124,apf_waypoint,none,0.0,nan,nan,20.233513482290302,9.985244586998895,nan,nan,nan,WEBOTS_UNKNOWN,ekf_on_cluster_on,1,1
1784381564.1857462,64.45150113105774,59.415946366938414,200.0,0.2,5.260971300702919,5.160550752657387,2.229821715024569,0.025105986843455493,5.323498679297142,1784381564.1491969,None,None,None, None, 1784381564.1877441,1.073708787019948,apf_waypoint,none,0.0,nan,nan,19.868309263687827,10.243582662204467,nan,nan,nan,WEBOTS_UNKNOWN,ekf_on_cluster_on,1,1
1784381564.234304,64.50005888938904,93.44711050970344,200.0,0.2,5.257026796229725,5.185711609447877,2.1879185705469895,0.025105986843455493,5.328519876665833,1784381564.1491969,None,None,None, None, 1784381564.1877441,1.073708787019948,apf_waypoint,none,0.0,nan,nan,19.500109505919646,10.53103153537767,nan,nan,nan,WEBOTS_UNKNOWN,ekf_on_cluster_on,1,1
1784381564.3198097,64.58556461334229,124.47920800802524,200.0,0.2,5.253988779045083,5.20938325854943,2.1479739477739463,0.046996587286227604,5.3339789402694215,1784381564.2653556,None,None,None, None, 1784381564.2643569,1.0872524877379364,apf_waypoint,none,0.0,nan,nan,19.154537057889417,10.788746409274928,nan,nan,nan,WEBOTS_UNKNOWN,ekf_on_cluster_on,1,1
1784381564.471136,64.73689103126526,147.32954506877053,200.0,0.2,5.260643062792439,5.2317882198755745,2.1098564600509,0.13638914980585234,5.348305364128401,1784381564.3703964,None,None,None, None, 1784381564.4701371,0.9724961578697391,apf_waypoint,none,0.0,nan,nan,18.927531911853126,10.852540255627797,nan,nan,nan,WEBOTS_UNKNOWN,ekf_on_cluster_on,1,1
1784381564.576912,64.84266686439514,-46.261682645817324,200.0,0.2,5.260020629258306,5.002471308712177,2.471671762841245,0.09080515094271843,5.359004050885957,1784381564.6198208,4.999591493202201,2.4762371439798776,5.249697300700718, 1784381564.532811, 1784381564.5927866,0.9787103357367433,apf_waypoint,none,0.0,nan,nan,21.732864292440354,9.053115162836843,nan,nan,nan,WEBOTS_UNKNOWN,ekf_on_cluster_on,1,1
1784381564.9823062,65.24806118011475,-46.02017535935079,200.0,0.2,5.263923748996731,5.007192305272707,2.4638440098733563,0.09812034785517458,5.40655069831057,1784381564.9727914,None,None,None, None, 1784381564.9737892,0.9222121890581567,apf_waypoint,none,0.0,nan,nan,21.707720553911116,9.007620864830688,nan,nan,nan,WEBOTS_UNKNOWN,ekf_on_cluster_on,1,1
1784381565.3346894,65.60044431686401,-41.62013089777716,200.0,0.2,5.266045016626048,5.020701184387832,2.4417186551029966,0.053272130367977094,5.424437075589791,1784381565.3085463,None,None,None, None, 1784381565.3682256,1.0204571442965513,apf_waypoint,none,0.0,nan,nan,21.556475790049156,9.073266410389955,nan,nan,nan,WEBOTS_UNKNOWN,ekf_on_cluster_on,1,1
1784381565.882169,66.14792394638062,-39.79999074520972,200.0,0.2,5.27391011975915,5.031452589603032,2.4223642598743345,0.003043406665229568,5.426158499437271,1784381565.8741703,5.030053160267088,2.4243878119375712,5.306095253868879, 1784381565.496146, 1784381565.8526437,1.0685185162671773,apf_waypoint,none,0.0,nan,nan,21.478631191155095,9.002540450797405,nan,nan,nan,WEBOTS_UNKNOWN,ekf_on_cluster_on,1,1
1784381566.2432566,66.5090115070343,-29.654925284290385,200.0,0.2,5.273506462716407,5.054674345526616,2.3848680374530655,0.07560791146742442,5.452398059212113,1784381566.221218,None,None,None, None, 1784381566.18567,0.9797762389650077,apf_waypoint,none,0.0,nan,nan,21.187325941972574,9.202707783996189,nan,nan,nan,WEBOTS_UNKNOWN,ekf_on_cluster_on,1,1
1784381566.422975,66.68873000144958,-17.505926160020245,200.0,0.2,5.273570694907746,5.080210718546626,2.343715904741225,0.05552428098513064,5.4592405138437545,1784381566.3444517,None,None,None, None, 1784381566.4009428,1.0672419888680753,apf_waypoint,none,0.0,nan,nan,20.871738414002223,9.411604863420255,nan,nan,nan,WEBOTS_UNKNOWN,ekf_on_cluster_on,1,1
1784381566.6757333,66.94148826599121,-32.753238562346475,200.0,0.2,5.2919768851008255,5.066356769008325,2.3679371927506985,0.03842629307596373,5.4689688898162325,1784381566.6912475,5.060353864672504,2.377898943053836,5.354665753264218, 1784381566.605629, 1784381566.653699,0.9481618843161247,apf_waypoint,none,0.0,nan,nan,21.225505642338106,8.89849246856356,nan,nan,nan,WEBOTS_UNKNOWN,ekf_on_cluster_on,1,1
1784381567.101099,67.36685395240784,-24.365659958609438,200.0,0.2,5.296755190415047,5.088954619361093,2.332919317802689,0.12199650066527384,5.515071906048124,1784381567.1191075,None,None,None, None, 1784381567.091588,0.9453365679620193,apf_waypoint,none,0.0,nan,nan,21.002972805325566,8.981959164385914,nan,nan,nan,WEBOTS_UNKNOWN,ekf_on_cluster_on,1,1
1784381567.3625097,67.62826466560364,-16.649188354491255,200.0,0.2,5.308682259259477,5.114758617425547,2.293593010275353,0.15031809826325676,5.5611234670998115,1784381567.4156935,None,None,None, None, 1784381567.37554,0.9445553981308243,apf_waypoint,none,0.0,nan,nan,20.813345299362258,8.94212439609972,nan,nan,nan,WEBOTS_UNKNOWN,ekf_on_cluster_on,1,1
1784381567.9237232,68.1894781589508,-30.606577249902404,200.0,0.2,5.340663009452827,5.124137405964414,2.290878609210756,0.019927897906384832,5.570422051148933,1784381567.9522424,5.121263478085755,2.2968891139169365,5.446134353555978, 1784381567.614807, 1784381567.9893236,1.0113200784663854,apf_waypoint,none,0.0,nan,nan,21.070090203832397,8.285964257090832,nan,nan,nan,WEBOTS_UNKNOWN,ekf_on_cluster_on,1,1
1784381568.3182952,68.58405017852783,-15.931887413592584,200.0,0.2,5.336552733466188,5.151093124392107,2.2534152287037816,0.006528471172620361,5.572651613061783,1784381568.293756,None,None,None, None, 1784381568.3835542,1.0545147725713844,apf_waypoint,none,0.0,nan,nan,20.76022198101158,8.581299342363927,nan,nan,nan,WEBOTS_UNKNOWN,ekf_on_cluster_on,1,1
1784381568.6152797,68.88103461265564,7.032870828756446,200.0,0.2,5.33513107451208,5.179242822214693,2.2137088653437855,0.055555273169006554,5.590458304213497,1784381568.614278,None,None,None, None, 1784381568.659349,1.0922794503873747,apf_waypoint,none,0.0,nan,nan,20.45498092891754,8.831890311686255,nan,nan,nan,WEBOTS_UNKNOWN,ekf_on_cluster_on,1,1
1784381569.0166698,69.28242468833923,-29.290883588110955,200.0,0.2,5.371350712042179,5.161771674398705,2.2467791065181606,0.08413908637294917,5.6242310990638975,1784381569.0156705,5.154457628967179,2.258461842111743,5.492938808561099, 1784381568.629793, 1784381569.0354688,0.910102664421917,apf_waypoint,none,0.0,nan,nan,20.999669109100513,7.891495404114343,nan,nan,nan,WEBOTS_UNKNOWN,ekf_on_cluster_on,1,1
1784381569.2903373,69.55609226226807,-21.27204554172463,200.0,0.2,5.380446499489199,5.186064523314542,2.2150695882878377,0.14950922570883055,5.659347928532752,1784381569.2505512,None,None,None, None, 1784381569.2933347,0.905501228278601,apf_waypoint,none,0.0,nan,nan,20.845071181028455,7.886865180118906,nan,nan,nan,WEBOTS_UNKNOWN,ekf_on_cluster_on,1,1
1784381569.6511981,69.91695308685303,-32.23873008046208,200.0,0.2,5.424048163034388,5.215885665430884,2.191901542237634,0.0705609724816682,5.681270865145958,1784381569.5612462,5.2162699871900235,2.1955506201528943,5.575251808944697, 1784381569.632181, 1784381569.6156642,0.9495572552034579,apf_waypoint,none,0.0,nan,nan,21.012078338749703,7.1122132762344235,nan,nan,nan,WEBOTS_UNKNOWN,ekf_on_cluster_on,1,1
1784381570.0857654,70.3515202999115,-16.705111013174015,200.0,0.2,5.424394596952251,5.247350360577808,2.1552096436966393,0.03389522634407584,5.694538607623642,1784381569.95268,None,None,None, None, 1784381569.9820874,1.099295236284922,apf_waypoint,none,0.0,nan,nan,20.763134152301667,7.33197643190914,nan,nan,nan,WEBOTS_UNKNOWN,ekf_on_cluster_on,1,1
1784381570.6494272,70.91518211364746,10.465002569649954,200.0,0.2,5.4244400033305,5.279557827801947,2.117480292246593,0.05061783948872226,5.7279303956215495,1784381570.725803,None,None,None, None, 1784381570.7538338,1.0935807083388114,apf_waypoint,none,0.0,nan,nan,20.504448292551082,7.564739148896416,nan,nan,nan,WEBOTS_UNKNOWN,ekf_on_cluster_on,1,1
1784381571.03619,71.3019449710846,-34.863555338565035,200.0,0.2,5.457625156118234,5.248623183862615,2.1620770818439756,0.021863194264087966,5.736408743803289,1784381571.0001552,5.2385098305491695,2.175281995367274,5.602747153782443, 1784381570.65343, 1784381570.950094,0.9388585643420075,apf_waypoint,none,0.0,nan,nan,21.04200218254498,6.592772124332575,nan,nan,nan,WEBOTS_UNKNOWN,ekf_on_cluster_on,1,1
1784381571.4004817,71.66623663902283,-23.75836089757747,200.0,0.2,5.461042877807746,5.273854334536267,2.134339223213412,0.10929272843781361,5.778242337326905,1784381571.3829217,None,None,None, None, 1784381571.3874438,1.0556425681916275,apf_waypoint,none,0.0,nan,nan,20.880727652619125,6.69919178050627,nan,nan,nan,WEBOTS_UNKNOWN,ekf_on_cluster_on,1,1
1784381571.7838933,72.04964828491211,-38.4998201964512,200.0,0.2,5.50142012469784,5.291565547889778,2.1268128447779846,0.06366956100209135,5.791642609298389,1784381571.8048315,5.2880046466816175,2.133965824319768,5.662281345316497, 1784381571.656279, 1784381571.8048315,0.9921205608921806,apf_waypoint,none,0.0,nan,nan,21.08776089567724,5.899314242997462,nan,nan,nan,WEBOTS_UNKNOWN,ekf_on_cluster_on,1,1
1784381572.2299824,72.49573731422424,-20.95109077470032,200.0,0.2,5.498643413461726,5.323895987000167,2.0944378712518947,0.017257316333567824,5.798286099897156,1784381572.189798,None,None,None, None, 1784381572.0934484,0.906114931162703,apf_waypoint,none,0.0,nan,nan,20.864829486156616,6.173725853618539,nan,nan,nan,WEBOTS_UNKNOWN,ekf_on_cluster_on,1,1
1784381572.8536007,73.11935567855835,-34.42264750142497,200.0,0.2,5.526035253909154,5.332582028546145,2.0957129580957536,0.017257316333567824,5.798286099897156,1784381572.883239,5.325288482295242,2.10596524827119,5.704106357601655, 1784381572.670721, 1784381572.8842466,0.9312613936840399,apf_waypoint,none,0.0,nan,nan,21.03532568151767,5.589456521374967,nan,nan,nan,WEBOTS_UNKNOWN,ekf_on_cluster_on,1,1
1784381573.3878868,73.65364170074463,-17.062575692622723,200.0,0.2,5.527724555267545,5.365045052170785,2.0643774602858205,0.052974125313552195,5.808880924959867,1784381573.385375,None,None,None, None, 1784381573.3612623,1.0908541966194543,apf_waypoint,none,0.0,nan,nan,20.850839550829818,5.768635308797186,nan,nan,nan,WEBOTS_UNKNOWN,ekf_on_cluster_on,1,1
1784381573.7653217,74.031076669693,-40.80603094367111,200.0,0.2,5.5724662337227135,5.368791645452449,2.070745611902644,0.08417696118539146,5.8265243534400595,1784381573.8316092,5.359922599343696,2.0820577760911987,5.7418296416255625, 1784381573.697572, 1784381573.9486935,1.0897219407377747,apf_waypoint,none,0.0,nan,nan,21.126708813719027,4.783024883716993,nan,nan,nan,WEBOTS_UNKNOWN,ekf_on_cluster_on,1,1
1784381574.3242078,74.58996272087097,-22.309506364550515,200.0,0.2,5.5716688110501345,5.402218841966782,2.0417116571612652,0.027692209007198414,5.846593160682727,1784381574.3196838,None,None,None, None, 1784381574.3226936,1.0696433970586758,apf_waypoint,none,0.0,nan,nan,20.952280946283093,5.00614202750474,nan,nan,nan,WEBOTS_UNKNOWN,ekf_on_cluster_on,1,1
1784381575.0176406,75.28339552879333,-41.458517452877906,200.0,0.2,5.6093661270270125,5.410495100249012,2.045173699034947,0.03595797316090498,5.864734520808747,1784381574.8241994,5.402504618971417,2.055204429534927,5.786622407737667, 1784381574.714038, 1784381575.1246772,1.0804482267489781,apf_waypoint,none,0.0,nan,nan,21.146905499858864,4.185333266323697,nan,nan,nan,WEBOTS_UNKNOWN,ekf_on_cluster_on,1,1
1784381575.4193866,75.68514156341553,-27.387739718900935,200.0,0.2,5.6240137659394325,5.4455789608606615,2.0167976709710733,0.2044457594250502,5.981551693253437,1784381575.395584,None,None,None, None, 1784381575.4123347,0.962757672645164,apf_waypoint,none,0.0,nan,nan,21.049958122211294,4.085017668619788,nan,nan,nan,WEBOTS_UNKNOWN,ekf_on_cluster_on,1,1
1784381575.7065616,75.97231650352478,-27.52256102109357,200.0,0.2,5.639774015249371,5.484133872038328,1.9869171381338049,0.14872757085674587,6.026311653245381,1784381575.6965368,None,None,None, None, 1784381575.5925238,0.9003805011533932,apf_waypoint,none,0.0,nan,nan,20.95081466964791,3.9763382924580934,nan,nan,nan,WEBOTS_UNKNOWN,ekf_on_cluster_on,1,1
1784381576.1343315,76.40008640289307,-56.08632010488177,200.0,0.2,5.686855722561298,5.474245684608925,2.0110177898368473,0.07200929781011957,6.048703462389294,1784381576.1956854,5.466107583942655,2.0198187540510784,5.851104720769833, 1784381575.718106, 1784381576.0516684,1.047802272536961,apf_waypoint,none,0.0,nan,nan,21.23803507069944,2.7956819818061263,nan,nan,nan,WEBOTS_UNKNOWN,ekf_on_cluster_on,1,1
1784381576.360275,76.62602996826172,-49.1832461826925,200.0,0.2,5.691805592288933,5.510774458031204,1.9861855368452233,0.05692675390672788,6.0656784170732845,1784381576.3056834,None,None,None, None, 1784381576.347722,0.9826865258721139,apf_waypoint,none,0.0,nan,nan,21.128115176430878,2.882298838207574,nan,nan,nan,WEBOTS_UNKNOWN,ekf_on_cluster_on,1,1
1784381576.5212233,76.7869782447815,-51.275001707673944,200.0,0.2,5.724353231651825,5.5518070251475535,1.958466707430917,0.3328319169544336,6.0970332121749955,1784381576.5212233,None,None,None, None, 1784381576.4838226,0.90369261587231,apf_waypoint,none,0.0,nan,nan,21.079652216154177,2.411934862802643,nan,nan,nan,WEBOTS_UNKNOWN,ekf_on_cluster_on,1,1
1784381576.6601977,76.92595267295837,-45.28930817710895,200.0,0.2,5.738567813093352,5.5959837167850655,1.93129477929245,0.06860943737653509,6.106499090662148,1784381576.659191,None,None,None, None, 1784381576.580903,0.9345470219860764,apf_waypoint,none,0.0,nan,nan,20.98644184651056,2.327881603690182,nan,nan,nan,WEBOTS_UNKNOWN,ekf_on_cluster_on,1,1
1784381576.7717595,77.0375144481659,-80.3257737746022,200.0,0.2,5.788427367785807,5.57022891835239,1.9690696709456694,0.0708514176759528,6.112089021132533,1784381576.7380874,5.563160573956212,1.9755586500313118,5.943180670452365, 1784381576.733574, 1784381576.705795,1.0146973887526691,apf_waypoint,none,0.0,nan,nan,21.238241053864,0.9639864781021688,nan,nan,nan,WEBOTS_UNKNOWN,ekf_on_cluster_on,1,1
1784381576.922369,77.18812394142151,-74.07209650862515,200.0,0.2,5.794256948833449,5.610401603544183,1.947416160735969,0.05490416974086631,6.120103480247525,1784381576.8840592,None,None,None, None, 1784381576.9417434,1.083187495427387,apf_waypoint,none,0.0,nan,nan,21.15378766645322,1.0164589127881198,nan,nan,nan,WEBOTS_UNKNOWN,ekf_on_cluster_on,1,1
1784381577.1916432,77.45739817619324,-68.13549500336114,200.0,0.2,5.806842863968717,5.656009966762077,1.9230543828382736,0.13455433456121751,6.161490247055978,1784381577.1916432,None,None,None, None, 1784381577.1698434,0.9121894577385725,apf_waypoint,none,0.0,nan,nan,21.066293384636296,0.9499973408843481,nan,nan,nan,WEBOTS_UNKNOWN,ekf_on_cluster_on,1,1
1784381577.4875836,77.75333857536316,-63.842862112227536,200.0,0.2,5.827794958961611,5.703752116288037,1.8984403601620983,0.18975717715025034,6.21323152332149,1784381577.4643142,None,None,None, None, 1784381577.4941056,0.9958284210049462,apf_waypoint,none,0.0,nan,nan,20.986080457457447,0.7124558961632736,nan,nan,nan,WEBOTS_UNKNOWN,ekf_on_cluster_on,1,1
1784381577.8458786,78.11163353919983,-99.53383107304275,200.0,0.2,5.885256974164586,5.685651169209846,1.9302577333999646,0.10733760850994169,6.249739992336865,1784381577.8044417,5.678990944864716,1.935787039165285,6.0385612952224825, 1784381577.730803, 1784381577.805442,1.007526905469133,apf_waypoint,none,0.0,nan,nan,21.10301880787725,-0.7727427788342371,nan,nan,nan,WEBOTS_UNKNOWN,ekf_on_cluster_on,1,1
1784381578.179009,78.44476389884949,-94.19585314947811,200.0,0.2,5.894892011388237,5.731004785961421,1.9113632125598086,0.06501513236861516,6.266246469722964,1784381578.184529,None,None,None, None, 1784381578.103016,1.0916776149975622,apf_waypoint,none,0.0,nan,nan,21.032507430370572,-0.8165589542363376,nan,nan,nan,WEBOTS_UNKNOWN,ekf_on_cluster_on,1,1
1784381578.3893883,78.65514326095581,-85.5177078487355,200.0,0.2,5.901517896681342,5.781510390587631,1.8907476674404364,0.05635743189628265,0.0016620937076821107,1784381578.3883812,None,None,None, None, 1784381578.384362,0.9134058282790717,apf_waypoint,none,0.0,nan,nan,20.95995951118841,-0.7813372329893502,nan,nan,nan,WEBOTS_UNKNOWN,ekf_on_cluster_on,1,1
1784381578.559976,78.82573103904724,-75.65756978789072,200.0,0.2,5.911001861792584,5.833316148783778,1.8698878558497185,0.09675951998106506,0.012826580948577464,1784381578.503765,None,None,None, None, 1784381578.5394058,1.031745158887101,apf_waypoint,none,0.0,nan,nan,20.885701316652113,-0.802609407221408,nan,nan,nan,WEBOTS_UNKNOWN,ekf_on_cluster_on,1,1
1784381578.8195255,79.085280418396,-110.73234761271172,200.0,0.2,5.96707632964912,5.825859567526687,1.898246234084199,0.0613141503615489,0.030551942130943047,1784381578.792856,5.819991796286652,1.9030630542622302,6.141085124079707, 1784381578.738372, 1784381578.8059187,0.9044162223516239,apf_waypoint,none,0.0,nan,nan,20.886555159142066,-2.2301378965627086,nan,nan,nan,WEBOTS_UNKNOWN,ekf_on_cluster_on,1,1
1784381578.9495914,79.21534633636475,-107.3653348032779,200.0,0.2,5.98743007030081,5.875287287331139,1.882048231045708,0.21401541989447878,0.048974354353758104,1784381578.8789358,None,None,None, None, 1784381578.8942888,1.0279807064242505,apf_waypoint,none,0.0,nan,nan,20.796744680265963,-2.5152852823124263,nan,nan,nan,WEBOTS_UNKNOWN,ekf_on_cluster_on,1,1
1784381579.076543,79.34229803085327,-98.551982321803,200.0,0.2,5.998196238578372,5.929536980140153,1.8658227889692167,0.056091154570664645,0.05509006701526757,1784381578.9879675,None,None,None, None, 1784381579.07554,1.0511677266757014,apf_waypoint,none,0.0,nan,nan,20.729903390593897,-2.5995739041286416,nan,nan,nan,WEBOTS_UNKNOWN,ekf_on_cluster_on,1,1
1784381579.1198444,79.38559937477112,-86.12115176782879,200.0,0.2,6.007359018777828,5.984680884666569,1.8497602827452688,0.07139671541950035,0.06227276413139972,1784381579.08857,None,None,None, None, 1784381579.07554,1.0511677266757014,apf_waypoint,none,0.0,nan,nan,20.66828604918455,-2.6510124675354554,nan,nan,nan,WEBOTS_UNKNOWN,ekf_on_cluster_on,1,1
1784381579.2203321,79.48608708381653,200.0,200.0,0.2,6.013405430795154,6.03929776058042,1.8343014735184777,0.05386322591951411,0.06793723917203542,1784381579.1937342,None,None,None, None, 1784381579.1837878,0.9552329053036335,apf_waypoint,none,0.0,nan,nan,20.61712607230942,-2.642567825353525,nan,nan,nan,WEBOTS_UNKNOWN,ekf_on_cluster_on,1,1
1784381579.3367586,79.60251355171204,200.0,200.0,0.2,6.014956586405761,6.081874289894174,1.8222454695494021,0.06226645138563702,0.07359652870662158,1784381579.2846224,None,None,None, None, 1784381579.3057241,1.054910096292352,apf_waypoint,none,0.0,nan,nan,20.586009285326135,-2.5703074865870956,nan,nan,nan,WEBOTS_UNKNOWN,ekf_on_cluster_on,1,1
1784381579.4769394,79.74269437789917,200.0,200.0,0.2,6.0166375748750145,6.119965015750498,1.8114041125883378,0.08510980026642484,0.0898363876032644,1784381579.475433,None,None,None, None, 1784381579.4157903,0.9175824401873995,apf_waypoint,none,0.0,nan,nan,20.55749873372673,-2.510954737103602,nan,nan,nan,WEBOTS_UNKNOWN,ekf_on_cluster_on,1,1
1784381579.680771,79.94652605056763,200.0,200.0,0.2,6.015549029177764,6.155929303148279,1.8012091964012902,0.06475608814343589,0.09714261137534153,1784381579.6842859,None,None,None, None, 1784381579.656111,0.9109377361027812,apf_waypoint,none,0.0,nan,nan,20.537374704976866,-2.400154456366083,nan,nan,nan,WEBOTS_UNKNOWN,ekf_on_cluster_on,1,1
1784381579.7973108,80.06306576728821,200.0,200.0,0.2,6.081608917300426,5.949108162525864,1.8840137180728183,0.09886103591541764,0.11696773861329883,1784381579.7887952,5.94321690983529,1.8862751898206866,6.257275556370378, 1784381579.7495, 1784381579.7801578,1.0478941809175546,apf_waypoint,none,0.0,nan,nan,20.473001935050622,-4.4933721173999555,nan,nan,nan,WEBOTS_UNKNOWN,ekf_on_cluster_on,1,1
1784381579.9203713,80.18612623214722,200.0,200.0,0.2,6.083297006432796,5.957554656121992,1.8822030100058758,0.12143102837567123,0.1328233564448402,1784381579.9193683,None,None,None, None, 1784381579.889771,1.0254120579032242,apf_waypoint,none,0.0,nan,nan,20.462478197063596,-4.512548312134767,nan,nan,nan,WEBOTS_UNKNOWN,ekf_on_cluster_on,1,1
1784381580.020975,80.28673005104065,200.0,200.0,0.2,6.084648927186762,5.9729025111077805,1.8789573847937737,0.09223446366868104,0.14186983718810844,1784381580.0174496,None,None,None, None, 1784381580.0000167,1.0125305325465812,apf_waypoint,none,0.0,nan,nan,20.45118402040759,-4.5126697632029416,nan,nan,nan,WEBOTS_UNKNOWN,ekf_on_cluster_on,1,1
1784381580.1217246,80.38747954368591,200.0,200.0,0.2,6.0853575496795465,5.994107776307683,1.8744899421589354,0.08422987703492135,0.1587158125950927,1784381580.1248252,None,None,None, None, 1784381580.1196303,0.9716421850099204,apf_waypoint,none,0.0,nan,nan,20.44088341490083,-4.489246687301146,nan,nan,nan,WEBOTS_UNKNOWN,ekf_on_cluster_on,1,1
1784381580.227469,80.49322390556335,200.0,200.0,0.2,6.085926695350195,6.01981061972944,1.8690769044760893,0.08422987703492135,0.17556178800207697,1784381580.2304668,None,None,None, None, 1784381580.202773,0.933814599256385,apf_waypoint,none,0.0,nan,nan,20.42974632467324,-4.4549054435895705,nan,nan,nan,WEBOTS_UNKNOWN,ekf_on_cluster_on,1,1
1784381580.3434186,80.60917353630066,200.0,200.0,0.2,6.08769044921337,6.048675677874212,1.8630048599060278,0.09531273136143555,0.19486880711813806,1784381580.3273902,None,None,None, None, 1784381580.3065405,1.0364304904479067,apf_waypoint,none,0.0,nan,nan,20.412319077086128,-4.439307568671022,nan,nan,nan,WEBOTS_UNKNOWN,ekf_on_cluster_on,1,1
1784381580.5627403,80.82849526405334,200.0,200.0,0.2,6.0927815774282585,6.079624541478978,1.8565601325881602,0.12139365262780433,0.21082449019774546,1784381580.6165788,None,None,None, None, 1784381580.4999187,1.052048156228965,apf_waypoint,none,0.0,nan,nan,20.379607671830026,-4.488342300971334,nan,nan,nan,WEBOTS_UNKNOWN,ekf_on_cluster_on,1,1
1784381580.785688,81.051442861557,200.0,200.0,0.2,6.183002165039966,6.031505000696582,1.8825613239248673,0.11416395560990719,0.22883397787747223,1784381580.7912085,6.029004294427912,1.8835725360636353,0.11614716784999148, 1784381580.758588, 1784381580.782681,1.0293891298950382,apf_waypoint,none,0.0,nan,nan,19.91198240360681,-6.545747123705936,nan,nan,nan,WEBOTS_UNKNOWN,ekf_on_cluster_on,1,1
1784381580.901106,81.1668610572815,200.0,200.0,0.2,6.183994953981924,6.056610594563699,1.8798425763804099,0.09531201683192014,0.2454782856645425,1784381580.9357426,None,None,None, None, 1784381580.9347348,0.9207409170564042,apf_waypoint,none,0.0,nan,nan,19.903454220945616,-6.544692832295722,nan,nan,nan,WEBOTS_UNKNOWN,ekf_on_cluster_on,1,1
1784381581.2735574,81.5393123626709,200.0,200.0,0.2,6.183149694873886,6.085259777920734,1.8767439698094963,0.0722278717370842,0.2790441090975205,1784381581.36424,4.8,6.7951999999282835,1.5708000000000002, 1784381581.358208, 1784381581.2715452,1.0409385117080647,apf_waypoint,none,0.0,nan,nan,19.90665697351611,-6.504144464081513,nan,nan,nan,WEBOTS_UNKNOWN,ekf_on_cluster_on,1,1
1784381581.6225405,81.8882954120636,200.0,200.0,0.2,6.184606922371772,6.116252699768499,1.8733219433848263,0.09883272356973899,0.30958686246803574,1784381581.5649645,None,None,None, None, 1784381581.5783477,1.0901542935926996,apf_waypoint,none,0.0,nan,nan,19.89463142972583,-6.506802946697598,nan,nan,nan,WEBOTS_UNKNOWN,ekf_on_cluster_on,1,1
1784381581.9460816,82.21183657646179,200.0,200.0,0.2,6.284684671693734,6.099246703865076,1.887731057730579,0.26622805617216144,0.3929677115846768,1784381581.8781579,6.09445399636732,1.8894682652324366,0.22738219828706185, 1784381581.758073, 1784381581.9158978,0.9251494761783763,apf_waypoint,none,0.0,nan,nan,19.142096034069425,-8.597145025734589,nan,nan,nan,WEBOTS_UNKNOWN,ekf_on_cluster_on,1,1
1784381582.216518,82.48227286338806,200.0,200.0,0.2,6.292368201153368,6.12583129561954,1.887716632069135,0.1030999896021084,0.4232430390271687,1784381582.171808,None,None,None, None, 1784381582.2412276,0.971723754795927,apf_waypoint,none,0.0,nan,nan,19.074861565652387,-8.749490813097193,nan,nan,nan,WEBOTS_UNKNOWN,ekf_on_cluster_on,1,1
1784381582.486594,82.75234889984131,200.0,200.0,0.2,6.296391635426288,6.155558688578585,1.8878344609022788,0.08800206638898868,0.44658812302403017,1784381582.4370868,None,None,None, None, 1784381582.500657,1.0879716996132311,apf_waypoint,none,0.0,nan,nan,19.03874086032006,-8.83366926467942,nan,nan,nan,WEBOTS_UNKNOWN,ekf_on_cluster_on,1,1
1784381582.664603,82.93035793304443,200.0,200.0,0.2,6.315607735492773,6.1873253419496335,1.8880151366227773,0.242960452870337,0.4949453920201085,1784381582.6361203,None,None,None, None, 1784381582.6376474,0.9131768566623741,apf_waypoint,none,0.0,nan,nan,18.864479911906127,-9.206443043897593,nan,nan,nan,WEBOTS_UNKNOWN,ekf_on_cluster_on,1,1
1784381582.7727625,83.03851747512817,193.11707170495052,200.0,0.2,0.11899795071503887,6.174701380757841,1.9041619355938322,0.08850071842161293,0.5042939480142109,1784381582.7417529,6.170249845621186,1.9056403802142123,0.3587199422399241, 1784381582.768248, 1784381582.7712553,1.0648798236206778,apf_waypoint,none,0.0,nan,nan,17.97637605487703,-10.954707097763858,nan,nan,nan,WEBOTS_UNKNOWN,ekf_on_cluster_on,1,1
1784381583.00672,83.27247500419617,200.0,200.0,0.2,0.11972571283279075,6.20270973258764,1.9073610188108658,0.06464933033024661,0.521423900256707,1784381583.00672,None,None,None, None, 1784381582.9723911,1.0214227277574013,apf_waypoint,none,0.0,nan,nan,17.962637832828804,-11.00442537995617,nan,nan,nan,WEBOTS_UNKNOWN,ekf_on_cluster_on,1,1
1784381583.195069,83.46082401275635,200.0,200.0,0.2,0.12171159822432348,6.233299339374438,1.9107775320949831,0.09825704860639942,0.5374649461007824,1784381583.169976,None,None,None, None, 1784381583.0942135,1.0259148034725172,apf_waypoint,none,0.0,nan,nan,17.934454557141745,-11.079427166920166,nan,nan,nan,WEBOTS_UNKNOWN,ekf_on_cluster_on,1,1
1784381583.375551,83.64130592346191,200.0,200.0,0.2,0.12259600418138283,6.265514562982902,1.9144288537406065,0.08373124775951031,0.550633455456763,1784381583.3272471,None,None,None, None, 1784381583.3745518,1.0961966100077634,apf_waypoint,none,0.0,nan,nan,17.917873458307007,-11.137331198949234,nan,nan,nan,WEBOTS_UNKNOWN,ekf_on_cluster_on,1,1
1784381583.6116085,83.87736344337463,200.0,200.0,0.2,0.12414264834686274,6.29871931640051,1.918196040155576,0.09217183638101104,0.5725980119072086,1784381583.5655472,None,None,None, None, 1784381583.6106048,1.011401155617854,apf_waypoint,none,0.0,nan,nan,17.893532156985543,-11.208503323739826,nan,nan,nan,WEBOTS_UNKNOWN,ekf_on_cluster_on,1,1
1784381583.789267,84.05502200126648,185.38533923435762,200.0,0.2,0.21536622363927957,6.254637223831936,1.9335642047449035,0.035958598063275504,0.5789629683259916,1784381583.7425551,6.2495478158996765,1.9343148521509155,0.500474966641784, 1784381583.771031, 1784381583.7435627,0.9162107322815526,apf_waypoint,none,0.0,nan,nan,16.76607492327635,-12.926679613409977,nan,nan,nan,WEBOTS_UNKNOWN,ekf_on_cluster_on,1,1
1784381583.9359498,84.20170474052429,198.34890005947216,200.0,0.2,0.2129003987126267,6.280097555267282,1.938841757995214,0.09222095073457952,0.5896055588749273,1784381583.8579583,None,None,None, None, 1784381583.943477,1.093234491355512,apf_waypoint,none,0.0,nan,nan,16.784051158114593,-12.940552031591672,nan,nan,nan,WEBOTS_UNKNOWN,ekf_on_cluster_on,1,1
1784381584.2006645,84.46641945838928,200.0,200.0,0.2,0.21348207803262612,6.308900897100253,1.9447556897526155,0.1018529234524231,0.6243076907692559,1784381584.1986666,None,None,None, None, 1784381584.1986666,0.9127202599794695,apf_waypoint,none,0.0,nan,nan,16.76089208483894,-13.012387301043349,nan,nan,nan,WEBOTS_UNKNOWN,ekf_on_cluster_on,1,1
1784381584.5678082,84.83356308937073,200.0,200.0,0.2,0.194048150602198,6.3398006700822975,1.9511405987129038,0.1018529234524231,0.6243076907692559,1784381584.5934362,None,None,None, None, 1784381584.4618208,0.9235583172948622,apf_waypoint,none,0.0,nan,nan,16.99497482156577,-12.751637654014907,nan,nan,nan,WEBOTS_UNKNOWN,ekf_on_cluster_on,1,1
1784381585.0713396,85.33709454536438,174.14915482296055,200.0,0.2,0.3014207423176452,6.312941059463984,1.9630877257782742,0.07609065109655863,0.6882628352230244,1784381585.039179,6.307078386934168,1.9636989839011725,0.6087068138991869, 1784381584.779907, 1784381585.004557,0.9251833990152252,apf_waypoint,none,0.0,nan,nan,15.496078740844963,-14.603110617277355,nan,nan,nan,WEBOTS_UNKNOWN,ekf_on_cluster_on,1,1
1784381585.3848689,85.65062379837036,188.40509206825578,200.0,0.2,0.3027867948659933,6.339205374628112,1.9709452883609808,0.07855169737043825,0.7123244502846149,1784381585.3454947,None,None,None, None, 1784381585.3834622,0.9415564865697768,apf_waypoint,none,0.0,nan,nan,15.449036472993477,-14.7021634441866,nan,nan,nan,WEBOTS_UNKNOWN,ekf_on_cluster_on,1,1
1784381585.5783765,85.84413146972656,200.0,200.0,0.2,0.30019423590022937,6.368774440378425,1.979854019232301,0.04605455979670834,0.7188173760908769,1784381585.5989344,None,None,None, None, 1784381585.5080636,1.0205324207767987,apf_waypoint,none,0.0,nan,nan,15.456550091276945,-14.750550118187988,nan,nan,nan,WEBOTS_UNKNOWN,ekf_on_cluster_on,1,1
1784381585.719871,85.98562598228455,200.0,200.0,0.2,0.30040896557233615,6.399899128349225,1.9890900200862782,0.08394053583454648,0.736006467393435,1784381585.691255,None,None,None, None, 1784381585.7294157,0.9185863061035182,apf_waypoint,none,0.0,nan,nan,15.421530139877326,-14.8458648969583,nan,nan,nan,WEBOTS_UNKNOWN,ekf_on_cluster_on,1,1
1784381585.837194,86.10294890403748,160.02471623821214,200.0,0.2,0.40471188447603207,6.3784609330039945,2.007481937383679,0.05322293604597495,0.7429990279449885,1784381585.8226376,6.373190626856033,2.008354317660206,0.7384053093065726, 1784381585.804069, 1784381585.837194,1.0766645209706465,apf_waypoint,none,0.0,nan,nan,13.720306245633282,-16.528023112624687,nan,nan,nan,WEBOTS_UNKNOWN,ekf_on_cluster_on,1,1
1784381586.0602546,86.32600951194763,174.5376589535923,200.0,0.2,0.41520382615135276,6.40603702313453,2.0189569832094705,0.21242758116983582,0.7928361734433638,1784381586.0572453,None,None,None, None, 1784381586.0164788,0.9468603738818697,apf_waypoint,none,0.0,nan,nan,13.494945475100526,-16.77779152202675,nan,nan,nan,WEBOTS_UNKNOWN,ekf_on_cluster_on,1,1
1784381586.2363439,86.50209879875183,177.24163783142657,200.0,0.2,0.4560956792607871,6.436469765757292,2.032200333362818,0.4315478221697553,0.8517971370944646,1784381586.193872,None,None,None, None, 1784381586.1722863,1.0200191419180116,apf_waypoint,none,0.0,nan,nan,12.733719907904014,-17.4359573650638,nan,nan,nan,WEBOTS_UNKNOWN,ekf_on_cluster_on,1,1
1784381586.4387212,86.70447611808777,192.1159829519735,200.0,0.2,0.4726307749108614,6.467888491757196,2.04789130357026,0.0925949762888308,0.8662659851941016,1784381586.445394,None,None,None, None, 1784381586.43057,1.079634938636953,apf_waypoint,none,0.0,nan,nan,12.365888097172,-17.784792778945356,nan,nan,nan,WEBOTS_UNKNOWN,ekf_on_cluster_on,1,1
1784381586.5108392,86.7765941619873,196.0616404279341,200.0,0.2,0.5179707953245073,6.499432272618151,2.063994474738479,0.4138000944458442,0.9056856280566079,1784381586.445394,None,None,None, None, 1784381586.5223684,1.0981429814657757,apf_waypoint,none,0.0,nan,nan,11.460640511115404,-18.467626151603184,nan,nan,nan,WEBOTS_UNKNOWN,ekf_on_cluster_on,1,1
1784381586.7980766,87.06383156776428,200.0,200.0,0.2,0.5363133622391688,6.529996871125169,2.081746478785906,0.09922676326757456,0.9284837258192769,1784381586.819703,None,None,None, None, 1784381586.8207078,1.0678224217329075,apf_waypoint,none,0.0,nan,nan,11.022283573374075,-18.827242121699047,nan,nan,nan,WEBOTS_UNKNOWN,ekf_on_cluster_on,1,1
1784381587.0129793,87.27873420715332,71.20208858202773,200.0,0.2,0.6340556235346785,6.4478006300368165,2.0723709504751384,0.09306316107623894,0.9570718371933403,1784381586.982342,6.442704322260359,2.071132479010335,0.8835487263344932, 1784381586.808634, 1784381586.9696002,1.031426583033847,apf_waypoint,none,0.0,nan,nan,9.204371966387516,-19.72444507848492,nan,nan,nan,WEBOTS_UNKNOWN,ekf_on_cluster_on,1,1
1784381587.1623144,87.42806935310364,94.62080436332451,200.0,0.2,0.6404903325598454,6.47072178434566,2.0891642752369712,0.08555443702776368,0.9687023585458967,1784381587.118285,None,None,None, None, 1784381587.118285,1.084927750972376,apf_waypoint,none,0.0,nan,nan,8.97169610955373,-19.915725521562265,nan,nan,nan,WEBOTS_UNKNOWN,ekf_on_cluster_on,1,1
1784381587.3044615,87.57021641731262,128.83372566195817,200.0,0.2,0.6445517313361466,6.499481052714484,2.110420273674848,0.07622812197455753,0.9759792902634095,1784381587.2137475,None,None,None, None, 1784381587.214748,0.9950564472613197,apf_waypoint,none,0.0,nan,nan,8.756177668113025,-20.1191805183311,nan,nan,nan,WEBOTS_UNKNOWN,ekf_on_cluster_on,1,1
1784381587.410559,87.67631387710571,-200.0,-200.0,0.2,0.6474749207109333,6.53064773666038,2.133551546107472,0.07878462572705107,0.9842838727609922,1784381587.4146502,None,None,None, None, 1784381587.4146502,0.9575824851773842,apf_waypoint,none,0.0,nan,nan,8.549996694557908,-20.32630778972661,nan,nan,nan,WEBOTS_UNKNOWN,ekf_on_cluster_on,1,1
1784381587.5810552,87.84681010246277,-200.0,-200.0,0.2,0.656652097056772,6.559954189911658,2.1560964511455163,0.016173602083519378,0.9877568692908879,1784381587.5338886,None,None,None, None, 1784381587.5625072,1.0427378549244144,apf_waypoint,none,0.0,nan,nan,8.217717782178434,-20.579510388637885,nan,nan,nan,WEBOTS_UNKNOWN,ekf_on_cluster_on,1,1
1784381587.7607603,88.02651524543762,-200.0,-200.0,0.2,0.649330663572696,6.588178176110431,2.1784572368461523,-0.17078782844696994,0.9589345420230597,1784381587.7779891,None,None,None, None, 1784381587.7026496,0.9111848406936082,apf_waypoint,none,0.0,nan,nan,8.225057102155226,-20.69394378039705,nan,nan,nan,WEBOTS_UNKNOWN,ekf_on_cluster_on,1,1
1784381588.0278423,88.29359722137451,-200.0,-200.0,0.2,0.7276212711710158,6.506141417745595,2.1440326999294514,-0.06807601809277372,0.9410215567401145,1784381588.050161,6.501209943367668,2.1415195103577274,0.9425022838576576, 1784381587.811651, 1784381587.9733334,0.9882999365731464,apf_waypoint,none,0.0,nan,nan,6.830772440386355,-21.01472591888956,nan,nan,nan,WEBOTS_UNKNOWN,ekf_on_cluster_on,1,1
1784381588.36098,88.62673497200012,-200.0,-200.0,0.2,0.7216216552112324,6.521998182942014,2.1584607828310998,-0.17837447456636743,0.8709768426843516,1784381588.3584652,None,None,None, None, 1784381588.396123,1.0622614453250883,apf_waypoint,none,0.0,nan,nan,6.857343161335393,-21.078796665372955,nan,nan,nan,WEBOTS_UNKNOWN,ekf_on_cluster_on,1,1
1784381588.6761718,88.94192671775818,-200.0,-200.0,0.2,0.7069025930141903,6.541460081040251,2.1758210074530258,-0.20539715586440266,0.8162541230188951,1784381588.6248891,None,None,None, None, 1784381588.6595592,0.906758168130212,apf_waypoint,none,0.0,nan,nan,7.048876590066663,-21.104299891490758,nan,nan,nan,WEBOTS_UNKNOWN,ekf_on_cluster_on,1,1
1784381589.0149791,89.28073406219482,-200.0,-200.0,0.2,0.7352178903892506,6.5488502918166445,2.1993932534957814,-0.017802758251293453,0.8094880414305163,1784381589.0049472,6.546493099992504,2.200098243083847,0.8194982507676034, 1784381588.814123, 1784381589.0129712,1.005122528018732,apf_waypoint,none,0.0,nan,nan,6.287806131681035,-21.461759933143195,nan,nan,nan,WEBOTS_UNKNOWN,ekf_on_cluster_on,1,1
1784381589.3727312,89.63848614692688,-200.0,-200.0,0.2,0.7257760426748943,6.571084814912897,2.2198969403381312,-0.20547988550909901,0.7439327552146648,1784381589.3239822,None,None,None, None, 1784381589.3279884,0.9924749193526716,apf_waypoint,none,0.0,nan,nan,6.347692994175411,-21.550675190758426,nan,nan,nan,WEBOTS_UNKNOWN,ekf_on_cluster_on,1,1
1784381589.742492,90.00824689865112,-200.0,-200.0,0.2,0.7240548165621696,6.594920489363837,2.241268436879938,-0.06513607986865369,0.7218527431437677,1784381589.7625828,None,None,None, None, 1784381589.8103294,1.0165558532309795,apf_waypoint,none,0.0,nan,nan,6.236085970578239,-21.69571432563911,nan,nan,nan,WEBOTS_UNKNOWN,ekf_on_cluster_on,1,1
1784381590.043478,90.30923295021057,-200.0,-200.0,0.2,0.6953379399468269,6.593587726040902,2.249839051124682,-0.38137697546398297,0.6407115342321827,1784381589.9753413,6.589524677245399,2.247713313583021,0.7109439121101326, 1784381589.822399, 1784381590.0284882,0.9107381743530644,apf_waypoint,none,0.0,nan,nan,6.801279376397947,-21.569558731333228,nan,nan,nan,WEBOTS_UNKNOWN,ekf_on_cluster_on,1,1
1784381590.3171093,90.58286428451538,-200.0,-200.0,0.2,0.6834403359215812,6.616214520579664,2.268617297205811,-0.09536546527114034,0.6195523261725282,1784381590.330195,None,None,None, None, 1784381590.3035765,0.9384366998754178,apf_waypoint,none,0.0,nan,nan,6.931714981943326,-21.629791516601884,nan,nan,nan,WEBOTS_UNKNOWN,ekf_on_cluster_on,1,1
1784381590.4632568,90.72901177406311,-200.0,-200.0,0.2,0.6774618771468451,6.640549093751838,2.2885580532158496,-0.08591441753392237,0.5976012062575857,1784381590.452716,None,None,None, None, 1784381590.4013264,0.9322686643179342,apf_waypoint,none,0.0,nan,nan,6.927966780995066,-21.740406794361267,nan,nan,nan,WEBOTS_UNKNOWN,ekf_on_cluster_on,1,1
1784381590.7760484,91.04180335998535,-200.0,-200.0,0.2,0.6514055445905156,6.665954769199067,2.3092672501510796,-0.29623842836152736,0.5205164993830317,1784381590.7129278,None,None,None, None, 1784381590.7074103,1.0482032661111789,apf_waypoint,none,0.0,nan,nan,7.357794240779051,-21.714504907614486,nan,nan,nan,WEBOTS_UNKNOWN,ekf_on_cluster_on,1,1
1784381590.9803479,91.246102809906,-200.0,-200.0,0.2,0.6073292382144233,6.655578068288085,2.304959469655765,-0.29722542110468103,0.4446118051755355,1784381590.9683053,6.651916632986677,2.302525223257901,0.5702250146377699, 1784381590.838306, 1784381590.9275215,1.038784844467862,apf_waypoint,none,0.0,nan,nan,8.335109259188709,-21.333020371001474,nan,nan,nan,WEBOTS_UNKNOWN,ekf_on_cluster_on,1,1
1784381591.2726214,91.53837633132935,-200.0,-200.0,0.2,0.5815361467889275,6.678585063612006,2.3208128360354454,-0.2231047017395934,0.37996815317999666,1784381591.2580512,None,None,None, None, 1784381591.2916815,0.9653257276383792,apf_waypoint,none,0.0,nan,nan,8.787672650793272,-21.242804324617715,nan,nan,nan,WEBOTS_UNKNOWN,ekf_on_cluster_on,1,1
1784381591.4110801,91.67683506011963,-200.0,-200.0,0.2,0.5700202564013958,6.704095630123056,2.3374788343269923,-0.08429369625513312,0.3711004519286541,1784381591.3632512,None,None,None, None, 1784381591.384493,0.9255026053180033,apf_waypoint,none,0.0,nan,nan,8.933053008269614,-21.280399522533273,nan,nan,nan,WEBOTS_UNKNOWN,ekf_on_cluster_on,1,1
1784381591.5489967,91.81475162506104,-200.0,-200.0,0.2,0.5508441519025999,6.731098605772586,2.354916290103383,-0.20554822513341672,0.34314321481038335,1784381591.4992642,None,None,None, None, 1784381591.5580237,0.9785531676705885,apf_waypoint,none,0.0,nan,nan,9.238719334514137,-21.254049757949637,nan,nan,nan,WEBOTS_UNKNOWN,ekf_on_cluster_on,1,1
1784381591.7101269,91.97588181495667,-200.0,-200.0,0.2,0.5153670191754515,6.759319370064048,2.3723202334041726,-0.3350495382470177,0.27367028840442853,1784381591.7066154,None,None,None, None, 1784381591.6970909,1.0102514927024653,apf_waypoint,none,0.0,nan,nan,9.890987893780546,-21.065534123317413,nan,nan,nan,WEBOTS_UNKNOWN,ekf_on_cluster_on,1,1
1784381591.913541,92.17929601669312,-200.0,-200.0,0.2,0.48503250499089406,6.724770460865289,2.3503375774342743,-0.08340194347833854,0.26047860427070935,1784381592.0725622,6.720564234815763,2.3478073720345844,0.43084621727468697, 1784381591.849223, 1784381592.0002277,0.9126287726530142,apf_waypoint,none,0.0,nan,nan,10.640155104564654,-20.55993210975503,nan,nan,nan,WEBOTS_UNKNOWN,ekf_on_cluster_on,1,1
1784381592.4590185,92.72477340698242,-200.0,-200.0,0.2,0.4702123511882654,6.7467097851413005,2.3619694816578,-0.17859586291150079,0.15757903300119974,1784381592.4409442,None,None,None, None, 1784381592.4374268,0.9402959209543182,apf_waypoint,none,0.0,nan,nan,10.88371610879165,-20.50562163798515,nan,nan,nan,WEBOTS_UNKNOWN,ekf_on_cluster_on,1,1
1784381592.8448195,93.11057448387146,-200.0,-200.0,0.2,0.46165328200886707,6.772046099417213,2.3749226973614093,-0.10409875991224223,0.12376065601627409,1784381592.7658124,None,None,None, None, 1784381592.8120606,0.9844315841526595,apf_waypoint,none,0.0,nan,nan,10.992687571500564,-20.530305413003088,nan,nan,nan,WEBOTS_UNKNOWN,ekf_on_cluster_on,1,1
1784381593.1627054,93.42846035957336,-200.0,-200.0,0.2,0.427967675502466,6.7790919171344335,2.3771534900568194,-0.08152939409035502,0.10106044747697787,1784381593.1826468,6.77580488765887,2.3752846615400873,0.32631211769434465, 1784381592.857857, 1784381593.1137493,0.9152751026060596,apf_waypoint,none,0.0,nan,nan,11.666609356045958,-20.170089692379022,nan,nan,nan,WEBOTS_UNKNOWN,ekf_on_cluster_on,1,1
1784381593.4705532,93.73630809783936,-200.0,-200.0,0.2,0.42901318031754115,6.805170820949,2.389289908237113,-0.07061448925039678,0.07385881857827255,1784381593.4294553,None,None,None, None, 1784381593.4705532,0.9148903587937768,apf_waypoint,none,0.0,nan,nan,11.586490125525462,-20.296251562115962,nan,nan,nan,WEBOTS_UNKNOWN,ekf_on_cluster_on,1,1
1784381593.5965621,93.86231708526611,-200.0,-200.0,0.2,0.4291867064489702,6.8333578082151085,2.4025085453447916,-0.0862347377407825,0.06265429631257155,1784381593.5593858,None,None,None, None, 1784381593.5724669,0.9802990476433051,apf_waypoint,none,0.0,nan,nan,11.518498683023344,-20.422474016577794,nan,nan,nan,WEBOTS_UNKNOWN,ekf_on_cluster_on,1,1
1784381593.7213955,93.98715043067932,-200.0,-200.0,0.2,0.4293160099261874,6.862887735136022,2.4163766988974107,-0.0827780410035599,0.054635138065870434,1784381593.6562612,None,None,None, None, 1784381593.6778824,1.0903157509784014,apf_waypoint,none,0.0,nan,nan,11.447979966691356,-20.554428566210678,nan,nan,nan,WEBOTS_UNKNOWN,ekf_on_cluster_on,1,1
1784381593.809501,94.07525587081909,-200.0,-200.0,0.2,0.42982057541427054,6.8932305023650144,2.4306438424860075,-0.0781710770486465,0.04886768996289819,1784381593.843641,None,None,None, None, 1784381593.7874193,1.0405948967740442,apf_waypoint,none,0.0,nan,nan,11.367465417865267,-20.694557848611694,nan,nan,nan,WEBOTS_UNKNOWN,ekf_on_cluster_on,1,1
1784381594.1044073,94.37016224861145,-200.0,-200.0,0.2,0.37252498568629616,6.854049214390399,2.404258993802412,-0.0925288170211845,0.024310151047134267,1784381594.111136,6.849528751344483,2.4016171813406384,0.1936342188899216, 1784381593.859196, 1784381594.0545063,1.0574229446027381,apf_waypoint,none,0.0,nan,nan,12.645499118453479,-19.760041205112216,nan,nan,nan,WEBOTS_UNKNOWN,ekf_on_cluster_on,1,1
1784381594.281004,94.54675889015198,-200.0,-200.0,0.2,0.3753484336994066,6.876657776568808,2.413347956027434,-0.07360384102417597,0.006182982849953722,1784381594.2417254,None,None,None, None, 1784381594.259723,0.9251608514793019,apf_waypoint,none,0.0,nan,nan,12.549131392505666,-19.88460866050943,nan,nan,nan,WEBOTS_UNKNOWN,ekf_on_cluster_on,1,1
1784381594.374461,94.64021587371826,-200.0,-200.0,0.2,0.3505181806326658,6.902794226591225,2.423965092490473,-0.3345310692448442,6.257135439109581,1784381594.3380778,None,None,None, None, 1784381594.3724554,1.0494383311158222,apf_waypoint,none,0.0,nan,nan,12.99411567704134,-19.671992780293216,nan,nan,nan,WEBOTS_UNKNOWN,ekf_on_cluster_on,1,1
1784381594.5282612,94.794016122818,-200.0,-200.0,0.2,0.3427458671754129,6.931698127606821,2.43454452973193,-0.07478680339773484,6.250331581404531,1784381594.5433211,None,None,None, None, 1784381594.4589071,1.0831561935622431,apf_waypoint,none,0.0,nan,nan,13.102017981309798,-19.676622084489214,nan,nan,nan,WEBOTS_UNKNOWN,ekf_on_cluster_on,1,1
1784381594.658021,94.92377591133118,-200.0,-200.0,0.2,0.342202855354834,6.962165538799265,2.4456041172164755,-0.04904739293425107,6.24058139978807,1784381594.6278455,None,None,None, None, 1784381594.662533,1.0042316787287222,apf_waypoint,none,0.0,nan,nan,13.065895224378217,-19.7808414408413,nan,nan,nan,WEBOTS_UNKNOWN,ekf_on_cluster_on,1,1
1784381594.831193,95.09694790840149,-200.0,-200.0,0.2,0.33966295352052617,6.993533659595921,2.457105074325736,-0.09529753982214904,6.229030284738846,1784381594.7490566,None,None,None, None, 1784381594.7878323,1.0579641817204637,apf_waypoint,none,0.0,nan,nan,13.067572806846172,-19.863581660791613,nan,nan,nan,WEBOTS_UNKNOWN,ekf_on_cluster_on,1,1
1784381594.933664,95.19941902160645,-200.0,-200.0,0.2,0.26177962639765195,6.9379014560675625,2.421207684776417,-0.10674374093500734,6.2179593891891,1784381595.0001764,6.933926424766976,2.41905071833508,0.04755451638455188, 1784381594.860796, 1784381594.994655,1.0135445177139273,apf_waypoint,none,0.0,nan,nan,14.68837215336742,-18.430219366441836,nan,nan,nan,WEBOTS_UNKNOWN,ekf_on_cluster_on,1,1
1784381595.2315238,95.49727869033813,-200.0,-200.0,0.2,0.2575742331634385,6.9603295430077265,2.4274190331928303,-0.13361681071744433,6.1834371427082075,1784381595.2416039,None,None,None, None, 1784381595.134259,1.0886425473932602,apf_waypoint,none,0.0,nan,nan,14.74398582840577,-18.434759901764515,nan,nan,nan,WEBOTS_UNKNOWN,ekf_on_cluster_on,1,1
1784381595.3944876,95.66024255752563,-200.0,-200.0,0.2,0.2573870946091568,6.986813153999892,2.434604787952596,-0.0700827285778184,6.166070033208549,1784381595.3589475,None,None,None, None, 1784381595.3564353,0.9508160988327187,apf_waypoint,none,0.0,nan,nan,14.7220823592696,-18.50923252509945,nan,nan,nan,WEBOTS_UNKNOWN,ekf_on_cluster_on,1,1
1784381595.6093876,95.8751425743103,-200.0,-200.0,0.2,0.26156420638573297,7.016034775157031,2.442590931538351,-0.041269293556791035,6.160469957861639,1784381595.6368618,None,None,None, None, 1784381595.6058695,0.9094535361880808,apf_waypoint,none,0.0,nan,nan,14.616014892565934,-18.656361772280952,nan,nan,nan,WEBOTS_UNKNOWN,ekf_on_cluster_on,1,1
1784381595.929163,96.19491791725159,-200.0,-200.0,0.2,0.18165333060063643,7.014449945962414,2.4265129310996327,-0.0325452940206054,6.146589674390518,1784381596.0662613,7.011258401190132,2.4240839958602662,6.199402109493843, 1784381595.867907, 1784381595.9181268,1.0268846740167545,apf_waypoint,none,0.0,nan,nan,16.093858204907235,-17.275716601280337,nan,nan,nan,WEBOTS_UNKNOWN,ekf_on_cluster_on,1,1
1784381596.418173,96.6839280128479,-200.0,-200.0,0.2,0.18605508238642393,7.042114961715495,2.4319525403231532,-0.08897705501985494,6.102498905312412,1784381596.4166644,None,None,None, None, 1784381596.3850415,0.9572360706394161,apf_waypoint,none,0.0,nan,nan,16.001462497503386,-17.4092245062889,nan,nan,nan,WEBOTS_UNKNOWN,ekf_on_cluster_on,1,1
1784381596.958469,97.22422385215759,-200.0,-200.0,0.2,0.11397157375856115,7.060397051469882,2.4256744506216648,-0.05563928367095919,6.0744210119113555,1784381596.921306,7.057108707434672,2.4222702013708584,6.12167162584153, 1784381596.887185, 1784381596.839947,0.9089262632979301,apf_waypoint,none,0.0,nan,nan,17.221114049749865,-16.158069543638664,nan,nan,nan,WEBOTS_UNKNOWN,ekf_on_cluster_on,1,1
1784381597.378357,97.64411187171936,-200.0,-200.0,0.2,0.11854620274511893,7.090330793742812,2.429448222400172,-0.07837270488638816,6.044898150698785,1784381597.402497,None,None,None, None, 1784381597.3999596,1.0844953315189747,apf_waypoint,none,0.0,nan,nan,17.13736279947149,-16.285408182635322,nan,nan,nan,WEBOTS_UNKNOWN,ekf_on_cluster_on,1,1
1784381597.7611816,98.0269365310669,-200.0,-200.0,0.2,0.09886110806616047,7.122091995226283,2.4335934792456877,-0.29702116678184687,5.920777795165214,1784381597.715888,None,None,None, None, 1784381597.7366016,0.9067351491889507,apf_waypoint,none,0.0,nan,nan,17.445109400057063,-15.998348004990216,nan,nan,nan,WEBOTS_UNKNOWN,ekf_on_cluster_on,1,1
1784381597.989563,98.25531792640686,-200.0,-200.0,0.2,0.012593637168978848,7.130036251361886,2.416058363276511,-0.08636856917802738,5.8994428247544,1784381597.9629104,7.126050625926277,2.412739522660247,6.003735718345551, 1784381597.893712, 1784381597.987556,0.9684239661045146,apf_waypoint,none,0.0,nan,nan,18.767574852714503,-14.266862288002518,nan,nan,nan,WEBOTS_UNKNOWN,ekf_on_cluster_on,1,1
1784381598.132103,98.3978579044342,-200.0,-200.0,0.2,0.008435378149013722,7.160036468572974,2.416594343295779,-0.09879649869179148,5.888413657060439,1784381598.0745456,None,None,None, None, 1784381598.101214,0.9316745396651117,apf_waypoint,none,0.0,nan,nan,18.824082733038747,-14.206584195052134,nan,nan,nan,WEBOTS_UNKNOWN,ekf_on_cluster_on,1,1
1784381598.2755458,98.5413007736206,-200.0,-200.0,0.2,0.004554534775049055,7.191965436146172,2.417090936155584,-0.10275153804380992,5.868327113836996,1784381598.2700322,None,None,None, None, 1784381598.2077358,0.9880740291247748,apf_waypoint,none,0.0,nan,nan,18.876325137306054,-14.151854079308205,nan,nan,nan,WEBOTS_UNKNOWN,ekf_on_cluster_on,1,1
1784381598.4514723,98.71722722053528,-200.0,-200.0,0.2,0.002355636610129202,7.225084785317405,2.4175045445081325,-0.08758239442521566,5.856977642423486,1784381598.3996184,None,None,None, None, 1784381598.4191837,0.973853007089291,apf_waypoint,none,0.0,nan,nan,18.904599418619476,-14.128556696861555,nan,nan,nan,WEBOTS_UNKNOWN,ekf_on_cluster_on,1,1
1784381598.6559806,98.92173552513123,-200.0,-200.0,0.2,-0.010727868354312692,7.258913407868724,2.4178880399956695,-0.1909933635293941,5.808396031573289,1784381598.6539812,None,None,None, None, 1784381598.62593,1.0653319732701092,apf_waypoint,none,0.0,nan,nan,19.085190713844188,-13.898429122711839,nan,nan,nan,WEBOTS_UNKNOWN,ekf_on_cluster_on,1,1
1784381598.9259584,99.19171333312988,-200.0,-200.0,0.2,6.172746284481354,7.2101026892665665,2.3930039897811013,-0.10682083021141885,5.779450041300507,1784381598.9249582,7.20464331181313,2.39138057012116,5.8656970969177165, 1784381598.900369, 1784381598.9249582,1.0514154467777965,apf_waypoint,none,0.0,nan,nan,20.358906459644412,-11.663303797563744,nan,nan,nan,WEBOTS_UNKNOWN,ekf_on_cluster_on,1,1
1784381599.570954,99.83670902252197,-200.0,-200.0,0.2,6.16923065167593,7.234504226868632,2.3904466218528904,-0.09884862311429937,5.73156326354443,1784381599.5989366,None,None,None, None, 1784381599.420448,0.9289815607376198,apf_waypoint,none,0.0,nan,nan,20.3973298882157,-11.576931338503087,nan,nan,nan,WEBOTS_UNKNOWN,ekf_on_cluster_on,1,1
1784381599.9602094,100.22596430778503,-200.0,-200.0,0.2,6.082578488148339,7.267552061897548,2.3696854021334097,-0.04601181905164086,5.713388771417798,1784381599.984811,7.268925841165277,2.364705145059439,5.7477611840652685, 1784381599.90448, 1784381599.955691,1.050668820948097,apf_waypoint,none,0.0,nan,nan,21.290811671028894,-9.579839797116271,nan,nan,nan,WEBOTS_UNKNOWN,ekf_on_cluster_on,1,1
1784381600.4982395,100.76399445533752,-200.0,-200.0,0.2,6.08650484481117,7.299224767803153,2.3635617208848823,-0.06354570469723769,5.6872957873033085,1784381600.3954287,None,None,None, None, 1784381600.5355783,0.9220652773089756,apf_waypoint,none,0.0,nan,nan,21.244032229884656,-9.617074983385338,nan,nan,nan,WEBOTS_UNKNOWN,ekf_on_cluster_on,1,1
1784381600.8387804,101.10453534126282,-200.0,-200.0,0.2,6.090079909774991,7.3319273900785005,2.357414112399833,-0.06675842360874841,5.662263972831133,1784381600.7703898,None,None,None, None, 1784381600.8262298,0.9112347289709645,apf_waypoint,none,0.0,nan,nan,21.200651049447895,-9.646843205630201,nan,nan,nan,WEBOTS_UNKNOWN,ekf_on_cluster_on,1,1
1784381601.0716324,101.33738732337952,-200.0,-200.0,0.2,5.999943124020671,7.329293238521689,2.3367580411787543,-0.06361258506048942,5.647054781377591,1784381601.1411421,7.323604985719589,2.334459902178965,5.641886895571827, 1784381600.907619, 1784381601.1042445,1.0565581624558027,apf_waypoint,none,0.0,nan,nan,21.9340355356526,-7.499447682056465,nan,nan,nan,WEBOTS_UNKNOWN,ekf_on_cluster_on,1,1
1784381601.4223783,101.6881332397461,-200.0,-200.0,0.2,6.002127847460733,7.357865587319619,2.3287779255058476,-0.0920635821076256,5.623143075982592,1784381601.4399416,None,None,None, None, 1784381601.4178605,0.9004131698213511,apf_waypoint,none,0.0,nan,nan,21.900202022124176,-7.482553702361654,nan,nan,nan,WEBOTS_UNKNOWN,ekf_on_cluster_on,1,1
1784381601.6557574,101.92151236534119,-200.0,-200.0,0.2,5.991661598385381,7.3883785229846435,2.320311173283633,-0.19530684186895678,5.56533807064181,1784381601.5651813,None,None,None, None, 1784381601.6512394,1.0850177052161263,apf_waypoint,none,0.0,nan,nan,21.95813875146959,-7.184408183301326,nan,nan,nan,WEBOTS_UNKNOWN,ekf_on_cluster_on,1,1
1784381601.8194375,102.08519244194031,-200.0,-200.0,0.2,5.988585261036552,7.419999066058796,2.311026716406182,-0.07850625375712247,5.545906541984022,1784381601.812697,None,None,None, None, 1784381601.772502,1.076712195165424,apf_waypoint,none,0.0,nan,nan,21.958767665547573,-7.040892813140048,nan,nan,nan,WEBOTS_UNKNOWN,ekf_on_cluster_on,1,1
1784381601.953395,102.21914982795715,-200.0,-200.0,0.2,5.855097098456352,7.396867653547968,2.286612452853498,-0.38181811521651426,5.508899268609765,1784381601.9096208,7.391365606736818,2.2851357686364735,5.499827718468863, 1784381601.911621, 1784381601.8827343,1.0451756498292109,apf_waypoint,none,0.0,nan,nan,22.606611684363717,-3.8215614759352556,nan,nan,nan,WEBOTS_UNKNOWN,ekf_on_cluster_on,1,1
1784381602.0565825,102.32233738899231,-200.0,-200.0,0.2,5.841049930937206,7.422482147040393,2.274810347707967,-0.10497948135361417,5.501089326253614,1784381601.9840157,None,None,None, None, 1784381602.0846407,1.0209467501264526,apf_waypoint,none,0.0,nan,nan,22.615179866152356,-3.4058793120861504,nan,nan,nan,WEBOTS_UNKNOWN,ekf_on_cluster_on,1,1
1784381602.2368836,102.50263857841492,-200.0,-200.0,0.2,5.811947607124363,7.4503324101250135,2.2616975079718697,-0.29675463986262585,5.429497399570104,1784381602.2252653,None,None,None, None, 1784381602.2092092,0.9583153340823938,apf_waypoint,none,0.0,nan,nan,22.653782097039368,-2.6388133082593885,nan,nan,nan,WEBOTS_UNKNOWN,ekf_on_cluster_on,1,1
1784381602.3724482,102.63820314407349,-200.0,-200.0,0.2,5.777346654770408,7.479213987013416,2.246886931665535,-0.29675463986262585,5.370146471597579,1784381602.399461,None,None,None, None, 1784381602.3724482,1.0132873439205243,apf_waypoint,none,0.0,nan,nan,22.669374005814717,-1.7329444381533818,nan,nan,nan,WEBOTS_UNKNOWN,ekf_on_cluster_on,1,1
1784381602.5985394,102.8642942905426,-200.0,-200.0,0.2,5.763236500021165,7.508405060956468,2.2305224151113596,-0.08625195963784572,5.342341155521996,1784381602.5476384,None,None,None, None, 1784381602.541604,0.9276085328164434,apf_waypoint,none,0.0,nan,nan,22.62053170362077,-1.2793832605403574,nan,nan,nan,WEBOTS_UNKNOWN,ekf_on_cluster_on,1,1
1784381602.855746,103.1215009689331,-200.0,-200.0,0.2,5.7555336958687064,7.537979673609037,2.213672858617472,-0.08515052156674163,5.3192378634862525,1784381602.8189614,None,None,None, None, 1784381602.7626805,1.053752282491853,apf_waypoint,none,0.0,nan,nan,22.555313540922796,-0.967782453034066,nan,nan,nan,WEBOTS_UNKNOWN,ekf_on_cluster_on,1,1
1784381603.0462825,103.31203746795654,-200.0,-200.0,0.2,5.655173016301301,7.4560359795277,2.225961600289382,-0.08615149434430436,5.307729523566162,1784381603.0824738,7.4509330175183734,2.227304954371961,5.359108716043459, 1784381602.930445, 1784381603.031658,0.9275998376483547,apf_waypoint,none,0.0,nan,nan,22.591769697614243,1.2246825563588768,nan,nan,nan,WEBOTS_UNKNOWN,ekf_on_cluster_on,1,1
1784381603.4472375,103.71299242973328,-200.0,-200.0,0.2,5.642539902079121,7.474030129328067,2.2130934202953894,-0.20586437110258227,5.210944943007103,1784381603.4226816,None,None,None, None, 1784381603.398747,1.0299162285727064,apf_waypoint,none,0.0,nan,nan,22.505360132447706,1.6093382524030648,nan,nan,nan,WEBOTS_UNKNOWN,ekf_on_cluster_on,1,1
1784381603.7184896,103.98424458503723,-200.0,-200.0,0.2,5.61463143699001,7.495430715003886,2.197265046054516,-0.30258527796647516,5.141167659880918,1784381603.6532853,None,None,None, None, 1784381603.7169755,1.0393063344382136,apf_waypoint,none,0.0,nan,nan,22.36300331709375,2.3569006529887,nan,nan,nan,WEBOTS_UNKNOWN,ekf_on_cluster_on,1,1
1784381603.98804,104.25379490852356,-200.0,-200.0,0.2,5.4917389862329795,7.502990387961291,2.165737712066491,-0.3806288443818055,5.042964640493081,1784381604.0136266,7.50047754304284,2.163662330559509,5.222410250700495, 1784381603.934808, 1784381603.966931,0.9899959062112935,apf_waypoint,none,0.0,nan,nan,21.692145427467775,5.307794083469243,nan,nan,nan,WEBOTS_UNKNOWN,ekf_on_cluster_on,1,1
1784381604.348033,104.61378788948059,-200.0,-200.0,0.2,5.475519271227989,7.524906303210198,2.1431600822221646,-0.07343462511519039,5.022280547882582,1784381604.36411,None,None,None, None, 1784381604.3425086,1.0279391828029518,apf_waypoint,none,0.0,nan,nan,21.451472134220225,5.81421171278123,nan,nan,nan,WEBOTS_UNKNOWN,ekf_on_cluster_on,1,1
1784381604.678979,104.94473385810852,-200.0,-200.0,0.2,5.466952051884224,7.547629014790189,2.1194317011335784,-0.08829781054681284,4.980829056783491,1784381604.662405,None,None,None, None, 1784381604.662405,1.097244517483824,apf_waypoint,none,0.0,nan,nan,21.23962575029155,6.159893094834797,nan,nan,nan,WEBOTS_UNKNOWN,ekf_on_cluster_on,1,1
1784381605.041342,105.3070969581604,-200.0,-200.0,0.2,5.3753741378294935,7.541571272286649,2.1007488963300784,-0.17624955204599993,4.9198784034679655,1784381605.0082252,7.536993043261624,2.1016468990520965,5.100453772269743, 1784381604.936353, 1784381604.975998,1.01393524046168,apf_waypoint,none,0.0,nan,nan,20.44278323104393,8.198543510727804,nan,nan,nan,WEBOTS_UNKNOWN,ekf_on_cluster_on,1,1
1784381605.3195758,105.58533072471619,-200.0,-200.0,0.2,5.370283110863824,7.560608139576923,2.0765288553303756,-0.08620170571831916,4.89624189898257,1784381605.2824252,None,None,None, None, 1784381605.28293,0.927144912841509,apf_waypoint,none,0.0,nan,nan,20.219369049328744,8.452606983338931,nan,nan,nan,WEBOTS_UNKNOWN,ekf_on_cluster_on,1,1
1784381605.5957866,105.8615415096283,-200.0,-200.0,0.2,5.371869855377065,7.580607017230025,2.050992983335971,-0.044672746697686935,4.887590137243317,1784381605.62408,None,None,None, None, 1784381605.5904896,0.9057167848417345,apf_waypoint,none,0.0,nan,nan,20.041360067808398,8.57922117187933,nan,nan,nan,WEBOTS_UNKNOWN,ekf_on_cluster_on,1,1
1784381605.8781686,106.14392352104187,-200.0,-200.0,0.2,5.332797377735592,7.601344773258591,2.024787013007394,-0.44569672613685,4.7234480200276465,1784381605.844377,None,None,None, None, 1784381605.8530629,1.0426081980667126,apf_waypoint,none,0.0,nan,nan,19.487966682628866,9.510691187377175,nan,nan,nan,WEBOTS_UNKNOWN,ekf_on_cluster_on,1,1
1784381606.1158884,106.38164329528809,-200.0,-200.0,0.2,5.232326544264252,7.574261974192028,2.021987985351732,-0.15621618943793783,4.683777049106625,1784381606.0983262,7.56964201460418,2.024456118641606,4.958394573207316, 1784381605.952876, 1784381606.160105,1.0573541322269482,apf_waypoint,none,0.0,nan,nan,18.404338363228277,11.438017358296355,nan,nan,nan,WEBOTS_UNKNOWN,ekf_on_cluster_on,1,1
1784381606.391078,106.6568329334259,-200.0,-200.0,0.2,5.226989216845703,7.5882838702316135,1.9974315754594558,-0.0430388127266813,4.673136940823734,1784381606.3455474,None,None,None, None, 1784381606.2669938,0.9879738610762305,apf_waypoint,none,0.0,nan,nan,18.136770453026998,11.661643535874822,nan,nan,nan,WEBOTS_UNKNOWN,ekf_on_cluster_on,1,1
1784381606.6678376,106.9335925579071,-200.0,-200.0,0.2,5.223370758624721,7.603620977724183,1.9706799638652206,-0.08915489860427686,4.648082191429209,1784381606.6265724,None,None,None, None, 1784381606.5969794,1.0868894077734008,apf_waypoint,none,0.0,nan,nan,17.868921459112624,11.86317528745666,nan,nan,nan,WEBOTS_UNKNOWN,ekf_on_cluster_on,1,1
1784381606.87553,107.14128494262695,-200.0,-200.0,0.2,5.216210766360863,7.6197147785867685,1.9424966214775357,-0.13250500268522528,4.617240428067162,1784381606.8593316,None,None,None, None, 1784381606.8326306,0.9546056285858084,apf_waypoint,none,0.0,nan,nan,17.544473952536208,12.132399582010718,nan,nan,nan,WEBOTS_UNKNOWN,ekf_on_cluster_on,1,1
1784381607.014137,107.27989196777344,-200.0,-200.0,0.2,5.118833930790685,7.5951118850884285,1.9406949434336493,-0.13250500268522528,4.590739427530117,1784381607.0272272,7.591033284559264,1.9434204136726931,4.816335370705595, 1784381606.965507, 1784381606.987787,1.002322437345548,apf_waypoint,none,0.0,nan,nan,16.258507640877205,13.792419948988602,nan,nan,nan,WEBOTS_UNKNOWN,ekf_on_cluster_on,1,1
1784381607.2345083,107.50026321411133,-200.0,-200.0,0.2,5.1145152343005265,7.606510008497134,1.9146406543048708,-0.10678838945155521,4.555016590107052,1784381607.1938515,None,None,None, None, 1784381607.2345083,0.9759899786783337,apf_waypoint,none,0.0,nan,nan,15.964449863504601,13.970698892690912,nan,nan,nan,WEBOTS_UNKNOWN,ekf_on_cluster_on,1,1
1784381607.4645975,107.7303524017334,-200.0,-200.0,0.2,5.113613885805025,7.618819545933431,1.8862629707367202,-0.07410455938378252,4.544512173266377,1784381607.4816818,None,None,None, None, 1784381607.4781694,1.0721868769760377,apf_waypoint,none,0.0,nan,nan,15.696117551390154,14.10264484132313,nan,nan,nan,WEBOTS_UNKNOWN,ekf_on_cluster_on,1,1
1784381607.9155338,108.18128871917725,-200.0,-200.0,0.2,5.11434402472888,7.631786646335488,1.8564558027737545,-0.07029132869001302,4.510279291473239,1784381607.822617,None,None,None, None, 1784381607.8698,0.9981091459740934,apf_waypoint,none,0.0,nan,nan,15.437490327671181,14.214779077654427,nan,nan,nan,WEBOTS_UNKNOWN,ekf_on_cluster_on,1,1
1784381608.3303661,108.59612107276917,-200.0,-200.0,0.2,5.012767116311398,7.604054396110168,1.869293454732211,-0.15212381981454978,4.438892691967169,1784381608.2918835,7.59997771487409,1.8736035094638488,4.697059246381613, 1784381607.986404, 1784381608.3251624,0.9462708614340393,apf_waypoint,none,0.0,nan,nan,14.031050928057663,15.668425749223047,nan,nan,nan,WEBOTS_UNKNOWN,ekf_on_cluster_on,1,1
1784381608.6957748,108.96152973175049,-200.0,-200.0,0.2,5.012204123019502,7.612110529259423,1.8438984002241003,-0.07757451956245284,4.418053791137165,1784381608.5605142,None,None,None, None, 1784381608.6656396,1.0618718678558445,apf_waypoint,none,0.0,nan,nan,13.782742844824515,15.757928979658335,nan,nan,nan,WEBOTS_UNKNOWN,ekf_on_cluster_on,1,1
1784381608.867826,109.13358092308044,-200.0,-200.0,0.2,5.003213379707608,7.621143091706003,1.8155652674026632,-0.1667940790728316,4.385636645366932,1784381608.874348,None,None,None, None, 1784381608.798304,0.9944130630377115,apf_waypoint,none,0.0,nan,nan,13.372228687630098,15.969706641541597,nan,nan,nan,WEBOTS_UNKNOWN,ekf_on_cluster_on,1,1
1784381609.2468846,109.51263952255249,-200.0,-200.0,0.2,4.904491724732151,7.60427011753992,1.7939229873039206,-0.0803557708233707,4.349752807476241,1784381609.2014306,7.60009056984014,1.7953183787973244,4.564381310116864, 1784381608.999928, 1784381609.2612932,0.9556730869324139,apf_waypoint,none,0.0,nan,nan,11.516034965172011,17.258830062364474,nan,nan,nan,WEBOTS_UNKNOWN,ekf_on_cluster_on,1,1
1784381609.5395336,109.80528855323792,-200.0,-200.0,0.2,4.883619165103562,7.6104137583469065,1.763554216475131,-0.2949948681676303,4.263796098539357,1784381609.4928143,None,None,None, None, 1784381609.4958212,0.9804049145558562,apf_waypoint,none,0.0,nan,nan,10.85523886439335,17.555104626981432,nan,nan,nan,WEBOTS_UNKNOWN,ekf_on_cluster_on,1,1
1784381609.8789248,110.14467978477478,-200.0,-200.0,0.2,4.8762601303848205,7.615974561949265,1.7314682411218474,-0.07412898997618524,4.240081418996338,1784381609.8127253,None,None,None, None, 1784381609.921496,1.0685563345005629,apf_waypoint,none,0.0,nan,nan,10.409852550367587,17.695046886042075,nan,nan,nan,WEBOTS_UNKNOWN,ekf_on_cluster_on,1,1
1784381610.1597612,110.42551612854004,-200.0,-200.0,0.2,4.773636203227749,7.592819500674363,1.7083787503467154,-0.10280606381733172,4.213268138743894,1784381610.2297375,7.588240883699416,1.709957544489553,4.4183015635277885, 1784381610.005889, 1784381610.2206995,0.9229596947752204,apf_waypoint,none,0.0,nan,nan,8.304957739146838,18.689275441266375,nan,nan,nan,WEBOTS_UNKNOWN,ekf_on_cluster_on,1,1
1784381610.649514,110.91526889801025,-200.0,-200.0,0.2,4.776094604332216,7.594996458821401,1.676133864342793,-0.03981644959099966,4.19317078528123,1784381610.5782895,None,None,None, None, 1784381610.6952343,0.9672222230528246,apf_waypoint,none,0.0,nan,nan,8.02798558671651,18.697099153330733,nan,nan,nan,WEBOTS_UNKNOWN,ekf_on_cluster_on,1,1
1784381611.1532693,111.41902422904968,-200.0,-200.0,0.2,4.682667514256059,7.575746796857275,1.642889679725617,-0.07841974071805972,4.149643972422654,1784381611.1333387,7.569680708982671,1.6428804113302444,4.300365623623986, 1784381611.008687, 1784381611.1739728,1.0747437324122635,apf_waypoint,none,0.0,nan,nan,5.9095924270831555,19.362398767958343,nan,nan,nan,WEBOTS_UNKNOWN,ekf_on_cluster_on,1,1
1784381611.5406926,111.80644750595093,-200.0,-200.0,0.2,4.688674332139811,7.57505906435057,1.6088686576931888,-0.0398709560694702,4.13462294174881,1784381611.5100799,None,None,None, None, 1784381611.3439136,1.080832729574628,apf_waypoint,none,0.0,nan,nan,5.683131429607914,19.325795951497565,nan,nan,nan,WEBOTS_UNKNOWN,ekf_on_cluster_on,1,1
1784381611.9128013,112.17855620384216,-200.0,-200.0,0.2,4.694110973478565,7.574649415251454,1.5745982970099381,-0.056626340759819226,4.115483761753896,1784381611.8480706,None,None,None, None, 1784381611.9507287,1.0187820142776636,apf_waypoint,none,0.0,nan,nan,5.442924765287367,19.295324680152376,nan,nan,nan,WEBOTS_UNKNOWN,ekf_on_cluster_on,1,1
1784381612.2863224,112.552077293396,-200.0,-200.0,0.2,4.599340208753594,7.559563452457307,1.5999281622418118,-0.1481505176593935,4.070649084313991,1784381612.3043833,7.557169110851196,1.6095462075888491,4.240057473634861, 1784381611.998951, 1784381612.2802935,1.034952950305211,apf_waypoint,none,0.0,nan,nan,3.8434542385776913,19.747352636678727,nan,nan,nan,WEBOTS_UNKNOWN,ekf_on_cluster_on,1,1
1784381612.608478,112.87423300743103,-200.0,-200.0,0.2,4.598407186844217,7.556882063141479,1.5745133873716073,-0.09207113352790011,4.029240755471012,1784381612.6004426,None,None,None, None, 1784381612.549266,1.0314402470229924,apf_waypoint,none,0.0,nan,nan,3.569816159401186,19.726930085995722,nan,nan,nan,WEBOTS_UNKNOWN,ekf_on_cluster_on,1,1
1784381612.912768,113.17852282524109,-200.0,-200.0,0.2,4.5975019849963275,7.553840266231193,1.5456981017654658,-0.08881259533597091,4.0030189691661935,1784381612.8956912,None,None,None, None, 1784381612.8596337,0.906280208106479,apf_waypoint,none,0.0,nan,nan,3.2626488773993474,19.702408403395143,nan,nan,nan,WEBOTS_UNKNOWN,ekf_on_cluster_on,1,1
1784381613.2138011,113.4795560836792,-200.0,-200.0,0.2,4.472704969479905,7.526916350885698,1.5364283954798421,-0.3817144314131484,3.885037624324142,1784381613.204774,7.523120372639308,1.5399311898846164,4.108719727904615, 1784381613.012722, 1784381613.2509909,0.9292889309392354,apf_waypoint,none,0.0,nan,nan,0.6889084903701392,19.93399357495384,nan,nan,nan,WEBOTS_UNKNOWN,ekf_on_cluster_on,1,1
1784381613.5524395,113.81819438934326,-200.0,-200.0,0.2,4.460322030418,7.5196156224319255,1.5069478530475926,-0.09421935349339422,3.8523749462626853,1784381613.5514402,None,None,None, None, 1784381613.4348526,0.9280446098754568,apf_waypoint,none,0.0,nan,nan,0.15233884357773375,19.871912807609657,nan,nan,nan,WEBOTS_UNKNOWN,ekf_on_cluster_on,1,1
1784381613.871115,114.13686990737915,-200.0,-200.0,0.2,4.429819962704332,7.511686470315292,1.475793444236326,-0.31691529424894155,3.755671860875278,1784381613.8565788,None,None,None, None, 1784381613.7413764,0.9528795957515057,apf_waypoint,none,0.0,nan,nan,-0.7573809092799024,19.78470007683254,nan,nan,nan,WEBOTS_UNKNOWN,ekf_on_cluster_on,1,1
1784381614.1057837,114.3715386390686,-200.0,-200.0,0.2,4.333651652570992,7.483298366640967,1.4710158953643282,-0.02709407543585457,3.752124622349371,1784381613.9875019,7.480248060476226,1.475374764072982,3.9773819870721363, 1784381614.039731, 1784381614.054622,1.064349153555654,apf_waypoint,none,0.0,nan,nan,-2.7028612471906768,19.60209766728693,nan,nan,nan,WEBOTS_UNKNOWN,ekf_on_cluster_on,1,1
1784381614.5915186,114.8572735786438,-200.0,-200.0,0.2,4.329965021728815,7.471884830763681,1.4419389751268357,-0.08622946575569852,3.705426383541095,1784381614.5290596,None,None,None, None, 1784381614.5915186,0.9088973940450767,apf_waypoint,none,0.0,nan,nan,-3.0494367266880547,19.486613493168974,nan,nan,nan,WEBOTS_UNKNOWN,ekf_on_cluster_on,1,1
1784381614.9870212,115.25277614593506,-200.0,-200.0,0.2,4.315414354273383,7.459919781658657,1.4115518104690188,-0.20533044844028098,3.6430587695870313,1784381614.9985769,None,None,None, None, 1784381614.9824972,0.943912768066616,apf_waypoint,none,0.0,nan,nan,-3.617406811247298,19.32565227540612,nan,nan,nan,WEBOTS_UNKNOWN,ekf_on_cluster_on,1,1
1784381615.3548281,115.62058305740356,-200.0,-200.0,0.2,4.222754583668879,7.432705552262426,1.4129266489627665,-0.00851038494669421,3.6386443811439757,1784381615.3515084,7.430405837385602,1.4181119408622918,3.8487246134699316, 1784381615.038827, 1784381615.3525083,1.023679697957335,apf_waypoint,none,0.0,nan,nan,-5.381192377011846,18.912770788296697,nan,nan,nan,WEBOTS_UNKNOWN,ekf_on_cluster_on,1,1
1784381615.9215946,116.18734955787659,-200.0,-200.0,0.2,4.222656362772376,7.4184359954277825,1.3855549096524034,-0.09525072372228702,3.592215539642701,1784381615.985364,None,None,None, None, 1784381615.9174314,1.047015122720337,apf_waypoint,none,0.0,nan,nan,-5.628785012742891,18.785505977373827,nan,nan,nan,WEBOTS_UNKNOWN,ekf_on_cluster_on,1,1
1784381616.5094185,116.77517342567444,-200.0,-200.0,0.2,4.107824954155387,7.39266264342464,1.3754257107745966,-0.38062879701502184,3.3948857007231354,1784381616.3573778,7.389639040954996,1.3806380596971066,3.754911948501241, 1784381616.044098, 1784381616.46692,1.0156832766059833,apf_waypoint,none,0.0,nan,nan,-7.831195306362474,17.958460426578473,nan,nan,nan,WEBOTS_UNKNOWN,ekf_on_cluster_on,1,1
1784381617.1913266,117.45708155632019,-200.0,-200.0,0.2,3.997747872031186,7.335948387534931,1.3350261504873102,-0.24269789298102443,3.222904350239662,1784381617.2600174,7.3142560523222935,1.3270454485006336,3.598110785807992, 1784381617.049482, 1784381617.1486576,1.0222885695627635,apf_waypoint,none,0.0,nan,nan,-10.070472615961595,16.723831075431853,nan,nan,nan,WEBOTS_UNKNOWN,ekf_on_cluster_on,1,1
1784381617.6339657,117.89972066879272,-200.0,-200.0,0.2,3.9825232670558854,7.310323589985741,1.305731779344626,-0.11601192429443398,3.1624964459571756,1784381617.5867052,None,None,None, None, 1784381617.6314578,1.0081964651393847,apf_waypoint,none,0.0,nan,nan,-10.546358150873115,16.373813156661505,nan,nan,nan,WEBOTS_UNKNOWN,ekf_on_cluster_on,1,1
1784381617.933026,118.19878101348877,-200.0,-200.0,0.2,3.971159185287349,7.285684881703913,1.2781118366028004,-0.12439971901894371,3.121428294927941,1784381617.9168358,None,None,None, None, 1784381617.8857534,1.0201846676814519,apf_waypoint,none,0.0,nan,nan,-10.938899753985856,16.066951047906088,nan,nan,nan,WEBOTS_UNKNOWN,ekf_on_cluster_on,1,1
1784381618.2155964,118.48135137557983,-200.0,-200.0,0.2,3.862140011930473,7.232603653784978,1.27967354615601,-0.15687446015653872,3.075896482841653,1784381618.2070794,7.2277536731967285,1.2844163872856016,3.4346087255913926, 1784381618.054815, 1784381618.2239387,1.086568012706581,apf_waypoint,none,0.0,nan,nan,-12.614966671011754,14.789545416949785,nan,nan,nan,WEBOTS_UNKNOWN,ekf_on_cluster_on,1,1
1784381618.4283605,118.69411540031433,-200.0,-200.0,0.2,3.8505611978098835,7.205843307667102,1.2560334374396316,-0.14818172717425998,3.057865055868631,1784381618.4511557,None,None,None, None, 1784381618.3871846,0.9275754472358222,apf_waypoint,none,0.0,nan,nan,-12.941871157760113,14.4632316650647,nan,nan,nan,WEBOTS_UNKNOWN,ekf_on_cluster_on,1,1
1784381618.7676892,119.03344416618347,-200.0,-200.0,0.2,3.843049584929707,7.179180197209911,1.2329815092999925,-0.10679647342489854,3.0142351364427338,1784381618.7372973,None,None,None, None, 1784381618.7846553,1.065506915438573,apf_waypoint,none,0.0,nan,nan,-13.201076336015532,14.189803919644671,nan,nan,nan,WEBOTS_UNKNOWN,ekf_on_cluster_on,1,1
1784381619.12779,119.39354491233826,-200.0,-200.0,0.2,3.7330441050820515,7.143161722734126,1.2512050209869896,-0.08494590762083035,2.9847942168073787,1784381619.0838816,7.1416468997574505,1.2578053378548784,3.2818281166792502, 1784381619.055555, 1784381619.0959678,1.0961197827625977,apf_waypoint,none,0.0,nan,nan,-14.578414721456753,12.80233955752851,nan,nan,nan,WEBOTS_UNKNOWN,ekf_on_cluster_on,1,1
1784381619.434407,119.70016193389893,-200.0,-200.0,0.2,3.721216533199263,7.116128180415168,1.2327741421357687,-0.19039173280324875,2.9191075655765353,1784381619.4288895,None,None,None, None, 1784381619.4158192,1.04330008939996,apf_waypoint,none,0.0,nan,nan,-14.831500828738339,12.474797041893305,nan,nan,nan,WEBOTS_UNKNOWN,ekf_on_cluster_on,1,1
1784381619.749567,120.01532196998596,-200.0,-200.0,0.2,3.7159420455308347,7.088168252289779,1.2142982933331945,-0.08886592947864191,2.896155566481847,1784381619.7914038,None,None,None, None, 1784381619.710281,1.082803123583915,apf_waypoint,none,0.0,nan,nan,-14.998972921005112,12.241402719099472,nan,nan,nan,WEBOTS_UNKNOWN,ekf_on_cluster_on,1,1
1784381620.2083275,120.47408246994019,-200.0,-200.0,0.2,3.6042141995224966,7.0650483022863675,1.238767376274789,-0.0749423444929716,2.8596203909385722,1784381620.1746767,7.065900602295583,1.2457098767219554,3.151830583151458, 1784381620.060814, 1784381620.2002964,1.0859306879605588,apf_waypoint,none,0.0,nan,nan,-16.161150756005245,10.707947530909694,nan,nan,nan,WEBOTS_UNKNOWN,ekf_on_cluster_on,1,1
1784381620.5354116,120.80116653442383,-200.0,-200.0,0.2,3.598985855238462,7.037593938582646,1.2248056161419532,-0.13345818962629327,2.8138863687909064,1784381620.517361,None,None,None, None, 1784381620.4699123,1.0197824623336333,apf_waypoint,none,0.0,nan,nan,-16.27985919443616,10.497780488578927,nan,nan,nan,WEBOTS_UNKNOWN,ekf_on_cluster_on,1,1
1784381620.868718,121.13447284698486,-200.0,-200.0,0.2,3.5949306043387224,7.008704638881832,1.210330933361907,-0.10257715460873383,2.77815512834313,1784381620.8656962,None,None,None, None, 1784381620.8747523,1.01022114320612,apf_waypoint,none,0.0,nan,nan,-16.386857924156995,10.301445423323015,nan,nan,nan,WEBOTS_UNKNOWN,ekf_on_cluster_on,1,1
1784381621.1324487,121.3982036113739,-200.0,-200.0,0.2,3.4606203538831304,6.973495994765691,1.2376305496736315,-0.23728842550122103,2.7152153995044372,1784381621.1309419,6.9726292597671975,1.2443781005100256,2.9936892542984577, 1784381621.065786, 1784381621.1211617,1.090086999478105,apf_waypoint,none,0.0,nan,nan,-17.533000555540312,8.268208045981146,nan,nan,nan,WEBOTS_UNKNOWN,ekf_on_cluster_on,1,1
1784381621.5595598,121.82531476020813,-200.0,-200.0,0.2,3.43318959317572,6.942491227267965,1.2273301312986975,-0.2963790754552608,2.5914525393761236,1784381621.5485249,None,None,None, None, 1784381621.5495238,1.055623507954407,apf_waypoint,none,0.0,nan,nan,-17.783824806093175,7.684806901934095,nan,nan,nan,WEBOTS_UNKNOWN,ekf_on_cluster_on,1,1
1784381621.9058328,122.17158770561218,-200.0,-200.0,0.2,3.3905761399785783,6.910336629366753,1.2177757449875264,-0.3809383023095005,2.461177358914378,1784381621.8905098,None,None,None, None, 1784381621.940657,1.0477367151427592,apf_waypoint,none,0.0,nan,nan,-18.119507026819583,6.826851335239754,nan,nan,nan,WEBOTS_UNKNOWN,ekf_on_cluster_on,1,1
1784381622.1834276,122.44918251037598,-200.0,-200.0,0.2,3.256673163890797,6.877883673070981,1.251568447679935,-0.17823907214397294,2.4202625579420514,1784381622.202652,6.8779978449694665,1.2582811266655034,2.831527381430762, 1784381622.067739, 1784381622.1636958,0.9142906044000199,apf_waypoint,none,0.0,nan,nan,-18.828424047916876,4.67564490757936,nan,nan,nan,WEBOTS_UNKNOWN,ekf_on_cluster_on,1,1
1784381622.685557,122.95131182670593,-200.0,-200.0,0.2,3.2426238085369365,6.844566472819826,1.2478720645100858,-0.09546748796634821,2.376012191500984,1784381622.7485046,None,None,None, None, 1784381622.7449806,1.0926599071246161,apf_waypoint,none,0.0,nan,nan,-18.896513900429962,4.372029815864233,nan,nan,nan,WEBOTS_UNKNOWN,ekf_on_cluster_on,1,1
1784381623.1356037,123.40135860443115,-200.0,-200.0,0.2,3.144260355507382,6.8128664232036265,1.269949480548562,-0.09546748796634821,2.376012191500984,1784381623.16019,6.8134616415135465,1.2771124921797252,2.717612013794227, 1784381623.079866, 1784381623.0567684,1.0481649176938386,apf_waypoint,none,0.0,nan,nan,-19.232382563823144,2.7103109936425613,nan,nan,nan,WEBOTS_UNKNOWN,ekf_on_cluster_on,1,1
1784381623.5756662,123.84142112731934,-200.0,-200.0,0.2,3.1193372160340833,6.778889149311887,1.269576117544508,-0.2057437800452648,2.172820155782777,1784381623.5711699,None,None,None, None, 1784381623.5443497,1.0439790357330283,apf_waypoint,none,0.0,nan,nan,-19.293926885367124,2.2238944894073396,nan,nan,nan,WEBOTS_UNKNOWN,ekf_on_cluster_on,1,1
1784381624.0727282,124.33848309516907,-200.0,-200.0,0.2,3.10275640320789,6.74457310925776,1.2702704155282056,-0.13362952306074916,2.1157404628278904,1784381624.1093886,None,None,None, None, 1784381624.1093886,1.0176351390440423,apf_waypoint,none,0.0,nan,nan,-19.3283431314464,1.9078939806536284,nan,nan,nan,WEBOTS_UNKNOWN,ekf_on_cluster_on,1,1
1784381624.8501685,125.1159234046936,-200.0,-200.0,0.2,2.9994250037312753,6.744517937395937,1.2993666935238815,-0.04445334892768594,2.0788761093043466,1784381624.8276005,6.750063389682778,1.3038547099741455,2.6010162816245277, 1784381624.097841, 1784381624.8346167,1.091156403931488,apf_waypoint,none,0.0,nan,nan,-19.460243821089303,0.18743420432406532,nan,nan,nan,WEBOTS_UNKNOWN,ekf_on_cluster_on,1,1
1784381625.3461514,125.61190629005432,-200.0,-200.0,0.2,2.8853127821115683,6.710130573253131,1.3186559679089536,-0.38127423553470274,1.9195411191805014,1784381625.348368,6.707674437822122,1.3269207085691654,2.5192652489045297, 1784381625.108429, 1784381625.310892,1.0548102185518722,apf_waypoint,none,0.0,nan,nan,-19.400780244681282,-1.8488365827304287,nan,nan,nan,WEBOTS_UNKNOWN,ekf_on_cluster_on,1,1
1784381625.755591,126.02134585380554,-200.0,-200.0,0.2,2.8726538982510514,6.6776481035560185,1.3273178884329577,-0.08388238123353507,1.880626335115316,1784381625.7094226,None,None,None, None, 1784381625.749077,0.9466757058487046,apf_waypoint,none,0.0,nan,nan,-19.396988356259246,-2.0149746394853087,nan,nan,nan,WEBOTS_UNKNOWN,ekf_on_cluster_on,1,1
1784381626.3690212,126.63477611541748,-200.0,-200.0,0.2,2.790773625356566,6.653723986797098,1.3554717982155708,-0.03657396755669687,1.8565021977228542,1784381626.3690212,6.6564593754138235,1.3613222467238748,2.4147311386541332, 1784381626.130863, 1784381626.3218417,0.9198043319502108,apf_waypoint,none,0.0,nan,nan,-19.258874403209326,-3.336712408027729,nan,nan,nan,WEBOTS_UNKNOWN,ekf_on_cluster_on,1,1
1784381626.9988816,127.26463651657104,-200.0,-200.0,0.2,2.793816790699969,6.62165259627761,1.3669446549859734,-0.04448712577498408,1.8320194951270266,1784381627.0285215,None,None,None, None, 1784381626.971274,1.0017810981881576,apf_waypoint,none,0.0,nan,nan,-19.305216303653815,-3.1750827464861957,nan,nan,nan,WEBOTS_UNKNOWN,ekf_on_cluster_on,1,1
1784381627.4550316,127.72078657150269,-200.0,-200.0,0.2,2.7122426155434627,6.613871217163984,1.3876172535669706,-0.11807848814671035,1.7688853021112856,1784381627.4540334,6.620855160985084,1.3902684079604564,2.3370006442340365, 1784381627.131681, 1784381627.4155686,0.9397853071981914,apf_waypoint,none,0.0,nan,nan,-19.064309478125413,-4.5534356604874375,nan,nan,nan,WEBOTS_UNKNOWN,ekf_on_cluster_on,1,1
1784381627.937093,128.20284795761108,-200.0,-200.0,0.2,2.7144412012158345,6.585140502677158,1.4004896003824119,-0.062057038256353586,1.7445668020379672,1784381627.947643,None,None,None, None, 1784381627.9355857,0.9921205477787902,apf_waypoint,none,0.0,nan,nan,-19.12405117325111,-4.39917330021844,nan,nan,nan,WEBOTS_UNKNOWN,ekf_on_cluster_on,1,1
1784381628.3093393,128.57509422302246,-200.0,-200.0,0.2,2.60868900510197,6.563310809817511,1.4386400823256045,-0.2967703183470259,1.6179773971003353,1784381628.2724636,6.565633424426552,1.445758355078647,2.2043227269457297, 1784381628.133734, 1784381628.3058107,0.905181556236515,apf_waypoint,none,0.0,nan,nan,-18.737463284460688,-6.0719880617416315,nan,nan,nan,WEBOTS_UNKNOWN,ekf_on_cluster_on,1,1
1784381628.6311538,128.8969087600708,-200.0,-200.0,0.2,2.590921775971933,6.533599067511752,1.4561370951671933,-0.1881485709663411,1.5504903369154421,1784381628.6311538,None,None,None, None, 1784381628.6256397,1.0868960492182247,apf_waypoint,none,0.0,nan,nan,-18.71256529318936,-6.260316568434632,nan,nan,nan,WEBOTS_UNKNOWN,ekf_on_cluster_on,1,1
1784381628.942441,129.2081959247589,-200.0,-200.0,0.2,2.57724546513715,6.504104855056551,1.4742043343578715,-0.1401288021470466,1.5148985972564903,1784381628.8851469,None,None,None, None, 1784381628.9188483,1.0508654805278885,apf_waypoint,none,0.0,nan,nan,-18.715834006419204,-6.368653882106537,nan,nan,nan,WEBOTS_UNKNOWN,ekf_on_cluster_on,1,1
1784381629.357913,129.62366795539856,-200.0,-200.0,0.2,2.456604434545735,6.506250775878988,1.5150608953499884,-0.2965667856102649,1.3751380179234154,1784381629.3564086,6.51137087097686,1.518703140312305,2.0502019071843236, 1784381629.145857, 1784381629.451764,1.0579699027724556,apf_waypoint,none,0.0,nan,nan,-18.061496342848116,-8.262527496350259,nan,nan,nan,WEBOTS_UNKNOWN,ekf_on_cluster_on,1,1
1784381630.1593037,130.42505860328674,-200.0,-200.0,0.2,2.4469128165220164,6.480609753488505,1.5361387795676427,-0.06670218940499978,1.3238381147773552,1784381630.3149452,None,None,None, None, 1784381630.0873084,0.9931306785383189,apf_waypoint,none,0.0,nan,nan,-18.107763681822675,-8.280300311613699,nan,nan,nan,WEBOTS_UNKNOWN,ekf_on_cluster_on,1,1
1784381630.7580502,131.02380514144897,-200.0,-200.0,0.2,2.3650629301723556,6.485083588691754,1.5506622985028726,-0.03860319431531146,1.301416171652427,1784381630.7063286,6.493680287850849,1.5486873367906993,1.9912339395953875, 1784381630.179882, 1784381630.7871757,1.0800271719162884,apf_waypoint,none,0.0,nan,nan,-17.468293026703694,-9.63012222263991,nan,nan,nan,WEBOTS_UNKNOWN,ekf_on_cluster_on,1,1
1784381631.7054079,131.9711627960205,-200.0,-200.0,0.2,2.3041809854698654,6.476901110079174,1.5680734458617314,-0.010838498194903191,1.2925032409211399,1784381631.8168468,6.484426076272302,1.5661718970491312,1.9577294121610311, 1784381631.199488, 1784381631.706408,1.0794736686941822,apf_waypoint,none,0.0,nan,nan,-16.97348206971839,-10.560508891614486,nan,nan,nan,WEBOTS_UNKNOWN,ekf_on_cluster_on,1,1
1784381632.3547618,132.62051677703857,-200.0,-200.0,0.2,2.25316541260596,6.469264049514124,1.5844970576487314,-0.045999026233907066,1.2597785670863928,1784381632.3727262,6.477108774152806,1.581091731225169,1.9295856089085035, 1784381632.222531, 1784381632.3301456,1.00894524224221,apf_waypoint,none,0.0,nan,nan,-16.534638582468414,-11.310262521239355,nan,nan,nan,WEBOTS_UNKNOWN,ekf_on_cluster_on,1,1
1784381632.86102,133.1267750263214,-200.0,-200.0,0.2,2.2580802565983458,6.450545317697545,1.6069880513809456,-0.07836398539034811,1.223719902076024,1784381632.8328695,None,None,None, None, 1784381632.789691,1.0296491191243973,apf_waypoint,none,0.0,nan,nan,-16.75495956723646,-11.089209362584592,nan,nan,nan,WEBOTS_UNKNOWN,ekf_on_cluster_on,1,1
1784381633.5018406,133.76759552955627,-200.0,-200.0,0.2,2.2022878647776434,6.454379121801819,1.6200128305309738,-0.03508336611816679,1.2034529308805084,1784381633.4105499,6.461688459645379,1.6166617400962604,1.8639167339721558, 1784381633.224212, 1784381633.452765,1.0118848132727385,apf_waypoint,none,0.0,nan,nan,-16.212094720223025,-11.929331362504485,nan,nan,nan,WEBOTS_UNKNOWN,ekf_on_cluster_on,1,1
1784381634.119173,134.38492798805237,-200.0,-200.0,0.2,2.208505036800693,6.437258708255403,1.642833777746484,-0.06257864897675147,1.1602146064918144,1784381634.1014936,None,None,None, None, 1784381634.0525212,0.9791174742660667,apf_waypoint,none,0.0,nan,nan,-16.460012092914972,-11.694907793822754,nan,nan,nan,WEBOTS_UNKNOWN,ekf_on_cluster_on,1,1
1784381634.5425549,134.8083097934723,-200.0,-200.0,0.2,2.14304957650663,6.440655277272932,1.660447198885532,-0.08718305054724147,1.1217615405136172,1784381634.5425549,6.446967512011894,1.6584492377913882,1.788866590163673, 1784381634.225602, 1784381634.541552,1.0539004700565415,apf_waypoint,none,0.0,nan,nan,-15.802719717131888,-12.650832676487527,nan,nan,nan,WEBOTS_UNKNOWN,ekf_on_cluster_on,1,1
1784381634.8744626,135.14021754264832,-200.0,-200.0,0.2,2.145829481677554,6.42447454528587,1.6850002915590316,-0.07854246600716765,1.0966387428008901,1784381634.8624175,None,None,None, None, 1784381634.8654273,1.067078097287393,apf_waypoint,none,0.0,nan,nan,-16.033642637895685,-12.475097052862338,nan,nan,nan,WEBOTS_UNKNOWN,ekf_on_cluster_on,1,1
1784381635.3355167,135.6012716293335,-200.0,-200.0,0.2,2.067641607039519,6.424226224605495,1.7275555581793922,-0.0821742159201927,1.0587526704458279,1784381635.3234632,6.429154255066575,1.7322460263507433,1.6602091988641368, 1784381635.225432, 1784381635.3460593,0.9131524092329644,apf_waypoint,none,0.0,nan,nan,-15.370202135158156,-13.485318265105551,nan,nan,nan,WEBOTS_UNKNOWN,ekf_on_cluster_on,1,1
1784381635.8269908,136.09274578094482,-200.0,-200.0,0.2,2.0696448077622245,6.407832641914873,1.757104806248957,-0.07853368807880089,1.0193270478164853,1784381635.825485,None,None,None, None, 1784381635.8395362,0.9634755025946935,apf_waypoint,none,0.0,nan,nan,-15.64399827819419,-13.313892181335357,nan,nan,nan,WEBOTS_UNKNOWN,ekf_on_cluster_on,1,1
1784381636.6479683,136.91372323036194,-200.0,-200.0,0.2,1.9856512391125674,6.415258069888139,1.7877285487353836,-0.09898616347751174,0.9396065285909349,1784381636.6308553,6.422154999435955,1.7879721373317352,1.5650563356142264, 1784381636.228127, 1784381636.7213137,0.9632671284558932,apf_waypoint,none,0.0,nan,nan,-14.742979863727951,-14.453200150525461,nan,nan,nan,WEBOTS_UNKNOWN,ekf_on_cluster_on,1,1
1784381637.1555457,137.42130064964294,-200.0,-200.0,0.2,1.9869473397644797,6.401713955710119,1.8177673445556843,-0.07633770975241466,0.9003187357317228,1784381637.145513,None,None,None, None, 1784381637.1274323,1.007209900627606,apf_waypoint,none,0.0,nan,nan,-15.023562387766013,-14.311845722248876,nan,nan,nan,WEBOTS_UNKNOWN,ekf_on_cluster_on,1,1
1784381637.6285188,137.89427375793457,-200.0,-200.0,0.2,1.8974869885123615,6.413471850155161,1.8542824080113272,-0.08883646372642408,0.8690516471510894,1784381637.6546333,6.420812249234525,1.8559764619983203,1.4498007545610374, 1784381637.25011, 1784381637.616459,0.9790702651119269,apf_waypoint,none,0.0,nan,nan,-14.020415306348424,-15.474588811172143,nan,nan,nan,WEBOTS_UNKNOWN,ekf_on_cluster_on,1,1
1784381638.3384733,138.60422825813293,-200.0,-200.0,0.2,1.8209332572856067,6.4164067020671425,1.896058000849663,-0.03176460043178986,0.8473297416358302,1784381638.3384733,6.4243305800285855,1.901727545961933,1.3720702467290016, 1784381638.273663, 1784381638.2912261,0.9513243143222397,apf_waypoint,none,0.0,nan,nan,-13.187093488670595,-16.391807805183845,nan,nan,nan,WEBOTS_UNKNOWN,ekf_on_cluster_on,1,1
1784381638.9045644,139.17031931877136,-200.0,-200.0,0.2,1.8423463665417583,6.407335198519075,1.9300432260279654,-0.03176460043178986,0.8473297416358302,1784381638.9055648,None,None,None, None, 1784381638.985963,0.9386079451637936,apf_waypoint,none,0.0,nan,nan,-13.848627511539863,-16.010352713205762,nan,nan,nan,WEBOTS_UNKNOWN,ekf_on_cluster_on,1,1
1784381639.5371063,139.80286121368408,-200.0,-200.0,0.2,1.751407990563992,6.4233228982649475,1.950275380322722,-0.06477146878225384,0.8343754478793795,1784381639.5355973,6.431239430895303,1.946290582058689,1.2956799206428542, 1784381639.281603, 1784381639.5345995,1.000894923702275,apf_waypoint,none,0.0,nan,nan,-12.533407967214185,-17.160661942500383,nan,nan,nan,WEBOTS_UNKNOWN,ekf_on_cluster_on,1,1
1784381640.1499414,140.41569638252258,-200.0,-200.0,0.2,1.7555497970158183,6.417246690481484,1.9814732778208246,-0.03655589661879243,0.8120459983248123,1784381640.1464276,None,None,None, None, 1784381640.1464276,1.003089850517676,apf_waypoint,none,0.0,nan,nan,-12.899027510686548,-17.045844225689187,nan,nan,nan,WEBOTS_UNKNOWN,ekf_on_cluster_on,1,1
1784381640.6861534,140.95190834999084,-200.0,-200.0,0.2,1.6653965861301383,6.435194250402968,1.9971913656370868,-0.07638542502923111,0.7726204991092139,1784381640.6625667,6.442163163591471,1.9924841540603395,1.2152690519828049, 1784381640.284692, 1784381640.7308955,0.921270199000127,apf_waypoint,none,0.0,nan,nan,-11.467899550557322,-18.11860232059425,nan,nan,nan,WEBOTS_UNKNOWN,ekf_on_cluster_on,1,1
1784381641.2585552,141.5243101119995,-200.0,-200.0,0.2,1.665726663715352,6.431992715204906,2.02753059332942,-0.08879997086817615,0.7201495751607782,1784381641.2534556,None,None,None, None, 1784381641.2181852,0.9771919928854707,apf_waypoint,none,0.0,nan,nan,-11.765303913472103,-18.07923971813362,nan,nan,nan,WEBOTS_UNKNOWN,ekf_on_cluster_on,1,1
1784381641.8400695,142.10582447052002,-200.0,-200.0,0.2,1.5726200190619959,6.4572120326641915,2.0596837449839964,-0.04668826382598465,0.6929021576184112,1784381641.8370588,6.4654111289043525,2.0597579205944387,1.094652751325862, 1784381641.293774, 1784381641.8837426,1.086876850284758,apf_waypoint,none,0.0,nan,nan,-10.352140243155963,-19.084740460487872,nan,nan,nan,WEBOTS_UNKNOWN,ekf_on_cluster_on,1,1
1784381642.581715,142.84747004508972,-200.0,-200.0,0.2,1.481679537033277,6.47185259286915,2.0928937875320517,-0.17800205321154666,0.5626737253228238,1784381642.5686707,6.480380008870684,2.092933099229414,1.0330044211888199, 1784381642.333206, 1784381642.568149,1.0806341249158353,apf_waypoint,none,0.0,nan,nan,-8.902038547717593,-19.96535090979117,nan,nan,nan,WEBOTS_UNKNOWN,ekf_on_cluster_on,1,1
1784381643.2515867,143.51734161376953,-200.0,-200.0,0.2,1.4843731607200827,6.4746980046600395,2.126933911141248,-0.032796137642951105,0.5448285243005989,1784381643.3125572,None,None,None, None, 1784381643.3155668,1.0060510058526455,apf_waypoint,none,0.0,nan,nan,-9.286453678195617,-19.96005107853475,nan,nan,nan,WEBOTS_UNKNOWN,ekf_on_cluster_on,1,1
1784381643.698831,143.964586019516,-200.0,-200.0,0.2,1.397173070832958,6.491476751503626,2.1314299140582356,-0.15702348491328377,0.4535164018895891,1784381643.6943147,6.495809025494289,2.122366144984654,0.9767168162887625, 1784381643.338224, 1784381643.6815915,0.9708453677609811,apf_waypoint,none,0.0,nan,nan,-7.560983774479027,-20.69941537548595,nan,nan,nan,WEBOTS_UNKNOWN,ekf_on_cluster_on,1,1
1784381644.2813075,144.54706239700317,-200.0,-200.0,0.2,1.3658784080950024,6.496445971656536,2.160843561665455,-0.38161076791837395,0.23527169863828626,1784381644.2662187,None,None,None, None, 1784381644.2793078,1.0151174655095638,apf_waypoint,none,0.0,nan,nan,-7.192291747349529,-20.9754919259229,nan,nan,nan,WEBOTS_UNKNOWN,ekf_on_cluster_on,1,1
1784381644.8472722,145.11302709579468,-200.0,-200.0,0.2,1.2773404556834664,6.524105241117043,2.17992023165677,-0.04870909105014247,0.2071892034874613,1784381644.8427536,6.530124886267776,2.1764680081790395,0.8681621522635998, 1784381644.345448, 1784381644.8792763,1.0533110426219012,apf_waypoint,none,0.0,nan,nan,-5.496688119012266,-21.578614325835872,nan,nan,nan,WEBOTS_UNKNOWN,ekf_on_cluster_on,1,1
1784381645.2501101,145.51586508750916,-200.0,-200.0,0.2,1.2603380663906816,6.533299205805369,2.2107121288496066,-0.20570615643389592,0.13581080959604863,1784381645.2706807,None,None,None, None, 1784381645.2455957,1.0462955735838262,apf_waypoint,none,0.0,nan,nan,-5.419383383921776,-21.75161407412482,nan,nan,nan,WEBOTS_UNKNOWN,ekf_on_cluster_on,1,1
1784381645.652573,145.9183280467987,-200.0,-200.0,0.2,1.130573919212513,6.5670251926775824,2.2332554510252125,-0.5341752673019863,6.20954530653329,1784381645.581847,6.573805682832477,2.2306511226138994,0.7502262250628027, 1784381645.349168, 1784381645.6500642,1.040001745030018,apf_waypoint,none,0.0,nan,nan,-2.770626547163057,-22.35993910703864,nan,nan,nan,WEBOTS_UNKNOWN,ekf_on_cluster_on,1,1
1784381646.0630713,146.32882618904114,-200.0,-200.0,0.2,1.1104902681634394,6.582014291805695,2.264005346118748,-0.06668556379391097,6.179595658030625,1784381646.0309644,None,None,None, None, 1784381646.0952208,0.9577762599913072,apf_waypoint,none,0.0,nan,nan,-2.59777500736989,-22.536228152094235,nan,nan,nan,WEBOTS_UNKNOWN,ekf_on_cluster_on,1,1
1784381646.4640243,146.72977924346924,-200.0,-200.0,0.2,1.0240416391192035,6.622862522294538,2.2871765664520964,-0.036691184350131294,6.16940397244085,1784381646.491522,6.630170838701395,2.2849792334184533,0.617548312193689, 1784381646.356453, 1784381646.4247117,0.9328672335696581,apf_waypoint,none,0.0,nan,nan,-0.8514502485588809,-22.79210726114775,nan,nan,nan,WEBOTS_UNKNOWN,ekf_on_cluster_on,1,1
1784381647.0608811,147.3266360759735,-200.0,-200.0,0.2,1.0340483207901217,6.641189267263728,2.317629136016741,-0.036691184350131294,6.16940397244085,1784381647.0881577,None,None,None, None, 1784381647.1153924,1.0706365674976723,apf_waypoint,none,0.0,nan,nan,-1.3451562038276679,-22.927143158848526,nan,nan,nan,WEBOTS_UNKNOWN,ekf_on_cluster_on,1,1
1784381647.6191397,147.8848946094513,-200.0,-200.0,0.2,0.9533073480485941,6.660685657808691,2.318029486881225,-0.01694503623367469,6.1660149651941145,1784381647.6624868,6.661248294649374,2.3094568472502246,0.550539267352609, 1784381647.363029, 1784381647.5929673,0.9107067929930581,apf_waypoint,none,0.0,nan,nan,0.49892010840055434,-22.96616104827817,nan,nan,nan,WEBOTS_UNKNOWN,ekf_on_cluster_on,1,1
1784381648.2934024,148.559157371521,-200.0,-200.0,0.2,0.9424269349880449,6.67842423957177,2.3436463272716503,-0.15617709360517038,6.053899892059346,1784381648.2797165,None,None,None, None, 1784381648.292394,1.0735866804847747,apf_waypoint,none,0.0,nan,nan,0.5361814761421524,-23.101340888279033,nan,nan,nan,WEBOTS_UNKNOWN,ekf_on_cluster_on,1,1
1784381648.7134173,148.97917222976685,-200.0,-200.0,0.2,0.8562707729453242,6.694152097024744,2.340001354211274,-0.11602389939188407,6.008471916293729,1784381648.6712563,6.6932276229941206,2.3313733750139116,0.48487040468235776, 1784381648.367353, 1784381648.710899,1.011005745790181,apf_waypoint,none,0.0,nan,nan,2.5448277513958697,-22.950288650002594,nan,nan,nan,WEBOTS_UNKNOWN,ekf_on_cluster_on,1,1
1784381648.991253,149.25700783729553,-200.0,-200.0,0.2,0.8488982796772754,6.713195716010595,2.3622437557429805,-0.12586206815450685,5.976571885508155,1784381648.9965944,None,None,None, None, 1784381648.9750836,0.9494286780567077,apf_waypoint,none,0.0,nan,nan,2.5402302512256183,-23.071590101736874,nan,nan,nan,WEBOTS_UNKNOWN,ekf_on_cluster_on,1,1
1784381649.3576374,149.62339234352112,-200.0,-200.0,0.2,0.822417946182413,6.73380711241712,2.3859686360398227,-0.29591102151199783,5.852911138187722,1784381649.342607,None,None,None, None, 1784381649.377786,0.9385444962508454,apf_waypoint,none,0.0,nan,nan,2.9685536090061273,-23.151192241276448,nan,nan,nan,WEBOTS_UNKNOWN,ekf_on_cluster_on,1,1
1784381650.1387591,150.40451407432556,-200.0,-200.0,0.2,0.7343392458185084,6.757373778174854,2.373008218480237,-0.026470169105419904,5.831730984071254,1784381650.1427588,6.757570494455023,2.3669985836049086,0.3602335868664346, 1784381649.36976, 1784381650.1282127,1.0793388209464903,apf_waypoint,none,0.0,nan,nan,5.074705620526211,-22.715444305823393,nan,nan,nan,WEBOTS_UNKNOWN,ekf_on_cluster_on,1,1
1784381650.7543538,151.02010869979858,-200.0,-200.0,0.2,0.6595968937218805,6.787385737779415,2.3858989043357384,-0.07546451951379332,5.796733278238637,1784381650.810336,6.791647836916138,2.3818846593937435,0.2972450889312803, 1784381650.407485, 1784381650.8535035,1.0373829418307177,apf_waypoint,none,0.0,nan,nan,6.667538018347585,-22.37713748556517,nan,nan,nan,WEBOTS_UNKNOWN,ekf_on_cluster_on,1,1
1784381651.49846,151.7642149925232,-200.0,-200.0,0.2,0.595026893646733,6.819417291238078,2.39835816832185,-0.0702983407479261,5.738269460716441,1784381651.5985262,6.823590010454329,2.3936002952432687,0.239617314914514, 1784381651.409233, 1784381651.4929373,1.0608584929252958,apf_waypoint,none,0.0,nan,nan,8.016907458739208,-22.00719020029014,nan,nan,nan,WEBOTS_UNKNOWN,ekf_on_cluster_on,1,1
1784381652.3224247,152.58817958831787,-200.0,-200.0,0.2,0.595475610169156,6.847114405968016,2.4174608050408075,-0.0917749772634963,5.663520374222502,1784381652.2526577,None,None,None, None, 1784381652.2782404,0.9363070506060776,apf_waypoint,none,0.0,nan,nan,7.888771607911443,-22.16877966670679,nan,nan,nan,WEBOTS_UNKNOWN,ekf_on_cluster_on,1,1
1784381652.9255588,153.1913137435913,-200.0,-200.0,0.2,0.5278993570925791,6.868800872821115,2.413389862029259,-0.07007486705214173,5.618409381170411,1784381653.020151,6.866872273311808,2.4062589732309365,0.16322701066481926, 1784381652.440572, 1784381652.9436626,1.0690784901841663,apf_waypoint,none,0.0,nan,nan,9.383533902393731,-21.558589660721417,nan,nan,nan,WEBOTS_UNKNOWN,ekf_on_cluster_on,1,1
1784381653.650101,153.915855884552,-200.0,-200.0,0.2,0.4529721978889509,6.912985574753514,2.4217896537364036,-0.16698231005251746,5.5031997788865,1784381653.5863628,6.922712858161796,2.4174674719718223,0.06673399578155959, 1784381653.451101, 1784381653.6240087,0.9563978366637983,apf_waypoint,none,0.0,nan,nan,10.92168589325332,-20.882420991761634,nan,nan,nan,WEBOTS_UNKNOWN,ekf_on_cluster_on,1,1
1784381654.215903,154.48165798187256,-200.0,-200.0,0.2,0.4500796570991252,6.944322249811826,2.4372651018720117,-0.09186797012622962,5.446313906020639,1784381654.2055762,None,None,None, None, 1784381654.2374341,1.014932136471923,apf_waypoint,none,0.0,nan,nan,10.903087916889412,-20.994668096295527,nan,nan,nan,WEBOTS_UNKNOWN,ekf_on_cluster_on,1,1
1784381654.8909876,155.15674257278442,-200.0,-200.0,0.2,0.37265164550078,6.993001418072243,2.430682607954942,-0.04520479212090693,5.415942141089988,1784381654.8774467,6.998351699857825,2.423951587297588,6.221261950659763, 1784381654.451881, 1784381654.932698,1.0229360928455296,apf_waypoint,none,0.0,nan,nan,12.509789972770431,-20.046603715484274,nan,nan,nan,WEBOTS_UNKNOWN,ekf_on_cluster_on,1,1
1784381655.4128258,155.6785807609558,-200.0,-200.0,0.2,0.3742826013384487,7.026364660897802,2.4440912610193415,-0.080919089930218,5.373228601394233,1784381655.4053016,None,None,None, None, 1784381655.464978,0.9517966111760043,apf_waypoint,none,0.0,nan,nan,12.416547269467198,-20.199145808701232,nan,nan,nan,WEBOTS_UNKNOWN,ekf_on_cluster_on,1,1
1784381655.8648677,156.13062262535095,-200.0,-200.0,0.2,0.2913088097557935,7.049383049854773,2.43065253785192,-0.0936604493456664,5.330278929782609,1784381655.8638694,7.046600646842615,2.4230015105168614,6.139510924687453, 1784381655.469018, 1784381655.8158817,0.9049790827343422,apf_waypoint,none,0.0,nan,nan,14.086697036522983,-18.984663492765105,nan,nan,nan,WEBOTS_UNKNOWN,ekf_on_cluster_on,1,1
1784381656.5495086,156.81526350975037,-200.0,-200.0,0.2,0.21450331551996013,7.095419608601511,2.425202674412008,-0.0513457337531423,5.305111195345617,1784381656.602556,7.103999713034223,2.4166921913436403,6.041677729075168, 1784381656.477162, 1784381656.6161184,1.0059084358016934,apf_waypoint,none,0.0,nan,nan,15.508003667084907,-17.814061416757873,nan,nan,nan,WEBOTS_UNKNOWN,ekf_on_cluster_on,1,1
1784381657.0485835,157.31433844566345,-200.0,-200.0,0.2,0.2129423392772637,7.129850761200432,2.433060379925006,-0.12148006582541847,5.223509240871288,1784381657.0257628,None,None,None, None, 1784381657.0704875,0.9238898357047569,apf_waypoint,none,0.0,nan,nan,15.510605734754147,-17.878214966972227,nan,nan,nan,WEBOTS_UNKNOWN,ekf_on_cluster_on,1,1
1784381657.5701091,157.83586406707764,-200.0,-200.0,0.2,0.11695302573525426,7.172404062968398,2.4101797830846112,-0.14843215388429096,5.145619822859675,1784381657.5505104,7.175002530108398,2.4008111790770355,5.918381097242125, 1784381657.487084, 1784381657.6027515,0.9299239361143191,apf_waypoint,none,0.0,nan,nan,17.18322585068191,-16.104451123347467,nan,nan,nan,WEBOTS_UNKNOWN,ekf_on_cluster_on,1,1
1784381658.2344673,158.50022220611572,-200.0,-200.0,0.2,0.1191467918519736,7.207607942073873,2.4145205611470657,-0.03650721705945338,5.126330281798595,1784381658.3155215,None,None,None, None, 1784381658.3155215,1.0733825366365726,apf_waypoint,none,0.0,nan,nan,17.13648091612548,-16.198861556788238,nan,nan,nan,WEBOTS_UNKNOWN,ekf_on_cluster_on,1,1
1784381658.8352542,159.1010091304779,-200.0,-200.0,0.2,0.028259668525053135,7.22151896591585,2.394478410393535,-0.11132044353063938,5.042808816719523,1784381658.8291662,7.215585164656893,2.3874579918006646,5.846011333792237, 1784381658.498142, 1784381658.803551,0.913425786439426,apf_waypoint,none,0.0,nan,nan,18.548859174262645,-14.385314199047055,nan,nan,nan,WEBOTS_UNKNOWN,ekf_on_cluster_on,1,1
1784381659.3063304,159.5720853805542,-200.0,-200.0,0.2,0.029093556547519772,7.252875889659792,2.3956131889781744,-0.07213415141634441,5.009909910232588,1784381659.2852457,None,None,None, None, 1784381659.2917619,1.0995813079036294,apf_waypoint,none,0.0,nan,nan,18.53326852848901,-14.42519992502059,nan,nan,nan,WEBOTS_UNKNOWN,ekf_on_cluster_on,1,1
1784381659.8171964,160.08295130729675,-200.0,-200.0,0.2,-0.06839566251103465,7.2817863958571865,2.367288106426265,-0.10857882860350705,4.961512010739704,1784381659.9346905,7.280738811693818,2.358800883909936,5.725395058679241, 1784381659.505787, 1784381659.7835722,0.9413167259025805,apf_waypoint,none,0.0,nan,nan,19.84086725349515,-12.285285004640931,nan,nan,nan,WEBOTS_UNKNOWN,ekf_on_cluster_on,1,1
1784381660.4784186,160.74417352676392,-200.0,-200.0,0.2,6.217284889423772,7.314877695121315,2.365281002949342,-0.05450101815250487,4.924891839220701,1784381660.4029026,None,None,None, None, 1784381660.4348836,1.0448685183601396,apf_waypoint,none,0.0,nan,nan,19.808134747592458,-12.3290393341633,nan,nan,nan,WEBOTS_UNKNOWN,ekf_on_cluster_on,1,1
1784381661.1146555,161.38041043281555,-200.0,-200.0,0.2,6.12572831836206,7.322677275163599,2.3448669838728615,-0.0860802453446037,4.8692528134516975,1784381661.1499615,7.31529923725316,2.339551498666415,5.658386015282952, 1784381660.505574, 1784381661.069866,1.0486605791779564,apf_waypoint,none,0.0,nan,nan,20.829184971673605,-10.268892703464278,nan,nan,nan,WEBOTS_UNKNOWN,ekf_on_cluster_on,1,1
1784381661.4489322,161.71468710899353,-200.0,-200.0,0.2,6.126475161324351,7.35269813695694,2.3403812788392235,-0.08585935655528536,4.836058172238658,1784381661.4358814,None,None,None, None, 1784381661.4499342,1.0203260860584846,apf_waypoint,none,0.0,nan,nan,20.816227666274003,-10.253103435355099,nan,nan,nan,WEBOTS_UNKNOWN,ekf_on_cluster_on,1,1
1784381661.917026,162.18278098106384,-200.0,-200.0,0.2,6.0328596061657285,7.375293827670788,2.3081121839624736,-0.04426815676568299,4.821639904952089,1784381661.939153,7.372714758519321,2.300216021090523,5.540450095696534, 1784381661.511035, 1784381661.8656585,0.9055788629142002,apf_waypoint,none,0.0,nan,nan,21.618125826930665,-7.958685895781313,nan,nan,nan,WEBOTS_UNKNOWN,ekf_on_cluster_on,1,1
1784381662.611257,162.87701201438904,-200.0,-200.0,0.2,5.947613974050195,7.405697608310831,2.2831063007799997,-0.0834267321495675,4.766658373438076,1784381662.5981927,7.404917189296763,2.2733587454529016,5.469420505688541, 1784381662.527398, 1784381662.6949167,0.9177694208177999,apf_waypoint,none,0.0,nan,nan,22.147387781826872,-5.864011138190602,nan,nan,nan,WEBOTS_UNKNOWN,ekf_on_cluster_on,1,1
1784381663.2556252,163.52138018608093,-200.0,-200.0,0.2,5.953008499660648,7.438239438637562,2.2720990956210727,-0.04521825507046108,4.737520468334536,1784381663.2425764,None,None,None, None, 1784381663.2556252,0.9787355727502871,apf_waypoint,none,0.0,nan,nan,22.086452194519858,-5.891849289714168,nan,nan,nan,WEBOTS_UNKNOWN,ekf_on_cluster_on,1,1
1784381663.6489208,163.91467571258545,-200.0,-200.0,0.2,5.854138009469987,7.461846554134699,2.228119841229937,-0.1194358020545967,4.697104801715356,1784381663.6768892,7.459112910746945,2.217965685957368,5.338082769032292, 1784381663.540625, 1784381663.6025655,0.9398250684303054,apf_waypoint,none,0.0,nan,nan,22.396912183231013,-3.2870143210883027,nan,nan,nan,WEBOTS_UNKNOWN,ekf_on_cluster_on,1,1
1784381664.039717,164.30547189712524,-200.0,-200.0,0.2,5.853223221464598,7.493959128166831,2.2137518438338164,-0.09519588627074357,4.654296766567185,1784381664.0306482,None,None,None, None, 1784381663.9865034,0.9542364249945026,apf_waypoint,none,0.0,nan,nan,22.348923002866364,-3.1465647534532266,nan,nan,nan,WEBOTS_UNKNOWN,ekf_on_cluster_on,1,1
1784381664.625767,164.89152193069458,-200.0,-200.0,0.2,5.751360458691953,7.508017968089198,2.1687295722148945,-0.062097488895976036,4.620200076610475,1784381664.5797315,7.502979640535237,2.1599198712868724,5.214786113487988, 1784381664.541063, 1784381664.568689,1.0320898791562736,apf_waypoint,none,0.0,nan,nan,22.342636915171518,-0.4669182692072775,nan,nan,nan,WEBOTS_UNKNOWN,ekf_on_cluster_on,1,1
1784381665.1639059,165.42966079711914,-200.0,-200.0,0.2,5.753716495358801,7.537997617324275,2.1514600819290024,-0.07031418468356326,4.5857266789636775,1784381665.070008,None,None,None, None, 1784381665.2390447,0.9146127567495936,apf_waypoint,none,0.0,nan,nan,22.26442189924751,-0.37825890183609445,nan,nan,nan,WEBOTS_UNKNOWN,ekf_on_cluster_on,1,1
1784381665.9345737,166.20032858848572,-200.0,-200.0,0.2,5.642883363120495,7.533550169172698,2.128061434805506,-0.22155716858669433,4.429368942923887,1784381665.9466662,7.523724442273261,2.1262358239061587,5.147777059748773, 1784381665.544864, 1784381665.8858075,0.9434818958216691,apf_waypoint,none,0.0,nan,nan,22.036315125934998,2.2809522706088794,nan,nan,nan,WEBOTS_UNKNOWN,ekf_on_cluster_on,1,1
1784381666.3954923,166.66124725341797,-200.0,-200.0,0.2,5.633362798814071,7.558223728215143,2.1098184931746675,-0.13348674949420458,4.356387344924045,1784381666.3224628,None,None,None, None, 1784381666.3693774,1.0014237086779554,apf_waypoint,none,0.0,nan,nan,21.913186330760283,2.6317903770367703,nan,nan,nan,WEBOTS_UNKNOWN,ekf_on_cluster_on,1,1
1784381667.0679727,167.3337275981903,-200.0,-200.0,0.2,5.527221276004179,7.56302455271497,2.065245562654738,-0.09216020028364691,4.3008365918762665,1784381667.0728624,7.557030138554589,2.0580155283930934,5.019119673433943, 1784381666.557554, 1784381667.028805,0.9141378730815175,apf_waypoint,none,0.0,nan,nan,21.2179776790345,5.272799448506221,nan,nan,nan,WEBOTS_UNKNOWN,ekf_on_cluster_on,1,1
1784381667.7424674,168.00822234153748,-200.0,-200.0,0.2,5.430290451828958,7.5805233865855035,2.017142840465771,-0.09698119703944758,4.231070337231601,1784381667.644605,7.57656488987087,2.002836191719984,4.919946269151847, 1784381667.563762, 1784381667.7099957,0.908684101991883,apf_waypoint,none,0.0,nan,nan,20.260407408442198,7.626531874974102,nan,nan,nan,WEBOTS_UNKNOWN,ekf_on_cluster_on,1,1
1784381668.025845,168.29159998893738,-200.0,-200.0,0.2,5.423123093210317,7.604607258958182,1.989917292645991,-0.14263562116610387,4.193383629602783,1784381668.0413902,None,None,None, None, 1784381667.9947484,1.0269949317526261,apf_waypoint,none,0.0,nan,nan,20.00990204993891,7.950515712165819,nan,nan,nan,WEBOTS_UNKNOWN,ekf_on_cluster_on,1,1
1784381668.5957365,168.86149144172668,-200.0,-200.0,0.2,5.314072970177319,7.601525947856028,1.9374925408682113,-0.15720794382362904,4.08941632801104,1784381668.5701578,7.593473184767939,1.929637106067574,4.792629058864389, 1784381668.569151, 1784381668.5500107,1.0571882333145826,apf_waypoint,none,0.0,nan,nan,18.600996792649656,10.393877279164133,nan,nan,nan,WEBOTS_UNKNOWN,ekf_on_cluster_on,1,1
1784381669.1043599,169.3701148033142,-200.0,-200.0,0.2,5.313170737056821,7.621949048608081,1.907990103891446,-0.04854000941770627,4.068787208226805,1784381669.1265583,None,None,None, None, 1784381669.0933144,1.071806856436153,apf_waypoint,none,0.0,nan,nan,18.35733581636444,10.58158889393039,nan,nan,nan,WEBOTS_UNKNOWN,ekf_on_cluster_on,1,1
1784381669.5364869,169.80224180221558,-200.0,-200.0,0.2,5.3112206801832915,7.642031667946135,1.8792047102700324,-0.09437121858491469,4.020688869944481,1784381669.5048215,None,None,None, None, 1784381669.5673602,0.9176279712893695,apf_waypoint,none,0.0,nan,nan,18.107314338399913,10.783770559648609,nan,nan,nan,WEBOTS_UNKNOWN,ekf_on_cluster_on,1,1
1784381670.1634758,170.42923069000244,-200.0,-200.0,0.2,5.2160672400332055,7.608739489665475,1.8685721932750392,-0.09437121858491469,4.020688869944481,1784381670.1817138,7.6001180040647425,1.8714803172877081,4.693455652045261, 1784381669.573387, 1784381670.1817138,1.0101059897628464,apf_waypoint,none,0.0,nan,nan,16.900491440473726,12.51570436968749,nan,nan,nan,WEBOTS_UNKNOWN,ekf_on_cluster_on,1,1
1784381670.707126,170.9728808403015,-200.0,-200.0,0.2,5.119277073344138,7.608917071139697,1.838687387593212,-0.05441292543947786,4.009806284856585,1784381670.6860251,7.6013291517668895,1.8358960181078736,4.633147499144785, 1784381670.584464, 1784381670.5579622,0.9383933816937928,apf_waypoint,none,0.0,nan,nan,15.339505943323212,14.217338805421289,nan,nan,nan,WEBOTS_UNKNOWN,ekf_on_cluster_on,1,1
1784381671.4161139,171.6818687915802,-200.0,-200.0,0.2,5.106819789987884,7.6214740673676316,1.8103649670225876,-0.1668782581061721,3.888137178913836,1784381671.4151142,None,None,None, None, 1784381671.3613057,1.0406599910330183,apf_waypoint,none,0.0,nan,nan,14.904466089917054,14.522517989584571,nan,nan,nan,WEBOTS_UNKNOWN,ekf_on_cluster_on,1,1
1784381671.8861215,172.15187644958496,-200.0,-200.0,0.2,5.004207696705681,7.607136908901334,1.7799629287508432,-0.11090535892107645,3.8358999400284777,1784381671.8861215,7.59887514102739,1.779785708397992,4.537994635913791, 1784381671.588852, 1784381671.8680527,0.9918794863965302,apf_waypoint,none,0.0,nan,nan,13.044280031736967,16.070406186125183,nan,nan,nan,WEBOTS_UNKNOWN,ekf_on_cluster_on,1,1
1784381672.355445,172.6211998462677,-200.0,-200.0,0.2,5.001786225859804,7.616558348159638,1.7492466240458429,-0.07417496493875844,3.810852884040808,1784381672.3877585,None,None,None, None, 1784381672.2705514,0.9430382526682484,apf_waypoint,none,0.0,nan,nan,12.713695902065453,16.197015488094216,nan,nan,nan,WEBOTS_UNKNOWN,ekf_on_cluster_on,1,1
1784381673.066339,173.3320939540863,-200.0,-200.0,0.2,4.902733649381209,7.598189148658915,1.7190941802681172,-0.10235864136774239,3.732154872881059,1784381672.9926426,7.59020238863441,1.719500201916135,4.434800686518947, 1784381672.603834, 1784381672.994157,0.9420516057086336,apf_waypoint,none,0.0,nan,nan,10.748559214023244,17.441199160285535,nan,nan,nan,WEBOTS_UNKNOWN,ekf_on_cluster_on,1,1
1784381673.6354532,173.90120816230774,-200.0,-200.0,0.2,4.815552454307188,7.588757120777115,1.67976370051342,-0.09207717047792156,3.67578808099043,1784381673.6048117,7.579804313017235,1.6756199508922527,4.35841036129664, 1784381673.616863, 1784381673.654026,1.0766604860441054,apf_waypoint,none,0.0,nan,nan,8.79410575873576,18.36153481319171,nan,nan,nan,WEBOTS_UNKNOWN,ekf_on_cluster_on,1,1
1784381674.1260033,174.39175820350647,-200.0,-200.0,0.2,4.815916718021795,7.592569945748546,1.6454326771737777,-0.07517287676735064,3.6387788402768075,1784381674.0971334,None,None,None, None, 1784381674.085574,0.9155486335778558,apf_waypoint,none,0.0,nan,nan,8.458703580550637,18.401718420763007,nan,nan,nan,WEBOTS_UNKNOWN,ekf_on_cluster_on,1,1
1784381674.6054018,174.87115669250488,-200.0,-200.0,0.2,4.821152192661561,7.596445663435209,1.6112074719775635,-0.0346784067023032,3.621988217163211,1784381674.5813143,None,None,None, None, 1784381674.6008883,1.0410844951403762,apf_waypoint,none,0.0,nan,nan,8.213906674196679,18.401858362139,nan,nan,nan,WEBOTS_UNKNOWN,ekf_on_cluster_on,1,1
1784381675.1484265,175.41418147087097,-200.0,-200.0,0.2,4.721863106064044,7.564071481607693,1.6062642329368348,-0.09189953396251341,3.5734938458146335,1784381675.1090033,7.557860489497951,1.611239365613644,4.243154785006093, 1784381674.630199, 1784381675.1659296,1.0371951497794818,apf_waypoint,none,0.0,nan,nan,6.292773962443963,19.127576546963397,nan,nan,nan,WEBOTS_UNKNOWN,ekf_on_cluster_on,1,1
1784381675.5963185,175.86207342147827,-200.0,-200.0,0.2,4.727390208269834,7.5646459678740845,1.5762461303522421,-0.04164661442930459,3.558392640742116,1784381675.6606073,None,None,None, None, 1784381675.5918055,1.000231515576691,apf_waypoint,none,0.0,nan,nan,6.096522507631769,19.103145254390377,nan,nan,nan,WEBOTS_UNKNOWN,ekf_on_cluster_on,1,1
1784381676.0958312,176.3615860939026,-200.0,-200.0,0.2,4.632040723768139,7.542259100683462,1.5590175082048638,-0.06636905081808106,3.5198291623094766,1784381676.0526528,7.535716390244151,1.563084948949268,4.153362652150466, 1784381675.631457, 1784381676.051139,1.0486379828771542,apf_waypoint,none,0.0,nan,nan,4.072650224230729,19.586213912976522,nan,nan,nan,WEBOTS_UNKNOWN,ekf_on_cluster_on,1,1
1784381676.5538523,176.81960725784302,-200.0,-200.0,0.2,4.599535231943989,7.540107976997579,1.528181120462909,-0.43942516065873044,3.3205428183052113,1784381676.5061688,None,None,None, None, 1784381676.533782,0.9438949576519627,apf_waypoint,none,0.0,nan,nan,3.124648095768271,19.678992991843323,nan,nan,nan,WEBOTS_UNKNOWN,ekf_on_cluster_on,1,1
1784381676.9656029,177.23135781288147,-200.0,-200.0,0.2,4.491329340130179,7.505151031962979,1.4970134675813507,-0.0761980011770864,3.287988646305932,1784381676.9334002,7.496218937590573,1.4973296982609903,4.023365090607181, 1784381676.648879, 1784381676.9178395,0.9639293108456118,apf_waypoint,none,0.0,nan,nan,0.668069342567128,19.837016762146114,nan,nan,nan,WEBOTS_UNKNOWN,ekf_on_cluster_on,1,1
1784381677.6081276,177.87388253211975,-200.0,-200.0,0.2,4.478819255894311,7.497701941224509,1.4635450942171275,-0.14838123766128306,3.1915199907143337,1784381677.5835407,None,None,None, None, 1784381677.60261,1.0315945487760823,apf_waypoint,none,0.0,nan,nan,0.09012211037429774,19.77107532497828,nan,nan,nan,WEBOTS_UNKNOWN,ekf_on_cluster_on,1,1
1784381678.1009395,178.36669445037842,-200.0,-200.0,0.2,4.37178056296507,7.458116892923694,1.4361137708016978,-0.11599278472520307,3.143124333807139,1784381678.1306193,7.449061593951891,1.437836311522485,3.8947077151485066, 1784381677.662577, 1784381678.1024466,1.0384913766220718,apf_waypoint,none,0.0,nan,nan,-2.289549998264816,19.57775904075156,nan,nan,nan,WEBOTS_UNKNOWN,ekf_on_cluster_on,1,1
1784381678.6568494,178.92260432243347,-200.0,-200.0,0.2,4.370440264033516,7.446501293510314,1.4028935978107706,-0.057437553951866095,3.1067098384964527,1784381678.6347547,None,None,None, None, 1784381678.5309713,0.9095225633592259,apf_waypoint,none,0.0,nan,nan,-2.6331129507466486,19.46679926295481,nan,nan,nan,WEBOTS_UNKNOWN,ekf_on_cluster_on,1,1
1784381679.1389346,179.40468955039978,-200.0,-200.0,0.2,4.2641236505774325,7.411060262130178,1.3880599654017332,-0.15663404936033654,3.046621582008579,1784381679.2058563,7.404193866917821,1.3932173561222079,3.7874932395790766, 1784381678.677551, 1784381679.1879895,1.0910528807496025,apf_waypoint,none,0.0,nan,nan,-4.823284764341327,19.01292859019972,nan,nan,nan,WEBOTS_UNKNOWN,ekf_on_cluster_on,1,1
1784381679.5778232,179.84357810020447,-200.0,-200.0,0.2,4.202421164126257,7.3965571693039,1.3574986297392102,-0.680606129828794,2.6928725710850534,1784381679.5381324,None,None,None, None, 1784381679.541129,1.0994533500704333,apf_waypoint,none,0.0,nan,nan,-6.2573619142821375,18.532273824458702,nan,nan,nan,WEBOTS_UNKNOWN,ekf_on_cluster_on,1,1
1784381680.2579393,180.5236942768097,-200.0,-200.0,0.2,4.093845724566524,7.353708142794421,1.3432968316877199,-0.04524263476801553,2.6606706066473573,1784381680.249894,7.346395396194459,1.3477366197932255,3.662856416180435, 1784381679.69132, 1784381680.3038158,0.9367229840752186,apf_waypoint,none,0.0,nan,nan,-8.349734339399207,17.66124832494508,nan,nan,nan,WEBOTS_UNKNOWN,ekf_on_cluster_on,1,1
1784381680.666671,180.93242597579956,-200.0,-200.0,0.2,4.081940018543772,7.33341862959609,1.314991041770445,-0.08621887576343078,2.62506341456262,1784381680.66288,None,None,None, None, 1784381680.630261,0.9926062402784197,apf_waypoint,none,0.0,nan,nan,-8.791837729390219,17.39485477101794,nan,nan,nan,WEBOTS_UNKNOWN,ekf_on_cluster_on,1,1
1784381681.0305965,181.2963514328003,-200.0,-200.0,0.2,3.9858900905510133,7.291620249834077,1.3055529823866123,-0.07880119668578617,2.59824959650996,1784381681.0031517,7.285495188529452,1.3108938150515665,3.542240139675454, 1784381680.700069, 1784381681.036112,1.0158973544443817,apf_waypoint,none,0.0,nan,nan,-10.493951573166047,16.406878926557507,nan,nan,nan,WEBOTS_UNKNOWN,ekf_on_cluster_on,1,1
1784381681.598102,181.86385703086853,-200.0,-200.0,0.2,3.9839024974798134,7.268708546747012,1.2794759163137062,-0.07824071139622168,2.5555138455048243,1784381681.5493603,None,None,None, None, 1784381681.5825388,1.0499896210070006,apf_waypoint,none,0.0,nan,nan,-10.724197598217735,16.213045313934142,nan,nan,nan,WEBOTS_UNKNOWN,ekf_on_cluster_on,1,1
1784381682.2602077,182.52596259117126,-200.0,-200.0,0.2,3.886687118021629,7.216988290515834,1.271982439755574,-0.053740792086433,2.524504029915821,1784381682.3263342,7.2087213238682555,1.2772761765996172,3.4001809740482174, 1784381681.71056, 1784381682.2581992,1.089533631222458,apf_waypoint,none,0.0,nan,nan,-12.301620060889453,15.037835178315106,nan,nan,nan,WEBOTS_UNKNOWN,ekf_on_cluster_on,1,1
1784381683.061079,183.32683396339417,-200.0,-200.0,0.2,3.7999474845743486,7.187411762522614,1.2615611817869736,-0.14071458649972676,2.3955972053251253,1784381683.042473,7.1854439453741605,1.2695383746957554,3.358635369748844, 1784381682.714053, 1784381683.0580676,0.9379001909617571,apf_waypoint,none,0.0,nan,nan,-13.623932665937847,13.832078898632393,nan,nan,nan,WEBOTS_UNKNOWN,ekf_on_cluster_on,1,1
1784381683.5223284,183.78808331489563,-200.0,-200.0,0.2,3.7950728464437984,7.1602981252123215,1.2403048746417358,-0.12150369760558076,2.358711194159512,1784381683.5369132,None,None,None, None, 1784381683.4773276,0.9170192249909124,apf_waypoint,none,0.0,nan,nan,-13.822537142543622,13.59684183666251,nan,nan,nan,WEBOTS_UNKNOWN,ekf_on_cluster_on,1,1
1784381683.9473042,184.21305918693542,-200.0,-200.0,0.2,3.7051056716072717,7.125590723012197,1.245805107305222,-0.09213298448488291,2.3060627232135635,1784381683.9174924,7.123303718355561,1.2539440780522209,3.2500807274233052, 1784381683.7202, 1784381683.9159865,1.0348931929055916,apf_waypoint,none,0.0,nan,nan,-14.960151308397107,12.343804088507607,nan,nan,nan,WEBOTS_UNKNOWN,ekf_on_cluster_on,1,1
1784381684.544401,184.81015586853027,-200.0,-200.0,0.2,3.70983638557801,7.097634839350793,1.2278608689267858,-0.02562441536080462,2.290397302560549,1784381684.5288398,None,None,None, None, 1784381684.579246,0.9017136394018116,apf_waypoint,none,0.0,nan,nan,-14.999807361951676,12.263163751948479,nan,nan,nan,WEBOTS_UNKNOWN,ekf_on_cluster_on,1,1
1784381685.1156766,185.38143157958984,-200.0,-200.0,0.2,3.6242744959929993,7.077286665658599,1.2387623732536537,-0.0807006846699735,2.2447555608913357,1784381685.094408,7.079523902125642,1.2471448903270084,3.1750306050187977, 1784381684.755543, 1784381685.04554,1.0136631986231164,apf_waypoint,none,0.0,nan,nan,-15.942693713358928,11.03070397277615,nan,nan,nan,WEBOTS_UNKNOWN,ekf_on_cluster_on,1,1
1784381686.0663414,186.3320963382721,-200.0,-200.0,0.2,3.550727841959807,7.040225788476606,1.2366100307349335,-0.020513409463385333,2.2253229302087556,1784381686.0417216,7.034566841881681,1.2436151395312562,3.098640302124956, 1784381685.791326, 1784381686.0417216,1.092911502018206,apf_waypoint,none,0.0,nan,nan,-16.71991507891348,9.807448990045934,nan,nan,nan,WEBOTS_UNKNOWN,ekf_on_cluster_on,1,1
1784381686.6218529,186.88760781288147,-200.0,-200.0,0.2,3.5260330765663213,7.009974710166819,1.223071571953711,-0.381274197565699,2.031537592937639,1784381686.5499787,None,None,None, None, 1784381686.6208553,1.0244947578150243,apf_waypoint,none,0.0,nan,nan,-17.009023642252437,9.26564984330636,nan,nan,nan,WEBOTS_UNKNOWN,ekf_on_cluster_on,1,1
1784381687.1201477,187.38590264320374,-200.0,-200.0,0.2,3.4324563251162292,6.97724777764155,1.236216538667112,-0.1161149663380098,1.9682654473313639,1784381687.0948882,6.9768242708127985,1.2441209007927334,3.000807107139753, 1784381686.800338, 1784381687.1612432,0.9385569270030396,apf_waypoint,none,0.0,nan,nan,-17.762907603724017,7.758070116929782,nan,nan,nan,WEBOTS_UNKNOWN,ekf_on_cluster_on,1,1
1784381687.7385025,188.00425744056702,-200.0,-200.0,0.2,3.4213927986590305,6.945493646224646,1.2266389514500098,-0.13352476537250285,1.8835979082625254,1784381687.7289844,None,None,None, None, 1784381687.7375019,0.9353644366368864,apf_waypoint,none,0.0,nan,nan,-17.875111970978175,7.468122513336494,nan,nan,nan,WEBOTS_UNKNOWN,ekf_on_cluster_on,1,1
1784381688.251094,188.5168490409851,-200.0,-200.0,0.2,3.318049159536983,6.900431920085485,1.2460121624572982,-0.19047560622677484,1.7947788131540177,1784381688.195286,6.896810052580766,1.2542583785814254,2.8641086691789543, 1784381687.828237, 1784381688.2475674,1.0136697910849932,apf_waypoint,none,0.0,nan,nan,-18.51586675349107,5.769415664872065,nan,nan,nan,WEBOTS_UNKNOWN,ekf_on_cluster_on,1,1
1784381688.8914602,189.1572151184082,-200.0,-200.0,0.2,3.22514441800313,6.841125815726442,1.2606256995737228,-0.08615280185032402,1.7353630969477793,1784381688.884941,6.827176309943102,1.2724363154155212,2.742152217405584, 1784381688.838157, 1784381688.8306262,0.9626689294881093,apf_waypoint,none,0.0,nan,nan,-18.95864855216209,4.166017004552529,nan,nan,nan,WEBOTS_UNKNOWN,ekf_on_cluster_on,1,1
1784381689.869569,190.13532400131226,-200.0,-200.0,0.2,3.148454163455702,6.802651185280174,1.27187490829972,-0.059328996346656664,1.6790901711648423,1784381689.8334305,6.802545486049713,1.2811060262127258,2.6979262506615527, 1784381689.840455, 1784381689.8938282,1.0017571245521697,apf_waypoint,none,0.0,nan,nan,-19.22059914244049,2.8091077233421125,nan,nan,nan
